# File produced by Open Asset Import Library (http://www.assimp.sf.net)
# (assimp v6.0.0)

mtllib athen_cc_struct.mtl

# 9432 vertex positions
v -0.00191040128 0.260192782 0.0617493019
v 0.00130322238 0.258744717 0.0624142736
v -0.00103301415 0.224583507 -0.0083154114
v -0.00501142116 0.258744717 0.0626303181
v -0.00191040128 0.260192782 0.0617493019
v -0.00705518667 0.22653389 -0.00888430793
v -0.00739563024 0.260192782 0.0622297935
v -0.00412984053 0.258744717 0.0625526533
v -0.0139017282 0.224583507 -0.00753770862
v -0.0103866244 0.258744717 0.0634324849
v -0.00739563024 0.260192782 0.0622297935
v -0.0199503191 0.22653389 -0.00746924337
v -0.0128268963 0.260192782 0.0632920712
v -0.00954527967 0.258744717 0.0632674545
v -0.0266809221 0.224583507 -0.00539487554
v -0.0156737901 0.258744717 0.0648045912
v -0.0128268963 0.260192782 0.0632920712
v -0.0326883011 0.22653389 -0.00468658702
v -0.0180697367 0.260192782 0.0649065673
v -0.0148088168 0.258744717 0.0645377636
v -0.0390540473 0.224583507 -0.0019476919
v -0.0207422208 0.258744717 0.0667094365
v -0.0180697367 0.260192782 0.0649065673
v -0.0449539348 0.22653389 -0.000612974691
v -0.023098439 0.260192782 0.0670544952
v -0.0198939759 0.258744717 0.0663466677
v -0.0509596914 0.224583507 0.00276155211
v -0.0255677141 0.258744717 0.0691269785
v -0.023098439 0.260192782 0.0670544952
v -0.0566876419 0.22653389 0.00470596738
v -0.0275470596 0.260192782 0.06951233
v -0.0244265981 0.258744717 0.0684963018
v -0.0615272559 0.224583507 0.00823280308
v -0.0298031382 0.258744717 0.071815066
v -0.0275470596 0.260192782 0.06951233
v -0.0670390353 0.22653389 0.0107249105
v -0.0318234339 0.260192782 0.0724580139
v -0.0288193207 0.258744717 0.0711370632
v -0.0717224851 0.224583507 0.0148568107
v -0.0338396057 0.258744717 0.0749734789
v -0.0318234339 0.260192782 0.0724580139
v -0.076959461 0.22653389 0.0178840924
v -0.0357059725 0.260192782 0.075739108
v -0.032844536 0.258744717 0.074132286
v -0.0810172111 0.224583507 0.0222907588
v -0.0374679975 0.258744717 0.0784386992
v -0.0357059725 0.260192782 0.075739108
v -0.0859349519 0.22653389 0.0258129276
v -0.0392707139 0.260192782 0.0794044882
v -0.036580164 0.258744717 0.0775254965
v -0.0895924047 0.224583507 0.0306442603
v -0.0407602414 0.258744717 0.0822634771
v -0.0392707139 0.260192782 0.0794044882
v -0.0941421017 0.22653389 0.034630537
v -0.0423950143 0.260192782 0.0833112076
v -0.0398966447 0.258744717 0.0811833516
v -0.0971520022 0.224583507 0.0395903923
v -0.043604102 0.258744717 0.0862996206
v -0.0423950143 0.260192782 0.0833112076
v -0.101299316 0.226533905 0.043993786
v -0.0451300852 0.260192782 0.0874971747
v -0.0428466983 0.258744717 0.0851401091
v -0.103818178 0.224583507 0.0492148362
v -0.046047762 0.258744717 0.0905875489
v -0.0451300852 0.260192782 0.0874971747
v -0.107525289 0.226533905 0.0539947562
v -0.0475024432 0.260192782 0.0920341536
v -0.0454609171 0.258744717 0.0894647613
v -0.109657742 0.224583507 0.0596836731
v -0.0481130593 0.258744717 0.0951995254
v -0.0475024432 0.260192782 0.0920341536
v -0.112878866 0.226533905 0.0648036748
v -0.0494542569 0.260192782 0.0968830884
v -0.0476798378 0.258744717 0.094122462
v -0.114532664 0.224583507 0.0709093511
v -0.0497453175 0.258744717 0.10009367
v -0.0494542569 0.260192782 0.0968830884
v -0.117225692 0.226533905 0.0763257518
v -0.0507640094 0.260192782 0.101296231
v -0.049239628 0.258744717 0.0983900428
v -0.11787726 0.224583507 0.0811555833
v -0.0507711209 0.258744717 0.104519986
v -0.0507640094 0.260192782 0.101296231
v -0.120082758 0.226533905 0.0867881402
v -0.0516944081 0.260192782 0.105900079
v -0.0504374132 0.258744717 0.102868676
v -0.120346114 0.224583521 0.091872178
v -0.0514118336 0.258744717 0.109111428
v -0.0516944081 0.260192782 0.105900079
v -0.122036502 0.226533905 0.0976801589
v -0.0522293821 0.260192782 0.110929877
v -0.0512715727 0.258744717 0.107791036
v -0.121916264 0.224583521 0.103610665
v -0.0516373627 0.258744717 0.114098772
v -0.0522293821 0.260192782 0.110929877
v -0.123036735 0.226533905 0.109554969
v -0.0522701256 0.260192782 0.11611104
v -0.0516281389 0.258744717 0.112892739
v -0.122339331 0.224583492 0.115734763
v -0.0513669513 0.258744717 0.119205676
v -0.0522701256 0.260192782 0.11611104
v -0.12286514 0.226533905 0.121760838
v -0.0517399237 0.260192782 0.121663101
v -0.0514448807 0.258744717 0.118394703
v -0.121449493 0.224583492 0.128763065
v -0.0505118109 0.258744746 0.124643765
v -0.0517399237 0.260192782 0.121663101
v -0.121329501 0.22653389 0.13481088
v -0.0506311916 0.260192782 0.127085999
v -0.0506838188 0.258744746 0.123804733
v -0.119197443 0.224583492 0.141525626
v -0.0490944423 0.258744746 0.129919872
v -0.0506311916 0.260192782 0.127085999
v -0.118437886 0.22653389 0.147526726
v -0.0490308367 0.260192782 0.132157743
v -0.0494169928 0.258744746 0.128898844
v -0.115772508 0.224583492 0.153497368
v -0.0472137704 0.258744746 0.13482061
v -0.0490308367 0.260192782 0.132157743
v -0.114406474 0.22653389 0.159390077
v -0.0469034351 0.260192782 0.137079731
v -0.0476217717 0.258744746 0.133877605
v -0.111104555 0.224583492 0.165151969
v -0.0448228456 0.258744746 0.139542177
v -0.0469034351 0.260192782 0.137079731
v -0.109141335 0.22653389 0.170873463
v -0.0443831459 0.260192782 0.141596988
v -0.0454148203 0.258744746 0.138481662
v -0.105491452 0.224583507 0.175884128
v -0.0420691296 0.258744746 0.14384149
v -0.0443831459 0.260192782 0.141596988
v -0.102971755 0.22653389 0.181383297
v -0.0414325073 0.260192782 0.145837218
v -0.0427669697 0.258744746 0.142839104
v -0.0988535732 0.224583507 0.185995072
v -0.0389079973 0.258744746 0.147842064
v -0.0414325073 0.260192782 0.145837218
v -0.0958027542 0.22653389 0.191218376
v -0.0381255522 0.260192782 0.149713919
v -0.0397459194 0.258744746 0.146860123
v -0.0913587436 0.224583507 0.195277736
v -0.0354176611 0.258744746 0.151463136
v -0.0381255522 0.260192782 0.149713919
v -0.0878133103 0.22653389 0.200178757
v -0.0343947522 0.260192782 0.153303623
v -0.0362897664 0.258744746 0.15062435
v -0.0828537345 0.224583507 0.203915477
v -0.0315269344 0.258744746 0.154776052
v -0.0343947522 0.260192782 0.153303623
v -0.0788403302 0.22653389 0.208441332
v -0.0304380376 0.260192782 0.156427011
v -0.0325826108 0.258744746 0.153942972
v -0.0737904534 0.224583507 0.211476132
v -0.0274415724 0.258744746 0.157616019
v -0.0304380376 0.260192782 0.156427011
v -0.0693593472 0.22653389 0.215593755
v -0.0259109195 0.260192782 0.159319028
v -0.0282993577 0.258744746 0.157068491
v -0.0633774921 0.224583507 0.218531281
v -0.0228081364 0.258744746 0.16019389
v -0.0259109195 0.260192782 0.159319028
v -0.0585467219 0.22653389 0.222171918
v -0.0212405194 0.260192782 0.161673248
v -0.0238421429 0.258744746 0.159672976
v -0.0525952205 0.224583507 0.224336803
v -0.0180657934 0.258744746 0.162233263
v -0.0212405194 0.260192782 0.161673248
v -0.0474244654 0.22653389 0.227475807
v -0.0167866331 0.260192782 0.16340597
v -0.0195602532 0.258744746 0.161651954
v -0.0422803573 0.224583507 0.22867392
v -0.0135740014 0.258744746 0.163673371
v -0.0167866331 0.260192782 0.16340597
v -0.0368442498 0.22653389 0.231327012
v -0.0121734152 0.260192782 0.16472882
v -0.0150963683 0.258744746 0.163236886
v -0.0315666609 0.224583507 0.232061923
v -0.00894980039 0.258744746 0.164700121
v -0.0121734152 0.260192782 0.16472882
v -0.0259099025 0.22653389 0.234204665
v -0.00805005338 0.260192782 0.165534839
v -0.0110835014 0.258744746 0.164282724
v -0.0219667945 0.224583507 0.23420912
v -0.00483918143 0.258744746 0.165247068
v -0.00805005338 0.260192782 0.165534839
v -0.016156083 0.22653389 0.23589012
v -0.0030188493 0.260192782 0.166061684
v -0.006159232 0.258744746 0.165109009
v -0.0102244504 0.224583507 0.235760435
v 0.000149097614 0.258744746 0.165464506
v -0.0030188493 0.260192782 0.166061684
v -0.00427833153 0.22653389 0.236871213
v 0.00188632787 0.260192782 0.166105255
v -0.00132959709 0.258744746 0.165451512
v 0.00125349499 0.224583507 0.236172616
v 0.00498425355 0.258744746 0.165213436
v 0.00188632787 0.260192782 0.166105255
v 0.0072776149 0.22653389 0.236720473
v 0.00731993373 0.260192782 0.165612832
v 0.00405334122 0.258744746 0.165298209
v 0.014002136 0.224583507 0.235363677
v 0.010307881 0.258744746 0.164402589
v 0.00731993373 0.260192782 0.165612832
v 0.0200505387 0.22653389 0.235279933
v 0.0128500909 0.260192782 0.164510921
v 0.0095686214 0.258744746 0.164550394
v 0.0270153154 0.224583507 0.233134434
v 0.0156901013 0.258744746 0.162985489
v 0.0128500909 0.260192782 0.164510921
v 0.03301939 0.22653389 0.232398868
v 0.0178747457 0.260192782 0.162950486
v 0.0146139143 0.258744746 0.163320035
v 0.038874317 0.224583507 0.229799986
v 0.0205468182 0.258744746 0.161147013
v 0.0178747457 0.260192782 0.162950486
v 0.0447739251 0.22653389 0.228463978
v 0.0225872863 0.260192782 0.160955042
v 0.0193782952 0.258744746 0.16164206
v 0.0500303544 0.224583507 0.225427613
v 0.0250699725 0.258744746 0.158898667
v 0.0225872863 0.260192782 0.160955042
v 0.055770807 0.22653389 0.223520502
v 0.0275198612 0.260192782 0.158237785
v 0.0244035311 0.258744746 0.159266368
v 0.0617470406 0.224583507 0.219379693
v 0.0297666434 0.258744746 0.155925915
v 0.0275198612 0.260192782 0.158237785
v 0.0672487095 0.22653389 0.216865346
v 0.0318530202 0.260192782 0.15522176
v 0.0288564824 0.258744746 0.156559825
v 0.0720796362 0.224583507 0.212594718
v 0.0338548459 0.258744746 0.152694866
v 0.0318530202 0.260192782 0.15522176
v 0.0772992596 0.22653389 0.20953761
v 0.0357959419 0.260192782 0.151843816
v 0.0329471268 0.258744746 0.153472871
v 0.0815218091 0.224583507 0.20493792
v 0.0375369079 0.258744746 0.149130583
v 0.0357959419 0.260192782 0.151843816
v 0.08641202 0.22653389 0.201377511
v 0.0393870696 0.260192782 0.148087293
v 0.0367142782 0.258744746 0.149991497
v 0.0901644602 0.224583507 0.196372807
v 0.0408496782 0.258744746 0.145214453
v 0.0393870696 0.260192782 0.148087293
v 0.094676517 0.22653389 0.192343935
v 0.0423426591 0.260192782 0.144336358
v 0.039855063 0.258744746 0.146476761
v 0.0973193869 0.224583507 0.187780514
v 0.0435366929 0.258744746 0.14134188
v 0.0423426591 0.260192782 0.144336358
v 0.101444446 0.22653389 0.18335627
v 0.0449844375 0.260192782 0.140260562
v 0.0427064933 0.258744746 0.142622903
v 0.103760295 0.224583507 0.178408101
v 0.0458950289 0.258744746 0.137168095
v 0.0449844375 0.260192782 0.140260562
v 0.107456379 0.22653389 0.173619688
v 0.0473234504 0.260192782 0.135768071
v 0.0452850983 0.258744746 0.138339996
v 0.10951893 0.224583492 0.168041244
v 0.0479301289 0.258744746 0.132601947
v 0.0473234504 0.260192782 0.135768071
v 0.112733684 0.22653389 0.162917212
v 0.0491391681 0.260192782 0.131290108
v 0.0473473258 0.258744746 0.134039447
v 0.114051864 0.224583492 0.157675266
v 0.0494505465 0.258744746 0.128081456
v 0.0491391681 0.260192782 0.131290108
v 0.116779134 0.22653389 0.152276024
v 0.0506108217 0.260192782 0.126350492
v 0.0490987599 0.258744746 0.129263088
v 0.117808677 0.224583492 0.14620699
v 0.0506042913 0.258744746 0.123126745
v 0.0506108217 0.260192782 0.126350492
v 0.119990334 0.22653389 0.140565142
v 0.0515031479 0.260192782 0.121864669
v 0.0502517894 0.258744746 0.124898449
v 0.12018089 0.224583492 0.135764316
v 0.0512145273 0.258744717 0.118653879
v 0.0515031479 0.260192782 0.121864669
v 0.121860459 0.22653389 0.129953176
v 0.052013509 0.260192782 0.117095061
v 0.0510458462 0.258744717 0.120230868
v 0.121677071 0.224583492 0.124633171
v 0.0514314696 0.258744717 0.113924302
v 0.052013509 0.260192782 0.117095061
v 0.12281622 0.22653389 0.11869242
v 0.00906311814 0.224583507 -0.00824080408
v 0.00425529899 0.258744717 0.0625806674
v 0.0150521304 0.22653389 -0.00814376585
v 0.0150521304 0.22653389 -0.00814376585
v 0.0074639665 0.260192782 0.0622692369
v 0.0208750591 0.224583507 -0.00650556711
v 0.0520712696 0.260192782 0.111933
v 0.0514180101 0.258744717 0.115149021
v 0.122138694 0.224583492 0.112554833
v 0.0511789434 0.258744717 0.108835213
v 0.0520712696 0.260192782 0.111933
v 0.122685604 0.226533875 0.106530637
v 0.051572416 0.260192782 0.106460921
v 0.0512607582 0.258744717 0.109727792
v 0.121317208 0.224583492 0.0997157916
v 0.0503594615 0.258744717 0.103474058
v 0.051572416 0.260192782 0.106460921
v 0.121228002 0.226533905 0.0936674476
v 0.0505625084 0.260192782 0.101315111
v 0.0505801104 0.258744717 0.104596756
v 0.11927896 0.224583492 0.0876079723
v 0.0490560867 0.258744717 0.0984649733
v 0.0505625084 0.260192782 0.101315111
v 0.118583508 0.226533905 0.081599094
v 0.0489566959 0.260192782 0.0960618779
v 0.0493190028 0.258744717 0.0993235484
v 0.115852728 0.224583492 0.0752111226
v 0.0471591651 0.258744717 0.0933858156
v 0.0489566959 0.260192782 0.0960618779
v 0.114529818 0.226533905 0.0693085641
v 0.046734754 0.260192782 0.0908574462
v 0.0474479087 0.258744717 0.0940607116
v 0.110981368 0.224583507 0.0628894567
v 0.0446581505 0.258744717 0.0883916095
v 0.046734754 0.260192782 0.0908574462
v 0.109027416 0.226533905 0.0571647547
v 0.0441791601 0.260192782 0.0862676948
v 0.0452105738 0.258744717 0.089383103
v 0.105290219 0.224583507 0.0519854128
v 0.0418652929 0.258744717 0.0840230137
v 0.0441791601 0.260192782 0.0862676948
v 0.102770917 0.226533905 0.0464860089
v 0.0415071025 0.260192782 0.0823910162
v 0.0428150035 0.258744717 0.0854008347
v 0.0992813855 0.224583507 0.0427429937
v 0.0390004516 0.258744717 0.0803639144
v 0.0415071025 0.260192782 0.0823910162
v 0.096276924 0.226533905 0.0374928899
v 0.0381088145 0.260192782 0.0783496201
v 0.0397139937 0.258744717 0.0812119767
v 0.0915831253 0.224583507 0.0330690742
v 0.0354102179 0.258744717 0.0765860453
v 0.0381088145 0.260192782 0.0783496201
v 0.0880637541 0.22653389 0.0281492695
v 0.0343381315 0.260192782 0.0746883154
v 0.0362229384 0.258744717 0.0773747712
v 0.0829892904 0.224583507 0.0242611691
v 0.0314759053 0.258744717 0.0732049569
v 0.0343381315 0.260192782 0.0746883154
v 0.078993164 0.22653389 0.0197201166
v 0.0305105336 0.260192782 0.0716344938
v 0.0326387212 0.258744717 0.074132584
v 0.074223876 0.224583507 0.0168715753
v 0.0275219679 0.258744717 0.0704258159
v 0.0305105336 0.260192782 0.0716344938
v 0.0698199272 0.22653389 0.0127248494
v 0.0264389366 0.260192782 0.068967551
v 0.0287904944 0.258744717 0.0712565929
v 0.0648628622 0.224583507 0.0103720259
v 0.0233508013 0.258744717 0.0680423975
v 0.0264389366 0.260192782 0.068967551
v 0.0600919053 0.22653389 0.0066534183
v 0.0221192297 0.260192782 0.066683121
v 0.0246744882 0.258744717 0.0687423274
v 0.054896947 0.224583507 0.00475207856
v 0.0189581197 0.258744717 0.0660507381
v 0.0221192297 0.260192782 0.066683121
v 0.0497992113 0.22653389 0.00149576087
v 0.0172122568 0.260192782 0.0646727681
v 0.019963203 0.258744717 0.0664621443
v 0.0435391814 0.224583507 -0.000263553025
v 0.0140033057 0.258744717 0.0643642843
v 0.0172122568 0.260192782 0.0646727681
v 0.0381374657 0.22653389 -0.00298600085
v 0.0124055091 0.260192782 0.0632385015
v 0.0153154675 0.258744717 0.0647556484
v 0.0323795639 0.224583507 -0.00392453326
v 0.00918176398 0.258744717 0.063239336
v 0.0124055091 0.260192782 0.0632385015
v 0.0267415289 0.22653389 -0.00611605309
v 0.0074639665 0.260192782 0.0622692369
v 0.0105065471 0.258744717 0.0634990036
v 0.0208750591 0.224583507 -0.00650556711
v 0.00425529899 0.258744717 0.0625806674
v 0.0074639665 0.260192782 0.0622692369
v 0.0150521304 0.22653389 -0.00814376585
v 0.00326418853 0.260192782 0.0618266948
v 0.00639619911 0.258744717 0.0628065541
v 0.0110733574 0.224583507 -0.00780697633
v 9.11856841e-05 0.258744717 0.0623964146
v 0.00326418853 0.260192782 0.0618266948
v 0.00513708498 0.22653389 -0.00896924734
v 0.0115298647 0.0380228348 0.203049883
v -6.50153961e-05 0.0396516621 0.200540617
v 0.00990807451 0.0396516621 0.204671636
v 0.0115298647 0.0380228348 0.203049883
v -6.51047303e-05 0.0380228311 0.19824712
v -6.50153961e-05 0.0396516621 0.200540617
v -6.51047303e-05 0.036393933 0.19824712
v -6.51047303e-05 0.0380228311 0.19824712
v 0.0115298647 0.0380228348 0.203049883
v 0.0115298647 0.036393933 0.203049883
v -6.51047303e-05 0.036393933 0.19824712
v 0.0115298647 0.0380228348 0.203049883
v -6.51047303e-05 0.0347650535 0.20018284
v -6.51047303e-05 0.036393933 0.19824712
v 0.0115298647 0.036393933 0.203049883
v 0.0101609463 0.0347650535 0.204418749
v -6.51047303e-05 0.0347650535 0.20018284
v 0.0115298647 0.036393933 0.203049883
v -6.51047303e-05 0.0380228311 0.19824712
v -0.0100381486 0.0396516621 0.204671636
v -6.50153961e-05 0.0396516621 0.200540617
v -6.51047303e-05 0.0380228311 0.19824712
v -0.011659896 0.0380228348 0.203049883
v -0.0100381486 0.0396516621 0.204671636
v -0.011659896 0.036393933 0.203049883
v -0.011659896 0.0380228348 0.203049883
v -6.51047303e-05 0.0380228311 0.19824712
v -6.51047303e-05 0.036393933 0.19824712
v -0.011659896 0.036393933 0.203049883
v -6.51047303e-05 0.0380228311 0.19824712
v -0.0102911992 0.0347650535 0.204418749
v -0.011659896 0.036393933 0.203049883
v -6.51047303e-05 0.036393933 0.19824712
v -6.51047303e-05 0.0347650535 0.20018284
v -0.0102911992 0.0347650535 0.204418749
v -6.51047303e-05 0.036393933 0.19824712
v -0.011659896 0.0380228348 0.203049883
v -0.0141691444 0.0396516621 0.214644745
v -0.0100381486 0.0396516621 0.204671636
v -0.011659896 0.0380228348 0.203049883
v -0.0164627321 0.0380228348 0.214644745
v -0.0141691444 0.0396516621 0.214644745
v -0.0164627321 0.036393933 0.214644745
v -0.0164627321 0.0380228348 0.214644745
v -0.011659896 0.0380228348 0.203049883
v -0.011659896 0.036393933 0.203049883
v -0.0164627321 0.036393933 0.214644745
v -0.011659896 0.0380228348 0.203049883
v -0.0145269847 0.0347650535 0.214644745
v -0.0164627321 0.036393933 0.214644745
v -0.011659896 0.036393933 0.203049883
v -0.0102911992 0.0347650535 0.204418749
v -0.0145269847 0.0347650535 0.214644745
v -0.011659896 0.036393933 0.203049883
v -0.0164627321 0.0380228348 0.214644745
v -0.0100381486 0.0396516621 0.224617824
v -0.0141691444 0.0396516621 0.214644745
v -0.0164627321 0.0380228348 0.214644745
v -0.0116598941 0.0380228348 0.226239651
v -0.0100381486 0.0396516621 0.224617824
v -0.0116598941 0.0363939367 0.226239651
v -0.0116598941 0.0380228348 0.226239651
v -0.0164627321 0.0380228348 0.214644745
v -0.0164627321 0.036393933 0.214644745
v -0.0116598941 0.0363939367 0.226239651
v -0.0164627321 0.0380228348 0.214644745
v -0.0102911992 0.0347650573 0.22487092
v -0.0116598941 0.0363939367 0.226239651
v -0.0164627321 0.036393933 0.214644745
v -0.0145269847 0.0347650535 0.214644745
v -0.0102911992 0.0347650573 0.22487092
v -0.0164627321 0.036393933 0.214644745
v -6.50577931e-05 0.0380228348 0.231042415
v -6.50123766e-05 0.0396516658 0.228748918
v -0.0100381486 0.0396516621 0.224617824
v -0.0116598941 0.0380228348 0.226239651
v -6.50577931e-05 0.0380228348 0.231042415
v -0.0100381486 0.0396516621 0.224617824
v -6.50577931e-05 0.0363939367 0.231042415
v -6.50577931e-05 0.0380228348 0.231042415
v -0.0116598941 0.0380228348 0.226239651
v -0.0116598941 0.0363939367 0.226239651
v -6.50577931e-05 0.0363939367 0.231042415
v -0.0116598941 0.0380228348 0.226239651
v -0.0102911992 0.0347650573 0.22487092
v -6.50577931e-05 0.0363939367 0.231042415
v -0.0116598941 0.0363939367 0.226239651
v -0.0102911992 0.0347650573 0.22487092
v -6.50123766e-05 0.0347650573 0.22910668
v -6.50577931e-05 0.0363939367 0.231042415
v 0.0115298647 0.0380228348 0.226239651
v 0.00990807451 0.0396516621 0.224617869
v -6.50123766e-05 0.0396516658 0.228748918
v -6.50577931e-05 0.0380228348 0.231042415
v 0.0115298647 0.0380228348 0.226239651
v -6.50123766e-05 0.0396516658 0.228748918
v 0.0115298647 0.0363939367 0.226239651
v 0.0115298647 0.0380228348 0.226239651
v -6.50577931e-05 0.0380228348 0.231042415
v -6.50577931e-05 0.0363939367 0.231042415
v 0.0115298647 0.0363939367 0.226239651
v -6.50577931e-05 0.0380228348 0.231042415
v -6.50123766e-05 0.0347650573 0.22910668
v 0.0115298647 0.0363939367 0.226239651
v -6.50577931e-05 0.0363939367 0.231042415
v -6.50123766e-05 0.0347650573 0.22910668
v 0.0101609463 0.0347650573 0.22487092
v 0.0115298647 0.0363939367 0.226239651
v 0.0163325239 0.0380228348 0.214644745
v 0.0140390033 0.0396516621 0.2146447
v 0.00990807451 0.0396516621 0.224617869
v 0.0115298647 0.0380228348 0.226239651
v 0.0163325239 0.0380228348 0.214644745
v 0.00990807451 0.0396516621 0.224617869
v 0.0163325239 0.036393933 0.214644745
v 0.0163325239 0.0380228348 0.214644745
v 0.0115298647 0.0380228348 0.226239651
v 0.0115298647 0.0363939367 0.226239651
v 0.0163325239 0.036393933 0.214644745
v 0.0115298647 0.0380228348 0.226239651
v 0.0101609463 0.0347650573 0.22487092
v 0.0163325239 0.036393933 0.214644745
v 0.0115298647 0.0363939367 0.226239651
v 0.0101609463 0.0347650573 0.22487092
v 0.0143969096 0.0347650535 0.2146447
v 0.0163325239 0.036393933 0.214644745
v 0.0140390033 0.0396516621 0.2146447
v 0.0115298647 0.0380228348 0.203049883
v 0.00990807451 0.0396516621 0.204671636
v 0.0140390033 0.0396516621 0.2146447
v 0.0163325239 0.0380228348 0.214644745
v 0.0115298647 0.0380228348 0.203049883
v 0.0163325239 0.036393933 0.214644745
v 0.0115298647 0.036393933 0.203049883
v 0.0115298647 0.0380228348 0.203049883
v 0.0163325239 0.0380228348 0.214644745
v 0.0163325239 0.036393933 0.214644745
v 0.0115298647 0.0380228348 0.203049883
v 0.0143969096 0.0347650535 0.2146447
v 0.0101609463 0.0347650535 0.204418749
v 0.0115298647 0.036393933 0.203049883
v 0.0163325239 0.036393933 0.214644745
v 0.0143969096 0.0347650535 0.2146447
v 0.0115298647 0.036393933 0.203049883
v 0.0101609463 0.0319145396 0.204418749
v 0.0101609463 0.0347650535 0.204418749
v 0.0143969096 0.0347650535 0.2146447
v 0.0143969096 0.0319145396 0.2146447
v 0.0101609463 0.0319145396 0.204418749
v 0.0143969096 0.0347650535 0.2146447
v 0.0101609463 0.0319145434 0.22487092
v 0.0143969096 0.0319145396 0.2146447
v 0.0143969096 0.0347650535 0.2146447
v 0.0101609463 0.0347650573 0.22487092
v 0.0101609463 0.0319145434 0.22487092
v 0.0143969096 0.0347650535 0.2146447
v -6.50123766e-05 0.0319145434 0.22910668
v 0.0101609463 0.0319145434 0.22487092
v 0.0101609463 0.0347650573 0.22487092
v -6.50123766e-05 0.0347650573 0.22910668
v -6.50123766e-05 0.0319145434 0.22910668
v 0.0101609463 0.0347650573 0.22487092
v -0.0102911992 0.0319145434 0.22487092
v -6.50123766e-05 0.0319145434 0.22910668
v -6.50123766e-05 0.0347650573 0.22910668
v -0.0102911992 0.0347650573 0.22487092
v -0.0102911992 0.0319145434 0.22487092
v -6.50123766e-05 0.0347650573 0.22910668
v -0.0145269847 0.0319145396 0.214644745
v -0.0102911992 0.0319145434 0.22487092
v -0.0102911992 0.0347650573 0.22487092
v -0.0145269847 0.0347650535 0.214644745
v -0.0145269847 0.0319145396 0.214644745
v -0.0102911992 0.0347650573 0.22487092
v -0.0102911992 0.0319145396 0.204418749
v -0.0145269847 0.0319145396 0.214644745
v -0.0145269847 0.0347650535 0.214644745
v -0.0102911992 0.0347650535 0.204418749
v -0.0102911992 0.0319145396 0.204418749
v -0.0145269847 0.0347650535 0.214644745
v -6.51047303e-05 0.0319145396 0.20018284
v -0.0102911992 0.0319145396 0.204418749
v -0.0102911992 0.0347650535 0.204418749
v -6.51047303e-05 0.0347650535 0.20018284
v -6.51047303e-05 0.0319145396 0.20018284
v -0.0102911992 0.0347650535 0.204418749
v 0.0101609463 0.0319145396 0.204418749
v -6.51047303e-05 0.0319145396 0.20018284
v -6.51047303e-05 0.0347650535 0.20018284
v 0.0101609463 0.0347650535 0.204418749
v 0.0101609463 0.0319145396 0.204418749
v -6.51047303e-05 0.0347650535 0.20018284
v 0.0126450257 0.0312640704 0.201934591
v -6.51047303e-05 0.0312640704 0.196669936
v -6.51047303e-05 0.0319145396 0.20018284
v 0.0101609463 0.0319145396 0.204418749
v 0.0126450257 0.0312640704 0.201934591
v -6.51047303e-05 0.0319145396 0.20018284
v -6.51047303e-05 0.0312640704 0.196669936
v -0.0127753252 0.0312640704 0.201934591
v -0.0102911992 0.0319145396 0.204418749
v -6.51047303e-05 0.0319145396 0.20018284
v -6.51047303e-05 0.0312640704 0.196669936
v -0.0102911992 0.0319145396 0.204418749
v -0.0127753252 0.0312640704 0.201934591
v -0.0180399548 0.0312640704 0.214644745
v -0.0145269847 0.0319145396 0.214644745
v -0.0102911992 0.0319145396 0.204418749
v -0.0127753252 0.0312640704 0.201934591
v -0.0145269847 0.0319145396 0.214644745
v -0.0180399548 0.0312640704 0.214644745
v -0.0127753215 0.0312640741 0.227355018
v -0.0102911992 0.0319145434 0.22487092
v -0.0145269847 0.0319145396 0.214644745
v -0.0180399548 0.0312640704 0.214644745
v -0.0102911992 0.0319145434 0.22487092
v -0.0102911992 0.0319145434 0.22487092
v -6.50577931e-05 0.0312640741 0.232619718
v -6.50123766e-05 0.0319145434 0.22910668
v -0.0102911992 0.0319145434 0.22487092
v -0.0127753215 0.0312640741 0.227355018
v -6.50577931e-05 0.0312640741 0.232619718
v -6.50123766e-05 0.0319145434 0.22910668
v 0.0126450304 0.0312640741 0.227354988
v 0.0101609463 0.0319145434 0.22487092
v -6.50123766e-05 0.0319145434 0.22910668
v -6.50577931e-05 0.0312640741 0.232619718
v 0.0126450304 0.0312640741 0.227354988
v 0.0101609463 0.0319145434 0.22487092
v 0.0179097466 0.0312640704 0.214644745
v 0.0143969096 0.0319145396 0.2146447
v 0.0101609463 0.0319145434 0.22487092
v 0.0126450304 0.0312640741 0.227354988
v 0.0179097466 0.0312640704 0.214644745
v 0.0126450257 0.0312640704 0.201934591
v 0.0101609463 0.0319145396 0.204418749
v 0.0143969096 0.0319145396 0.2146447
v 0.0179097466 0.0312640704 0.214644745
v 0.0126450257 0.0312640704 0.201934591
v 0.0143969096 0.0319145396 0.2146447
v 0.0135041885 0.0300820563 0.201075569
v 0.0126450257 0.0312640704 0.201934591
v 0.0179097466 0.0312640704 0.214644745
v 0.0191247035 0.0300820582 0.214644745
v 0.0135041885 0.0300820563 0.201075569
v 0.0179097466 0.0312640704 0.214644745
v 0.0135041904 0.03008206 0.228214025
v 0.0191247035 0.0300820582 0.214644745
v 0.0179097466 0.0312640704 0.214644745
v 0.0126450304 0.0312640741 0.227354988
v 0.0135041904 0.03008206 0.228214025
v 0.0179097466 0.0312640704 0.214644745
v -6.50577931e-05 0.03008206 0.233834609
v 0.0135041904 0.03008206 0.228214025
v 0.0126450304 0.0312640741 0.227354988
v -6.50577931e-05 0.0312640741 0.232619718
v -6.50577931e-05 0.03008206 0.233834609
v 0.0126450304 0.0312640741 0.227354988
v -0.013634352 0.03008206 0.228214025
v -6.50577931e-05 0.03008206 0.233834609
v -6.50577931e-05 0.0312640741 0.232619718
v -0.0127753215 0.0312640741 0.227355018
v -0.013634352 0.03008206 0.228214025
v -6.50577931e-05 0.0312640741 0.232619718
v -0.0180399548 0.0312640704 0.214644745
v -0.013634352 0.03008206 0.228214025
v -0.0127753215 0.0312640741 0.227355018
v -0.0180399548 0.0312640704 0.214644745
v -0.0192549527 0.0300820582 0.214644745
v -0.013634352 0.03008206 0.228214025
v -0.0127753252 0.0312640704 0.201934591
v -0.0192549527 0.0300820582 0.214644745
v -0.0180399548 0.0312640704 0.214644745
v -0.0127753252 0.0312640704 0.201934591
v -0.0136343557 0.0300820563 0.201075569
v -0.0192549527 0.0300820582 0.214644745
v -6.51925366e-05 0.0300820563 0.195454925
v -0.0136343557 0.0300820563 0.201075569
v -0.0127753252 0.0312640704 0.201934591
v -6.51047303e-05 0.0312640704 0.196669936
v -6.51925366e-05 0.0300820563 0.195454925
v -0.0127753252 0.0312640704 0.201934591
v 0.0135041885 0.0300820563 0.201075569
v -6.51925366e-05 0.0300820563 0.195454925
v -6.51047303e-05 0.0312640704 0.196669936
v 0.0126450257 0.0312640704 0.201934591
v 0.0135041885 0.0300820563 0.201075569
v -6.51047303e-05 0.0312640704 0.196669936
v 0.0135041885 0.0270279106 0.201075569
v -6.51925366e-05 0.0270279087 0.195454925
v -6.51925366e-05 0.0300820563 0.195454925
v 0.0135041885 0.0300820563 0.201075569
v 0.0135041885 0.0270279106 0.201075569
v -6.51925366e-05 0.0300820563 0.195454925
v -6.51925366e-05 0.0270279087 0.195454925
v -0.0136343557 0.0270279106 0.201075569
v -0.0136343557 0.0300820563 0.201075569
v -6.51925366e-05 0.0300820563 0.195454925
v -6.51925366e-05 0.0270279087 0.195454925
v -0.0136343557 0.0300820563 0.201075569
v -0.0136343557 0.0270279106 0.201075569
v -0.0192549527 0.0270279124 0.214644745
v -0.0192549527 0.0300820582 0.214644745
v -0.0136343557 0.0300820563 0.201075569
v -0.0136343557 0.0270279106 0.201075569
v -0.0192549527 0.0300820582 0.214644745
v -0.0192549527 0.0270279124 0.214644745
v -0.013634352 0.0270279124 0.228214025
v -0.013634352 0.03008206 0.228214025
v -0.0192549527 0.0300820582 0.214644745
v -0.0192549527 0.0270279124 0.214644745
v -0.013634352 0.03008206 0.228214025
v -0.013634352 0.0270279124 0.228214025
v -6.50577931e-05 0.0270279143 0.233834609
v -6.50577931e-05 0.03008206 0.233834609
v -0.013634352 0.03008206 0.228214025
v -0.013634352 0.0270279124 0.228214025
v -6.50577931e-05 0.03008206 0.233834609
v -6.50577931e-05 0.0270279143 0.233834609
v 0.0135041904 0.0270279124 0.228214025
v 0.0135041904 0.03008206 0.228214025
v -6.50577931e-05 0.03008206 0.233834609
v -6.50577931e-05 0.0270279143 0.233834609
v 0.0135041904 0.03008206 0.228214025
v 0.0135041904 0.0270279124 0.228214025
v 0.0191247035 0.0270279124 0.214644745
v 0.0191247035 0.0300820582 0.214644745
v 0.0135041904 0.03008206 0.228214025
v 0.0135041904 0.0270279124 0.228214025
v 0.0191247035 0.0300820582 0.214644745
v 0.0135041885 0.0270279106 0.201075569
v 0.0135041885 0.0300820563 0.201075569
v 0.0191247035 0.0300820582 0.214644745
v 0.0191247035 0.0270279124 0.214644745
v 0.0135041885 0.0270279106 0.201075569
v 0.0191247035 0.0300820582 0.214644745
v -0.0549165234 0.0380228311 0.185155526
v -0.0613377206 0.0396516584 0.175180286
v -0.0572100729 0.0396516584 0.185154751
v -0.0549165234 0.0380228311 0.185155526
v -0.059715528 0.0380228311 0.17355901
v -0.0613377206 0.0396516584 0.175180286
v -0.059715528 0.0363939293 0.17355901
v -0.059715528 0.0380228311 0.17355901
v -0.0549165234 0.0380228311 0.185155526
v -0.0549165234 0.0363939293 0.185155526
v -0.059715528 0.0363939293 0.17355901
v -0.0549165234 0.0380228311 0.185155526
v -0.0610847138 0.0347650498 0.174927309
v -0.059715528 0.0363939293 0.17355901
v -0.0549165234 0.0363939293 0.185155526
v -0.0568523854 0.0347650498 0.185154811
v -0.0610847138 0.0347650498 0.174927309
v -0.0549165234 0.0363939293 0.185155526
v -0.059715528 0.0380228311 0.17355901
v -0.0713095069 0.0396516584 0.171045989
v -0.0613377206 0.0396516584 0.175180286
v -0.059715528 0.0380228311 0.17355901
v -0.0713087246 0.0380228274 0.168752462
v -0.0713095069 0.0396516584 0.171045989
v -0.0713087246 0.0363939293 0.168752462
v -0.0713087246 0.0380228274 0.168752462
v -0.059715528 0.0380228311 0.17355901
v -0.059715528 0.0363939293 0.17355901
v -0.0713087246 0.0363939293 0.168752462
v -0.059715528 0.0380228311 0.17355901
v -0.0713094547 0.0347650498 0.170688167
v -0.0713087246 0.0363939293 0.168752462
v -0.059715528 0.0363939293 0.17355901
v -0.0610847138 0.0347650498 0.174927309
v -0.0713094547 0.0347650498 0.170688167
v -0.059715528 0.0363939293 0.17355901
v -0.0713087246 0.0380228274 0.168752462
v -0.0812839642 0.0396516584 0.17517367
v -0.0713095069 0.0396516584 0.171045989
v -0.0713087246 0.0380228274 0.168752462
v -0.0829052702 0.0380228311 0.173551336
v -0.0812839642 0.0396516584 0.17517367
v -0.0829052702 0.0363939293 0.173551336
v -0.0829052702 0.0380228311 0.173551336
v -0.0713087246 0.0380228274 0.168752462
v -0.0713087246 0.0363939293 0.168752462
v -0.0829052702 0.0363939293 0.173551336
v -0.0713087246 0.0380228274 0.168752462
v -0.0815369189 0.0347650498 0.174920544
v -0.0829052702 0.0363939293 0.173551336
v -0.0713087246 0.0363939293 0.168752462
v -0.0713094547 0.0347650498 0.170688167
v -0.0815369189 0.0347650498 0.174920544
v -0.0713087246 0.0363939293 0.168752462
v -0.0829052702 0.0380228311 0.173551336
v -0.085418269 0.0396516584 0.185145393
v -0.0812839642 0.0396516584 0.17517367
v -0.0829052702 0.0380228311 0.173551336
v -0.0877118111 0.0380228311 0.185144693
v -0.085418269 0.0396516584 0.185145393
v -0.0877118111 0.0363939293 0.185144693
v -0.0877118111 0.0380228311 0.185144693
v -0.0829052702 0.0380228311 0.173551336
v -0.0829052702 0.0363939293 0.173551336
v -0.0877118111 0.0363939293 0.185144693
v -0.0829052702 0.0380228311 0.173551336
v -0.0857761502 0.0347650498 0.185145319
v -0.0877118111 0.0363939293 0.185144693
v -0.0829052702 0.0363939293 0.173551336
v -0.0815369189 0.0347650498 0.174920544
v -0.0857761502 0.0347650498 0.185145319
v -0.0829052702 0.0363939293 0.173551336
v -0.0829129145 0.0380228311 0.196741134
v -0.0812905654 0.0396516584 0.195119932
v -0.085418269 0.0396516584 0.185145393
v -0.0877118111 0.0380228311 0.185144693
v -0.0829129145 0.0380228311 0.196741134
v -0.085418269 0.0396516584 0.185145393
v -0.0829129145 0.036393933 0.196741134
v -0.0829129145 0.0380228311 0.196741134
v -0.0877118111 0.0380228311 0.185144693
v -0.0877118111 0.0363939293 0.185144693
v -0.0829129145 0.036393933 0.196741134
v -0.0877118111 0.0380228311 0.185144693
v -0.0857761502 0.0347650498 0.185145319
v -0.0829129145 0.036393933 0.196741134
v -0.0877118111 0.0363939293 0.185144693
v -0.0857761502 0.0347650498 0.185145319
v -0.0815436766 0.0347650535 0.195372835
v -0.0829129145 0.036393933 0.196741134
v -0.071319595 0.0380228311 0.201547742
v -0.0713188499 0.0396516621 0.199254215
v -0.0812905654 0.0396516584 0.195119932
v -0.0829129145 0.0380228311 0.196741134
v -0.071319595 0.0380228311 0.201547742
v -0.0812905654 0.0396516584 0.195119932
v -0.071319595 0.036393933 0.201547742
v -0.071319595 0.0380228311 0.201547742
v -0.0829129145 0.0380228311 0.196741134
v -0.0829129145 0.036393933 0.196741134
v -0.071319595 0.036393933 0.201547742
v -0.0829129145 0.0380228311 0.196741134
v -0.0815436766 0.0347650535 0.195372835
v -0.071319595 0.036393933 0.201547742
v -0.0829129145 0.036393933 0.196741134
v -0.0815436766 0.0347650535 0.195372835
v -0.0713191107 0.0347650535 0.199611947
v -0.071319595 0.036393933 0.201547742
v -0.0597231947 0.0380228311 0.196748778
v -0.0613443777 0.0396516584 0.195126429
v -0.0713188499 0.0396516621 0.199254215
v -0.071319595 0.0380228311 0.201547742
v -0.0597231947 0.0380228311 0.196748778
v -0.0713188499 0.0396516621 0.199254215
v -0.0597231947 0.036393933 0.196748778
v -0.0597231947 0.0380228311 0.196748778
v -0.071319595 0.0380228311 0.201547742
v -0.071319595 0.036393933 0.201547742
v -0.0597231947 0.036393933 0.196748778
v -0.071319595 0.0380228311 0.201547742
v -0.0713191107 0.0347650535 0.199611947
v -0.0597231947 0.036393933 0.196748778
v -0.071319595 0.036393933 0.201547742
v -0.0713191107 0.0347650535 0.199611947
v -0.0610913932 0.0347650535 0.1953796
v -0.0597231947 0.036393933 0.196748778
v -0.0613443777 0.0396516584 0.195126429
v -0.0549165234 0.0380228311 0.185155526
v -0.0572100729 0.0396516584 0.185154751
v -0.0613443777 0.0396516584 0.195126429
v -0.0597231947 0.0380228311 0.196748778
v -0.0549165234 0.0380228311 0.185155526
v -0.0597231947 0.036393933 0.196748778
v -0.0549165234 0.0363939293 0.185155526
v -0.0549165234 0.0380228311 0.185155526
v -0.0597231947 0.0380228311 0.196748778
v -0.0597231947 0.036393933 0.196748778
v -0.0549165234 0.0380228311 0.185155526
v -0.0610913932 0.0347650535 0.1953796
v -0.0568523854 0.0347650498 0.185154811
v -0.0549165234 0.0363939293 0.185155526
v -0.0597231947 0.036393933 0.196748778
v -0.0610913932 0.0347650535 0.1953796
v -0.0549165234 0.0363939293 0.185155526
v -0.0568523854 0.0319145359 0.185154811
v -0.0568523854 0.0347650498 0.185154811
v -0.0610913932 0.0347650535 0.1953796
v -0.0610913932 0.0319145396 0.1953796
v -0.0568523854 0.0319145359 0.185154811
v -0.0610913932 0.0347650535 0.1953796
v -0.0713191107 0.0319145396 0.199611947
v -0.0610913932 0.0319145396 0.1953796
v -0.0610913932 0.0347650535 0.1953796
v -0.0713191107 0.0347650535 0.199611947
v -0.0713191107 0.0319145396 0.199611947
v -0.0610913932 0.0347650535 0.1953796
v -0.0815436766 0.0319145396 0.195372835
v -0.0713191107 0.0319145396 0.199611947
v -0.0713191107 0.0347650535 0.199611947
v -0.0815436766 0.0347650535 0.195372835
v -0.0815436766 0.0319145396 0.195372835
v -0.0713191107 0.0347650535 0.199611947
v -0.0857761502 0.0319145359 0.185145319
v -0.0815436766 0.0319145396 0.195372835
v -0.0815436766 0.0347650535 0.195372835
v -0.0857761502 0.0347650498 0.185145319
v -0.0857761502 0.0319145359 0.185145319
v -0.0815436766 0.0347650535 0.195372835
v -0.0815369189 0.0319145359 0.174920544
v -0.0857761502 0.0319145359 0.185145319
v -0.0857761502 0.0347650498 0.185145319
v -0.0815369189 0.0347650498 0.174920544
v -0.0815369189 0.0319145359 0.174920544
v -0.0857761502 0.0347650498 0.185145319
v -0.0713094547 0.0319145359 0.170688167
v -0.0815369189 0.0319145359 0.174920544
v -0.0815369189 0.0347650498 0.174920544
v -0.0713094547 0.0347650498 0.170688167
v -0.0713094547 0.0319145359 0.170688167
v -0.0815369189 0.0347650498 0.174920544
v -0.0610847138 0.0319145359 0.174927309
v -0.0713094547 0.0319145359 0.170688167
v -0.0713094547 0.0347650498 0.170688167
v -0.0610847138 0.0347650498 0.174927309
v -0.0610847138 0.0319145359 0.174927309
v -0.0713094547 0.0347650498 0.170688167
v -0.0568523854 0.0319145359 0.185154811
v -0.0610847138 0.0319145359 0.174927309
v -0.0610847138 0.0347650498 0.174927309
v -0.0568523854 0.0347650498 0.185154811
v -0.0568523854 0.0319145359 0.185154811
v -0.0610847138 0.0347650498 0.174927309
v -0.0533393659 0.0312640667 0.185155973
v -0.0585999116 0.0312640667 0.17244415
v -0.0610847138 0.0319145359 0.174927309
v -0.0568523854 0.0319145359 0.185154811
v -0.0533393659 0.0312640667 0.185155973
v -0.0610847138 0.0319145359 0.174927309
v -0.0585999116 0.0312640667 0.17244415
v -0.0713083148 0.0312640667 0.167175129
v -0.0713094547 0.0319145359 0.170688167
v -0.0610847138 0.0319145359 0.174927309
v -0.0585999116 0.0312640667 0.17244415
v -0.0713094547 0.0319145359 0.170688167
v -0.0713083148 0.0312640667 0.167175129
v -0.0840201527 0.0312640667 0.172435701
v -0.0815369189 0.0319145359 0.174920544
v -0.0713094547 0.0319145359 0.170688167
v -0.0713083148 0.0312640667 0.167175129
v -0.0815369189 0.0319145359 0.174920544
v -0.0840201527 0.0312640667 0.172435701
v -0.0892892331 0.0312640667 0.185144126
v -0.0857761502 0.0319145359 0.185145319
v -0.0815369189 0.0319145359 0.174920544
v -0.0840201527 0.0312640667 0.172435701
v -0.0857761502 0.0319145359 0.185145319
v -0.0857761502 0.0319145359 0.185145319
v -0.0840286091 0.0312640704 0.197856069
v -0.0815436766 0.0319145396 0.195372835
v -0.0857761502 0.0319145359 0.185145319
v -0.0892892331 0.0312640667 0.185144126
v -0.0840286091 0.0312640704 0.197856069
v -0.0815436766 0.0319145396 0.195372835
v -0.0713202283 0.0312640704 0.20312494
v -0.0713191107 0.0319145396 0.199611947
v -0.0815436766 0.0319145396 0.195372835
v -0.0840286091 0.0312640704 0.197856069
v -0.0713202283 0.0312640704 0.20312494
v -0.0713191107 0.0319145396 0.199611947
v -0.0586082935 0.0312640704 0.197864398
v -0.0610913932 0.0319145396 0.1953796
v -0.0713191107 0.0319145396 0.199611947
v -0.0713202283 0.0312640704 0.20312494
v -0.0586082935 0.0312640704 0.197864398
v -0.0533393659 0.0312640667 0.185155973
v -0.0568523854 0.0319145359 0.185154811
v -0.0610913932 0.0319145396 0.1953796
v -0.0586082935 0.0312640704 0.197864398
v -0.0533393659 0.0312640667 0.185155973
v -0.0610913932 0.0319145396 0.1953796
v -0.0521244332 0.0300820787 0.185156479
v -0.0533393659 0.0312640667 0.185155973
v -0.0586082935 0.0312640704 0.197864398
v -0.0577494912 0.0300820563 0.198723778
v -0.0521244332 0.0300820787 0.185156479
v -0.0586082935 0.0312640704 0.197864398
v -0.071320504 0.0300820563 0.204339892
v -0.0577494912 0.0300820563 0.198723778
v -0.0586082935 0.0312640704 0.197864398
v -0.0713202283 0.0312640704 0.20312494
v -0.071320504 0.0300820563 0.204339892
v -0.0586082935 0.0312640704 0.197864398
v -0.0848879442 0.0300820563 0.198714837
v -0.071320504 0.0300820563 0.204339892
v -0.0713202283 0.0312640704 0.20312494
v -0.0840286091 0.0312640704 0.197856069
v -0.0848879442 0.0300820563 0.198714837
v -0.0713202283 0.0312640704 0.20312494
v -0.0905040056 0.0300820787 0.185143679
v -0.0848879442 0.0300820563 0.198714837
v -0.0840286091 0.0312640704 0.197856069
v -0.0892892331 0.0312640667 0.185144126
v -0.0905040056 0.0300820787 0.185143679
v -0.0840286091 0.0312640704 0.197856069
v -0.0840201527 0.0312640667 0.172435701
v -0.0905040056 0.0300820787 0.185143679
v -0.0892892331 0.0312640667 0.185144126
v -0.0840201527 0.0312640667 0.172435701
v -0.0848789737 0.0300820768 0.171576262
v -0.0905040056 0.0300820787 0.185143679
v -0.0713083148 0.0312640667 0.167175129
v -0.0848789737 0.0300820768 0.171576262
v -0.0840201527 0.0312640667 0.172435701
v -0.0713083148 0.0312640667 0.167175129
v -0.0713079348 0.0300820768 0.165960267
v -0.0848789737 0.0300820768 0.171576262
v -0.0577405505 0.0300820768 0.171585232
v -0.0713079348 0.0300820768 0.165960267
v -0.0713083148 0.0312640667 0.167175129
v -0.0585999116 0.0312640667 0.17244415
v -0.0577405505 0.0300820768 0.171585232
v -0.0713083148 0.0312640667 0.167175129
v -0.0521244332 0.0300820787 0.185156479
v -0.0577405505 0.0300820768 0.171585232
v -0.0585999116 0.0312640667 0.17244415
v -0.0533393659 0.0312640667 0.185155973
v -0.0521244332 0.0300820787 0.185156479
v -0.0585999116 0.0312640667 0.17244415
v -0.0521244332 0.0270279087 0.185156479
v -0.0577405505 0.0270279068 0.171585232
v -0.0577405505 0.0300820768 0.171585232
v -0.0521244332 0.0300820787 0.185156479
v -0.0521244332 0.0270279087 0.185156479
v -0.0577405505 0.0300820768 0.171585232
v -0.0577405505 0.0270279068 0.171585232
v -0.0713079348 0.027027905 0.165960267
v -0.0713079348 0.0300820768 0.165960267
v -0.0577405505 0.0300820768 0.171585232
v -0.0577405505 0.0270279068 0.171585232
v -0.0713079348 0.0300820768 0.165960267
v -0.0713079348 0.027027905 0.165960267
v -0.0848789737 0.0270279068 0.171576262
v -0.0848789737 0.0300820768 0.171576262
v -0.0713079348 0.0300820768 0.165960267
v -0.0713079348 0.027027905 0.165960267
v -0.0848789737 0.0300820768 0.171576262
v -0.0848789737 0.0270279068 0.171576262
v -0.0905040056 0.0270279087 0.185143679
v -0.0905040056 0.0300820787 0.185143679
v -0.0848789737 0.0300820768 0.171576262
v -0.0848789737 0.0270279068 0.171576262
v -0.0905040056 0.0300820787 0.185143679
v -0.0905040056 0.0270279087 0.185143679
v -0.0848879442 0.0270279106 0.198714837
v -0.0848879442 0.0300820563 0.198714837
v -0.0905040056 0.0300820787 0.185143679
v -0.0905040056 0.0270279087 0.185143679
v -0.0848879442 0.0300820563 0.198714837
v -0.0848879442 0.0270279106 0.198714837
v -0.071320504 0.0270279106 0.204339892
v -0.071320504 0.0300820563 0.204339892
v -0.0848879442 0.0300820563 0.198714837
v -0.0848879442 0.0270279106 0.198714837
v -0.071320504 0.0300820563 0.204339892
v -0.071320504 0.0270279106 0.204339892
v -0.0577494912 0.0270279106 0.198723778
v -0.0577494912 0.0300820563 0.198723778
v -0.071320504 0.0300820563 0.204339892
v -0.071320504 0.0270279106 0.204339892
v -0.0577494912 0.0300820563 0.198723778
v -0.0521244332 0.0270279087 0.185156479
v -0.0521244332 0.0300820787 0.185156479
v -0.0577494912 0.0300820563 0.198723778
v -0.0577494912 0.0270279106 0.198723778
v -0.0521244332 0.0270279087 0.185156479
v -0.0577494912 0.0300820563 0.198723778
v -0.089228265 0.0380228236 0.125506282
v -0.0867113322 0.0396516733 0.113913044
v -0.0908489376 0.039651677 0.123883419
v -0.089228265 0.0380228236 0.125506282
v -0.0844178647 0.0380228236 0.113914505
v -0.0867113322 0.0396516733 0.113913044
v -0.0844178647 0.0363939442 0.113914505
v -0.0844178647 0.0380228236 0.113914505
v -0.089228265 0.0380228236 0.125506282
v -0.089228265 0.0363939479 0.125506282
v -0.0844178647 0.0363939442 0.113914505
v -0.089228265 0.0380228236 0.125506282
v -0.0863535479 0.0347650684 0.113913208
v -0.0844178647 0.0363939442 0.113914505
v -0.089228265 0.0363939479 0.125506282
v -0.0905961916 0.0347650424 0.12413644
v -0.0863535479 0.0347650684 0.113913208
v -0.089228265 0.0363939479 0.125506282
v -0.0844178647 0.0380228236 0.113914505
v -0.0908357576 0.0396516733 0.103937201
v -0.0867113322 0.0396516733 0.113913044
v -0.0844178647 0.0380228236 0.113914505
v -0.0892129019 0.0380228497 0.102316529
v -0.0908357576 0.0396516733 0.103937201
v -0.0892129019 0.0363939442 0.102316529
v -0.0892129019 0.0380228497 0.102316529
v -0.0844178647 0.0380228236 0.113914505
v -0.0844178647 0.0363939442 0.113914505
v -0.0892129019 0.0363939442 0.102316529
v -0.0844178647 0.0380228236 0.113914505
v -0.0905826464 0.0347650684 0.103684314
v -0.0892129019 0.0363939442 0.102316529
v -0.0844178647 0.0363939442 0.113914505
v -0.0863535479 0.0347650684 0.113913208
v -0.0905826464 0.0347650684 0.103684314
v -0.0844178647 0.0363939442 0.113914505
v -0.0892129019 0.0380228497 0.102316529
v -0.100806095 0.0396516733 0.0997995883
v -0.0908357576 0.0396516733 0.103937201
v -0.0892129019 0.0380228497 0.102316529
v -0.100804627 0.038022846 0.0975060165
v -0.100806095 0.0396516733 0.0997995883
v -0.100804627 0.0363939442 0.0975060165
v -0.100804627 0.038022846 0.0975060165
v -0.0892129019 0.0380228497 0.102316529
v -0.0892129019 0.0363939442 0.102316529
v -0.100804627 0.0363939442 0.0975060165
v -0.0892129019 0.0380228497 0.102316529
v -0.100805864 0.0347650684 0.0994417518
v -0.100804627 0.0363939442 0.0975060165
v -0.0892129019 0.0363939442 0.102316529
v -0.0905826464 0.0347650684 0.103684314
v -0.100805864 0.0347650684 0.0994417518
v -0.0892129019 0.0363939442 0.102316529
v -0.100804627 0.038022846 0.0975060165
v -0.110781975 0.0396516733 0.103923991
v -0.100806095 0.0396516733 0.0997995883
v -0.100804627 0.038022846 0.0975060165
v -0.11240267 0.0380228497 0.102301158
v -0.110781975 0.0396516733 0.103923991
v -0.11240267 0.0363939442 0.102301158
v -0.11240267 0.0380228497 0.102301158
v -0.100804627 0.038022846 0.0975060165
v -0.100804627 0.0363939442 0.0975060165
v -0.11240267 0.0363939442 0.102301158
v -0.100804627 0.038022846 0.0975060165
v -0.111034878 0.0347650684 0.103670783
v -0.11240267 0.0363939442 0.102301158
v -0.100804627 0.0363939442 0.0975060165
v -0.100805864 0.0347650684 0.0994417518
v -0.111034878 0.0347650684 0.103670783
v -0.100804627 0.0363939442 0.0975060165
v -0.117213123 0.0380228236 0.113892831
v -0.114919581 0.0396516733 0.113894381
v -0.110781975 0.0396516733 0.103923991
v -0.11240267 0.0380228497 0.102301158
v -0.117213123 0.0380228236 0.113892831
v -0.110781975 0.0396516733 0.103923991
v -0.117213123 0.0363939442 0.113892831
v -0.117213123 0.0380228236 0.113892831
v -0.11240267 0.0380228497 0.102301158
v -0.11240267 0.0363939442 0.102301158
v -0.117213123 0.0363939442 0.113892831
v -0.11240267 0.0380228497 0.102301158
v -0.111034878 0.0347650684 0.103670783
v -0.117213123 0.0363939442 0.113892831
v -0.11240267 0.0363939442 0.102301158
v -0.111034878 0.0347650684 0.103670783
v -0.115277387 0.0347650684 0.113894157
v -0.117213123 0.0363939442 0.113892831
v -0.112418041 0.0380228236 0.125490904
v -0.110795207 0.039651677 0.123870201
v -0.114919581 0.0396516733 0.113894381
v -0.117213123 0.0380228236 0.113892831
v -0.112418041 0.0380228236 0.125490904
v -0.114919581 0.0396516733 0.113894381
v -0.112418041 0.0363939479 0.125490904
v -0.112418041 0.0380228236 0.125490904
v -0.117213123 0.0380228236 0.113892831
v -0.117213123 0.0363939442 0.113892831
v -0.112418041 0.0363939479 0.125490904
v -0.117213123 0.0380228236 0.113892831
v -0.115277387 0.0347650684 0.113894157
v -0.112418041 0.0363939479 0.125490904
v -0.117213123 0.0363939442 0.113892831
v -0.115277387 0.0347650684 0.113894157
v -0.111048415 0.0347650424 0.12412291
v -0.112418041 0.0363939479 0.125490904
v -0.100826345 0.0380228236 0.130301267
v -0.100824766 0.039651677 0.128007755
v -0.110795207 0.039651677 0.123870201
v -0.112418041 0.0380228236 0.125490904
v -0.100826345 0.0380228236 0.130301267
v -0.110795207 0.039651677 0.123870201
v -0.100826345 0.0363939255 0.130301267
v -0.100826345 0.0380228236 0.130301267
v -0.112418041 0.0380228236 0.125490904
v -0.112418041 0.0363939479 0.125490904
v -0.100826345 0.0363939255 0.130301267
v -0.112418041 0.0380228236 0.125490904
v -0.111048415 0.0347650424 0.12412291
v -0.100826345 0.0363939255 0.130301267
v -0.112418041 0.0363939479 0.125490904
v -0.111048415 0.0347650424 0.12412291
v -0.100824997 0.0347650424 0.128365651
v -0.100826345 0.0363939255 0.130301267
v -0.100824766 0.039651677 0.128007755
v -0.089228265 0.0380228236 0.125506282
v -0.0908489376 0.039651677 0.123883419
v -0.100824766 0.039651677 0.128007755
v -0.100826345 0.0380228236 0.130301267
v -0.089228265 0.0380228236 0.125506282
v -0.100826345 0.0363939255 0.130301267
v -0.089228265 0.0363939479 0.125506282
v -0.089228265 0.0380228236 0.125506282
v -0.100826345 0.0380228236 0.130301267
v -0.100826345 0.0363939255 0.130301267
v -0.089228265 0.0380228236 0.125506282
v -0.100824997 0.0347650424 0.128365651
v -0.0905961916 0.0347650424 0.12413644
v -0.089228265 0.0363939479 0.125506282
v -0.100826345 0.0363939255 0.130301267
v -0.100824997 0.0347650424 0.128365651
v -0.089228265 0.0363939479 0.125506282
v -0.0905961916 0.0319145583 0.12413644
v -0.0905961916 0.0347650424 0.12413644
v -0.100824997 0.0347650424 0.128365651
v -0.100824997 0.0319145583 0.128365651
v -0.0905961916 0.0319145583 0.12413644
v -0.100824997 0.0347650424 0.128365651
v -0.111048415 0.0319145583 0.12412291
v -0.100824997 0.0319145583 0.128365651
v -0.100824997 0.0347650424 0.128365651
v -0.111048415 0.0347650424 0.12412291
v -0.111048415 0.0319145583 0.12412291
v -0.100824997 0.0347650424 0.128365651
v -0.115277387 0.0319145545 0.113894157
v -0.111048415 0.0319145583 0.12412291
v -0.111048415 0.0347650424 0.12412291
v -0.115277387 0.0347650684 0.113894157
v -0.115277387 0.0319145545 0.113894157
v -0.111048415 0.0347650424 0.12412291
v -0.111034878 0.0319145545 0.103670783
v -0.115277387 0.0319145545 0.113894157
v -0.115277387 0.0347650684 0.113894157
v -0.111034878 0.0347650684 0.103670783
v -0.111034878 0.0319145545 0.103670783
v -0.115277387 0.0347650684 0.113894157
v -0.100805864 0.0319145545 0.0994417518
v -0.111034878 0.0319145545 0.103670783
v -0.111034878 0.0347650684 0.103670783
v -0.100805864 0.0347650684 0.0994417518
v -0.100805864 0.0319145545 0.0994417518
v -0.111034878 0.0347650684 0.103670783
v -0.0905826464 0.0319145545 0.103684314
v -0.100805864 0.0319145545 0.0994417518
v -0.100805864 0.0347650684 0.0994417518
v -0.0905826464 0.0347650684 0.103684314
v -0.0905826464 0.0319145545 0.103684314
v -0.100805864 0.0347650684 0.0994417518
v -0.0863535479 0.0319145545 0.113913208
v -0.0905826464 0.0319145545 0.103684314
v -0.0905826464 0.0347650684 0.103684314
v -0.0863535479 0.0347650684 0.113913208
v -0.0863535479 0.0319145545 0.113913208
v -0.0905826464 0.0347650684 0.103684314
v -0.0905961916 0.0319145583 0.12413644
v -0.0863535479 0.0319145545 0.113913208
v -0.0863535479 0.0347650684 0.113913208
v -0.0905961916 0.0347650424 0.12413644
v -0.0905961916 0.0319145583 0.12413644
v -0.0863535479 0.0347650684 0.113913208
v -0.0881137177 0.031264063 0.1266222
v -0.0828406513 0.0312640592 0.11391554
v -0.0863535479 0.0319145545 0.113913208
v -0.0905961916 0.0319145583 0.12413644
v -0.0881137177 0.031264063 0.1266222
v -0.0863535479 0.0319145545 0.113913208
v -0.0828406513 0.0312640592 0.11391554
v -0.0880969018 0.0312640853 0.101201817
v -0.0905826464 0.0319145545 0.103684314
v -0.0863535479 0.0319145545 0.113913208
v -0.0828406513 0.0312640592 0.11391554
v -0.0905826464 0.0319145545 0.103684314
v -0.0880969018 0.0312640853 0.101201817
v -0.100803562 0.0312640853 0.0959287807
v -0.100805864 0.0319145545 0.0994417518
v -0.0905826464 0.0319145545 0.103684314
v -0.0880969018 0.0312640853 0.101201817
v -0.100805864 0.0319145545 0.0994417518
v -0.100803562 0.0312640853 0.0959287807
v -0.113517322 0.0312640853 0.101185009
v -0.111034878 0.0319145545 0.103670783
v -0.100805864 0.0319145545 0.0994417518
v -0.100803562 0.0312640853 0.0959287807
v -0.111034878 0.0319145545 0.103670783
v -0.111034878 0.0319145545 0.103670783
v -0.11879041 0.0312640592 0.113891795
v -0.115277387 0.0319145545 0.113894157
v -0.111034878 0.0319145545 0.103670783
v -0.113517322 0.0312640853 0.101185009
v -0.11879041 0.0312640592 0.113891795
v -0.115277387 0.0319145545 0.113894157
v -0.113534078 0.031264063 0.126605347
v -0.111048415 0.0319145583 0.12412291
v -0.115277387 0.0319145545 0.113894157
v -0.11879041 0.0312640592 0.113891795
v -0.113534078 0.031264063 0.126605347
v -0.111048415 0.0319145583 0.12412291
v -0.100827381 0.031264063 0.13187848
v -0.100824997 0.0319145583 0.128365651
v -0.111048415 0.0319145583 0.12412291
v -0.113534078 0.031264063 0.126605347
v -0.100827381 0.031264063 0.13187848
v -0.0881137177 0.031264063 0.1266222
v -0.0905961916 0.0319145583 0.12413644
v -0.100824997 0.0319145583 0.128365651
v -0.100827381 0.031264063 0.13187848
v -0.0881137177 0.031264063 0.1266222
v -0.100824997 0.0319145583 0.128365651
v -0.0872552693 0.0300820731 0.127481908
v -0.0881137177 0.031264063 0.1266222
v -0.100827381 0.031264063 0.13187848
v -0.100828171 0.0300820731 0.133093432
v -0.0872552693 0.0300820731 0.127481908
v -0.100827381 0.031264063 0.13187848
v -0.114393674 0.0300820731 0.127463922
v -0.100828171 0.0300820731 0.133093432
v -0.100827381 0.031264063 0.13187848
v -0.113534078 0.031264063 0.126605347
v -0.114393674 0.0300820731 0.127463922
v -0.100827381 0.031264063 0.13187848
v -0.120005295 0.0300820712 0.113890991
v -0.114393674 0.0300820731 0.127463922
v -0.113534078 0.031264063 0.126605347
v -0.11879041 0.0312640592 0.113891795
v -0.120005295 0.0300820712 0.113890991
v -0.113534078 0.031264063 0.126605347
v -0.114375696 0.0300820693 0.100325428
v -0.120005295 0.0300820712 0.113890991
v -0.11879041 0.0312640592 0.113891795
v -0.113517322 0.0312640853 0.101185009
v -0.114375696 0.0300820693 0.100325428
v -0.11879041 0.0312640592 0.113891795
v -0.100803562 0.0312640853 0.0959287807
v -0.114375696 0.0300820693 0.100325428
v -0.113517322 0.0312640853 0.101185009
v -0.100803562 0.0312640853 0.0959287807
v -0.100802742 0.0300820675 0.0947137773
v -0.114375696 0.0300820693 0.100325428
v -0.0880969018 0.0312640853 0.101201817
v -0.100802742 0.0300820675 0.0947137773
v -0.100803562 0.0312640853 0.0959287807
v -0.0880969018 0.0312640853 0.101201817
v -0.0872373134 0.0300820693 0.100343361
v -0.100802742 0.0300820675 0.0947137773
v -0.0816256702 0.0300820712 0.113916256
v -0.0872373134 0.0300820693 0.100343361
v -0.0880969018 0.0312640853 0.101201817
v -0.0828406513 0.0312640592 0.11391554
v -0.0816256702 0.0300820712 0.113916256
v -0.0880969018 0.0312640853 0.101201817
v -0.0872552693 0.0300820731 0.127481908
v -0.0816256702 0.0300820712 0.113916256
v -0.0828406513 0.0312640592 0.11391554
v -0.0881137177 0.031264063 0.1266222
v -0.0872552693 0.0300820731 0.127481908
v -0.0828406513 0.0312640592 0.11391554
v -0.0872552693 0.0270279013 0.127481908
v -0.0816256702 0.0270279236 0.113916256
v -0.0816256702 0.0300820712 0.113916256
v -0.0872552693 0.0300820731 0.127481908
v -0.0872552693 0.0270279013 0.127481908
v -0.0816256702 0.0300820712 0.113916256
v -0.0816256702 0.0270279236 0.113916256
v -0.0872373134 0.0270279218 0.100343361
v -0.0872373134 0.0300820693 0.100343361
v -0.0816256702 0.0300820712 0.113916256
v -0.0816256702 0.0270279236 0.113916256
v -0.0872373134 0.0300820693 0.100343361
v -0.0872373134 0.0270279218 0.100343361
v -0.100802742 0.0270279218 0.0947137773
v -0.100802742 0.0300820675 0.0947137773
v -0.0872373134 0.0300820693 0.100343361
v -0.0872373134 0.0270279218 0.100343361
v -0.100802742 0.0300820675 0.0947137773
v -0.100802742 0.0270279218 0.0947137773
v -0.114375696 0.0270279218 0.100325428
v -0.114375696 0.0300820693 0.100325428
v -0.100802742 0.0300820675 0.0947137773
v -0.100802742 0.0270279218 0.0947137773
v -0.114375696 0.0300820693 0.100325428
v -0.114375696 0.0270279218 0.100325428
v -0.120005295 0.0270279236 0.113890991
v -0.120005295 0.0300820712 0.113890991
v -0.114375696 0.0300820693 0.100325428
v -0.114375696 0.0270279218 0.100325428
v -0.120005295 0.0300820712 0.113890991
v -0.120005295 0.0270279236 0.113890991
v -0.114393674 0.0270279013 0.127463922
v -0.114393674 0.0300820731 0.127463922
v -0.120005295 0.0300820712 0.113890991
v -0.120005295 0.0270279236 0.113890991
v -0.114393674 0.0300820731 0.127463922
v -0.114393674 0.0270279013 0.127463922
v -0.100828171 0.0270279013 0.133093432
v -0.100828171 0.0300820731 0.133093432
v -0.114393674 0.0300820731 0.127463922
v -0.114393674 0.0270279013 0.127463922
v -0.100828171 0.0300820731 0.133093432
v -0.0872552693 0.0270279013 0.127481908
v -0.0872552693 0.0300820731 0.127481908
v -0.100828171 0.0300820731 0.133093432
v -0.100828171 0.0270279013 0.133093432
v -0.0872552693 0.0270279013 0.127481908
v -0.100828171 0.0300820731 0.133093432
v -0.0712899268 0.0380228423 0.0590717606
v -0.0613104403 0.0396516658 0.0526571423
v -0.0712876394 0.0396516696 0.0567782149
v -0.0712899268 0.0380228423 0.0590717606
v -0.0596902519 0.0380228423 0.0542804562
v -0.0613104403 0.0396516658 0.0526571423
v -0.0596902519 0.0363939404 0.0542804562
v -0.0596902519 0.0380228423 0.0542804562
v -0.0712899268 0.0380228423 0.0590717606
v -0.0712899268 0.0363939404 0.0590717606
v -0.0596902519 0.0363939404 0.0542804562
v -0.0712899268 0.0380228423 0.0590717606
v -0.0610576347 0.034765061 0.0529103577
v -0.0596902519 0.0363939404 0.0542804562
v -0.0712899268 0.0363939404 0.0590717606
v -0.0712879449 0.034765061 0.0571358725
v -0.0610576347 0.034765061 0.0529103577
v -0.0712899268 0.0363939404 0.0590717606
v -0.0596902519 0.0380228423 0.0542804562
v -0.0571695305 0.0396516658 0.0426881239
v -0.0613104403 0.0396516658 0.0526571423
v -0.0596902519 0.0380228423 0.0542804562
v -0.0548760407 0.0380228423 0.0426904112
v -0.0571695305 0.0396516658 0.0426881239
v -0.0548760407 0.0363939367 0.0426904112
v -0.0548760407 0.0380228423 0.0426904112
v -0.0596902519 0.0380228423 0.0542804562
v -0.0596902519 0.0363939404 0.0542804562
v -0.0548760407 0.0363939367 0.0426904112
v -0.0596902519 0.0380228423 0.0542804562
v -0.0568117462 0.034765061 0.0426884033
v -0.0548760407 0.0363939367 0.0426904112
v -0.0596902519 0.0363939404 0.0542804562
v -0.0610576347 0.034765061 0.0529103577
v -0.0568117462 0.034765061 0.0426884033
v -0.0596902519 0.0363939404 0.0542804562
v -0.0548760407 0.0380228423 0.0426904112
v -0.0612906329 0.0396516658 0.0327109285
v -0.0571695305 0.0396516658 0.0426881239
v -0.0548760407 0.0380228423 0.0426904112
v -0.0596672148 0.0380228385 0.0310907122
v -0.0612906329 0.0396516658 0.0327109285
v -0.0596672148 0.0363939367 0.0310907122
v -0.0596672148 0.0380228385 0.0310907122
v -0.0548760407 0.0380228423 0.0426904112
v -0.0548760407 0.0363939367 0.0426904112
v -0.0596672148 0.0363939367 0.0310907122
v -0.0548760407 0.0380228423 0.0426904112
v -0.0610373393 0.034765061 0.0324581452
v -0.0596672148 0.0363939367 0.0310907122
v -0.0548760407 0.0363939367 0.0426904112
v -0.0568117462 0.034765061 0.0426884033
v -0.0610373393 0.034765061 0.0324581452
v -0.0548760407 0.0363939367 0.0426904112
v -0.0596672148 0.0380228385 0.0310907122
v -0.0712596178 0.0396516658 0.0285700168
v -0.0612906329 0.0396516658 0.0327109285
v -0.0596672148 0.0380228385 0.0310907122
v -0.0712573901 0.0380228385 0.026276499
v -0.0712596178 0.0396516658 0.0285700168
v -0.0712573901 0.0363939367 0.026276499
v -0.0712573901 0.0380228385 0.026276499
v -0.0596672148 0.0380228385 0.0310907122
v -0.0596672148 0.0363939367 0.0310907122
v -0.0712573901 0.0363939367 0.026276499
v -0.0596672148 0.0380228385 0.0310907122
v -0.0712592974 0.034765061 0.0282121301
v -0.0712573901 0.0363939367 0.026276499
v -0.0596672148 0.0363939367 0.0310907122
v -0.0610373393 0.034765061 0.0324581452
v -0.0712592974 0.034765061 0.0282121301
v -0.0596672148 0.0363939367 0.0310907122
v -0.0828569829 0.0380228385 0.0310677011
v -0.0812368691 0.0396516658 0.0326911174
v -0.0712596178 0.0396516658 0.0285700168
v -0.0712573901 0.0380228385 0.026276499
v -0.0828569829 0.0380228385 0.0310677011
v -0.0712596178 0.0396516658 0.0285700168
v -0.0828569829 0.0363939367 0.0310677011
v -0.0828569829 0.0380228385 0.0310677011
v -0.0712573901 0.0380228385 0.026276499
v -0.0712573901 0.0363939367 0.026276499
v -0.0828569829 0.0363939367 0.0310677011
v -0.0712573901 0.0380228385 0.026276499
v -0.0712592974 0.034765061 0.0282121301
v -0.0828569829 0.0363939367 0.0310677011
v -0.0712573901 0.0363939367 0.026276499
v -0.0712592974 0.034765061 0.0282121301
v -0.0814896226 0.034765061 0.0324378535
v -0.0828569829 0.0363939367 0.0310677011
v -0.0876713023 0.0380228423 0.0426578484
v -0.0853777602 0.0396516658 0.0426600836
v -0.0812368691 0.0396516658 0.0326911174
v -0.0828569829 0.0380228385 0.0310677011
v -0.0876713023 0.0380228423 0.0426578484
v -0.0812368691 0.0396516658 0.0326911174
v -0.0876713023 0.0363939367 0.0426578484
v -0.0876713023 0.0380228423 0.0426578484
v -0.0828569829 0.0380228385 0.0310677011
v -0.0828569829 0.0363939367 0.0310677011
v -0.0876713023 0.0363939367 0.0426578484
v -0.0828569829 0.0380228385 0.0310677011
v -0.0814896226 0.034765061 0.0324378535
v -0.0876713023 0.0363939367 0.0426578484
v -0.0828569829 0.0363939367 0.0310677011
v -0.0814896226 0.034765061 0.0324378535
v -0.0857355148 0.034765061 0.0426595993
v -0.0876713023 0.0363939367 0.0426578484
v -0.0828799903 0.0380228423 0.0542574152
v -0.0812565833 0.0396516658 0.0526373051
v -0.0853777602 0.0396516658 0.0426600836
v -0.0876713023 0.0380228423 0.0426578484
v -0.0828799903 0.0380228423 0.0542574152
v -0.0853777602 0.0396516658 0.0426600836
v -0.0828799903 0.0363939404 0.0542574152
v -0.0828799903 0.0380228423 0.0542574152
v -0.0876713023 0.0380228423 0.0426578484
v -0.0876713023 0.0363939367 0.0426578484
v -0.0828799903 0.0363939404 0.0542574152
v -0.0876713023 0.0380228423 0.0426578484
v -0.0857355148 0.034765061 0.0426595993
v -0.0828799903 0.0363939404 0.0542574152
v -0.0876713023 0.0363939367 0.0426578484
v -0.0857355148 0.034765061 0.0426595993
v -0.0815099254 0.034765061 0.0528901108
v -0.0828799903 0.0363939404 0.0542574152
v -0.0812565833 0.0396516658 0.0526373051
v -0.0712899268 0.0380228423 0.0590717606
v -0.0712876394 0.0396516696 0.0567782149
v -0.0812565833 0.0396516658 0.0526373051
v -0.0828799903 0.0380228423 0.0542574152
v -0.0712899268 0.0380228423 0.0590717606
v -0.0828799903 0.0363939404 0.0542574152
v -0.0712899268 0.0363939404 0.0590717606
v -0.0712899268 0.0380228423 0.0590717606
v -0.0828799903 0.0380228423 0.0542574152
v -0.0828799903 0.0363939404 0.0542574152
v -0.0712899268 0.0380228423 0.0590717606
v -0.0815099254 0.034765061 0.0528901108
v -0.0712879449 0.034765061 0.0571358725
v -0.0712899268 0.0363939404 0.0590717606
v -0.0828799903 0.0363939404 0.0542574152
v -0.0815099254 0.034765061 0.0528901108
v -0.0712899268 0.0363939404 0.0590717606
v -0.0712879449 0.0319145508 0.0571358725
v -0.0712879449 0.034765061 0.0571358725
v -0.0815099254 0.034765061 0.0528901108
v -0.0815099254 0.0319145471 0.0528901108
v -0.0712879449 0.0319145508 0.0571358725
v -0.0815099254 0.034765061 0.0528901108
v -0.0857355148 0.0319145471 0.0426595993
v -0.0815099254 0.0319145471 0.0528901108
v -0.0815099254 0.034765061 0.0528901108
v -0.0857355148 0.034765061 0.0426595993
v -0.0857355148 0.0319145471 0.0426595993
v -0.0815099254 0.034765061 0.0528901108
v -0.0814896226 0.0319145471 0.0324378535
v -0.0857355148 0.0319145471 0.0426595993
v -0.0857355148 0.034765061 0.0426595993
v -0.0814896226 0.034765061 0.0324378535
v -0.0814896226 0.0319145471 0.0324378535
v -0.0857355148 0.034765061 0.0426595993
v -0.0712592974 0.0319145471 0.0282121301
v -0.0814896226 0.0319145471 0.0324378535
v -0.0814896226 0.034765061 0.0324378535
v -0.0712592974 0.034765061 0.0282121301
v -0.0712592974 0.0319145471 0.0282121301
v -0.0814896226 0.034765061 0.0324378535
v -0.0610373393 0.0319145471 0.0324581452
v -0.0712592974 0.0319145471 0.0282121301
v -0.0712592974 0.034765061 0.0282121301
v -0.0610373393 0.034765061 0.0324581452
v -0.0610373393 0.0319145471 0.0324581452
v -0.0712592974 0.034765061 0.0282121301
v -0.0568117462 0.0319145471 0.0426884033
v -0.0610373393 0.0319145471 0.0324581452
v -0.0610373393 0.034765061 0.0324581452
v -0.0568117462 0.034765061 0.0426884033
v -0.0568117462 0.0319145471 0.0426884033
v -0.0610373393 0.034765061 0.0324581452
v -0.0610576347 0.0319145471 0.0529103577
v -0.0568117462 0.0319145471 0.0426884033
v -0.0568117462 0.034765061 0.0426884033
v -0.0610576347 0.034765061 0.0529103577
v -0.0610576347 0.0319145471 0.0529103577
v -0.0568117462 0.034765061 0.0426884033
v -0.0712879449 0.0319145508 0.0571358725
v -0.0610576347 0.0319145471 0.0529103577
v -0.0610576347 0.034765061 0.0529103577
v -0.0712879449 0.034765061 0.0571358725
v -0.0712879449 0.0319145508 0.0571358725
v -0.0610576347 0.034765061 0.0529103577
v -0.0712914169 0.0312640816 0.0606489219
v -0.0585761368 0.0312640816 0.0553968139
v -0.0610576347 0.0319145471 0.0529103577
v -0.0712879449 0.0319145508 0.0571358725
v -0.0712914169 0.0312640816 0.0606489219
v -0.0610576347 0.0319145471 0.0529103577
v -0.0585761368 0.0312640816 0.0553968139
v -0.0532986708 0.0312640779 0.0426918864
v -0.0568117462 0.0319145471 0.0426884033
v -0.0610576347 0.0319145471 0.0529103577
v -0.0585761368 0.0312640816 0.0553968139
v -0.0568117462 0.0319145471 0.0426884033
v -0.0532986708 0.0312640779 0.0426918864
v -0.0585508347 0.0312640779 0.0299765673
v -0.0610373393 0.0319145471 0.0324581452
v -0.0568117462 0.0319145471 0.0426884033
v -0.0532986708 0.0312640779 0.0426918864
v -0.0610373393 0.0319145471 0.0324581452
v -0.0585508347 0.0312640779 0.0299765673
v -0.0712557882 0.0312640779 0.0246990826
v -0.0712592974 0.0319145471 0.0282121301
v -0.0610373393 0.0319145471 0.0324581452
v -0.0585508347 0.0312640779 0.0299765673
v -0.0712592974 0.0319145471 0.0282121301
v -0.0712592974 0.0319145471 0.0282121301
v -0.0839712024 0.0312640779 0.0299512688
v -0.0814896226 0.0319145471 0.0324378535
v -0.0712592974 0.0319145471 0.0282121301
v -0.0712557882 0.0312640779 0.0246990826
v -0.0839712024 0.0312640779 0.0299512688
v -0.0814896226 0.0319145471 0.0324378535
v -0.0892484635 0.0312640779 0.0426561721
v -0.0857355148 0.0319145471 0.0426595993
v -0.0814896226 0.0319145471 0.0324378535
v -0.0839712024 0.0312640779 0.0299512688
v -0.0892484635 0.0312640779 0.0426561721
v -0.0857355148 0.0319145471 0.0426595993
v -0.0839963481 0.0312640816 0.0553715602
v -0.0815099254 0.0319145471 0.0528901108
v -0.0857355148 0.0319145471 0.0426595993
v -0.0892484635 0.0312640779 0.0426561721
v -0.0839963481 0.0312640816 0.0553715602
v -0.0712914169 0.0312640816 0.0606489219
v -0.0712879449 0.0319145508 0.0571358725
v -0.0815099254 0.0319145471 0.0528901108
v -0.0839963481 0.0312640816 0.0553715602
v -0.0712914169 0.0312640816 0.0606489219
v -0.0815099254 0.0319145471 0.0528901108
v -0.0712927133 0.0300820637 0.0618638545
v -0.0712914169 0.0312640816 0.0606489219
v -0.0839963481 0.0312640816 0.0553715602
v -0.0848563164 0.0300820637 0.0562298298
v -0.0712927133 0.0300820637 0.0618638545
v -0.0839963481 0.0312640816 0.0553715602
v -0.0904633999 0.0300820619 0.0426550545
v -0.0848563164 0.0300820637 0.0562298298
v -0.0839963481 0.0312640816 0.0553715602
v -0.0892484635 0.0312640779 0.0426561721
v -0.0904633999 0.0300820619 0.0426550545
v -0.0839963481 0.0312640816 0.0553715602
v -0.0848293975 0.030082088 0.0290913768
v -0.0904633999 0.0300820619 0.0426550545
v -0.0892484635 0.0312640779 0.0426561721
v -0.0839712024 0.0312640779 0.0299512688
v -0.0848293975 0.030082088 0.0290913768
v -0.0892484635 0.0312640779 0.0426561721
v -0.0712545142 0.030082088 0.0234843008
v -0.0848293975 0.030082088 0.0290913768
v -0.0839712024 0.0312640779 0.0299512688
v -0.0712557882 0.0312640779 0.0246990826
v -0.0712545142 0.030082088 0.0234843008
v -0.0839712024 0.0312640779 0.0299512688
v -0.0585508347 0.0312640779 0.0299765673
v -0.0712545142 0.030082088 0.0234843008
v -0.0712557882 0.0312640779 0.0246990826
v -0.0585508347 0.0312640779 0.0299765673
v -0.0576908402 0.030082088 0.0291183013
v -0.0712545142 0.030082088 0.0234843008
v -0.0532986708 0.0312640779 0.0426918864
v -0.0576908402 0.030082088 0.0291183013
v -0.0585508347 0.0312640779 0.0299765673
v -0.0532986708 0.0312640779 0.0426918864
v -0.0520838425 0.0300820619 0.0426930785
v -0.0576908402 0.030082088 0.0291183013
v -0.0577177629 0.0300820637 0.0562567301
v -0.0520838425 0.0300820619 0.0426930785
v -0.0532986708 0.0312640779 0.0426918864
v -0.0585761368 0.0312640816 0.0553968139
v -0.0577177629 0.0300820637 0.0562567301
v -0.0532986708 0.0312640779 0.0426918864
v -0.0712927133 0.0300820637 0.0618638545
v -0.0577177629 0.0300820637 0.0562567301
v -0.0585761368 0.0312640816 0.0553968139
v -0.0712914169 0.0312640816 0.0606489219
v -0.0712927133 0.0300820637 0.0618638545
v -0.0585761368 0.0312640816 0.0553968139
v -0.0712927133 0.027027918 0.0618638545
v -0.0577177629 0.0270279162 0.0562567301
v -0.0577177629 0.0300820637 0.0562567301
v -0.0712927133 0.0300820637 0.0618638545
v -0.0712927133 0.027027918 0.0618638545
v -0.0577177629 0.0300820637 0.0562567301
v -0.0577177629 0.0270279162 0.0562567301
v -0.0520838425 0.0270279162 0.0426930785
v -0.0520838425 0.0300820619 0.0426930785
v -0.0577177629 0.0300820637 0.0562567301
v -0.0577177629 0.0270279162 0.0562567301
v -0.0520838425 0.0300820619 0.0426930785
v -0.0520838425 0.0270279162 0.0426930785
v -0.0576908402 0.0270279143 0.0291183013
v -0.0576908402 0.030082088 0.0291183013
v -0.0520838425 0.0300820619 0.0426930785
v -0.0520838425 0.0270279162 0.0426930785
v -0.0576908402 0.030082088 0.0291183013
v -0.0576908402 0.0270279143 0.0291183013
v -0.0712545142 0.0270279124 0.0234843008
v -0.0712545142 0.030082088 0.0234843008
v -0.0576908402 0.030082088 0.0291183013
v -0.0576908402 0.0270279143 0.0291183013
v -0.0712545142 0.030082088 0.0234843008
v -0.0712545142 0.0270279124 0.0234843008
v -0.0848293975 0.0270279143 0.0290913768
v -0.0848293975 0.030082088 0.0290913768
v -0.0712545142 0.030082088 0.0234843008
v -0.0712545142 0.0270279124 0.0234843008
v -0.0848293975 0.030082088 0.0290913768
v -0.0848293975 0.0270279143 0.0290913768
v -0.0904633999 0.0270279162 0.0426550545
v -0.0904633999 0.0300820619 0.0426550545
v -0.0848293975 0.030082088 0.0290913768
v -0.0848293975 0.0270279143 0.0290913768
v -0.0904633999 0.0300820619 0.0426550545
v -0.0904633999 0.0270279162 0.0426550545
v -0.0848563164 0.0270279162 0.0562298298
v -0.0848563164 0.0300820637 0.0562298298
v -0.0904633999 0.0300820619 0.0426550545
v -0.0904633999 0.0270279162 0.0426550545
v -0.0848563164 0.0300820637 0.0562298298
v -0.0712927133 0.027027918 0.0618638545
v -0.0712927133 0.0300820637 0.0618638545
v -0.0848563164 0.0300820637 0.0562298298
v -0.0848563164 0.0270279162 0.0562298298
v -0.0712927133 0.027027918 0.0618638545
v -0.0848563164 0.0300820637 0.0562298298
v -0.0116179762 0.0380228385 0.0247995257
v -2.64352111e-05 0.0396516658 0.0273241196
v -0.00999404211 0.0396516621 0.0231799148
v -0.0116179762 0.0380228385 0.0247995257
v -2.93919747e-05 0.0380228385 0.0296176169
v -2.64352111e-05 0.0396516658 0.0273241196
v -2.93919747e-05 0.0363939367 0.0296176169
v -2.93919747e-05 0.0380228385 0.0296176169
v -0.0116179762 0.0380228385 0.0247995257
v -0.0116179762 0.0363939367 0.0247995257
v -2.93919747e-05 0.0363939367 0.0296176169
v -0.0116179762 0.0380228385 0.0247995257
v -2.68333824e-05 0.034765061 0.0276819337
v -2.93919747e-05 0.0363939367 0.0296176169
v -0.0116179762 0.0363939367 0.0247995257
v -0.0102472594 0.0347650573 0.0234325174
v -2.68333824e-05 0.034765061 0.0276819337
v -0.0116179762 0.0363939367 0.0247995257
v -2.93919747e-05 0.0380228385 0.0296176169
v 0.00995215867 0.0396516621 0.0232063234
v -2.64352111e-05 0.0396516658 0.0273241196
v -2.93919747e-05 0.0380228385 0.0296176169
v 0.0115717538 0.0380228385 0.0248302389
v 0.00995215867 0.0396516621 0.0232063234
v 0.0115717538 0.0363939367 0.0248302389
v 0.0115717538 0.0380228385 0.0248302389
v -2.93919747e-05 0.0380228385 0.0296176169
v -2.93919747e-05 0.0363939367 0.0296176169
v 0.0115717538 0.0363939367 0.0248302389
v -2.93919747e-05 0.0380228385 0.0296176169
v 0.0102048712 0.0347650573 0.0234595984
v 0.0115717538 0.0363939367 0.0248302389
v -2.93919747e-05 0.0363939367 0.0296176169
v -2.68333824e-05 0.034765061 0.0276819337
v 0.0102048712 0.0347650573 0.0234595984
v -2.93919747e-05 0.0363939367 0.0296176169
v 0.0115717538 0.0380228385 0.0248302389
v 0.0140963495 0.0396516621 0.0132387076
v 0.00995215867 0.0396516621 0.0232063234
v 0.0115717538 0.0380228385 0.0248302389
v 0.0163899269 0.0380228385 0.0132417129
v 0.0140963495 0.0396516621 0.0132387076
v 0.0163899269 0.036393933 0.0132417129
v 0.0163899269 0.0380228385 0.0132417129
v 0.0115717538 0.0380228385 0.0248302389
v 0.0115717538 0.0363939367 0.0248302389
v 0.0163899269 0.036393933 0.0132417129
v 0.0115717538 0.0380228385 0.0248302389
v 0.0144541971 0.0347650573 0.013239176
v 0.0163899269 0.036393933 0.0132417129
v 0.0115717538 0.0363939367 0.0248302389
v 0.0102048712 0.0347650573 0.0234595984
v 0.0144541971 0.0347650573 0.013239176
v 0.0115717538 0.0363939367 0.0248302389
v 0.0163899269 0.0380228385 0.0132417129
v 0.00997856446 0.0396516621 0.00326013798
v 0.0140963495 0.0396516621 0.0132387076
v 0.0163899269 0.0380228385 0.0132417129
v 0.0116024623 0.0380228348 0.00164048315
v 0.00997856446 0.0396516621 0.00326013798
v 0.0116024623 0.036393933 0.00164048339
v 0.0116024623 0.0380228348 0.00164048315
v 0.0163899269 0.0380228385 0.0132417129
v 0.0163899269 0.036393933 0.0132417129
v 0.0116024623 0.036393933 0.00164048339
v 0.0163899269 0.0380228385 0.0132417129
v 0.0102319522 0.0347650573 0.0030073931
v 0.0116024623 0.036393933 0.00164048339
v 0.0163899269 0.036393933 0.0132417129
v 0.0144541971 0.0347650573 0.013239176
v 0.0102319522 0.0347650573 0.0030073931
v 0.0163899269 0.036393933 0.0132417129
v 1.39889635e-05 0.0380228348 -0.00317760883
v 1.09186622e-05 0.0396516621 -0.000884084264
v 0.00997856446 0.0396516621 0.00326013798
v 0.0116024623 0.0380228348 0.00164048315
v 1.39889635e-05 0.0380228348 -0.00317760883
v 0.00997856446 0.0396516621 0.00326013798
v 1.39889635e-05 0.036393933 -0.00317760883
v 1.39889635e-05 0.0380228348 -0.00317760883
v 0.0116024623 0.0380228348 0.00164048315
v 0.0116024623 0.036393933 0.00164048339
v 1.39889635e-05 0.036393933 -0.00317760883
v 0.0116024623 0.0380228348 0.00164048315
v 0.0102319522 0.0347650573 0.0030073931
v 1.39889635e-05 0.036393933 -0.00317760883
v 0.0116024623 0.036393933 0.00164048339
v 0.0102319522 0.0347650573 0.0030073931
v 1.1378911e-05 0.0347650573 -0.00124188641
v 1.39889635e-05 0.036393933 -0.00317760883
v -0.0115872743 0.0380228348 0.001609792
v -0.00996763352 0.0396516621 0.00323367375
v 1.09186622e-05 0.0396516621 -0.000884084264
v 1.39889635e-05 0.0380228348 -0.00317760883
v -0.0115872743 0.0380228348 0.001609792
v 1.09186622e-05 0.0396516621 -0.000884084264
v -0.0115872743 0.036393933 0.00160979223
v -0.0115872743 0.0380228348 0.001609792
v 1.39889635e-05 0.0380228348 -0.00317760883
v 1.39889635e-05 0.036393933 -0.00317760883
v -0.0115872743 0.036393933 0.00160979223
v 1.39889635e-05 0.0380228348 -0.00317760883
v 1.1378911e-05 0.0347650573 -0.00124188641
v -0.0115872743 0.036393933 0.00160979223
v 1.39889635e-05 0.036393933 -0.00317760883
v 1.1378911e-05 0.0347650573 -0.00124188641
v -0.0102201784 0.0347650573 0.00298029883
v -0.0115872743 0.036393933 0.00160979223
v -0.0164052844 0.0380228385 0.0131982816
v -0.0141117712 0.0396516621 0.0132013811
v -0.00996763352 0.0396516621 0.00323367375
v -0.0115872743 0.0380228348 0.001609792
v -0.0164052844 0.0380228385 0.0131982816
v -0.00996763352 0.0396516621 0.00323367375
v -0.0164052844 0.036393933 0.0131982816
v -0.0164052844 0.0380228385 0.0131982816
v -0.0115872743 0.0380228348 0.001609792
v -0.0115872743 0.036393933 0.00160979223
v -0.0164052844 0.036393933 0.0131982816
v -0.0115872743 0.0380228348 0.001609792
v -0.0102201784 0.0347650573 0.00298029883
v -0.0164052844 0.036393933 0.0131982816
v -0.0115872743 0.036393933 0.00160979223
v -0.0102201784 0.0347650573 0.00298029883
v -0.0144696739 0.0347650573 0.0132008987
v -0.0164052844 0.036393933 0.0131982816
v -0.0141117712 0.0396516621 0.0132013811
v -0.0116179762 0.0380228385 0.0247995257
v -0.00999404211 0.0396516621 0.0231799148
v -0.0141117712 0.0396516621 0.0132013811
v -0.0164052844 0.0380228385 0.0131982816
v -0.0116179762 0.0380228385 0.0247995257
v -0.0164052844 0.036393933 0.0131982816
v -0.0116179762 0.0363939367 0.0247995257
v -0.0116179762 0.0380228385 0.0247995257
v -0.0164052844 0.0380228385 0.0131982816
v -0.0164052844 0.036393933 0.0131982816
v -0.0116179762 0.0380228385 0.0247995257
v -0.0144696739 0.0347650573 0.0132008987
v -0.0102472594 0.0347650573 0.0234325174
v -0.0116179762 0.0363939367 0.0247995257
v -0.0164052844 0.036393933 0.0131982816
v -0.0144696739 0.0347650573 0.0132008987
v -0.0116179762 0.0363939367 0.0247995257
v -0.0102472594 0.0319145471 0.0234325174
v -0.0102472594 0.0347650573 0.0234325174
v -0.0144696739 0.0347650573 0.0132008987
v -0.0144696739 0.0319145434 0.0132008987
v -0.0102472594 0.0319145471 0.0234325174
v -0.0144696739 0.0347650573 0.0132008987
v -0.0102201784 0.0319145434 0.00298029929
v -0.0144696739 0.0319145434 0.0132008987
v -0.0144696739 0.0347650573 0.0132008987
v -0.0102201784 0.0347650573 0.00298029883
v -0.0102201784 0.0319145434 0.00298029929
v -0.0144696739 0.0347650573 0.0132008987
v 1.1378911e-05 0.0319145434 -0.00124188606
v -0.0102201784 0.0319145434 0.00298029929
v -0.0102201784 0.0347650573 0.00298029883
v 1.1378911e-05 0.0347650573 -0.00124188641
v 1.1378911e-05 0.0319145434 -0.00124188606
v -0.0102201784 0.0347650573 0.00298029883
v 0.0102319522 0.0319145434 0.00300739356
v 1.1378911e-05 0.0319145434 -0.00124188606
v 1.1378911e-05 0.0347650573 -0.00124188641
v 0.0102319522 0.0347650573 0.0030073931
v 0.0102319522 0.0319145434 0.00300739356
v 1.1378911e-05 0.0347650573 -0.00124188641
v 0.0144541971 0.0319145434 0.013239176
v 0.0102319522 0.0319145434 0.00300739356
v 0.0102319522 0.0347650573 0.0030073931
v 0.0144541971 0.0347650573 0.013239176
v 0.0144541971 0.0319145434 0.013239176
v 0.0102319522 0.0347650573 0.0030073931
v 0.0102048712 0.0319145471 0.0234595984
v 0.0144541971 0.0319145434 0.013239176
v 0.0144541971 0.0347650573 0.013239176
v 0.0102048712 0.0347650573 0.0234595984
v 0.0102048712 0.0319145471 0.0234595984
v 0.0144541971 0.0347650573 0.013239176
v -2.68333824e-05 0.0319145471 0.0276819337
v 0.0102048712 0.0319145471 0.0234595984
v 0.0102048712 0.0347650573 0.0234595984
v -2.68333824e-05 0.034765061 0.0276819337
v -2.68333824e-05 0.0319145471 0.0276819337
v 0.0102048712 0.0347650573 0.0234595984
v -0.0102472594 0.0319145471 0.0234325174
v -2.68333824e-05 0.0319145471 0.0276819337
v -2.68333824e-05 0.034765061 0.0276819337
v -0.0102472594 0.0347650573 0.0234325174
v -0.0102472594 0.0319145471 0.0234325174
v -2.68333824e-05 0.034765061 0.0276819337
v -0.0127346236 0.0312640779 0.0259133298
v -3.14903191e-05 0.0312640779 0.0311948024
v -2.68333824e-05 0.0319145471 0.0276819337
v -0.0102472594 0.0319145471 0.0234325174
v -0.0127346236 0.0312640779 0.0259133298
v -2.68333824e-05 0.0319145471 0.0276819337
v -3.14903191e-05 0.0312640779 0.0311948024
v 0.0126856938 0.0312640779 0.0259469859
v 0.0102048712 0.0319145471 0.0234595984
v -2.68333824e-05 0.0319145471 0.0276819337
v -3.14903191e-05 0.0312640779 0.0311948024
v 0.0102048712 0.0319145471 0.0234595984
v 0.0126856938 0.0312640779 0.0259469859
v 0.0179671533 0.0312640741 0.0132438093
v 0.0144541971 0.0319145434 0.013239176
v 0.0102048712 0.0319145471 0.0234595984
v 0.0126856938 0.0312640779 0.0259469859
v 0.0144541971 0.0319145434 0.013239176
v 0.0179671533 0.0312640741 0.0132438093
v 0.0127193667 0.0312640741 0.000526586315
v 0.0102319522 0.0319145434 0.00300739356
v 0.0144541971 0.0319145434 0.013239176
v 0.0179671533 0.0312640741 0.0132438093
v 0.0102319522 0.0319145434 0.00300739356
v 0.0102319522 0.0319145434 0.00300739356
v 1.60782402e-05 0.0312640741 -0.00475492002
v 1.1378911e-05 0.0319145434 -0.00124188606
v 0.0102319522 0.0319145434 0.00300739356
v 0.0127193667 0.0312640741 0.000526586315
v 1.60782402e-05 0.0312640741 -0.00475492002
v 1.1378911e-05 0.0319145434 -0.00124188606
v -0.0127009638 0.0312640741 0.000492999097
v -0.0102201784 0.0319145434 0.00298029929
v 1.1378911e-05 0.0319145434 -0.00124188606
v 1.60782402e-05 0.0312640741 -0.00475492002
v -0.0127009638 0.0312640741 0.000492999097
v -0.0102201784 0.0319145434 0.00298029929
v -0.0179825146 0.0312640741 0.0131961992
v -0.0144696739 0.0319145434 0.0132008987
v -0.0102201784 0.0319145434 0.00298029929
v -0.0127009638 0.0312640741 0.000492999097
v -0.0179825146 0.0312640741 0.0131961992
v -0.0127346236 0.0312640779 0.0259133298
v -0.0102472594 0.0319145471 0.0234325174
v -0.0144696739 0.0319145434 0.0132008987
v -0.0179825146 0.0312640741 0.0131961992
v -0.0127346236 0.0312640779 0.0259133298
v -0.0144696739 0.0319145434 0.0132008987
v -0.0135949133 0.030082088 0.0267712157
v -0.0127346236 0.0312640779 0.0259133298
v -0.0179825146 0.0312640741 0.0131961992
v -0.0191974603 0.0300820861 0.0131945871
v -0.0135949133 0.030082088 0.0267712157
v -0.0179825146 0.0312640741 0.0131961992
v -0.0135589782 0.0300820842 -0.000367157249
v -0.0191974603 0.0300820861 0.0131945871
v -0.0179825146 0.0312640741 0.0131961992
v -0.0127009638 0.0312640741 0.000492999097
v -0.0135589782 0.0300820842 -0.000367157249
v -0.0179825146 0.0312640741 0.0131961992
v 1.76890826e-05 0.0300820842 -0.00596979447
v -0.0135589782 0.0300820842 -0.000367157249
v -0.0127009638 0.0312640741 0.000492999097
v 1.60782402e-05 0.0312640741 -0.00475492002
v 1.76890826e-05 0.0300820842 -0.00596979447
v -0.0127009638 0.0312640741 0.000492999097
v 0.0135795223 0.0300820842 -0.000331208139
v 1.76890826e-05 0.0300820842 -0.00596979447
v 1.60782402e-05 0.0312640741 -0.00475492002
v 0.0127193667 0.0312640741 0.000526586315
v 0.0135795223 0.0300820842 -0.000331208139
v 1.60782402e-05 0.0312640741 -0.00475492002
v 0.0179671533 0.0312640741 0.0132438093
v 0.0135795223 0.0300820842 -0.000331208139
v 0.0127193667 0.0312640741 0.000526586315
v 0.0179671533 0.0312640741 0.0132438093
v 0.0191821586 0.0300820861 0.0132454457
v 0.0135795223 0.0300820842 -0.000331208139
v 0.0126856938 0.0312640779 0.0259469859
v 0.0191821586 0.0300820861 0.0132454457
v 0.0179671533 0.0312640741 0.0132438093
v 0.0126856938 0.0312640779 0.0259469859
v 0.0135435974 0.030082088 0.0268071294
v 0.0191821586 0.0300820861 0.0132454457
v -3.29951945e-05 0.030082088 0.0324098133
v 0.0135435974 0.030082088 0.0268071294
v 0.0126856938 0.0312640779 0.0259469859
v -3.14903191e-05 0.0312640779 0.0311948024
v -3.29951945e-05 0.030082088 0.0324098133
v 0.0126856938 0.0312640779 0.0259469859
v -0.0135949133 0.030082088 0.0267712157
v -3.29951945e-05 0.030082088 0.0324098133
v -3.14903191e-05 0.0312640779 0.0311948024
v -0.0127346236 0.0312640779 0.0259133298
v -0.0135949133 0.030082088 0.0267712157
v -3.14903191e-05 0.0312640779 0.0311948024
v -0.0135949133 0.0270279143 0.0267712157
v -3.29951945e-05 0.0270279143 0.0324098133
v -3.29951945e-05 0.030082088 0.0324098133
v -0.0135949133 0.030082088 0.0267712157
v -0.0135949133 0.0270279143 0.0267712157
v -3.29951945e-05 0.030082088 0.0324098133
v -3.29951945e-05 0.0270279143 0.0324098133
v 0.0135435974 0.0270279143 0.0268071294
v 0.0135435974 0.030082088 0.0268071294
v -3.29951945e-05 0.030082088 0.0324098133
v -3.29951945e-05 0.0270279143 0.0324098133
v 0.0135435974 0.030082088 0.0268071294
v 0.0135435974 0.0270279143 0.0268071294
v 0.0191821586 0.0270279124 0.0132454466
v 0.0191821586 0.0300820861 0.0132454457
v 0.0135435974 0.030082088 0.0268071294
v 0.0135435974 0.0270279143 0.0268071294
v 0.0191821586 0.0300820861 0.0132454457
v 0.0191821586 0.0270279124 0.0132454466
v 0.0135795223 0.0270279106 -0.00033120779
v 0.0135795223 0.0300820842 -0.000331208139
v 0.0191821586 0.0300820861 0.0132454457
v 0.0191821586 0.0270279124 0.0132454466
v 0.0135795223 0.0300820842 -0.000331208139
v 0.0135795223 0.0270279106 -0.00033120779
v 1.76890826e-05 0.0270279087 -0.005969794
v 1.76890826e-05 0.0300820842 -0.00596979447
v 0.0135795223 0.0300820842 -0.000331208139
v 0.0135795223 0.0270279106 -0.00033120779
v 1.76890826e-05 0.0300820842 -0.00596979447
v 1.76890826e-05 0.0270279087 -0.005969794
v -0.0135589782 0.0270279106 -0.000367156899
v -0.0135589782 0.0300820842 -0.000367157249
v 1.76890826e-05 0.0300820842 -0.00596979447
v 1.76890826e-05 0.0270279087 -0.005969794
v -0.0135589782 0.0300820842 -0.000367157249
v -0.0135589782 0.0270279106 -0.000367156899
v -0.0191974603 0.0270279124 0.013194588
v -0.0191974603 0.0300820861 0.0131945871
v -0.0135589782 0.0300820842 -0.000367157249
v -0.0135589782 0.0270279106 -0.000367156899
v -0.0191974603 0.0300820861 0.0131945871
v -0.0135949133 0.0270279143 0.0267712157
v -0.0135949133 0.030082088 0.0267712157
v -0.0191974603 0.0300820861 0.0131945871
v -0.0191974603 0.0270279124 0.013194588
v -0.0135949133 0.0270279143 0.0267712157
v -0.0191974603 0.0300820861 0.0131945871
v 0.0548046418 0.0380228423 0.0427818261
v 0.0612126254 0.0396516658 0.0527655743
v 0.0570981838 0.0396516658 0.0427856594
v 0.0548046418 0.0380228423 0.0427818261
v 0.0595882721 0.0380228423 0.0543846972
v 0.0612126254 0.0396516658 0.0527655743
v 0.0595882721 0.0363939404 0.0543846972
v 0.0595882721 0.0380228423 0.0543846972
v 0.0548046418 0.0380228423 0.0427818261
v 0.0548046418 0.0363939367 0.0427818261
v 0.0595882721 0.0363939404 0.0543846972
v 0.0548046418 0.0380228423 0.0427818261
v 0.0609592646 0.034765061 0.0530182272
v 0.0595882721 0.0363939404 0.0543846972
v 0.0548046418 0.0363939367 0.0427818261
v 0.0567404963 0.034765061 0.0427851006
v 0.0609592646 0.034765061 0.0530182272
v 0.0548046418 0.0363939367 0.0427818261
v 0.0595882721 0.0380228423 0.0543846972
v 0.071178928 0.0396516696 0.0569130927
v 0.0612126254 0.0396516658 0.0527655743
v 0.0595882721 0.0380228423 0.0543846972
v 0.0711751208 0.0380228423 0.0592065789
v 0.071178928 0.0396516696 0.0569130927
v 0.0711751208 0.0363939404 0.0592065789
v 0.0711751208 0.0380228423 0.0592065789
v 0.0595882721 0.0380228423 0.0543846972
v 0.0595882721 0.0363939404 0.0543846972
v 0.0711751208 0.0363939404 0.0592065789
v 0.0595882721 0.0380228423 0.0543846972
v 0.0711783916 0.034765061 0.0572708771
v 0.0711751208 0.0363939404 0.0592065789
v 0.0595882721 0.0363939404 0.0543846972
v 0.0609592646 0.034765061 0.0530182272
v 0.0711783916 0.034765061 0.0572708771
v 0.0595882721 0.0363939404 0.0543846972
v 0.0711751208 0.0380228423 0.0592065789
v 0.0811588392 0.0396516658 0.0527985953
v 0.071178928 0.0396516696 0.0569130927
v 0.0711751208 0.0380228423 0.0592065789
v 0.0827779621 0.0380228423 0.0544230789
v 0.0811588392 0.0396516658 0.0527985953
v 0.0827779621 0.0363939404 0.0544230789
v 0.0827779621 0.0380228423 0.0544230789
v 0.0711751208 0.0380228423 0.0592065789
v 0.0711751208 0.0363939404 0.0592065789
v 0.0827779621 0.0363939404 0.0544230789
v 0.0711751208 0.0380228423 0.0592065789
v 0.081411466 0.034765061 0.053052064
v 0.0827779621 0.0363939404 0.0544230789
v 0.0711751208 0.0363939404 0.0592065789
v 0.0711783916 0.034765061 0.0572708771
v 0.081411466 0.034765061 0.053052064
v 0.0711751208 0.0363939404 0.0592065789
v 0.0827779621 0.0380228423 0.0544230789
v 0.0853063315 0.0396516658 0.0428323448
v 0.0811588392 0.0396516658 0.0527985953
v 0.0827779621 0.0380228423 0.0544230789
v 0.0875998735 0.0380228423 0.0428361036
v 0.0853063315 0.0396516658 0.0428323448
v 0.0875998735 0.0363939367 0.0428361036
v 0.0875998735 0.0380228423 0.0428361036
v 0.0827779621 0.0380228423 0.0544230789
v 0.0827779621 0.0363939404 0.0544230789
v 0.0875998735 0.0363939367 0.0428361036
v 0.0827779621 0.0380228423 0.0544230789
v 0.0856642202 0.034765061 0.0428329296
v 0.0875998735 0.0363939367 0.0428361036
v 0.0827779621 0.0363939404 0.0544230789
v 0.081411466 0.034765061 0.053052064
v 0.0856642202 0.034765061 0.0428329296
v 0.0827779621 0.0363939404 0.0544230789
v 0.0828163177 0.0380228385 0.0312333331
v 0.0811918601 0.0396516658 0.0328523815
v 0.0853063315 0.0396516658 0.0428323448
v 0.0875998735 0.0380228423 0.0428361036
v 0.0828163177 0.0380228385 0.0312333331
v 0.0853063315 0.0396516658 0.0428323448
v 0.0828163177 0.0363939367 0.0312333331
v 0.0828163177 0.0380228385 0.0312333331
v 0.0875998735 0.0380228423 0.0428361036
v 0.0875998735 0.0363939367 0.0428361036
v 0.0828163177 0.0363939367 0.0312333331
v 0.0875998735 0.0380228423 0.0428361036
v 0.0856642202 0.034765061 0.0428329296
v 0.0828163177 0.0363939367 0.0312333331
v 0.0875998735 0.0363939367 0.0428361036
v 0.0856642202 0.034765061 0.0428329296
v 0.0814452767 0.034765061 0.0325998031
v 0.0828163177 0.0363939367 0.0312333331
v 0.0712293983 0.0380228385 0.026411375
v 0.0712256357 0.0396516658 0.0287048891
v 0.0811918601 0.0396516658 0.0328523815
v 0.0828163177 0.0380228385 0.0312333331
v 0.0712293983 0.0380228385 0.026411375
v 0.0811918601 0.0396516658 0.0328523815
v 0.0712293983 0.0363939367 0.026411375
v 0.0712293983 0.0380228385 0.026411375
v 0.0828163177 0.0380228385 0.0312333331
v 0.0828163177 0.0363939367 0.0312333331
v 0.0712293983 0.0363939367 0.026411375
v 0.0828163177 0.0380228385 0.0312333331
v 0.0814452767 0.034765061 0.0325998031
v 0.0712293983 0.0363939367 0.026411375
v 0.0828163177 0.0363939367 0.0312333331
v 0.0814452767 0.034765061 0.0325998031
v 0.071226351 0.034765061 0.0283471327
v 0.0712293983 0.0363939367 0.026411375
v 0.0596266538 0.0380228385 0.0311949793
v 0.0612456724 0.0396516658 0.0328194611
v 0.0712256357 0.0396516658 0.0287048891
v 0.0712293983 0.0380228385 0.026411375
v 0.0596266538 0.0380228385 0.0311949793
v 0.0712256357 0.0396516658 0.0287048891
v 0.0596266538 0.0363939367 0.0311949793
v 0.0596266538 0.0380228385 0.0311949793
v 0.0712293983 0.0380228385 0.026411375
v 0.0712293983 0.0363939367 0.026411375
v 0.0596266538 0.0363939367 0.0311949793
v 0.0712293983 0.0380228385 0.026411375
v 0.071226351 0.034765061 0.0283471327
v 0.0596266538 0.0363939367 0.0311949793
v 0.0712293983 0.0363939367 0.026411375
v 0.071226351 0.034765061 0.0283471327
v 0.0609930418 0.034765061 0.03256597
v 0.0596266538 0.0363939367 0.0311949793
v 0.0612456724 0.0396516658 0.0328194611
v 0.0548046418 0.0380228423 0.0427818261
v 0.0570981838 0.0396516658 0.0427856594
v 0.0612456724 0.0396516658 0.0328194611
v 0.0596266538 0.0380228385 0.0311949793
v 0.0548046418 0.0380228423 0.0427818261
v 0.0596266538 0.0363939367 0.0311949793
v 0.0548046418 0.0363939367 0.0427818261
v 0.0548046418 0.0380228423 0.0427818261
v 0.0596266538 0.0380228385 0.0311949793
v 0.0596266538 0.0363939367 0.0311949793
v 0.0548046418 0.0380228423 0.0427818261
v 0.0609930418 0.034765061 0.03256597
v 0.0567404963 0.034765061 0.0427851006
v 0.0548046418 0.0363939367 0.0427818261
v 0.0596266538 0.0363939367 0.0311949793
v 0.0609930418 0.034765061 0.03256597
v 0.0548046418 0.0363939367 0.0427818261
v 0.0567404963 0.0319145471 0.0427851006
v 0.0567404963 0.034765061 0.0427851006
v 0.0609930418 0.034765061 0.03256597
v 0.0609930418 0.0319145471 0.03256597
v 0.0567404963 0.0319145471 0.0427851006
v 0.0609930418 0.034765061 0.03256597
v 0.071226351 0.0319145471 0.0283471327
v 0.0609930418 0.0319145471 0.03256597
v 0.0609930418 0.034765061 0.03256597
v 0.071226351 0.034765061 0.0283471327
v 0.071226351 0.0319145471 0.0283471327
v 0.0609930418 0.034765061 0.03256597
v 0.0814452767 0.0319145471 0.0325998031
v 0.071226351 0.0319145471 0.0283471327
v 0.071226351 0.034765061 0.0283471327
v 0.0814452767 0.034765061 0.0325998031
v 0.0814452767 0.0319145471 0.0325998031
v 0.071226351 0.034765061 0.0283471327
v 0.0856642202 0.0319145471 0.0428329296
v 0.0814452767 0.0319145471 0.0325998031
v 0.0814452767 0.034765061 0.0325998031
v 0.0856642202 0.034765061 0.0428329296
v 0.0856642202 0.0319145471 0.0428329296
v 0.0814452767 0.034765061 0.0325998031
v 0.081411466 0.0319145471 0.053052064
v 0.0856642202 0.0319145471 0.0428329296
v 0.0856642202 0.034765061 0.0428329296
v 0.081411466 0.034765061 0.053052064
v 0.081411466 0.0319145471 0.053052064
v 0.0856642202 0.034765061 0.0428329296
v 0.0711783916 0.0319145508 0.0572708771
v 0.081411466 0.0319145471 0.053052064
v 0.081411466 0.034765061 0.053052064
v 0.0711783916 0.034765061 0.0572708771
v 0.0711783916 0.0319145508 0.0572708771
v 0.081411466 0.034765061 0.053052064
v 0.0609592646 0.0319145471 0.0530182272
v 0.0711783916 0.0319145508 0.0572708771
v 0.0711783916 0.034765061 0.0572708771
v 0.0609592646 0.034765061 0.0530182272
v 0.0609592646 0.0319145471 0.0530182272
v 0.0711783916 0.034765061 0.0572708771
v 0.0567404963 0.0319145471 0.0427851006
v 0.0609592646 0.0319145471 0.0530182272
v 0.0609592646 0.034765061 0.0530182272
v 0.0567404963 0.034765061 0.0427851006
v 0.0567404963 0.0319145471 0.0427851006
v 0.0609592646 0.034765061 0.0530182272
v 0.0532274805 0.0312640779 0.0427793115
v 0.0584711805 0.0312640816 0.0554980785
v 0.0609592646 0.0319145471 0.0530182272
v 0.0567404963 0.0319145471 0.0427851006
v 0.0532274805 0.0312640779 0.0427793115
v 0.0609592646 0.0319145471 0.0530182272
v 0.0584711805 0.0312640816 0.0554980785
v 0.0711725801 0.0312640816 0.0607839264
v 0.0711783916 0.0319145508 0.0572708771
v 0.0609592646 0.0319145471 0.0530182272
v 0.0584711805 0.0312640816 0.0554980785
v 0.0711783916 0.0319145508 0.0572708771
v 0.0711725801 0.0312640816 0.0607839264
v 0.0838913992 0.0312640816 0.0555401929
v 0.081411466 0.0319145471 0.053052064
v 0.0711783916 0.0319145508 0.0572708771
v 0.0711725801 0.0312640816 0.0607839264
v 0.081411466 0.0319145471 0.053052064
v 0.0838913992 0.0312640816 0.0555401929
v 0.0891772881 0.0312640779 0.0428387448
v 0.0856642202 0.0319145471 0.0428329296
v 0.081411466 0.0319145471 0.053052064
v 0.0838913992 0.0312640816 0.0555401929
v 0.0856642202 0.0319145471 0.0428329296
v 0.0856642202 0.0319145471 0.0428329296
v 0.0839335173 0.0312640779 0.0301198512
v 0.0814452767 0.0319145471 0.0325998031
v 0.0856642202 0.0319145471 0.0428329296
v 0.0891772881 0.0312640779 0.0428387448
v 0.0839335173 0.0312640779 0.0301198512
v 0.0814452767 0.0319145471 0.0325998031
v 0.0712321177 0.0312640779 0.0248341877
v 0.071226351 0.0319145471 0.0283471327
v 0.0814452767 0.0319145471 0.0325998031
v 0.0839335173 0.0312640779 0.0301198512
v 0.0712321177 0.0312640779 0.0248341877
v 0.071226351 0.0319145471 0.0283471327
v 0.058513239 0.0312640779 0.0300778635
v 0.0609930418 0.0319145471 0.03256597
v 0.071226351 0.0319145471 0.0283471327
v 0.0712321177 0.0312640779 0.0248341877
v 0.058513239 0.0312640779 0.0300778635
v 0.0532274805 0.0312640779 0.0427793115
v 0.0567404963 0.0319145471 0.0427851006
v 0.0609930418 0.0319145471 0.03256597
v 0.058513239 0.0312640779 0.0300778635
v 0.0532274805 0.0312640779 0.0427793115
v 0.0609930418 0.0319145471 0.03256597
v 0.0520125479 0.0300820898 0.042777203
v 0.0532274805 0.0312640779 0.0427793115
v 0.058513239 0.0312640779 0.0300778635
v 0.057655558 0.030082088 0.0292173624
v 0.0520125479 0.0300820898 0.042777203
v 0.058513239 0.0312640779 0.0300778635
v 0.0712340251 0.030082088 0.0236192551
v 0.057655558 0.030082088 0.0292173624
v 0.058513239 0.0312640779 0.0300778635
v 0.0712321177 0.0312640779 0.0248341877
v 0.0712340251 0.030082088 0.0236192551
v 0.058513239 0.0312640779 0.0300778635
v 0.0847939849 0.030082088 0.0292622186
v 0.0712340251 0.030082088 0.0236192551
v 0.0712321177 0.0312640779 0.0248341877
v 0.0839335173 0.0312640779 0.0301198512
v 0.0847939849 0.030082088 0.0292622186
v 0.0712321177 0.0312640779 0.0248341877
v 0.090392068 0.0300820898 0.0428408273
v 0.0847939849 0.030082088 0.0292622186
v 0.0839335173 0.0312640779 0.0301198512
v 0.0891772881 0.0312640779 0.0428387448
v 0.090392068 0.0300820898 0.0428408273
v 0.0839335173 0.0312640779 0.0301198512
v 0.0838913992 0.0312640816 0.0555401929
v 0.090392068 0.0300820898 0.0428408273
v 0.0891772881 0.0312640779 0.0428387448
v 0.0838913992 0.0312640816 0.0555401929
v 0.0847490802 0.0300820917 0.0564007759
v 0.090392068 0.0300820898 0.0428408273
v 0.0711725801 0.0312640816 0.0607839264
v 0.0847490802 0.0300820917 0.0564007759
v 0.0838913992 0.0312640816 0.0555401929
v 0.0711725801 0.0312640816 0.0607839264
v 0.0711705908 0.0300820917 0.0619987808
v 0.0847490802 0.0300820917 0.0564007759
v 0.0576106794 0.0300820917 0.0563558638
v 0.0711705908 0.0300820917 0.0619987808
v 0.0711725801 0.0312640816 0.0607839264
v 0.0584711805 0.0312640816 0.0554980785
v 0.0576106794 0.0300820917 0.0563558638
v 0.0711725801 0.0312640816 0.0607839264
v 0.0520125479 0.0300820898 0.042777203
v 0.0576106794 0.0300820917 0.0563558638
v 0.0584711805 0.0312640816 0.0554980785
v 0.0532274805 0.0312640779 0.0427793115
v 0.0520125479 0.0300820898 0.042777203
v 0.0584711805 0.0312640816 0.0554980785
v 0.0520125479 0.0270279162 0.042777203
v 0.0576106794 0.0270279162 0.0563558638
v 0.0576106794 0.0300820917 0.0563558638
v 0.0520125479 0.0300820898 0.042777203
v 0.0520125479 0.0270279162 0.042777203
v 0.0576106794 0.0300820917 0.0563558638
v 0.0576106794 0.0270279162 0.0563558638
v 0.0711705908 0.027027918 0.0619987808
v 0.0711705908 0.0300820917 0.0619987808
v 0.0576106794 0.0300820917 0.0563558638
v 0.0576106794 0.0270279162 0.0563558638
v 0.0711705908 0.0300820917 0.0619987808
v 0.0711705908 0.027027918 0.0619987808
v 0.0847490802 0.0270279162 0.0564007759
v 0.0847490802 0.0300820917 0.0564007759
v 0.0711705908 0.0300820917 0.0619987808
v 0.0711705908 0.027027918 0.0619987808
v 0.0847490802 0.0300820917 0.0564007759
v 0.0847490802 0.0270279162 0.0564007759
v 0.090392068 0.0270279162 0.0428408273
v 0.090392068 0.0300820898 0.0428408273
v 0.0847490802 0.0300820917 0.0564007759
v 0.0847490802 0.0270279162 0.0564007759
v 0.090392068 0.0300820898 0.0428408273
v 0.090392068 0.0270279162 0.0428408273
v 0.0847939849 0.0270279143 0.0292622186
v 0.0847939849 0.030082088 0.0292622186
v 0.090392068 0.0300820898 0.0428408273
v 0.090392068 0.0270279162 0.0428408273
v 0.0847939849 0.030082088 0.0292622186
v 0.0847939849 0.0270279143 0.0292622186
v 0.0712340251 0.0270279124 0.0236192551
v 0.0712340251 0.030082088 0.0236192551
v 0.0847939849 0.030082088 0.0292622186
v 0.0847939849 0.0270279143 0.0292622186
v 0.0712340251 0.030082088 0.0236192551
v 0.0712340251 0.0270279124 0.0236192551
v 0.057655558 0.0270279143 0.0292173624
v 0.057655558 0.030082088 0.0292173624
v 0.0712340251 0.030082088 0.0236192551
v 0.0712340251 0.0270279124 0.0236192551
v 0.057655558 0.030082088 0.0292173624
v 0.0520125479 0.0270279162 0.042777203
v 0.0520125479 0.0300820898 0.042777203
v 0.057655558 0.030082088 0.0292173624
v 0.057655558 0.0270279143 0.0292173624
v 0.0520125479 0.0270279162 0.042777203
v 0.057655558 0.030082088 0.0292173624
v 0.0890373662 0.0380228497 0.102476463
v 0.0865050852 0.0396516733 0.114066333
v 0.0906558782 0.0396516733 0.104101487
v 0.0890373662 0.0380228497 0.102476463
v 0.0842115954 0.0380228497 0.114061862
v 0.0865050852 0.0396516733 0.114066333
v 0.0842115954 0.0363939442 0.114061862
v 0.0842115954 0.0380228497 0.114061862
v 0.0890373662 0.0380228497 0.102476463
v 0.0890373662 0.0363939442 0.102476463
v 0.0842115954 0.0363939442 0.114061862
v 0.0890373662 0.0380228497 0.102476463
v 0.0861472711 0.0347650684 0.114065707
v 0.0842115954 0.0363939442 0.114061862
v 0.0890373662 0.0363939442 0.102476463
v 0.0904034525 0.0347650684 0.1038481
v 0.0861472711 0.0347650684 0.114065707
v 0.0890373662 0.0363939442 0.102476463
v 0.0842115954 0.0380228497 0.114061862
v 0.0906162784 0.039651677 0.124047652
v 0.0865050852 0.0396516733 0.114066333
v 0.0842115954 0.0380228497 0.114061862
v 0.0889912844 0.0380228497 0.125666171
v 0.0906162784 0.039651677 0.124047652
v 0.0889912844 0.0363939479 0.125666171
v 0.0889912844 0.0380228497 0.125666171
v 0.0842115954 0.0380228497 0.114061862
v 0.0842115954 0.0363939442 0.114061862
v 0.0889912844 0.0363939479 0.125666171
v 0.0842115954 0.0380228497 0.114061862
v 0.090362832 0.0347650722 0.124300204
v 0.0889912844 0.0363939479 0.125666171
v 0.0842115954 0.0363939442 0.114061862
v 0.0861472711 0.0347650684 0.114065707
v 0.090362832 0.0347650722 0.124300204
v 0.0842115954 0.0363939442 0.114061862
v 0.0889912844 0.0380228497 0.125666171
v 0.100581132 0.039651677 0.128198445
v 0.0906162784 0.039651677 0.124047652
v 0.0889912844 0.0380228497 0.125666171
v 0.100576602 0.0380228534 0.130492017
v 0.100581132 0.039651677 0.128198445
v 0.100576602 0.0363939479 0.130492017
v 0.100576602 0.0380228534 0.130492017
v 0.0889912844 0.0380228497 0.125666171
v 0.0889912844 0.0363939479 0.125666171
v 0.100576602 0.0363939479 0.130492017
v 0.0889912844 0.0380228497 0.125666171
v 0.100580446 0.0347650722 0.128556311
v 0.100576602 0.0363939479 0.130492017
v 0.0889912844 0.0363939479 0.125666171
v 0.090362832 0.0347650722 0.124300204
v 0.100580446 0.0347650722 0.128556311
v 0.0889912844 0.0363939479 0.125666171
v 0.100576602 0.0380228534 0.130492017
v 0.110562414 0.039651677 0.124087267
v 0.100581132 0.039651677 0.128198445
v 0.100576602 0.0380228534 0.130492017
v 0.112181 0.0380228497 0.125712231
v 0.110562414 0.039651677 0.124087267
v 0.112181 0.0363939479 0.125712231
v 0.112181 0.0380228497 0.125712231
v 0.100576602 0.0380228534 0.130492017
v 0.100576602 0.0363939479 0.130492017
v 0.112181 0.0363939479 0.125712231
v 0.100576602 0.0380228534 0.130492017
v 0.110814989 0.0347650722 0.124340817
v 0.112181 0.0363939479 0.125712231
v 0.100576602 0.0363939479 0.130492017
v 0.100580446 0.0347650722 0.128556311
v 0.110814989 0.0347650722 0.124340817
v 0.100576602 0.0363939479 0.130492017
v 0.117006749 0.0380228497 0.114126965
v 0.114713259 0.0396516733 0.114122376
v 0.110562414 0.039651677 0.124087267
v 0.112181 0.0380228497 0.125712231
v 0.117006749 0.0380228497 0.114126965
v 0.110562414 0.039651677 0.124087267
v 0.117006749 0.0363939442 0.114126965
v 0.117006749 0.0380228497 0.114126965
v 0.112181 0.0380228497 0.125712231
v 0.112181 0.0363939479 0.125712231
v 0.117006749 0.0363939442 0.114126965
v 0.112181 0.0380228497 0.125712231
v 0.110814989 0.0347650722 0.124340817
v 0.117006749 0.0363939442 0.114126965
v 0.112181 0.0363939479 0.125712231
v 0.110814989 0.0347650722 0.124340817
v 0.115071036 0.0347650684 0.114123054
v 0.117006749 0.0363939442 0.114126965
v 0.112227052 0.0380228497 0.102522522
v 0.110602088 0.0396516733 0.104141101
v 0.114713259 0.0396516733 0.114122376
v 0.117006749 0.0380228497 0.114126965
v 0.112227052 0.0380228497 0.102522522
v 0.114713259 0.0396516733 0.114122376
v 0.112227052 0.0363939442 0.102522522
v 0.112227052 0.0380228497 0.102522522
v 0.117006749 0.0380228497 0.114126965
v 0.117006749 0.0363939442 0.114126965
v 0.112227052 0.0363939442 0.102522522
v 0.117006749 0.0380228497 0.114126965
v 0.115071036 0.0347650684 0.114123054
v 0.112227052 0.0363939442 0.102522522
v 0.117006749 0.0363939442 0.114126965
v 0.115071036 0.0347650684 0.114123054
v 0.110855639 0.0347650684 0.103888705
v 0.112227052 0.0363939442 0.102522522
v 0.100641757 0.038022846 0.0976968482
v 0.10063713 0.0396516733 0.0999903679
v 0.110602088 0.0396516733 0.104141101
v 0.112227052 0.0380228497 0.102522522
v 0.100641757 0.038022846 0.0976968482
v 0.110602088 0.0396516733 0.104141101
v 0.100641757 0.0363939442 0.0976968482
v 0.100641757 0.038022846 0.0976968482
v 0.112227052 0.0380228497 0.102522522
v 0.112227052 0.0363939442 0.102522522
v 0.100641757 0.0363939442 0.0976968482
v 0.112227052 0.0380228497 0.102522522
v 0.110855639 0.0347650684 0.103888705
v 0.100641757 0.0363939442 0.0976968482
v 0.112227052 0.0363939442 0.102522522
v 0.110855639 0.0347650684 0.103888705
v 0.100637875 0.0347650684 0.0996324569
v 0.100641757 0.0363939442 0.0976968482
v 0.10063713 0.0396516733 0.0999903679
v 0.0890373662 0.0380228497 0.102476463
v 0.0906558782 0.0396516733 0.104101487
v 0.10063713 0.0396516733 0.0999903679
v 0.100641757 0.038022846 0.0976968482
v 0.0890373662 0.0380228497 0.102476463
v 0.100641757 0.0363939442 0.0976968482
v 0.0890373662 0.0363939442 0.102476463
v 0.0890373662 0.0380228497 0.102476463
v 0.100641757 0.038022846 0.0976968482
v 0.100641757 0.0363939442 0.0976968482
v 0.0890373662 0.0380228497 0.102476463
v 0.100637875 0.0347650684 0.0996324569
v 0.0904034525 0.0347650684 0.1038481
v 0.0890373662 0.0363939442 0.102476463
v 0.100641757 0.0363939442 0.0976968482
v 0.100637875 0.0347650684 0.0996324569
v 0.0890373662 0.0363939442 0.102476463
v 0.0904034525 0.0319145545 0.1038481
v 0.0904034525 0.0347650684 0.1038481
v 0.100637875 0.0347650684 0.0996324569
v 0.100637875 0.0319145545 0.0996324569
v 0.0904034525 0.0319145545 0.1038481
v 0.100637875 0.0347650684 0.0996324569
v 0.110855639 0.0319145545 0.103888705
v 0.100637875 0.0319145545 0.0996324569
v 0.100637875 0.0347650684 0.0996324569
v 0.110855639 0.0347650684 0.103888705
v 0.110855639 0.0319145545 0.103888705
v 0.100637875 0.0347650684 0.0996324569
v 0.115071036 0.0319145545 0.114123054
v 0.110855639 0.0319145545 0.103888705
v 0.110855639 0.0347650684 0.103888705
v 0.115071036 0.0347650684 0.114123054
v 0.115071036 0.0319145545 0.114123054
v 0.110855639 0.0347650684 0.103888705
v 0.110814989 0.0319145583 0.124340817
v 0.115071036 0.0319145545 0.114123054
v 0.115071036 0.0347650684 0.114123054
v 0.110814989 0.0347650722 0.124340817
v 0.110814989 0.0319145583 0.124340817
v 0.115071036 0.0347650684 0.114123054
v 0.100580446 0.0319145583 0.128556311
v 0.110814989 0.0319145583 0.124340817
v 0.110814989 0.0347650722 0.124340817
v 0.100580446 0.0347650722 0.128556311
v 0.100580446 0.0319145583 0.128556311
v 0.110814989 0.0347650722 0.124340817
v 0.090362832 0.0319145583 0.124300204
v 0.100580446 0.0319145583 0.128556311
v 0.100580446 0.0347650722 0.128556311
v 0.090362832 0.0347650722 0.124300204
v 0.090362832 0.0319145583 0.124300204
v 0.100580446 0.0347650722 0.128556311
v 0.0861472711 0.0319145545 0.114065707
v 0.090362832 0.0319145583 0.124300204
v 0.090362832 0.0347650722 0.124300204
v 0.0861472711 0.0347650684 0.114065707
v 0.0861472711 0.0319145545 0.114065707
v 0.090362832 0.0347650722 0.124300204
v 0.0904034525 0.0319145545 0.1038481
v 0.0861472711 0.0319145545 0.114065707
v 0.0861472711 0.0347650684 0.114065707
v 0.0904034525 0.0347650684 0.1038481
v 0.0904034525 0.0319145545 0.1038481
v 0.0861472711 0.0347650684 0.114065707
v 0.0879242867 0.0312640853 0.101359069
v 0.0826344043 0.031264089 0.114058718
v 0.0861472711 0.0319145545 0.114065707
v 0.0904034525 0.0319145545 0.1038481
v 0.0879242867 0.0312640853 0.101359069
v 0.0861472711 0.0319145545 0.114065707
v 0.0826344043 0.031264089 0.114058718
v 0.0878737867 0.031264089 0.126779377
v 0.090362832 0.0319145583 0.124300204
v 0.0861472711 0.0319145545 0.114065707
v 0.0826344043 0.031264089 0.114058718
v 0.090362832 0.0319145583 0.124300204
v 0.0878737867 0.031264089 0.126779377
v 0.100573488 0.031264089 0.132069245
v 0.100580446 0.0319145583 0.128556311
v 0.090362832 0.0319145583 0.124300204
v 0.0878737867 0.031264089 0.126779377
v 0.100580446 0.0319145583 0.128556311
v 0.100573488 0.031264089 0.132069245
v 0.113294162 0.031264089 0.126829863
v 0.110814989 0.0319145583 0.124340817
v 0.100580446 0.0319145583 0.128556311
v 0.100573488 0.031264089 0.132069245
v 0.110814989 0.0319145583 0.124340817
v 0.110814989 0.0319145583 0.124340817
v 0.118584089 0.031264089 0.114130087
v 0.115071036 0.0319145545 0.114123054
v 0.110814989 0.0319145583 0.124340817
v 0.113294162 0.031264089 0.126829863
v 0.118584089 0.031264089 0.114130087
v 0.115071036 0.0319145545 0.114123054
v 0.11334458 0.0312640853 0.101409599
v 0.110855639 0.0319145545 0.103888705
v 0.115071036 0.0319145545 0.114123054
v 0.118584089 0.031264089 0.114130087
v 0.11334458 0.0312640853 0.101409599
v 0.110855639 0.0319145545 0.103888705
v 0.100644886 0.0312640853 0.0961196125
v 0.100637875 0.0319145545 0.0996324569
v 0.110855639 0.0319145545 0.103888705
v 0.11334458 0.0312640853 0.101409599
v 0.100644886 0.0312640853 0.0961196125
v 0.0879242867 0.0312640853 0.101359069
v 0.0904034525 0.0319145545 0.1038481
v 0.100637875 0.0319145545 0.0996324569
v 0.100644886 0.0312640853 0.0961196125
v 0.0879242867 0.0312640853 0.101359069
v 0.100637875 0.0319145545 0.0996324569
v 0.0870669559 0.0300820954 0.100498252
v 0.0879242867 0.0312640853 0.101359069
v 0.100644886 0.0312640853 0.0961196125
v 0.100647293 0.0300820954 0.0949046835
v 0.0870669559 0.0300820954 0.100498252
v 0.100644886 0.0312640853 0.0961196125
v 0.114205308 0.0300820954 0.100552149
v 0.100647293 0.0300820954 0.0949046835
v 0.100644886 0.0312640853 0.0961196125
v 0.11334458 0.0312640853 0.101409599
v 0.114205308 0.0300820954 0.100552149
v 0.100644886 0.0312640853 0.0961196125
v 0.119798973 0.0300820712 0.114132509
v 0.114205308 0.0300820954 0.100552149
v 0.11334458 0.0312640853 0.101409599
v 0.118584089 0.031264089 0.114130087
v 0.119798973 0.0300820712 0.114132509
v 0.11334458 0.0312640853 0.101409599
v 0.114151411 0.0300820731 0.127690598
v 0.119798973 0.0300820712 0.114132509
v 0.118584089 0.031264089 0.114130087
v 0.113294162 0.031264089 0.126829863
v 0.114151411 0.0300820731 0.127690598
v 0.118584089 0.031264089 0.114130087
v 0.100573488 0.031264089 0.132069245
v 0.114151411 0.0300820731 0.127690598
v 0.113294162 0.031264089 0.126829863
v 0.100573488 0.031264089 0.132069245
v 0.100571044 0.0300820731 0.133284271
v 0.114151411 0.0300820731 0.127690598
v 0.0878737867 0.031264089 0.126779377
v 0.100571044 0.0300820731 0.133284271
v 0.100573488 0.031264089 0.132069245
v 0.0878737867 0.031264089 0.126779377
v 0.0870130882 0.0300820731 0.127636701
v 0.100571044 0.0300820731 0.133284271
v 0.0814193934 0.0300820712 0.114056408
v 0.0870130882 0.0300820731 0.127636701
v 0.0878737867 0.031264089 0.126779377
v 0.0826344043 0.031264089 0.114058718
v 0.0814193934 0.0300820712 0.114056408
v 0.0878737867 0.031264089 0.126779377
v 0.0870669559 0.0300820954 0.100498252
v 0.0814193934 0.0300820712 0.114056408
v 0.0826344043 0.031264089 0.114058718
v 0.0879242867 0.0312640853 0.101359069
v 0.0870669559 0.0300820954 0.100498252
v 0.0826344043 0.031264089 0.114058718
v 0.0870669559 0.0270279218 0.100498252
v 0.0814193934 0.0270279236 0.114056408
v 0.0814193934 0.0300820712 0.114056408
v 0.0870669559 0.0300820954 0.100498252
v 0.0870669559 0.0270279218 0.100498252
v 0.0814193934 0.0300820712 0.114056408
v 0.0814193934 0.0270279236 0.114056408
v 0.0870130882 0.0270279255 0.127636701
v 0.0870130882 0.0300820731 0.127636701
v 0.0814193934 0.0300820712 0.114056408
v 0.0814193934 0.0270279236 0.114056408
v 0.0870130882 0.0300820731 0.127636701
v 0.0870130882 0.0270279255 0.127636701
v 0.100571044 0.0270279255 0.133284271
v 0.100571044 0.0300820731 0.133284271
v 0.0870130882 0.0300820731 0.127636701
v 0.0870130882 0.0270279255 0.127636701
v 0.100571044 0.0300820731 0.133284271
v 0.100571044 0.0270279255 0.133284271
v 0.114151411 0.0270279255 0.127690598
v 0.114151411 0.0300820731 0.127690598
v 0.100571044 0.0300820731 0.133284271
v 0.100571044 0.0270279255 0.133284271
v 0.114151411 0.0300820731 0.127690598
v 0.114151411 0.0270279255 0.127690598
v 0.119798973 0.0270279236 0.114132509
v 0.119798973 0.0300820712 0.114132509
v 0.114151411 0.0300820731 0.127690598
v 0.114151411 0.0270279255 0.127690598
v 0.119798973 0.0300820712 0.114132509
v 0.119798973 0.0270279236 0.114132509
v 0.114205308 0.0270279218 0.100552149
v 0.114205308 0.0300820954 0.100552149
v 0.119798973 0.0300820712 0.114132509
v 0.119798973 0.0270279236 0.114132509
v 0.114205308 0.0300820954 0.100552149
v 0.114205308 0.0270279218 0.100552149
v 0.100647293 0.0270279218 0.0949046835
v 0.100647293 0.0300820954 0.0949046835
v 0.114205308 0.0300820954 0.100552149
v 0.114205308 0.0270279218 0.100552149
v 0.100647293 0.0300820954 0.0949046835
v 0.0870669559 0.0270279218 0.100498252
v 0.0870669559 0.0300820954 0.100498252
v 0.100647293 0.0300820954 0.0949046835
v 0.100647293 0.0270279218 0.0949046835
v 0.0870669559 0.0270279218 0.100498252
v 0.100647293 0.0300820954 0.0949046835
v 0.071011059 0.0380228572 0.168887168
v 0.06102309 0.0396516807 0.175288543
v 0.0710057244 0.0396516807 0.17118068
v 0.071011059 0.0380228572 0.168887168
v 0.0594050325 0.0380228572 0.173663124
v 0.06102309 0.0396516807 0.175288543
v 0.0594050325 0.0363939516 0.173663124
v 0.0594050325 0.0380228572 0.173663124
v 0.071011059 0.0380228572 0.168887168
v 0.071011059 0.0363939516 0.168887168
v 0.0594050325 0.0363939516 0.173663124
v 0.071011059 0.0380228572 0.168887168
v 0.0607706159 0.0347650759 0.175035
v 0.0594050325 0.0363939516 0.173663124
v 0.071011059 0.0363939516 0.168887168
v 0.0710065141 0.0347650759 0.170823023
v 0.0607706159 0.0347650759 0.175035
v 0.071011059 0.0363939516 0.168887168
v 0.0594050325 0.0380228572 0.173663124
v 0.0568689741 0.0396516845 0.18525207
v 0.06102309 0.0396516807 0.175288543
v 0.0594050325 0.0380228572 0.173663124
v 0.0545754842 0.0380228572 0.185246751
v 0.0568689741 0.0396516845 0.18525207
v 0.0545754842 0.0363939553 0.185246751
v 0.0545754842 0.0380228572 0.185246751
v 0.0594050325 0.0380228572 0.173663124
v 0.0594050325 0.0363939516 0.173663124
v 0.0545754842 0.0363939553 0.185246751
v 0.0594050325 0.0380228572 0.173663124
v 0.0565111861 0.0347650796 0.18525131
v 0.0545754842 0.0363939553 0.185246751
v 0.0594050325 0.0363939516 0.173663124
v 0.0607706159 0.0347650759 0.175035
v 0.0565111861 0.0347650796 0.18525131
v 0.0594050325 0.0363939516 0.173663124
v 0.0545754842 0.0380228572 0.185246751
v 0.0609768368 0.0396516845 0.195234716
v 0.0568689741 0.0396516845 0.18525207
v 0.0545754842 0.0380228572 0.185246751
v 0.0593513176 0.0380228609 0.196852788
v 0.0609768368 0.0396516845 0.195234716
v 0.0593513176 0.0363939553 0.196852788
v 0.0593513176 0.0380228609 0.196852788
v 0.0545754842 0.0380228572 0.185246751
v 0.0545754842 0.0363939553 0.185246751
v 0.0593513176 0.0363939553 0.196852788
v 0.0545754842 0.0380228572 0.185246751
v 0.0607232414 0.0347650796 0.195487157
v 0.0593513176 0.0363939553 0.196852788
v 0.0545754842 0.0363939553 0.185246751
v 0.0565111861 0.0347650796 0.18525131
v 0.0607232414 0.0347650796 0.195487157
v 0.0545754842 0.0363939553 0.185246751
v 0.0593513176 0.0380228609 0.196852788
v 0.0709403455 0.0396516845 0.199388802
v 0.0609768368 0.0396516845 0.195234716
v 0.0593513176 0.0380228609 0.196852788
v 0.0709350929 0.0380228609 0.201682314
v 0.0709403455 0.0396516845 0.199388802
v 0.0709350929 0.0363939553 0.201682314
v 0.0709350929 0.0380228609 0.201682314
v 0.0593513176 0.0380228609 0.196852788
v 0.0593513176 0.0363939553 0.196852788
v 0.0709350929 0.0363939553 0.201682314
v 0.0593513176 0.0380228609 0.196852788
v 0.0709395558 0.0347650796 0.199746698
v 0.0709350929 0.0363939553 0.201682314
v 0.0593513176 0.0363939553 0.196852788
v 0.0607232414 0.0347650796 0.195487157
v 0.0709395558 0.0347650796 0.199746698
v 0.0593513176 0.0363939553 0.196852788
v 0.0825410038 0.0380228609 0.196906492
v 0.0809230283 0.0396516845 0.195280969
v 0.0709403455 0.0396516845 0.199388802
v 0.0709350929 0.0380228609 0.201682314
v 0.0825410038 0.0380228609 0.196906492
v 0.0709403455 0.0396516845 0.199388802
v 0.0825410038 0.0363939553 0.196906492
v 0.0825410038 0.0380228609 0.196906492
v 0.0709350929 0.0380228609 0.201682314
v 0.0709350929 0.0363939553 0.201682314
v 0.0825410038 0.0363939553 0.196906492
v 0.0709350929 0.0380228609 0.201682314
v 0.0709395558 0.0347650796 0.199746698
v 0.0825410038 0.0363939553 0.196906492
v 0.0709350929 0.0363939553 0.201682314
v 0.0709395558 0.0347650796 0.199746698
v 0.081175454 0.0347650796 0.195534527
v 0.0825410038 0.0363939553 0.196906492
v 0.0873706639 0.0380228572 0.185322747
v 0.0850771219 0.0396516845 0.185317457
v 0.0809230283 0.0396516845 0.195280969
v 0.0825410038 0.0380228609 0.196906492
v 0.0873706639 0.0380228572 0.185322747
v 0.0809230283 0.0396516845 0.195280969
v 0.0873706639 0.0363939553 0.185322747
v 0.0873706639 0.0380228572 0.185322747
v 0.0825410038 0.0380228609 0.196906492
v 0.0825410038 0.0363939553 0.196906492
v 0.0873706639 0.0363939553 0.185322747
v 0.0825410038 0.0380228609 0.196906492
v 0.081175454 0.0347650796 0.195534527
v 0.0873706639 0.0363939553 0.185322747
v 0.0825410038 0.0363939553 0.196906492
v 0.081175454 0.0347650796 0.195534527
v 0.0854348838 0.0347650796 0.185318395
v 0.0873706639 0.0363939553 0.185322747
v 0.08259473 0.0380228572 0.173716843
v 0.0809691548 0.0396516807 0.175334796
v 0.0850771219 0.0396516845 0.185317457
v 0.0873706639 0.0380228572 0.185322747
v 0.08259473 0.0380228572 0.173716843
v 0.0850771219 0.0396516845 0.185317457
v 0.08259473 0.0363939516 0.173716843
v 0.08259473 0.0380228572 0.173716843
v 0.0873706639 0.0380228572 0.185322747
v 0.0873706639 0.0363939553 0.185322747
v 0.08259473 0.0363939516 0.173716843
v 0.0873706639 0.0380228572 0.185322747
v 0.0854348838 0.0347650796 0.185318395
v 0.08259473 0.0363939516 0.173716843
v 0.0873706639 0.0363939553 0.185322747
v 0.0854348838 0.0347650796 0.185318395
v 0.0812228546 0.0347650759 0.175082326
v 0.08259473 0.0363939516 0.173716843
v 0.0809691548 0.0396516807 0.175334796
v 0.071011059 0.0380228572 0.168887168
v 0.0710057244 0.0396516807 0.17118068
v 0.0809691548 0.0396516807 0.175334796
v 0.08259473 0.0380228572 0.173716843
v 0.071011059 0.0380228572 0.168887168
v 0.08259473 0.0363939516 0.173716843
v 0.071011059 0.0363939516 0.168887168
v 0.071011059 0.0380228572 0.168887168
v 0.08259473 0.0380228572 0.173716843
v 0.08259473 0.0363939516 0.173716843
v 0.071011059 0.0380228572 0.168887168
v 0.0812228546 0.0347650759 0.175082326
v 0.0710065141 0.0347650759 0.170823023
v 0.071011059 0.0363939516 0.168887168
v 0.08259473 0.0363939516 0.173716843
v 0.0812228546 0.0347650759 0.175082326
v 0.071011059 0.0363939516 0.168887168
v 0.0710065141 0.031914562 0.170823023
v 0.0710065141 0.0347650759 0.170823023
v 0.0812228546 0.0347650759 0.175082326
v 0.0812228546 0.031914562 0.175082326
v 0.0710065141 0.031914562 0.170823023
v 0.0812228546 0.0347650759 0.175082326
v 0.0854348838 0.0319145657 0.185318395
v 0.0812228546 0.031914562 0.175082326
v 0.0812228546 0.0347650759 0.175082326
v 0.0854348838 0.0347650796 0.185318395
v 0.0854348838 0.0319145657 0.185318395
v 0.0812228546 0.0347650759 0.175082326
v 0.081175454 0.0319145657 0.195534527
v 0.0854348838 0.0319145657 0.185318395
v 0.0854348838 0.0347650796 0.185318395
v 0.081175454 0.0347650796 0.195534527
v 0.081175454 0.0319145657 0.195534527
v 0.0854348838 0.0347650796 0.185318395
v 0.0709395558 0.0319145657 0.199746698
v 0.081175454 0.0319145657 0.195534527
v 0.081175454 0.0347650796 0.195534527
v 0.0709395558 0.0347650796 0.199746698
v 0.0709395558 0.0319145657 0.199746698
v 0.081175454 0.0347650796 0.195534527
v 0.0607232414 0.0319145657 0.195487157
v 0.0709395558 0.0319145657 0.199746698
v 0.0709395558 0.0347650796 0.199746698
v 0.0607232414 0.0347650796 0.195487157
v 0.0607232414 0.0319145657 0.195487157
v 0.0709395558 0.0347650796 0.199746698
v 0.0565111861 0.0319145657 0.18525131
v 0.0607232414 0.0319145657 0.195487157
v 0.0607232414 0.0347650796 0.195487157
v 0.0565111861 0.0347650796 0.18525131
v 0.0565111861 0.0319145657 0.18525131
v 0.0607232414 0.0347650796 0.195487157
v 0.0607706159 0.031914562 0.175035
v 0.0565111861 0.0319145657 0.18525131
v 0.0565111861 0.0347650796 0.18525131
v 0.0607706159 0.0347650759 0.175035
v 0.0607706159 0.031914562 0.175035
v 0.0565111861 0.0347650796 0.18525131
v 0.0710065141 0.031914562 0.170823023
v 0.0607706159 0.031914562 0.175035
v 0.0607706159 0.0347650759 0.175035
v 0.0710065141 0.0347650759 0.170823023
v 0.0710065141 0.031914562 0.170823023
v 0.0607706159 0.0347650759 0.175035
v 0.0710146353 0.0312640928 0.167309999
v 0.0582923889 0.0312640928 0.172545269
v 0.0607706159 0.031914562 0.175035
v 0.0710065141 0.031914562 0.170823023
v 0.0710146353 0.0312640928 0.167309999
v 0.0607706159 0.031914562 0.175035
v 0.0582923889 0.0312640928 0.172545269
v 0.0529981405 0.0312640965 0.185243189
v 0.0565111861 0.0319145657 0.18525131
v 0.0607706159 0.031914562 0.175035
v 0.0582923889 0.0312640928 0.172545269
v 0.0565111861 0.0319145657 0.18525131
v 0.0529981405 0.0312640965 0.185243189
v 0.0582334585 0.0312640965 0.197965458
v 0.0607232414 0.0319145657 0.195487157
v 0.0565111861 0.0319145657 0.18525131
v 0.0529981405 0.0312640965 0.185243189
v 0.0607232414 0.0319145657 0.195487157
v 0.0582334585 0.0312640965 0.197965458
v 0.070931375 0.0312640965 0.203259751
v 0.0709395558 0.0319145657 0.199746698
v 0.0607232414 0.0319145657 0.195487157
v 0.0582334585 0.0312640965 0.197965458
v 0.0709395558 0.0319145657 0.199746698
v 0.0709395558 0.0319145657 0.199746698
v 0.0836537853 0.0312640965 0.198024392
v 0.081175454 0.0319145657 0.195534527
v 0.0709395558 0.0319145657 0.199746698
v 0.070931375 0.0312640965 0.203259751
v 0.0836537853 0.0312640965 0.198024392
v 0.081175454 0.0319145657 0.195534527
v 0.0889478251 0.0312640965 0.185326502
v 0.0854348838 0.0319145657 0.185318395
v 0.081175454 0.0319145657 0.195534527
v 0.0836537853 0.0312640965 0.198024392
v 0.0889478251 0.0312640965 0.185326502
v 0.0854348838 0.0319145657 0.185318395
v 0.0837125853 0.0312640928 0.172604173
v 0.0812228546 0.031914562 0.175082326
v 0.0854348838 0.0319145657 0.185318395
v 0.0889478251 0.0312640965 0.185326502
v 0.0837125853 0.0312640928 0.172604173
v 0.0710146353 0.0312640928 0.167309999
v 0.0710065141 0.031914562 0.170823023
v 0.0812228546 0.031914562 0.175082326
v 0.0837125853 0.0312640928 0.172604173
v 0.0710146353 0.0312640928 0.167309999
v 0.0812228546 0.031914562 0.175082326
v 0.071017541 0.0300820768 0.166095063
v 0.0710146353 0.0312640928 0.167309999
v 0.0837125853 0.0312640928 0.172604173
v 0.0845736712 0.0300820768 0.171747074
v 0.071017541 0.0300820768 0.166095063
v 0.0837125853 0.0312640928 0.172604173
v 0.0901627615 0.0300820787 0.185329244
v 0.0845736712 0.0300820768 0.171747074
v 0.0837125853 0.0312640928 0.172604173
v 0.0889478251 0.0312640965 0.185326502
v 0.0901627615 0.0300820787 0.185329244
v 0.0837125853 0.0312640928 0.172604173
v 0.0845108256 0.0300820805 0.198885426
v 0.0901627615 0.0300820787 0.185329244
v 0.0889478251 0.0312640965 0.185326502
v 0.0836537853 0.0312640965 0.198024392
v 0.0845108256 0.0300820805 0.198885426
v 0.0889478251 0.0312640965 0.185326502
v 0.0709285066 0.0300820805 0.204474539
v 0.0845108256 0.0300820805 0.198885426
v 0.0836537853 0.0312640965 0.198024392
v 0.070931375 0.0312640965 0.203259751
v 0.0709285066 0.0300820805 0.204474539
v 0.0836537853 0.0312640965 0.198024392
v 0.0582334585 0.0312640965 0.197965458
v 0.0709285066 0.0300820805 0.204474539
v 0.070931375 0.0312640965 0.203259751
v 0.0582334585 0.0312640965 0.197965458
v 0.0573723279 0.0300820805 0.198822588
v 0.0709285066 0.0300820805 0.204474539
v 0.0529981405 0.0312640965 0.185243189
v 0.0573723279 0.0300820805 0.198822588
v 0.0582334585 0.0312640965 0.197965458
v 0.0529981405 0.0312640965 0.185243189
v 0.0517833084 0.0300820787 0.185240403
v 0.0573723279 0.0300820805 0.198822588
v 0.0574351922 0.0300820768 0.17168422
v 0.0517833084 0.0300820787 0.185240403
v 0.0529981405 0.0312640965 0.185243189
v 0.0582923889 0.0312640928 0.172545269
v 0.0574351922 0.0300820768 0.17168422
v 0.0529981405 0.0312640965 0.185243189
v 0.071017541 0.0300820768 0.166095063
v 0.0574351922 0.0300820768 0.17168422
v 0.0582923889 0.0312640928 0.172545269
v 0.0710146353 0.0312640928 0.167309999
v 0.071017541 0.0300820768 0.166095063
v 0.0582923889 0.0312640928 0.172545269
v 0.071017541 0.0270279292 0.166095063
v 0.0574351922 0.0270279311 0.17168422
v 0.0574351922 0.0300820768 0.17168422
v 0.071017541 0.0300820768 0.166095063
v 0.071017541 0.0270279292 0.166095063
v 0.0574351922 0.0300820768 0.17168422
v 0.0574351922 0.0270279311 0.17168422
v 0.0517833084 0.0270279329 0.185240403
v 0.0517833084 0.0300820787 0.185240403
v 0.0574351922 0.0300820768 0.17168422
v 0.0574351922 0.0270279311 0.17168422
v 0.0517833084 0.0300820787 0.185240403
v 0.0517833084 0.0270279329 0.185240403
v 0.0573723279 0.0270279348 0.198822588
v 0.0573723279 0.0300820805 0.198822588
v 0.0517833084 0.0300820787 0.185240403
v 0.0517833084 0.0270279329 0.185240403
v 0.0573723279 0.0300820805 0.198822588
v 0.0573723279 0.0270279348 0.198822588
v 0.0709285066 0.0270279348 0.204474539
v 0.0709285066 0.0300820805 0.204474539
v 0.0573723279 0.0300820805 0.198822588
v 0.0573723279 0.0270279348 0.198822588
v 0.0709285066 0.0300820805 0.204474539
v 0.0709285066 0.0270279348 0.204474539
v 0.0845108256 0.0270279348 0.198885426
v 0.0845108256 0.0300820805 0.198885426
v 0.0709285066 0.0300820805 0.204474539
v 0.0709285066 0.0270279348 0.204474539
v 0.0845108256 0.0300820805 0.198885426
v 0.0845108256 0.0270279348 0.198885426
v 0.0901627615 0.0270279329 0.185329244
v 0.0901627615 0.0300820787 0.185329244
v 0.0845108256 0.0300820805 0.198885426
v 0.0845108256 0.0270279348 0.198885426
v 0.0901627615 0.0300820787 0.185329244
v 0.0901627615 0.0270279329 0.185329244
v 0.0845736712 0.0270279311 0.171747074
v 0.0845736712 0.0300820768 0.171747074
v 0.0901627615 0.0300820787 0.185329244
v 0.0901627615 0.0270279329 0.185329244
v 0.0845736712 0.0300820768 0.171747074
v 0.071017541 0.0270279292 0.166095063
v 0.071017541 0.0300820768 0.166095063
v 0.0845736712 0.0300820768 0.171747074
v 0.0845736712 0.0270279311 0.171747074
v 0.071017541 0.0270279292 0.166095063
v 0.0845736712 0.0300820768 0.171747074
v -0.283597112 0.0450504348 -0.150908053
v -0.293214053 0.046708066 -0.152989283
v -0.284942269 0.0467080697 -0.149562955
v -0.283597112 0.0450504348 -0.150908053
v -0.293214291 0.0450504348 -0.154891565
v -0.293214053 0.046708066 -0.152989283
v -0.293214291 0.0433927067 -0.154891565
v -0.293214291 0.0450504348 -0.154891565
v -0.283597112 0.0450504348 -0.150908053
v -0.283597112 0.0433927067 -0.150908053
v -0.293214291 0.0433927067 -0.154891565
v -0.283597112 0.0450504348 -0.150908053
v -0.293214291 0.0417350009 -0.153286055
v -0.293214291 0.0433927067 -0.154891565
v -0.283597112 0.0433927067 -0.150908053
v -0.284732461 0.0417350009 -0.149772719
v -0.293214291 0.0417350009 -0.153286055
v -0.283597112 0.0433927067 -0.150908053
v -0.293214291 0.0450504348 -0.154891565
v -0.301486045 0.0467080697 -0.149562955
v -0.293214053 0.046708066 -0.152989283
v -0.293214291 0.0450504348 -0.154891565
v -0.302831233 0.0450504348 -0.150908053
v -0.301486045 0.0467080697 -0.149562955
v -0.302831233 0.0433927067 -0.150908053
v -0.302831233 0.0450504348 -0.150908053
v -0.293214291 0.0450504348 -0.154891565
v -0.293214291 0.0433927067 -0.154891565
v -0.302831233 0.0433927067 -0.150908053
v -0.293214291 0.0450504348 -0.154891565
v -0.301695883 0.0417350009 -0.149772719
v -0.302831233 0.0433927067 -0.150908053
v -0.293214291 0.0433927067 -0.154891565
v -0.293214291 0.0417350009 -0.153286055
v -0.301695883 0.0417350009 -0.149772719
v -0.293214291 0.0433927067 -0.154891565
v -0.302831233 0.0450504348 -0.150908053
v -0.304912269 0.0467080697 -0.141291052
v -0.301486045 0.0467080697 -0.149562955
v -0.302831233 0.0450504348 -0.150908053
v -0.30681473 0.0450504348 -0.141290992
v -0.304912269 0.0467080697 -0.141291052
v -0.30681473 0.0433927067 -0.141290992
v -0.30681473 0.0450504348 -0.141290992
v -0.302831233 0.0450504348 -0.150908053
v -0.302831233 0.0433927067 -0.150908053
v -0.30681473 0.0433927067 -0.141290992
v -0.302831233 0.0450504348 -0.150908053
v -0.30520919 0.0417350009 -0.141291052
v -0.30681473 0.0433927067 -0.141290992
v -0.302831233 0.0433927067 -0.150908053
v -0.301695883 0.0417350009 -0.149772719
v -0.30520919 0.0417350009 -0.141291052
v -0.302831233 0.0433927067 -0.150908053
v -0.30681473 0.0450504348 -0.141290992
v -0.301486045 0.0467080697 -0.133019105
v -0.304912269 0.0467080697 -0.141291052
v -0.30681473 0.0450504348 -0.141290992
v -0.302831233 0.0450504385 -0.131673977
v -0.301486045 0.0467080697 -0.133019105
v -0.302831233 0.0433927067 -0.131673977
v -0.302831233 0.0450504385 -0.131673977
v -0.30681473 0.0450504348 -0.141290992
v -0.30681473 0.0433927067 -0.141290992
v -0.302831233 0.0433927067 -0.131673977
v -0.30681473 0.0450504348 -0.141290992
v -0.301695883 0.0417350046 -0.132809237
v -0.302831233 0.0433927067 -0.131673977
v -0.30681473 0.0433927067 -0.141290992
v -0.30520919 0.0417350009 -0.141291052
v -0.301695883 0.0417350046 -0.132809237
v -0.30681473 0.0433927067 -0.141290992
v -0.293214053 0.0450504385 -0.127690479
v -0.293214053 0.0467080697 -0.129592776
v -0.301486045 0.0467080697 -0.133019105
v -0.302831233 0.0450504385 -0.131673977
v -0.293214053 0.0450504385 -0.127690479
v -0.301486045 0.0467080697 -0.133019105
v -0.293214053 0.0433927104 -0.127690479
v -0.293214053 0.0450504385 -0.127690479
v -0.302831233 0.0450504385 -0.131673977
v -0.302831233 0.0433927067 -0.131673977
v -0.293214053 0.0433927104 -0.127690479
v -0.302831233 0.0450504385 -0.131673977
v -0.301695883 0.0417350046 -0.132809237
v -0.293214053 0.0433927104 -0.127690479
v -0.302831233 0.0433927067 -0.131673977
v -0.301695883 0.0417350046 -0.132809237
v -0.293214053 0.0417350046 -0.129296035
v -0.293214053 0.0433927104 -0.127690479
v -0.283597112 0.0450504385 -0.131673977
v -0.284942269 0.0467080697 -0.13301909
v -0.293214053 0.0467080697 -0.129592776
v -0.293214053 0.0450504385 -0.127690479
v -0.283597112 0.0450504385 -0.131673977
v -0.293214053 0.0467080697 -0.129592776
v -0.283597112 0.0433927067 -0.131673977
v -0.283597112 0.0450504385 -0.131673977
v -0.293214053 0.0450504385 -0.127690479
v -0.293214053 0.0433927104 -0.127690479
v -0.283597112 0.0433927067 -0.131673977
v -0.293214053 0.0450504385 -0.127690479
v -0.293214053 0.0417350046 -0.129296035
v -0.283597112 0.0433927067 -0.131673977
v -0.293214053 0.0433927104 -0.127690479
v -0.293214053 0.0417350046 -0.129296035
v -0.284732461 0.0417350046 -0.132809237
v -0.283597112 0.0433927067 -0.131673977
v -0.279613614 0.0450504348 -0.141290992
v -0.281516075 0.0467080697 -0.141291052
v -0.284942269 0.0467080697 -0.13301909
v -0.283597112 0.0450504385 -0.131673977
v -0.279613614 0.0450504348 -0.141290992
v -0.284942269 0.0467080697 -0.13301909
v -0.279613614 0.0433927067 -0.141290992
v -0.279613614 0.0450504348 -0.141290992
v -0.283597112 0.0450504385 -0.131673977
v -0.283597112 0.0433927067 -0.131673977
v -0.279613614 0.0433927067 -0.141290992
v -0.283597112 0.0450504385 -0.131673977
v -0.284732461 0.0417350046 -0.132809237
v -0.279613614 0.0433927067 -0.141290992
v -0.283597112 0.0433927067 -0.131673977
v -0.284732461 0.0417350046 -0.132809237
v -0.281219155 0.0417350009 -0.141291052
v -0.279613614 0.0433927067 -0.141290992
v -0.281516075 0.0467080697 -0.141291052
v -0.283597112 0.0450504348 -0.150908053
v -0.284942269 0.0467080697 -0.149562955
v -0.281516075 0.0467080697 -0.141291052
v -0.279613614 0.0450504348 -0.141290992
v -0.283597112 0.0450504348 -0.150908053
v -0.279613614 0.0433927067 -0.141290992
v -0.283597112 0.0433927067 -0.150908053
v -0.283597112 0.0450504348 -0.150908053
v -0.279613614 0.0450504348 -0.141290992
v -0.279613614 0.0433927067 -0.141290992
v -0.283597112 0.0450504348 -0.150908053
v -0.281219155 0.0417350009 -0.141291052
v -0.284732461 0.0417350009 -0.149772719
v -0.283597112 0.0433927067 -0.150908053
v -0.279613614 0.0433927067 -0.141290992
v -0.281219155 0.0417350009 -0.141291052
v -0.283597112 0.0433927067 -0.150908053
v -0.284732461 0.0388340168 -0.149772719
v -0.284732461 0.0417350009 -0.149772719
v -0.281219155 0.0417350009 -0.141291052
v -0.281219155 0.0388340168 -0.141291052
v -0.284732461 0.0388340168 -0.149772719
v -0.281219155 0.0417350009 -0.141291052
v -0.284732461 0.0388340168 -0.132809266
v -0.281219155 0.0388340168 -0.141291052
v -0.281219155 0.0417350009 -0.141291052
v -0.284732461 0.0417350046 -0.132809237
v -0.284732461 0.0388340168 -0.132809266
v -0.281219155 0.0417350009 -0.141291052
v -0.293214053 0.0388340168 -0.129296035
v -0.284732461 0.0388340168 -0.132809266
v -0.284732461 0.0417350046 -0.132809237
v -0.293214053 0.0417350046 -0.129296035
v -0.293214053 0.0388340168 -0.129296035
v -0.284732461 0.0417350046 -0.132809237
v -0.301695883 0.0388340168 -0.132809237
v -0.293214053 0.0388340168 -0.129296035
v -0.293214053 0.0417350046 -0.129296035
v -0.301695883 0.0417350046 -0.132809237
v -0.301695883 0.0388340168 -0.132809237
v -0.293214053 0.0417350046 -0.129296035
v -0.30520919 0.0388340168 -0.141291052
v -0.301695883 0.0388340168 -0.132809237
v -0.301695883 0.0417350046 -0.132809237
v -0.30520919 0.0417350009 -0.141291052
v -0.30520919 0.0388340168 -0.141291052
v -0.301695883 0.0417350046 -0.132809237
v -0.301695883 0.0388340168 -0.149772719
v -0.30520919 0.0388340168 -0.141291052
v -0.30520919 0.0417350009 -0.141291052
v -0.301695883 0.0417350009 -0.149772719
v -0.301695883 0.0388340168 -0.149772719
v -0.30520919 0.0417350009 -0.141291052
v -0.293214291 0.038834013 -0.153286055
v -0.301695883 0.0388340168 -0.149772719
v -0.301695883 0.0417350009 -0.149772719
v -0.293214291 0.0417350009 -0.153286055
v -0.293214291 0.038834013 -0.153286055
v -0.301695883 0.0417350009 -0.149772719
v -0.284732461 0.0388340168 -0.149772719
v -0.293214291 0.038834013 -0.153286055
v -0.293214291 0.0417350009 -0.153286055
v -0.284732461 0.0417350009 -0.149772719
v -0.284732461 0.0388340168 -0.149772719
v -0.293214291 0.0417350009 -0.153286055
v -0.282672048 0.0381720141 -0.151833102
v -0.293214291 0.0381720141 -0.156199709
v -0.293214291 0.038834013 -0.153286055
v -0.284732461 0.0388340168 -0.149772719
v -0.282672048 0.0381720141 -0.151833102
v -0.293214291 0.038834013 -0.153286055
v -0.293214291 0.0381720141 -0.156199709
v -0.303756297 0.0381720141 -0.151833102
v -0.301695883 0.0388340168 -0.149772719
v -0.293214291 0.038834013 -0.153286055
v -0.293214291 0.0381720141 -0.156199709
v -0.301695883 0.0388340168 -0.149772719
v -0.303756297 0.0381720141 -0.151833102
v -0.308122844 0.0381720178 -0.141290992
v -0.30520919 0.0388340168 -0.141291052
v -0.301695883 0.0388340168 -0.149772719
v -0.303756297 0.0381720141 -0.151833102
v -0.30520919 0.0388340168 -0.141291052
v -0.308122844 0.0381720178 -0.141290992
v -0.303756297 0.0381720178 -0.130748868
v -0.301695883 0.0388340168 -0.132809237
v -0.30520919 0.0388340168 -0.141291052
v -0.308122844 0.0381720178 -0.141290992
v -0.301695883 0.0388340168 -0.132809237
v -0.301695883 0.0388340168 -0.132809237
v -0.293214053 0.0381720178 -0.126382217
v -0.293214053 0.0388340168 -0.129296035
v -0.301695883 0.0388340168 -0.132809237
v -0.303756297 0.0381720178 -0.130748868
v -0.293214053 0.0381720178 -0.126382217
v -0.293214053 0.0388340168 -0.129296035
v -0.282672048 0.0381720178 -0.130748928
v -0.284732461 0.0388340168 -0.132809266
v -0.293214053 0.0388340168 -0.129296035
v -0.293214053 0.0381720178 -0.126382217
v -0.282672048 0.0381720178 -0.130748928
v -0.284732461 0.0388340168 -0.132809266
v -0.278305501 0.0381720178 -0.141290992
v -0.281219155 0.0388340168 -0.141291052
v -0.284732461 0.0388340168 -0.132809266
v -0.282672048 0.0381720178 -0.130748928
v -0.278305501 0.0381720178 -0.141290992
v -0.282672048 0.0381720141 -0.151833102
v -0.284732461 0.0388340168 -0.149772719
v -0.281219155 0.0388340168 -0.141291052
v -0.278305501 0.0381720178 -0.141290992
v -0.282672048 0.0381720141 -0.151833102
v -0.281219155 0.0388340168 -0.141291052
v -0.281959563 0.0369691215 -0.152545586
v -0.282672048 0.0381720141 -0.151833102
v -0.278305501 0.0381720178 -0.141290992
v -0.277297884 0.0369691215 -0.141290992
v -0.281959563 0.0369691215 -0.152545586
v -0.278305501 0.0381720178 -0.141290992
v -0.281959563 0.0369691253 -0.130036443
v -0.277297884 0.0369691215 -0.141290992
v -0.278305501 0.0381720178 -0.141290992
v -0.282672048 0.0381720178 -0.130748928
v -0.281959563 0.0369691253 -0.130036443
v -0.278305501 0.0381720178 -0.141290992
v -0.293214053 0.0369691253 -0.12537457
v -0.281959563 0.0369691253 -0.130036443
v -0.282672048 0.0381720178 -0.130748928
v -0.293214053 0.0381720178 -0.126382217
v -0.293214053 0.0369691253 -0.12537457
v -0.282672048 0.0381720178 -0.130748928
v -0.304468781 0.0369691253 -0.130036414
v -0.293214053 0.0369691253 -0.12537457
v -0.293214053 0.0381720178 -0.126382217
v -0.303756297 0.0381720178 -0.130748868
v -0.304468781 0.0369691253 -0.130036414
v -0.293214053 0.0381720178 -0.126382217
v -0.308122844 0.0381720178 -0.141290992
v -0.304468781 0.0369691253 -0.130036414
v -0.303756297 0.0381720178 -0.130748868
v -0.308122844 0.0381720178 -0.141290992
v -0.309130698 0.0369691215 -0.141291052
v -0.304468781 0.0369691253 -0.130036414
v -0.303756297 0.0381720141 -0.151833102
v -0.309130698 0.0369691215 -0.141291052
v -0.308122844 0.0381720178 -0.141290992
v -0.303756297 0.0381720141 -0.151833102
v -0.304468781 0.0369691215 -0.152545586
v -0.309130698 0.0369691215 -0.141291052
v -0.293214291 0.0369691215 -0.157207459
v -0.304468781 0.0369691215 -0.152545586
v -0.303756297 0.0381720141 -0.151833102
v -0.293214291 0.0381720141 -0.156199709
v -0.293214291 0.0369691215 -0.157207459
v -0.303756297 0.0381720141 -0.151833102
v -0.281959563 0.0369691215 -0.152545586
v -0.293214291 0.0369691215 -0.157207459
v -0.293214291 0.0381720141 -0.156199709
v -0.282672048 0.0381720141 -0.151833102
v -0.281959563 0.0369691215 -0.152545586
v -0.293214291 0.0381720141 -0.156199709
v -0.281959563 0.0338608734 -0.152545586
v -0.293214291 0.0338608734 -0.157207459
v -0.293214291 0.0369691215 -0.157207459
v -0.281959563 0.0369691215 -0.152545586
v -0.281959563 0.0338608734 -0.152545586
v -0.293214291 0.0369691215 -0.157207459
v -0.293214291 0.0338608734 -0.157207459
v -0.304468781 0.0338608734 -0.152545586
v -0.304468781 0.0369691215 -0.152545586
v -0.293214291 0.0369691215 -0.157207459
v -0.293214291 0.0338608734 -0.157207459
v -0.304468781 0.0369691215 -0.152545586
v -0.304468781 0.0338608734 -0.152545586
v -0.309130698 0.0338608772 -0.141291052
v -0.309130698 0.0369691215 -0.141291052
v -0.304468781 0.0369691215 -0.152545586
v -0.304468781 0.0338608734 -0.152545586
v -0.309130698 0.0369691215 -0.141291052
v -0.309130698 0.0338608772 -0.141291052
v -0.304468781 0.0338608772 -0.130036414
v -0.304468781 0.0369691253 -0.130036414
v -0.309130698 0.0369691215 -0.141291052
v -0.309130698 0.0338608772 -0.141291052
v -0.304468781 0.0369691253 -0.130036414
v -0.304468781 0.0338608772 -0.130036414
v -0.293214053 0.0338608772 -0.12537457
v -0.293214053 0.0369691253 -0.12537457
v -0.304468781 0.0369691253 -0.130036414
v -0.304468781 0.0338608772 -0.130036414
v -0.293214053 0.0369691253 -0.12537457
v -0.293214053 0.0338608772 -0.12537457
v -0.281959563 0.0338608772 -0.130036443
v -0.281959563 0.0369691253 -0.130036443
v -0.293214053 0.0369691253 -0.12537457
v -0.293214053 0.0338608772 -0.12537457
v -0.281959563 0.0369691253 -0.130036443
v -0.281959563 0.0338608772 -0.130036443
v -0.277297884 0.0338608772 -0.141290992
v -0.277297884 0.0369691215 -0.141290992
v -0.281959563 0.0369691253 -0.130036443
v -0.281959563 0.0338608772 -0.130036443
v -0.277297884 0.0369691215 -0.141290992
v -0.281959563 0.0338608734 -0.152545586
v -0.281959563 0.0369691215 -0.152545586
v -0.277297884 0.0369691215 -0.141290992
v -0.277297884 0.0338608772 -0.141290992
v -0.281959563 0.0338608734 -0.152545586
v -0.277297884 0.0369691215 -0.141290992
v -0.208586633 0.0450504348 -0.150908053
v -0.218203679 0.046708066 -0.152989283
v -0.209931731 0.0467080697 -0.149562955
v -0.208586633 0.0450504348 -0.150908053
v -0.218203738 0.0450504348 -0.154891565
v -0.218203679 0.046708066 -0.152989283
v -0.218203738 0.0433927067 -0.154891565
v -0.218203738 0.0450504348 -0.154891565
v -0.208586633 0.0450504348 -0.150908053
v -0.208586633 0.0433927067 -0.150908053
v -0.218203738 0.0433927067 -0.154891565
v -0.208586633 0.0450504348 -0.150908053
v -0.218203738 0.0417350009 -0.153286055
v -0.218203738 0.0433927067 -0.154891565
v -0.208586633 0.0433927067 -0.150908053
v -0.209722012 0.0417350009 -0.149772719
v -0.218203738 0.0417350009 -0.153286055
v -0.208586633 0.0433927067 -0.150908053
v -0.218203738 0.0450504348 -0.154891565
v -0.226475537 0.0467080697 -0.149562955
v -0.218203679 0.046708066 -0.152989283
v -0.218203738 0.0450504348 -0.154891565
v -0.227820709 0.0450504348 -0.150908053
v -0.226475537 0.0467080697 -0.149562955
v -0.227820709 0.0433927067 -0.150908053
v -0.227820709 0.0450504348 -0.150908053
v -0.218203738 0.0450504348 -0.154891565
v -0.218203738 0.0433927067 -0.154891565
v -0.227820709 0.0433927067 -0.150908053
v -0.218203738 0.0450504348 -0.154891565
v -0.226685479 0.0417350009 -0.149772719
v -0.227820709 0.0433927067 -0.150908053
v -0.218203738 0.0433927067 -0.154891565
v -0.218203738 0.0417350009 -0.153286055
v -0.226685479 0.0417350009 -0.149772719
v -0.218203738 0.0433927067 -0.154891565
v -0.227820709 0.0450504348 -0.150908053
v -0.229901925 0.0467080697 -0.141291052
v -0.226475537 0.0467080697 -0.149562955
v -0.227820709 0.0450504348 -0.150908053
v -0.231804252 0.0450504348 -0.141290992
v -0.229901925 0.0467080697 -0.141291052
v -0.231804252 0.0433927067 -0.141290992
v -0.231804252 0.0450504348 -0.141290992
v -0.227820709 0.0450504348 -0.150908053
v -0.227820709 0.0433927067 -0.150908053
v -0.231804252 0.0433927067 -0.141290992
v -0.227820709 0.0450504348 -0.150908053
v -0.230198681 0.0417350009 -0.141291052
v -0.231804252 0.0433927067 -0.141290992
v -0.227820709 0.0433927067 -0.150908053
v -0.226685479 0.0417350009 -0.149772719
v -0.230198681 0.0417350009 -0.141291052
v -0.227820709 0.0433927067 -0.150908053
v -0.231804252 0.0450504348 -0.141290992
v -0.226475537 0.0467080697 -0.133019105
v -0.229901925 0.0467080697 -0.141291052
v -0.231804252 0.0450504348 -0.141290992
v -0.227820709 0.0450504385 -0.131673977
v -0.226475537 0.0467080697 -0.133019105
v -0.227820709 0.0433927067 -0.131673977
v -0.227820709 0.0450504385 -0.131673977
v -0.231804252 0.0450504348 -0.141290992
v -0.231804252 0.0433927067 -0.141290992
v -0.227820709 0.0433927067 -0.131673977
v -0.231804252 0.0450504348 -0.141290992
v -0.226685479 0.0417350046 -0.132809237
v -0.227820709 0.0433927067 -0.131673977
v -0.231804252 0.0433927067 -0.141290992
v -0.230198681 0.0417350009 -0.141291052
v -0.226685479 0.0417350046 -0.132809237
v -0.231804252 0.0433927067 -0.141290992
v -0.218203709 0.0450504385 -0.127690479
v -0.218203679 0.0467080697 -0.129592776
v -0.226475537 0.0467080697 -0.133019105
v -0.227820709 0.0450504385 -0.131673977
v -0.218203709 0.0450504385 -0.127690479
v -0.226475537 0.0467080697 -0.133019105
v -0.218203709 0.0433927104 -0.127690479
v -0.218203709 0.0450504385 -0.127690479
v -0.227820709 0.0450504385 -0.131673977
v -0.227820709 0.0433927067 -0.131673977
v -0.218203709 0.0433927104 -0.127690479
v -0.227820709 0.0450504385 -0.131673977
v -0.226685479 0.0417350046 -0.132809237
v -0.218203709 0.0433927104 -0.127690479
v -0.227820709 0.0433927067 -0.131673977
v -0.226685479 0.0417350046 -0.132809237
v -0.218203679 0.0417350046 -0.129296035
v -0.218203709 0.0433927104 -0.127690479
v -0.208586633 0.0450504385 -0.131673977
v -0.209931731 0.0467080697 -0.13301909
v -0.218203679 0.0467080697 -0.129592776
v -0.218203709 0.0450504385 -0.127690479
v -0.208586633 0.0450504385 -0.131673977
v -0.218203679 0.0467080697 -0.129592776
v -0.208586633 0.0433927067 -0.131673977
v -0.208586633 0.0450504385 -0.131673977
v -0.218203709 0.0450504385 -0.127690479
v -0.218203709 0.0433927104 -0.127690479
v -0.208586633 0.0433927067 -0.131673977
v -0.218203709 0.0450504385 -0.127690479
v -0.218203679 0.0417350046 -0.129296035
v -0.208586633 0.0433927067 -0.131673977
v -0.218203709 0.0433927104 -0.127690479
v -0.218203679 0.0417350046 -0.129296035
v -0.209722012 0.0417350046 -0.132809237
v -0.208586633 0.0433927067 -0.131673977
v -0.204603165 0.0450504348 -0.141290992
v -0.206505507 0.0467080697 -0.141291052
v -0.209931731 0.0467080697 -0.13301909
v -0.208586633 0.0450504385 -0.131673977
v -0.204603165 0.0450504348 -0.141290992
v -0.209931731 0.0467080697 -0.13301909
v -0.204603165 0.0433927067 -0.141290992
v -0.204603165 0.0450504348 -0.141290992
v -0.208586633 0.0450504385 -0.131673977
v -0.208586633 0.0433927067 -0.131673977
v -0.204603165 0.0433927067 -0.141290992
v -0.208586633 0.0450504385 -0.131673977
v -0.209722012 0.0417350046 -0.132809237
v -0.204603165 0.0433927067 -0.141290992
v -0.208586633 0.0433927067 -0.131673977
v -0.209722012 0.0417350046 -0.132809237
v -0.206208661 0.0417350009 -0.141291052
v -0.204603165 0.0433927067 -0.141290992
v -0.206505507 0.0467080697 -0.141291052
v -0.208586633 0.0450504348 -0.150908053
v -0.209931731 0.0467080697 -0.149562955
v -0.206505507 0.0467080697 -0.141291052
v -0.204603165 0.0450504348 -0.141290992
v -0.208586633 0.0450504348 -0.150908053
v -0.204603165 0.0433927067 -0.141290992
v -0.208586633 0.0433927067 -0.150908053
v -0.208586633 0.0450504348 -0.150908053
v -0.204603165 0.0450504348 -0.141290992
v -0.204603165 0.0433927067 -0.141290992
v -0.208586633 0.0450504348 -0.150908053
v -0.206208661 0.0417350009 -0.141291052
v -0.209722012 0.0417350009 -0.149772719
v -0.208586633 0.0433927067 -0.150908053
v -0.204603165 0.0433927067 -0.141290992
v -0.206208661 0.0417350009 -0.141291052
v -0.208586633 0.0433927067 -0.150908053
v -0.209722012 0.0388340168 -0.149772719
v -0.209722012 0.0417350009 -0.149772719
v -0.206208661 0.0417350009 -0.141291052
v -0.206208661 0.0388340168 -0.141291052
v -0.209722012 0.0388340168 -0.149772719
v -0.206208661 0.0417350009 -0.141291052
v -0.209722012 0.0388340168 -0.132809266
v -0.206208661 0.0388340168 -0.141291052
v -0.206208661 0.0417350009 -0.141291052
v -0.209722012 0.0417350046 -0.132809237
v -0.209722012 0.0388340168 -0.132809266
v -0.206208661 0.0417350009 -0.141291052
v -0.218203679 0.0388340168 -0.129296035
v -0.209722012 0.0388340168 -0.132809266
v -0.209722012 0.0417350046 -0.132809237
v -0.218203679 0.0417350046 -0.129296035
v -0.218203679 0.0388340168 -0.129296035
v -0.209722012 0.0417350046 -0.132809237
v -0.226685479 0.0388340168 -0.132809237
v -0.218203679 0.0388340168 -0.129296035
v -0.218203679 0.0417350046 -0.129296035
v -0.226685479 0.0417350046 -0.132809237
v -0.226685479 0.0388340168 -0.132809237
v -0.218203679 0.0417350046 -0.129296035
v -0.230198681 0.0388340168 -0.141291052
v -0.226685479 0.0388340168 -0.132809237
v -0.226685479 0.0417350046 -0.132809237
v -0.230198681 0.0417350009 -0.141291052
v -0.230198681 0.0388340168 -0.141291052
v -0.226685479 0.0417350046 -0.132809237
v -0.226685479 0.0388340168 -0.149772719
v -0.230198681 0.0388340168 -0.141291052
v -0.230198681 0.0417350009 -0.141291052
v -0.226685479 0.0417350009 -0.149772719
v -0.226685479 0.0388340168 -0.149772719
v -0.230198681 0.0417350009 -0.141291052
v -0.218203738 0.038834013 -0.153286055
v -0.226685479 0.0388340168 -0.149772719
v -0.226685479 0.0417350009 -0.149772719
v -0.218203738 0.0417350009 -0.153286055
v -0.218203738 0.038834013 -0.153286055
v -0.226685479 0.0417350009 -0.149772719
v -0.209722012 0.0388340168 -0.149772719
v -0.218203738 0.038834013 -0.153286055
v -0.218203738 0.0417350009 -0.153286055
v -0.209722012 0.0417350009 -0.149772719
v -0.209722012 0.0388340168 -0.149772719
v -0.218203738 0.0417350009 -0.153286055
v -0.207661688 0.0381720141 -0.151833102
v -0.218203738 0.0381720141 -0.156199709
v -0.218203738 0.038834013 -0.153286055
v -0.209722012 0.0388340168 -0.149772719
v -0.207661688 0.0381720141 -0.151833102
v -0.218203738 0.038834013 -0.153286055
v -0.218203738 0.0381720141 -0.156199709
v -0.228745863 0.0381720141 -0.151833102
v -0.226685479 0.0388340168 -0.149772719
v -0.218203738 0.038834013 -0.153286055
v -0.218203738 0.0381720141 -0.156199709
v -0.226685479 0.0388340168 -0.149772719
v -0.228745863 0.0381720141 -0.151833102
v -0.233112469 0.0381720178 -0.141290992
v -0.230198681 0.0388340168 -0.141291052
v -0.226685479 0.0388340168 -0.149772719
v -0.228745863 0.0381720141 -0.151833102
v -0.230198681 0.0388340168 -0.141291052
v -0.233112469 0.0381720178 -0.141290992
v -0.228745863 0.0381720178 -0.130748868
v -0.226685479 0.0388340168 -0.132809237
v -0.230198681 0.0388340168 -0.141291052
v -0.233112469 0.0381720178 -0.141290992
v -0.226685479 0.0388340168 -0.132809237
v -0.226685479 0.0388340168 -0.132809237
v -0.218203709 0.0381720178 -0.126382217
v -0.218203679 0.0388340168 -0.129296035
v -0.226685479 0.0388340168 -0.132809237
v -0.228745863 0.0381720178 -0.130748868
v -0.218203709 0.0381720178 -0.126382217
v -0.218203679 0.0388340168 -0.129296035
v -0.207661688 0.0381720178 -0.130748928
v -0.209722012 0.0388340168 -0.132809266
v -0.218203679 0.0388340168 -0.129296035
v -0.218203709 0.0381720178 -0.126382217
v -0.207661688 0.0381720178 -0.130748928
v -0.209722012 0.0388340168 -0.132809266
v -0.203295007 0.0381720178 -0.141290992
v -0.206208661 0.0388340168 -0.141291052
v -0.209722012 0.0388340168 -0.132809266
v -0.207661688 0.0381720178 -0.130748928
v -0.203295007 0.0381720178 -0.141290992
v -0.207661688 0.0381720141 -0.151833102
v -0.209722012 0.0388340168 -0.149772719
v -0.206208661 0.0388340168 -0.141291052
v -0.203295007 0.0381720178 -0.141290992
v -0.207661688 0.0381720141 -0.151833102
v -0.206208661 0.0388340168 -0.141291052
v -0.206949085 0.0369691215 -0.152545586
v -0.207661688 0.0381720141 -0.151833102
v -0.203295007 0.0381720178 -0.141290992
v -0.202287272 0.0369691215 -0.141290992
v -0.206949085 0.0369691215 -0.152545586
v -0.203295007 0.0381720178 -0.141290992
v -0.206949085 0.0369691253 -0.130036443
v -0.202287272 0.0369691215 -0.141290992
v -0.203295007 0.0381720178 -0.141290992
v -0.207661688 0.0381720178 -0.130748928
v -0.206949085 0.0369691253 -0.130036443
v -0.203295007 0.0381720178 -0.141290992
v -0.218203709 0.0369691253 -0.12537457
v -0.206949085 0.0369691253 -0.130036443
v -0.207661688 0.0381720178 -0.130748928
v -0.218203709 0.0381720178 -0.126382217
v -0.218203709 0.0369691253 -0.12537457
v -0.207661688 0.0381720178 -0.130748928
v -0.229458302 0.0369691253 -0.130036414
v -0.218203709 0.0369691253 -0.12537457
v -0.218203709 0.0381720178 -0.126382217
v -0.228745863 0.0381720178 -0.130748868
v -0.229458302 0.0369691253 -0.130036414
v -0.218203709 0.0381720178 -0.126382217
v -0.233112469 0.0381720178 -0.141290992
v -0.229458302 0.0369691253 -0.130036414
v -0.228745863 0.0381720178 -0.130748868
v -0.233112469 0.0381720178 -0.141290992
v -0.23412016 0.0369691215 -0.141291052
v -0.229458302 0.0369691253 -0.130036414
v -0.228745863 0.0381720141 -0.151833102
v -0.23412016 0.0369691215 -0.141291052
v -0.233112469 0.0381720178 -0.141290992
v -0.228745863 0.0381720141 -0.151833102
v -0.229458302 0.0369691215 -0.152545586
v -0.23412016 0.0369691215 -0.141291052
v -0.218203828 0.0369691215 -0.157207459
v -0.229458302 0.0369691215 -0.152545586
v -0.228745863 0.0381720141 -0.151833102
v -0.218203738 0.0381720141 -0.156199709
v -0.218203828 0.0369691215 -0.157207459
v -0.228745863 0.0381720141 -0.151833102
v -0.206949085 0.0369691215 -0.152545586
v -0.218203828 0.0369691215 -0.157207459
v -0.218203738 0.0381720141 -0.156199709
v -0.207661688 0.0381720141 -0.151833102
v -0.206949085 0.0369691215 -0.152545586
v -0.218203738 0.0381720141 -0.156199709
v -0.206949085 0.0338608734 -0.152545586
v -0.218203828 0.0338608734 -0.157207459
v -0.218203828 0.0369691215 -0.157207459
v -0.206949085 0.0369691215 -0.152545586
v -0.206949085 0.0338608734 -0.152545586
v -0.218203828 0.0369691215 -0.157207459
v -0.218203828 0.0338608734 -0.157207459
v -0.229458302 0.0338608734 -0.152545586
v -0.229458302 0.0369691215 -0.152545586
v -0.218203828 0.0369691215 -0.157207459
v -0.218203828 0.0338608734 -0.157207459
v -0.229458302 0.0369691215 -0.152545586
v -0.229458302 0.0338608734 -0.152545586
v -0.23412016 0.0338608772 -0.141291052
v -0.23412016 0.0369691215 -0.141291052
v -0.229458302 0.0369691215 -0.152545586
v -0.229458302 0.0338608734 -0.152545586
v -0.23412016 0.0369691215 -0.141291052
v -0.23412016 0.0338608772 -0.141291052
v -0.229458302 0.0338608772 -0.130036414
v -0.229458302 0.0369691253 -0.130036414
v -0.23412016 0.0369691215 -0.141291052
v -0.23412016 0.0338608772 -0.141291052
v -0.229458302 0.0369691253 -0.130036414
v -0.229458302 0.0338608772 -0.130036414
v -0.218203709 0.0338608772 -0.12537457
v -0.218203709 0.0369691253 -0.12537457
v -0.229458302 0.0369691253 -0.130036414
v -0.229458302 0.0338608772 -0.130036414
v -0.218203709 0.0369691253 -0.12537457
v -0.218203709 0.0338608772 -0.12537457
v -0.206949085 0.0338608772 -0.130036443
v -0.206949085 0.0369691253 -0.130036443
v -0.218203709 0.0369691253 -0.12537457
v -0.218203709 0.0338608772 -0.12537457
v -0.206949085 0.0369691253 -0.130036443
v -0.206949085 0.0338608772 -0.130036443
v -0.202287272 0.0338608772 -0.141290992
v -0.202287272 0.0369691215 -0.141290992
v -0.206949085 0.0369691253 -0.130036443
v -0.206949085 0.0338608772 -0.130036443
v -0.202287272 0.0369691215 -0.141290992
v -0.206949085 0.0338608734 -0.152545586
v -0.206949085 0.0369691215 -0.152545586
v -0.202287272 0.0369691215 -0.141290992
v -0.202287272 0.0338608772 -0.141290992
v -0.206949085 0.0338608734 -0.152545586
v -0.202287272 0.0369691215 -0.141290992
v -0.13357608 0.0450504348 -0.150908053
v -0.143193111 0.046708066 -0.152989283
v -0.134921223 0.0467080697 -0.149562955
v -0.13357608 0.0450504348 -0.150908053
v -0.143193185 0.0450504348 -0.154891565
v -0.143193111 0.046708066 -0.152989283
v -0.143193185 0.0433927067 -0.154891565
v -0.143193185 0.0450504348 -0.154891565
v -0.13357608 0.0450504348 -0.150908053
v -0.13357608 0.0433927067 -0.150908053
v -0.143193185 0.0433927067 -0.154891565
v -0.13357608 0.0450504348 -0.150908053
v -0.143193185 0.0417350009 -0.153286055
v -0.143193185 0.0433927067 -0.154891565
v -0.13357608 0.0433927067 -0.150908053
v -0.134711489 0.0417350009 -0.149772719
v -0.143193185 0.0417350009 -0.153286055
v -0.13357608 0.0433927067 -0.150908053
v -0.143193185 0.0450504348 -0.154891565
v -0.151465029 0.0467080697 -0.149562955
v -0.143193111 0.046708066 -0.152989283
v -0.143193185 0.0450504348 -0.154891565
v -0.152810156 0.0450504348 -0.150908053
v -0.151465029 0.0467080697 -0.149562955
v -0.152810156 0.0433927067 -0.150908053
v -0.152810156 0.0450504348 -0.150908053
v -0.143193185 0.0450504348 -0.154891565
v -0.143193185 0.0433927067 -0.154891565
v -0.152810156 0.0433927067 -0.150908053
v -0.143193185 0.0450504348 -0.154891565
v -0.151674911 0.0417350009 -0.149772719
v -0.152810156 0.0433927067 -0.150908053
v -0.143193185 0.0433927067 -0.154891565
v -0.143193185 0.0417350009 -0.153286055
v -0.151674911 0.0417350009 -0.149772719
v -0.143193185 0.0433927067 -0.154891565
v -0.152810156 0.0450504348 -0.150908053
v -0.154891357 0.0467080697 -0.141291052
v -0.151465029 0.0467080697 -0.149562955
v -0.152810156 0.0450504348 -0.150908053
v -0.156793714 0.0450504348 -0.141290992
v -0.154891357 0.0467080697 -0.141291052
v -0.156793714 0.0433927067 -0.141290992
v -0.156793714 0.0450504348 -0.141290992
v -0.152810156 0.0450504348 -0.150908053
v -0.152810156 0.0433927067 -0.150908053
v -0.156793714 0.0433927067 -0.141290992
v -0.152810156 0.0450504348 -0.150908053
v -0.155188173 0.0417350009 -0.141291052
v -0.156793714 0.0433927067 -0.141290992
v -0.152810156 0.0433927067 -0.150908053
v -0.151674911 0.0417350009 -0.149772719
v -0.155188173 0.0417350009 -0.141291052
v -0.152810156 0.0433927067 -0.150908053
v -0.156793714 0.0450504348 -0.141290992
v -0.151465029 0.0467080697 -0.133019105
v -0.154891357 0.0467080697 -0.141291052
v -0.156793714 0.0450504348 -0.141290992
v -0.152810156 0.0450504385 -0.131673977
v -0.151465029 0.0467080697 -0.133019105
v -0.152810156 0.0433927067 -0.131673977
v -0.152810156 0.0450504385 -0.131673977
v -0.156793714 0.0450504348 -0.141290992
v -0.156793714 0.0433927067 -0.141290992
v -0.152810156 0.0433927067 -0.131673977
v -0.156793714 0.0450504348 -0.141290992
v -0.151674911 0.0417350046 -0.132809237
v -0.152810156 0.0433927067 -0.131673977
v -0.156793714 0.0433927067 -0.141290992
v -0.155188173 0.0417350009 -0.141291052
v -0.151674911 0.0417350046 -0.132809237
v -0.156793714 0.0433927067 -0.141290992
v -0.143193156 0.0450504385 -0.127690479
v -0.143193111 0.0467080697 -0.129592776
v -0.151465029 0.0467080697 -0.133019105
v -0.152810156 0.0450504385 -0.131673977
v -0.143193156 0.0450504385 -0.127690479
v -0.151465029 0.0467080697 -0.133019105
v -0.143193156 0.0433927104 -0.127690479
v -0.143193156 0.0450504385 -0.127690479
v -0.152810156 0.0450504385 -0.131673977
v -0.152810156 0.0433927067 -0.131673977
v -0.143193156 0.0433927104 -0.127690479
v -0.152810156 0.0450504385 -0.131673977
v -0.151674911 0.0417350046 -0.132809237
v -0.143193156 0.0433927104 -0.127690479
v -0.152810156 0.0433927067 -0.131673977
v -0.151674911 0.0417350046 -0.132809237
v -0.143193111 0.0417350046 -0.129296035
v -0.143193156 0.0433927104 -0.127690479
v -0.13357608 0.0450504385 -0.131673977
v -0.134921223 0.0467080697 -0.13301909
v -0.143193111 0.0467080697 -0.129592776
v -0.143193156 0.0450504385 -0.127690479
v -0.13357608 0.0450504385 -0.131673977
v -0.143193111 0.0467080697 -0.129592776
v -0.13357608 0.0433927067 -0.131673977
v -0.13357608 0.0450504385 -0.131673977
v -0.143193156 0.0450504385 -0.127690479
v -0.143193156 0.0433927104 -0.127690479
v -0.13357608 0.0433927067 -0.131673977
v -0.143193156 0.0450504385 -0.127690479
v -0.143193111 0.0417350046 -0.129296035
v -0.13357608 0.0433927067 -0.131673977
v -0.143193156 0.0433927104 -0.127690479
v -0.143193111 0.0417350046 -0.129296035
v -0.134711489 0.0417350046 -0.132809237
v -0.13357608 0.0433927067 -0.131673977
v -0.129592657 0.0450504348 -0.141290992
v -0.131494939 0.0467080697 -0.141291052
v -0.134921223 0.0467080697 -0.13301909
v -0.13357608 0.0450504385 -0.131673977
v -0.129592657 0.0450504348 -0.141290992
v -0.134921223 0.0467080697 -0.13301909
v -0.129592657 0.0433927067 -0.141290992
v -0.129592657 0.0450504348 -0.141290992
v -0.13357608 0.0450504385 -0.131673977
v -0.13357608 0.0433927067 -0.131673977
v -0.129592657 0.0433927067 -0.141290992
v -0.13357608 0.0450504385 -0.131673977
v -0.134711489 0.0417350046 -0.132809237
v -0.129592657 0.0433927067 -0.141290992
v -0.13357608 0.0433927067 -0.131673977
v -0.134711489 0.0417350046 -0.132809237
v -0.131198108 0.0417350009 -0.141291052
v -0.129592657 0.0433927067 -0.141290992
v -0.131494939 0.0467080697 -0.141291052
v -0.13357608 0.0450504348 -0.150908053
v -0.134921223 0.0467080697 -0.149562955
v -0.131494939 0.0467080697 -0.141291052
v -0.129592657 0.0450504348 -0.141290992
v -0.13357608 0.0450504348 -0.150908053
v -0.129592657 0.0433927067 -0.141290992
v -0.13357608 0.0433927067 -0.150908053
v -0.13357608 0.0450504348 -0.150908053
v -0.129592657 0.0450504348 -0.141290992
v -0.129592657 0.0433927067 -0.141290992
v -0.13357608 0.0450504348 -0.150908053
v -0.131198108 0.0417350009 -0.141291052
v -0.134711489 0.0417350009 -0.149772719
v -0.13357608 0.0433927067 -0.150908053
v -0.129592657 0.0433927067 -0.141290992
v -0.131198108 0.0417350009 -0.141291052
v -0.13357608 0.0433927067 -0.150908053
v -0.134711489 0.0388340168 -0.149772719
v -0.134711489 0.0417350009 -0.149772719
v -0.131198108 0.0417350009 -0.141291052
v -0.131198108 0.0388340168 -0.141291052
v -0.134711489 0.0388340168 -0.149772719
v -0.131198108 0.0417350009 -0.141291052
v -0.134711489 0.0388340168 -0.132809266
v -0.131198108 0.0388340168 -0.141291052
v -0.131198108 0.0417350009 -0.141291052
v -0.134711489 0.0417350046 -0.132809237
v -0.134711489 0.0388340168 -0.132809266
v -0.131198108 0.0417350009 -0.141291052
v -0.143193111 0.0388340168 -0.129296035
v -0.134711489 0.0388340168 -0.132809266
v -0.134711489 0.0417350046 -0.132809237
v -0.143193111 0.0417350046 -0.129296035
v -0.143193111 0.0388340168 -0.129296035
v -0.134711489 0.0417350046 -0.132809237
v -0.151674911 0.0388340168 -0.132809237
v -0.143193111 0.0388340168 -0.129296035
v -0.143193111 0.0417350046 -0.129296035
v -0.151674911 0.0417350046 -0.132809237
v -0.151674911 0.0388340168 -0.132809237
v -0.143193111 0.0417350046 -0.129296035
v -0.155188173 0.0388340168 -0.141291052
v -0.151674911 0.0388340168 -0.132809237
v -0.151674911 0.0417350046 -0.132809237
v -0.155188173 0.0417350009 -0.141291052
v -0.155188173 0.0388340168 -0.141291052
v -0.151674911 0.0417350046 -0.132809237
v -0.151674911 0.0388340168 -0.149772719
v -0.155188173 0.0388340168 -0.141291052
v -0.155188173 0.0417350009 -0.141291052
v -0.151674911 0.0417350009 -0.149772719
v -0.151674911 0.0388340168 -0.149772719
v -0.155188173 0.0417350009 -0.141291052
v -0.143193185 0.038834013 -0.153286055
v -0.151674911 0.0388340168 -0.149772719
v -0.151674911 0.0417350009 -0.149772719
v -0.143193185 0.0417350009 -0.153286055
v -0.143193185 0.038834013 -0.153286055
v -0.151674911 0.0417350009 -0.149772719
v -0.134711489 0.0388340168 -0.149772719
v -0.143193185 0.038834013 -0.153286055
v -0.143193185 0.0417350009 -0.153286055
v -0.134711489 0.0417350009 -0.149772719
v -0.134711489 0.0388340168 -0.149772719
v -0.143193185 0.0417350009 -0.153286055
v -0.13265115 0.0381720141 -0.151833102
v -0.143193185 0.0381720141 -0.156199709
v -0.143193185 0.038834013 -0.153286055
v -0.134711489 0.0388340168 -0.149772719
v -0.13265115 0.0381720141 -0.151833102
v -0.143193185 0.038834013 -0.153286055
v -0.143193185 0.0381720141 -0.156199709
v -0.153735295 0.0381720141 -0.151833102
v -0.151674911 0.0388340168 -0.149772719
v -0.143193185 0.038834013 -0.153286055
v -0.143193185 0.0381720141 -0.156199709
v -0.151674911 0.0388340168 -0.149772719
v -0.153735295 0.0381720141 -0.151833102
v -0.158101887 0.0381720178 -0.141290992
v -0.155188173 0.0388340168 -0.141291052
v -0.151674911 0.0388340168 -0.149772719
v -0.153735295 0.0381720141 -0.151833102
v -0.155188173 0.0388340168 -0.141291052
v -0.158101887 0.0381720178 -0.141290992
v -0.15373528 0.0381720178 -0.130748868
v -0.151674911 0.0388340168 -0.132809237
v -0.155188173 0.0388340168 -0.141291052
v -0.158101887 0.0381720178 -0.141290992
v -0.151674911 0.0388340168 -0.132809237
v -0.151674911 0.0388340168 -0.132809237
v -0.143193156 0.0381720178 -0.126382217
v -0.143193111 0.0388340168 -0.129296035
v -0.151674911 0.0388340168 -0.132809237
v -0.15373528 0.0381720178 -0.130748868
v -0.143193156 0.0381720178 -0.126382217
v -0.143193111 0.0388340168 -0.129296035
v -0.13265115 0.0381720178 -0.130748928
v -0.134711489 0.0388340168 -0.132809266
v -0.143193111 0.0388340168 -0.129296035
v -0.143193156 0.0381720178 -0.126382217
v -0.13265115 0.0381720178 -0.130748928
v -0.134711489 0.0388340168 -0.132809266
v -0.128284484 0.0381720178 -0.141290992
v -0.131198108 0.0388340168 -0.141291052
v -0.134711489 0.0388340168 -0.132809266
v -0.13265115 0.0381720178 -0.130748928
v -0.128284484 0.0381720178 -0.141290992
v -0.13265115 0.0381720141 -0.151833102
v -0.134711489 0.0388340168 -0.149772719
v -0.131198108 0.0388340168 -0.141291052
v -0.128284484 0.0381720178 -0.141290992
v -0.13265115 0.0381720141 -0.151833102
v -0.131198108 0.0388340168 -0.141291052
v -0.131938547 0.0369691215 -0.152545586
v -0.13265115 0.0381720141 -0.151833102
v -0.128284484 0.0381720178 -0.141290992
v -0.127276763 0.0369691215 -0.141290992
v -0.131938547 0.0369691215 -0.152545586
v -0.128284484 0.0381720178 -0.141290992
v -0.131938547 0.0369691253 -0.130036443
v -0.127276763 0.0369691215 -0.141290992
v -0.128284484 0.0381720178 -0.141290992
v -0.13265115 0.0381720178 -0.130748928
v -0.131938547 0.0369691253 -0.130036443
v -0.128284484 0.0381720178 -0.141290992
v -0.143193141 0.0369691253 -0.12537457
v -0.131938547 0.0369691253 -0.130036443
v -0.13265115 0.0381720178 -0.130748928
v -0.143193156 0.0381720178 -0.126382217
v -0.143193141 0.0369691253 -0.12537457
v -0.13265115 0.0381720178 -0.130748928
v -0.154447809 0.0369691253 -0.130036414
v -0.143193141 0.0369691253 -0.12537457
v -0.143193156 0.0381720178 -0.126382217
v -0.15373528 0.0381720178 -0.130748868
v -0.154447809 0.0369691253 -0.130036414
v -0.143193156 0.0381720178 -0.126382217
v -0.158101887 0.0381720178 -0.141290992
v -0.154447809 0.0369691253 -0.130036414
v -0.15373528 0.0381720178 -0.130748868
v -0.158101887 0.0381720178 -0.141290992
v -0.159109637 0.0369691215 -0.141291052
v -0.154447809 0.0369691253 -0.130036414
v -0.153735295 0.0381720141 -0.151833102
v -0.159109637 0.0369691215 -0.141291052
v -0.158101887 0.0381720178 -0.141290992
v -0.153735295 0.0381720141 -0.151833102
v -0.154447809 0.0369691215 -0.152545586
v -0.159109637 0.0369691215 -0.141291052
v -0.14319326 0.0369691215 -0.157207459
v -0.154447809 0.0369691215 -0.152545586
v -0.153735295 0.0381720141 -0.151833102
v -0.143193185 0.0381720141 -0.156199709
v -0.14319326 0.0369691215 -0.157207459
v -0.153735295 0.0381720141 -0.151833102
v -0.131938547 0.0369691215 -0.152545586
v -0.14319326 0.0369691215 -0.157207459
v -0.143193185 0.0381720141 -0.156199709
v -0.13265115 0.0381720141 -0.151833102
v -0.131938547 0.0369691215 -0.152545586
v -0.143193185 0.0381720141 -0.156199709
v -0.131938547 0.0338608734 -0.152545586
v -0.14319326 0.0338608734 -0.157207459
v -0.14319326 0.0369691215 -0.157207459
v -0.131938547 0.0369691215 -0.152545586
v -0.131938547 0.0338608734 -0.152545586
v -0.14319326 0.0369691215 -0.157207459
v -0.14319326 0.0338608734 -0.157207459
v -0.154447809 0.0338608734 -0.152545586
v -0.154447809 0.0369691215 -0.152545586
v -0.14319326 0.0369691215 -0.157207459
v -0.14319326 0.0338608734 -0.157207459
v -0.154447809 0.0369691215 -0.152545586
v -0.154447809 0.0338608734 -0.152545586
v -0.159109637 0.0338608772 -0.141291052
v -0.159109637 0.0369691215 -0.141291052
v -0.154447809 0.0369691215 -0.152545586
v -0.154447809 0.0338608734 -0.152545586
v -0.159109637 0.0369691215 -0.141291052
v -0.159109637 0.0338608772 -0.141291052
v -0.154447809 0.0338608772 -0.130036414
v -0.154447809 0.0369691253 -0.130036414
v -0.159109637 0.0369691215 -0.141291052
v -0.159109637 0.0338608772 -0.141291052
v -0.154447809 0.0369691253 -0.130036414
v -0.154447809 0.0338608772 -0.130036414
v -0.143193141 0.0338608772 -0.12537457
v -0.143193141 0.0369691253 -0.12537457
v -0.154447809 0.0369691253 -0.130036414
v -0.154447809 0.0338608772 -0.130036414
v -0.143193141 0.0369691253 -0.12537457
v -0.143193141 0.0338608772 -0.12537457
v -0.131938547 0.0338608772 -0.130036443
v -0.131938547 0.0369691253 -0.130036443
v -0.143193141 0.0369691253 -0.12537457
v -0.143193141 0.0338608772 -0.12537457
v -0.131938547 0.0369691253 -0.130036443
v -0.131938547 0.0338608772 -0.130036443
v -0.127276763 0.0338608772 -0.141290992
v -0.127276763 0.0369691215 -0.141290992
v -0.131938547 0.0369691253 -0.130036443
v -0.131938547 0.0338608772 -0.130036443
v -0.127276763 0.0369691215 -0.141290992
v -0.131938547 0.0338608734 -0.152545586
v -0.131938547 0.0369691215 -0.152545586
v -0.127276763 0.0369691215 -0.141290992
v -0.127276763 0.0338608772 -0.141290992
v -0.131938547 0.0338608734 -0.152545586
v -0.127276763 0.0369691215 -0.141290992
v -0.0585655682 0.0450504348 -0.150908053
v -0.0681825951 0.046708066 -0.152989283
v -0.0599107035 0.0467080697 -0.149562955
v -0.0585655682 0.0450504348 -0.150908053
v -0.0681826621 0.0450504348 -0.154891565
v -0.0681825951 0.046708066 -0.152989283
v -0.0681826621 0.0433927067 -0.154891565
v -0.0681826621 0.0450504348 -0.154891565
v -0.0585655682 0.0450504348 -0.150908053
v -0.0585655682 0.0433927067 -0.150908053
v -0.0681826621 0.0433927067 -0.154891565
v -0.0585655682 0.0450504348 -0.150908053
v -0.0681826621 0.0417350009 -0.153286055
v -0.0681826621 0.0433927067 -0.154891565
v -0.0585655682 0.0433927067 -0.150908053
v -0.0597009473 0.0417350009 -0.149772719
v -0.0681826621 0.0417350009 -0.153286055
v -0.0585655682 0.0433927067 -0.150908053
v -0.0681826621 0.0450504348 -0.154891565
v -0.0764545053 0.0467080697 -0.149562955
v -0.0681825951 0.046708066 -0.152989283
v -0.0681826621 0.0450504348 -0.154891565
v -0.0777996406 0.0450504348 -0.150908053
v -0.0764545053 0.0467080697 -0.149562955
v -0.0777996406 0.0433927067 -0.150908053
v -0.0777996406 0.0450504348 -0.150908053
v -0.0681826621 0.0450504348 -0.154891565
v -0.0681826621 0.0433927067 -0.154891565
v -0.0777996406 0.0433927067 -0.150908053
v -0.0681826621 0.0450504348 -0.154891565
v -0.076664418 0.0417350009 -0.149772719
v -0.0777996406 0.0433927067 -0.150908053
v -0.0681826621 0.0433927067 -0.154891565
v -0.0681826621 0.0417350009 -0.153286055
v -0.076664418 0.0417350009 -0.149772719
v -0.0681826621 0.0433927067 -0.154891565
v -0.0777996406 0.0450504348 -0.150908053
v -0.0798808411 0.0467080697 -0.141291052
v -0.0764545053 0.0467080697 -0.149562955
v -0.0777996406 0.0450504348 -0.150908053
v -0.0817831755 0.0450504348 -0.141290992
v -0.0798808411 0.0467080697 -0.141291052
v -0.0817831755 0.0433927067 -0.141290992
v -0.0817831755 0.0450504348 -0.141290992
v -0.0777996406 0.0450504348 -0.150908053
v -0.0777996406 0.0433927067 -0.150908053
v -0.0817831755 0.0433927067 -0.141290992
v -0.0777996406 0.0450504348 -0.150908053
v -0.0801776648 0.0417350009 -0.141291052
v -0.0817831755 0.0433927067 -0.141290992
v -0.0777996406 0.0433927067 -0.150908053
v -0.076664418 0.0417350009 -0.149772719
v -0.0801776648 0.0417350009 -0.141291052
v -0.0777996406 0.0433927067 -0.150908053
v -0.0817831755 0.0450504348 -0.141290992
v -0.0764545053 0.0467080697 -0.133019105
v -0.0798808411 0.0467080697 -0.141291052
v -0.0817831755 0.0450504348 -0.141290992
v -0.0777996406 0.0450504385 -0.131673977
v -0.0764545053 0.0467080697 -0.133019105
v -0.0777996406 0.0433927067 -0.131673977
v -0.0777996406 0.0450504385 -0.131673977
v -0.0817831755 0.0450504348 -0.141290992
v -0.0817831755 0.0433927067 -0.141290992
v -0.0777996406 0.0433927067 -0.131673977
v -0.0817831755 0.0450504348 -0.141290992
v -0.076664418 0.0417350046 -0.132809237
v -0.0777996406 0.0433927067 -0.131673977
v -0.0817831755 0.0433927067 -0.141290992
v -0.0801776648 0.0417350009 -0.141291052
v -0.076664418 0.0417350046 -0.132809237
v -0.0817831755 0.0433927067 -0.141290992
v -0.0681826398 0.0450504385 -0.127690479
v -0.0681825951 0.0467080697 -0.129592776
v -0.0764545053 0.0467080697 -0.133019105
v -0.0777996406 0.0450504385 -0.131673977
v -0.0681826398 0.0450504385 -0.127690479
v -0.0764545053 0.0467080697 -0.133019105
v -0.0681826398 0.0433927104 -0.127690479
v -0.0681826398 0.0450504385 -0.127690479
v -0.0777996406 0.0450504385 -0.131673977
v -0.0777996406 0.0433927067 -0.131673977
v -0.0681826398 0.0433927104 -0.127690479
v -0.0777996406 0.0450504385 -0.131673977
v -0.076664418 0.0417350046 -0.132809237
v -0.0681826398 0.0433927104 -0.127690479
v -0.0777996406 0.0433927067 -0.131673977
v -0.076664418 0.0417350046 -0.132809237
v -0.0681825951 0.0417350046 -0.129296035
v -0.0681826398 0.0433927104 -0.127690479
v -0.0585655682 0.0450504385 -0.131673977
v -0.0599107035 0.0467080697 -0.13301909
v -0.0681825951 0.0467080697 -0.129592776
v -0.0681826398 0.0450504385 -0.127690479
v -0.0585655682 0.0450504385 -0.131673977
v -0.0681825951 0.0467080697 -0.129592776
v -0.0585655682 0.0433927067 -0.131673977
v -0.0585655682 0.0450504385 -0.131673977
v -0.0681826398 0.0450504385 -0.127690479
v -0.0681826398 0.0433927104 -0.127690479
v -0.0585655682 0.0433927067 -0.131673977
v -0.0681826398 0.0450504385 -0.127690479
v -0.0681825951 0.0417350046 -0.129296035
v -0.0585655682 0.0433927067 -0.131673977
v -0.0681826398 0.0433927104 -0.127690479
v -0.0681825951 0.0417350046 -0.129296035
v -0.0597009473 0.0417350046 -0.132809237
v -0.0585655682 0.0433927067 -0.131673977
v -0.0545821339 0.0450504348 -0.141290992
v -0.0564844161 0.0467080697 -0.141291052
v -0.0599107035 0.0467080697 -0.13301909
v -0.0585655682 0.0450504385 -0.131673977
v -0.0545821339 0.0450504348 -0.141290992
v -0.0599107035 0.0467080697 -0.13301909
v -0.0545821339 0.0433927067 -0.141290992
v -0.0545821339 0.0450504348 -0.141290992
v -0.0585655682 0.0450504385 -0.131673977
v -0.0585655682 0.0433927067 -0.131673977
v -0.0545821339 0.0433927067 -0.141290992
v -0.0585655682 0.0450504385 -0.131673977
v -0.0597009473 0.0417350046 -0.132809237
v -0.0545821339 0.0433927067 -0.141290992
v -0.0585655682 0.0433927067 -0.131673977
v -0.0597009473 0.0417350046 -0.132809237
v -0.0561875962 0.0417350009 -0.141291052
v -0.0545821339 0.0433927067 -0.141290992
v -0.0564844161 0.0467080697 -0.141291052
v -0.0585655682 0.0450504348 -0.150908053
v -0.0599107035 0.0467080697 -0.149562955
v -0.0564844161 0.0467080697 -0.141291052
v -0.0545821339 0.0450504348 -0.141290992
v -0.0585655682 0.0450504348 -0.150908053
v -0.0545821339 0.0433927067 -0.141290992
v -0.0585655682 0.0433927067 -0.150908053
v -0.0585655682 0.0450504348 -0.150908053
v -0.0545821339 0.0450504348 -0.141290992
v -0.0545821339 0.0433927067 -0.141290992
v -0.0585655682 0.0450504348 -0.150908053
v -0.0561875962 0.0417350009 -0.141291052
v -0.0597009473 0.0417350009 -0.149772719
v -0.0585655682 0.0433927067 -0.150908053
v -0.0545821339 0.0433927067 -0.141290992
v -0.0561875962 0.0417350009 -0.141291052
v -0.0585655682 0.0433927067 -0.150908053
v -0.0597009473 0.0388340168 -0.149772719
v -0.0597009473 0.0417350009 -0.149772719
v -0.0561875962 0.0417350009 -0.141291052
v -0.0561875962 0.0388340168 -0.141291052
v -0.0597009473 0.0388340168 -0.149772719
v -0.0561875962 0.0417350009 -0.141291052
v -0.0597009473 0.0388340168 -0.132809266
v -0.0561875962 0.0388340168 -0.141291052
v -0.0561875962 0.0417350009 -0.141291052
v -0.0597009473 0.0417350046 -0.132809237
v -0.0597009473 0.0388340168 -0.132809266
v -0.0561875962 0.0417350009 -0.141291052
v -0.0681825951 0.0388340168 -0.129296035
v -0.0597009473 0.0388340168 -0.132809266
v -0.0597009473 0.0417350046 -0.132809237
v -0.0681825951 0.0417350046 -0.129296035
v -0.0681825951 0.0388340168 -0.129296035
v -0.0597009473 0.0417350046 -0.132809237
v -0.076664418 0.0388340168 -0.132809237
v -0.0681825951 0.0388340168 -0.129296035
v -0.0681825951 0.0417350046 -0.129296035
v -0.076664418 0.0417350046 -0.132809237
v -0.076664418 0.0388340168 -0.132809237
v -0.0681825951 0.0417350046 -0.129296035
v -0.0801776648 0.0388340168 -0.141291052
v -0.076664418 0.0388340168 -0.132809237
v -0.076664418 0.0417350046 -0.132809237
v -0.0801776648 0.0417350009 -0.141291052
v -0.0801776648 0.0388340168 -0.141291052
v -0.076664418 0.0417350046 -0.132809237
v -0.076664418 0.0388340168 -0.149772719
v -0.0801776648 0.0388340168 -0.141291052
v -0.0801776648 0.0417350009 -0.141291052
v -0.076664418 0.0417350009 -0.149772719
v -0.076664418 0.0388340168 -0.149772719
v -0.0801776648 0.0417350009 -0.141291052
v -0.0681826621 0.038834013 -0.153286055
v -0.076664418 0.0388340168 -0.149772719
v -0.076664418 0.0417350009 -0.149772719
v -0.0681826621 0.0417350009 -0.153286055
v -0.0681826621 0.038834013 -0.153286055
v -0.076664418 0.0417350009 -0.149772719
v -0.0597009473 0.0388340168 -0.149772719
v -0.0681826621 0.038834013 -0.153286055
v -0.0681826621 0.0417350009 -0.153286055
v -0.0597009473 0.0417350009 -0.149772719
v -0.0597009473 0.0388340168 -0.149772719
v -0.0681826621 0.0417350009 -0.153286055
v -0.0576406494 0.0381720141 -0.151833102
v -0.0681826621 0.0381720141 -0.156199709
v -0.0681826621 0.038834013 -0.153286055
v -0.0597009473 0.0388340168 -0.149772719
v -0.0576406494 0.0381720141 -0.151833102
v -0.0681826621 0.038834013 -0.153286055
v -0.0681826621 0.0381720141 -0.156199709
v -0.0787247866 0.0381720141 -0.151833102
v -0.076664418 0.0388340168 -0.149772719
v -0.0681826621 0.038834013 -0.153286055
v -0.0681826621 0.0381720141 -0.156199709
v -0.076664418 0.0388340168 -0.149772719
v -0.0787247866 0.0381720141 -0.151833102
v -0.0830914006 0.0381720178 -0.141290992
v -0.0801776648 0.0388340168 -0.141291052
v -0.076664418 0.0388340168 -0.149772719
v -0.0787247866 0.0381720141 -0.151833102
v -0.0801776648 0.0388340168 -0.141291052
v -0.0830914006 0.0381720178 -0.141290992
v -0.0787247568 0.0381720178 -0.130748868
v -0.076664418 0.0388340168 -0.132809237
v -0.0801776648 0.0388340168 -0.141291052
v -0.0830914006 0.0381720178 -0.141290992
v -0.076664418 0.0388340168 -0.132809237
v -0.076664418 0.0388340168 -0.132809237
v -0.0681826398 0.0381720178 -0.126382217
v -0.0681825951 0.0388340168 -0.129296035
v -0.076664418 0.0388340168 -0.132809237
v -0.0787247568 0.0381720178 -0.130748868
v -0.0681826398 0.0381720178 -0.126382217
v -0.0681825951 0.0388340168 -0.129296035
v -0.0576406494 0.0381720178 -0.130748928
v -0.0597009473 0.0388340168 -0.132809266
v -0.0681825951 0.0388340168 -0.129296035
v -0.0681826398 0.0381720178 -0.126382217
v -0.0576406494 0.0381720178 -0.130748928
v -0.0597009473 0.0388340168 -0.132809266
v -0.0532739572 0.0381720178 -0.141290992
v -0.0561875962 0.0388340168 -0.141291052
v -0.0597009473 0.0388340168 -0.132809266
v -0.0576406494 0.0381720178 -0.130748928
v -0.0532739572 0.0381720178 -0.141290992
v -0.0576406494 0.0381720141 -0.151833102
v -0.0597009473 0.0388340168 -0.149772719
v -0.0561875962 0.0388340168 -0.141291052
v -0.0532739572 0.0381720178 -0.141290992
v -0.0576406494 0.0381720141 -0.151833102
v -0.0561875962 0.0388340168 -0.141291052
v -0.0569280274 0.0369691215 -0.152545586
v -0.0576406494 0.0381720141 -0.151833102
v -0.0532739572 0.0381720178 -0.141290992
v -0.0522662662 0.0369691215 -0.141290992
v -0.0569280274 0.0369691215 -0.152545586
v -0.0532739572 0.0381720178 -0.141290992
v -0.0569280274 0.0369691253 -0.130036443
v -0.0522662662 0.0369691215 -0.141290992
v -0.0532739572 0.0381720178 -0.141290992
v -0.0576406494 0.0381720178 -0.130748928
v -0.0569280274 0.0369691253 -0.130036443
v -0.0532739572 0.0381720178 -0.141290992
v -0.0681826174 0.0369691253 -0.12537457
v -0.0569280274 0.0369691253 -0.130036443
v -0.0576406494 0.0381720178 -0.130748928
v -0.0681826398 0.0381720178 -0.126382217
v -0.0681826174 0.0369691253 -0.12537457
v -0.0576406494 0.0381720178 -0.130748928
v -0.079437308 0.0369691253 -0.130036414
v -0.0681826174 0.0369691253 -0.12537457
v -0.0681826398 0.0381720178 -0.126382217
v -0.0787247568 0.0381720178 -0.130748868
v -0.079437308 0.0369691253 -0.130036414
v -0.0681826398 0.0381720178 -0.126382217
v -0.0830914006 0.0381720178 -0.141290992
v -0.079437308 0.0369691253 -0.130036414
v -0.0787247568 0.0381720178 -0.130748868
v -0.0830914006 0.0381720178 -0.141290992
v -0.0840991139 0.0369691215 -0.141291052
v -0.079437308 0.0369691253 -0.130036414
v -0.0787247866 0.0381720141 -0.151833102
v -0.0840991139 0.0369691215 -0.141291052
v -0.0830914006 0.0381720178 -0.141290992
v -0.0787247866 0.0381720141 -0.151833102
v -0.079437308 0.0369691215 -0.152545586
v -0.0840991139 0.0369691215 -0.141291052
v -0.0681827441 0.0369691215 -0.157207459
v -0.079437308 0.0369691215 -0.152545586
v -0.0787247866 0.0381720141 -0.151833102
v -0.0681826621 0.0381720141 -0.156199709
v -0.0681827441 0.0369691215 -0.157207459
v -0.0787247866 0.0381720141 -0.151833102
v -0.0569280274 0.0369691215 -0.152545586
v -0.0681827441 0.0369691215 -0.157207459
v -0.0681826621 0.0381720141 -0.156199709
v -0.0576406494 0.0381720141 -0.151833102
v -0.0569280274 0.0369691215 -0.152545586
v -0.0681826621 0.0381720141 -0.156199709
v -0.0569280274 0.0338608734 -0.152545586
v -0.0681827441 0.0338608734 -0.157207459
v -0.0681827441 0.0369691215 -0.157207459
v -0.0569280274 0.0369691215 -0.152545586
v -0.0569280274 0.0338608734 -0.152545586
v -0.0681827441 0.0369691215 -0.157207459
v -0.0681827441 0.0338608734 -0.157207459
v -0.079437308 0.0338608734 -0.152545586
v -0.079437308 0.0369691215 -0.152545586
v -0.0681827441 0.0369691215 -0.157207459
v -0.0681827441 0.0338608734 -0.157207459
v -0.079437308 0.0369691215 -0.152545586
v -0.079437308 0.0338608734 -0.152545586
v -0.0840991139 0.0338608772 -0.141291052
v -0.0840991139 0.0369691215 -0.141291052
v -0.079437308 0.0369691215 -0.152545586
v -0.079437308 0.0338608734 -0.152545586
v -0.0840991139 0.0369691215 -0.141291052
v -0.0840991139 0.0338608772 -0.141291052
v -0.079437308 0.0338608772 -0.130036414
v -0.079437308 0.0369691253 -0.130036414
v -0.0840991139 0.0369691215 -0.141291052
v -0.0840991139 0.0338608772 -0.141291052
v -0.079437308 0.0369691253 -0.130036414
v -0.079437308 0.0338608772 -0.130036414
v -0.0681826174 0.0338608772 -0.12537457
v -0.0681826174 0.0369691253 -0.12537457
v -0.079437308 0.0369691253 -0.130036414
v -0.079437308 0.0338608772 -0.130036414
v -0.0681826174 0.0369691253 -0.12537457
v -0.0681826174 0.0338608772 -0.12537457
v -0.0569280274 0.0338608772 -0.130036443
v -0.0569280274 0.0369691253 -0.130036443
v -0.0681826174 0.0369691253 -0.12537457
v -0.0681826174 0.0338608772 -0.12537457
v -0.0569280274 0.0369691253 -0.130036443
v -0.0569280274 0.0338608772 -0.130036443
v -0.0522662662 0.0338608772 -0.141290992
v -0.0522662662 0.0369691215 -0.141290992
v -0.0569280274 0.0369691253 -0.130036443
v -0.0569280274 0.0338608772 -0.130036443
v -0.0522662662 0.0369691215 -0.141290992
v -0.0569280274 0.0338608734 -0.152545586
v -0.0569280274 0.0369691215 -0.152545586
v -0.0522662662 0.0369691215 -0.141290992
v -0.0522662662 0.0338608772 -0.141290992
v -0.0569280274 0.0338608734 -0.152545586
v -0.0522662662 0.0369691215 -0.141290992
v 0.0164449532 0.0450504348 -0.150908053
v 0.00682792766 0.046708066 -0.152989283
v 0.0150998067 0.0467080697 -0.149562955
v 0.0164449532 0.0450504348 -0.150908053
v 0.00682785409 0.0450504348 -0.154891565
v 0.00682792766 0.046708066 -0.152989283
v 0.00682785409 0.0433927067 -0.154891565
v 0.00682785409 0.0450504348 -0.154891565
v 0.0164449532 0.0450504348 -0.150908053
v 0.0164449532 0.0433927067 -0.150908053
v 0.00682785409 0.0433927067 -0.154891565
v 0.0164449532 0.0450504348 -0.150908053
v 0.00682785409 0.0417350009 -0.153286055
v 0.00682785409 0.0433927067 -0.154891565
v 0.0164449532 0.0433927067 -0.150908053
v 0.0153095564 0.0417350009 -0.149772719
v 0.00682785409 0.0417350009 -0.153286055
v 0.0164449532 0.0433927067 -0.150908053
v 0.00682785409 0.0450504348 -0.154891565
v -0.00144399935 0.0467080697 -0.149562955
v 0.00682792766 0.046708066 -0.152989283
v 0.00682785409 0.0450504348 -0.154891565
v -0.00278909621 0.0450504348 -0.150908053
v -0.00144399935 0.0467080697 -0.149562955
v -0.00278909621 0.0433927067 -0.150908053
v -0.00278909621 0.0450504348 -0.150908053
v 0.00682785409 0.0450504348 -0.154891565
v 0.00682785409 0.0433927067 -0.154891565
v -0.00278909621 0.0433927067 -0.150908053
v 0.00682785409 0.0450504348 -0.154891565
v -0.00165387022 0.0417350009 -0.149772719
v -0.00278909621 0.0433927067 -0.150908053
v 0.00682785409 0.0433927067 -0.154891565
v 0.00682785409 0.0417350009 -0.153286055
v -0.00165387022 0.0417350009 -0.149772719
v 0.00682785409 0.0433927067 -0.154891565
v -0.00278909621 0.0450504348 -0.150908053
v -0.00487031648 0.0467080697 -0.141291052
v -0.00144399935 0.0467080697 -0.149562955
v -0.00278909621 0.0450504348 -0.150908053
v -0.00677267229 0.0450504348 -0.141290992
v -0.00487031648 0.0467080697 -0.141291052
v -0.00677267229 0.0433927067 -0.141290992
v -0.00677267229 0.0450504348 -0.141290992
v -0.00278909621 0.0450504348 -0.150908053
v -0.00278909621 0.0433927067 -0.150908053
v -0.00677267229 0.0433927067 -0.141290992
v -0.00278909621 0.0450504348 -0.150908053
v -0.00516714854 0.0417350009 -0.141291052
v -0.00677267229 0.0433927067 -0.141290992
v -0.00278909621 0.0433927067 -0.150908053
v -0.00165387022 0.0417350009 -0.149772719
v -0.00516714854 0.0417350009 -0.141291052
v -0.00278909621 0.0433927067 -0.150908053
v -0.00677267229 0.0450504348 -0.141290992
v -0.00144399935 0.0467080697 -0.133019105
v -0.00487031648 0.0467080697 -0.141291052
v -0.00677267229 0.0450504348 -0.141290992
v -0.00278909621 0.0450504385 -0.131673977
v -0.00144399935 0.0467080697 -0.133019105
v -0.00278909621 0.0433927067 -0.131673977
v -0.00278909621 0.0450504385 -0.131673977
v -0.00677267229 0.0450504348 -0.141290992
v -0.00677267229 0.0433927067 -0.141290992
v -0.00278909621 0.0433927067 -0.131673977
v -0.00677267229 0.0450504348 -0.141290992
v -0.00165387022 0.0417350046 -0.132809237
v -0.00278909621 0.0433927067 -0.131673977
v -0.00677267229 0.0433927067 -0.141290992
v -0.00516714854 0.0417350009 -0.141291052
v -0.00165387022 0.0417350046 -0.132809237
v -0.00677267229 0.0433927067 -0.141290992
v 0.00682787923 0.0450504385 -0.127690479
v 0.00682792766 0.0467080697 -0.129592776
v -0.00144399935 0.0467080697 -0.133019105
v -0.00278909621 0.0450504385 -0.131673977
v 0.00682787923 0.0450504385 -0.127690479
v -0.00144399935 0.0467080697 -0.133019105
v 0.00682787923 0.0433927104 -0.127690479
v 0.00682787923 0.0450504385 -0.127690479
v -0.00278909621 0.0450504385 -0.131673977
v -0.00278909621 0.0433927067 -0.131673977
v 0.00682787923 0.0433927104 -0.127690479
v -0.00278909621 0.0450504385 -0.131673977
v -0.00165387022 0.0417350046 -0.132809237
v 0.00682787923 0.0433927104 -0.127690479
v -0.00278909621 0.0433927067 -0.131673977
v -0.00165387022 0.0417350046 -0.132809237
v 0.00682792766 0.0417350046 -0.129296035
v 0.00682787923 0.0433927104 -0.127690479
v 0.0164449532 0.0450504385 -0.131673977
v 0.0150998067 0.0467080697 -0.13301909
v 0.00682792766 0.0467080697 -0.129592776
v 0.00682787923 0.0450504385 -0.127690479
v 0.0164449532 0.0450504385 -0.131673977
v 0.00682792766 0.0467080697 -0.129592776
v 0.0164449532 0.0433927067 -0.131673977
v 0.0164449532 0.0450504385 -0.131673977
v 0.00682787923 0.0450504385 -0.127690479
v 0.00682787923 0.0433927104 -0.127690479
v 0.0164449532 0.0433927067 -0.131673977
v 0.00682787923 0.0450504385 -0.127690479
v 0.00682792766 0.0417350046 -0.129296035
v 0.0164449532 0.0433927067 -0.131673977
v 0.00682787923 0.0433927104 -0.127690479
v 0.00682792766 0.0417350046 -0.129296035
v 0.0153095564 0.0417350046 -0.132809237
v 0.0164449532 0.0433927067 -0.131673977
v 0.0204283819 0.0450504348 -0.141290992
v 0.0185260978 0.0467080697 -0.141291052
v 0.0150998067 0.0467080697 -0.13301909
v 0.0164449532 0.0450504385 -0.131673977
v 0.0204283819 0.0450504348 -0.141290992
v 0.0150998067 0.0467080697 -0.13301909
v 0.0204283819 0.0433927067 -0.141290992
v 0.0204283819 0.0450504348 -0.141290992
v 0.0164449532 0.0450504385 -0.131673977
v 0.0164449532 0.0433927067 -0.131673977
v 0.0204283819 0.0433927067 -0.141290992
v 0.0164449532 0.0450504385 -0.131673977
v 0.0153095564 0.0417350046 -0.132809237
v 0.0204283819 0.0433927067 -0.141290992
v 0.0164449532 0.0433927067 -0.131673977
v 0.0153095564 0.0417350046 -0.132809237
v 0.0188229345 0.0417350009 -0.141291052
v 0.0204283819 0.0433927067 -0.141290992
v 0.0185260978 0.0467080697 -0.141291052
v 0.0164449532 0.0450504348 -0.150908053
v 0.0150998067 0.0467080697 -0.149562955
v 0.0185260978 0.0467080697 -0.141291052
v 0.0204283819 0.0450504348 -0.141290992
v 0.0164449532 0.0450504348 -0.150908053
v 0.0204283819 0.0433927067 -0.141290992
v 0.0164449532 0.0433927067 -0.150908053
v 0.0164449532 0.0450504348 -0.150908053
v 0.0204283819 0.0450504348 -0.141290992
v 0.0204283819 0.0433927067 -0.141290992
v 0.0164449532 0.0450504348 -0.150908053
v 0.0188229345 0.0417350009 -0.141291052
v 0.0153095564 0.0417350009 -0.149772719
v 0.0164449532 0.0433927067 -0.150908053
v 0.0204283819 0.0433927067 -0.141290992
v 0.0188229345 0.0417350009 -0.141291052
v 0.0164449532 0.0433927067 -0.150908053
v 0.0153095564 0.0388340168 -0.149772719
v 0.0153095564 0.0417350009 -0.149772719
v 0.0188229345 0.0417350009 -0.141291052
v 0.0188229345 0.0388340168 -0.141291052
v 0.0153095564 0.0388340168 -0.149772719
v 0.0188229345 0.0417350009 -0.141291052
v 0.0153095564 0.0388340168 -0.132809266
v 0.0188229345 0.0388340168 -0.141291052
v 0.0188229345 0.0417350009 -0.141291052
v 0.0153095564 0.0417350046 -0.132809237
v 0.0153095564 0.0388340168 -0.132809266
v 0.0188229345 0.0417350009 -0.141291052
v 0.00682792766 0.0388340168 -0.129296035
v 0.0153095564 0.0388340168 -0.132809266
v 0.0153095564 0.0417350046 -0.132809237
v 0.00682792766 0.0417350046 -0.129296035
v 0.00682792766 0.0388340168 -0.129296035
v 0.0153095564 0.0417350046 -0.132809237
v -0.00165387022 0.0388340168 -0.132809237
v 0.00682792766 0.0388340168 -0.129296035
v 0.00682792766 0.0417350046 -0.129296035
v -0.00165387022 0.0417350046 -0.132809237
v -0.00165387022 0.0388340168 -0.132809237
v 0.00682792766 0.0417350046 -0.129296035
v -0.00516714854 0.0388340168 -0.141291052
v -0.00165387022 0.0388340168 -0.132809237
v -0.00165387022 0.0417350046 -0.132809237
v -0.00516714854 0.0417350009 -0.141291052
v -0.00516714854 0.0388340168 -0.141291052
v -0.00165387022 0.0417350046 -0.132809237
v -0.00165387022 0.0388340168 -0.149772719
v -0.00516714854 0.0388340168 -0.141291052
v -0.00516714854 0.0417350009 -0.141291052
v -0.00165387022 0.0417350009 -0.149772719
v -0.00165387022 0.0388340168 -0.149772719
v -0.00516714854 0.0417350009 -0.141291052
v 0.00682785409 0.038834013 -0.153286055
v -0.00165387022 0.0388340168 -0.149772719
v -0.00165387022 0.0417350009 -0.149772719
v 0.00682785409 0.0417350009 -0.153286055
v 0.00682785409 0.038834013 -0.153286055
v -0.00165387022 0.0417350009 -0.149772719
v 0.0153095564 0.0388340168 -0.149772719
v 0.00682785409 0.038834013 -0.153286055
v 0.00682785409 0.0417350009 -0.153286055
v 0.0153095564 0.0417350009 -0.149772719
v 0.0153095564 0.0388340168 -0.149772719
v 0.00682785409 0.0417350009 -0.153286055
v 0.0173698738 0.0381720141 -0.151833102
v 0.00682785409 0.0381720141 -0.156199709
v 0.00682785409 0.038834013 -0.153286055
v 0.0153095564 0.0388340168 -0.149772719
v 0.0173698738 0.0381720141 -0.151833102
v 0.00682785409 0.038834013 -0.153286055
v 0.00682785409 0.0381720141 -0.156199709
v -0.00371428113 0.0381720141 -0.151833102
v -0.00165387022 0.0388340168 -0.149772719
v 0.00682785409 0.038834013 -0.153286055
v 0.00682785409 0.0381720141 -0.156199709
v -0.00165387022 0.0388340168 -0.149772719
v -0.00371428113 0.0381720141 -0.151833102
v -0.00808085315 0.0381720178 -0.141290992
v -0.00516714854 0.0388340168 -0.141291052
v -0.00165387022 0.0388340168 -0.149772719
v -0.00371428113 0.0381720141 -0.151833102
v -0.00516714854 0.0388340168 -0.141291052
v -0.00808085315 0.0381720178 -0.141290992
v -0.00371425529 0.0381720178 -0.130748868
v -0.00165387022 0.0388340168 -0.132809237
v -0.00516714854 0.0388340168 -0.141291052
v -0.00808085315 0.0381720178 -0.141290992
v -0.00165387022 0.0388340168 -0.132809237
v -0.00165387022 0.0388340168 -0.132809237
v 0.00682787923 0.0381720178 -0.126382217
v 0.00682792766 0.0388340168 -0.129296035
v -0.00165387022 0.0388340168 -0.132809237
v -0.00371425529 0.0381720178 -0.130748868
v 0.00682787923 0.0381720178 -0.126382217
v 0.00682792766 0.0388340168 -0.129296035
v 0.0173698738 0.0381720178 -0.130748928
v 0.0153095564 0.0388340168 -0.132809266
v 0.00682792766 0.0388340168 -0.129296035
v 0.00682787923 0.0381720178 -0.126382217
v 0.0173698738 0.0381720178 -0.130748928
v 0.0153095564 0.0388340168 -0.132809266
v 0.0217365623 0.0381720178 -0.141290992
v 0.0188229345 0.0388340168 -0.141291052
v 0.0153095564 0.0388340168 -0.132809266
v 0.0173698738 0.0381720178 -0.130748928
v 0.0217365623 0.0381720178 -0.141290992
v 0.0173698738 0.0381720141 -0.151833102
v 0.0153095564 0.0388340168 -0.149772719
v 0.0188229345 0.0388340168 -0.141291052
v 0.0217365623 0.0381720178 -0.141290992
v 0.0173698738 0.0381720141 -0.151833102
v 0.0188229345 0.0388340168 -0.141291052
v 0.0180824976 0.0369691215 -0.152545586
v 0.0173698738 0.0381720141 -0.151833102
v 0.0217365623 0.0381720178 -0.141290992
v 0.0227442551 0.0369691215 -0.141290992
v 0.0180824976 0.0369691215 -0.152545586
v 0.0217365623 0.0381720178 -0.141290992
v 0.0180824976 0.0369691253 -0.130036443
v 0.0227442551 0.0369691215 -0.141290992
v 0.0217365623 0.0381720178 -0.141290992
v 0.0173698738 0.0381720178 -0.130748928
v 0.0180824976 0.0369691253 -0.130036443
v 0.0217365623 0.0381720178 -0.141290992
v 0.00682790484 0.0369691253 -0.12537457
v 0.0180824976 0.0369691253 -0.130036443
v 0.0173698738 0.0381720178 -0.130748928
v 0.00682787923 0.0381720178 -0.126382217
v 0.00682790484 0.0369691253 -0.12537457
v 0.0173698738 0.0381720178 -0.130748928
v -0.00442678668 0.0369691253 -0.130036414
v 0.00682790484 0.0369691253 -0.12537457
v 0.00682787923 0.0381720178 -0.126382217
v -0.00371425529 0.0381720178 -0.130748868
v -0.00442678668 0.0369691253 -0.130036414
v 0.00682787923 0.0381720178 -0.126382217
v -0.00808085315 0.0381720178 -0.141290992
v -0.00442678668 0.0369691253 -0.130036414
v -0.00371425529 0.0381720178 -0.130748868
v -0.00808085315 0.0381720178 -0.141290992
v -0.00908861589 0.0369691215 -0.141291052
v -0.00442678668 0.0369691253 -0.130036414
v -0.00371428113 0.0381720141 -0.151833102
v -0.00908861589 0.0369691215 -0.141291052
v -0.00808085315 0.0381720178 -0.141290992
v -0.00371428113 0.0381720141 -0.151833102
v -0.00442678668 0.0369691215 -0.152545586
v -0.00908861589 0.0369691215 -0.141291052
v 0.00682778284 0.0369691215 -0.157207459
v -0.00442678668 0.0369691215 -0.152545586
v -0.00371428113 0.0381720141 -0.151833102
v 0.00682785409 0.0381720141 -0.156199709
v 0.00682778284 0.0369691215 -0.157207459
v -0.00371428113 0.0381720141 -0.151833102
v 0.0180824976 0.0369691215 -0.152545586
v 0.00682778284 0.0369691215 -0.157207459
v 0.00682785409 0.0381720141 -0.156199709
v 0.0173698738 0.0381720141 -0.151833102
v 0.0180824976 0.0369691215 -0.152545586
v 0.00682785409 0.0381720141 -0.156199709
v 0.0180824976 0.0338608734 -0.152545586
v 0.00682778284 0.0338608734 -0.157207459
v 0.00682778284 0.0369691215 -0.157207459
v 0.0180824976 0.0369691215 -0.152545586
v 0.0180824976 0.0338608734 -0.152545586
v 0.00682778284 0.0369691215 -0.157207459
v 0.00682778284 0.0338608734 -0.157207459
v -0.00442678668 0.0338608734 -0.152545586
v -0.00442678668 0.0369691215 -0.152545586
v 0.00682778284 0.0369691215 -0.157207459
v 0.00682778284 0.0338608734 -0.157207459
v -0.00442678668 0.0369691215 -0.152545586
v -0.00442678668 0.0338608734 -0.152545586
v -0.00908861589 0.0338608772 -0.141291052
v -0.00908861589 0.0369691215 -0.141291052
v -0.00442678668 0.0369691215 -0.152545586
v -0.00442678668 0.0338608734 -0.152545586
v -0.00908861589 0.0369691215 -0.141291052
v -0.00908861589 0.0338608772 -0.141291052
v -0.00442678668 0.0338608772 -0.130036414
v -0.00442678668 0.0369691253 -0.130036414
v -0.00908861589 0.0369691215 -0.141291052
v -0.00908861589 0.0338608772 -0.141291052
v -0.00442678668 0.0369691253 -0.130036414
v -0.00442678668 0.0338608772 -0.130036414
v 0.00682790484 0.0338608772 -0.12537457
v 0.00682790484 0.0369691253 -0.12537457
v -0.00442678668 0.0369691253 -0.130036414
v -0.00442678668 0.0338608772 -0.130036414
v 0.00682790484 0.0369691253 -0.12537457
v 0.00682790484 0.0338608772 -0.12537457
v 0.0180824976 0.0338608772 -0.130036443
v 0.0180824976 0.0369691253 -0.130036443
v 0.00682790484 0.0369691253 -0.12537457
v 0.00682790484 0.0338608772 -0.12537457
v 0.0180824976 0.0369691253 -0.130036443
v 0.0180824976 0.0338608772 -0.130036443
v 0.0227442551 0.0338608772 -0.141290992
v 0.0227442551 0.0369691215 -0.141290992
v 0.0180824976 0.0369691253 -0.130036443
v 0.0180824976 0.0338608772 -0.130036443
v 0.0227442551 0.0369691215 -0.141290992
v 0.0180824976 0.0338608734 -0.152545586
v 0.0180824976 0.0369691215 -0.152545586
v 0.0227442551 0.0369691215 -0.141290992
v 0.0227442551 0.0338608772 -0.141290992
v 0.0180824976 0.0338608734 -0.152545586
v 0.0227442551 0.0369691215 -0.141290992
v 0.091455467 0.0450504348 -0.150908053
v 0.0818384439 0.046708066 -0.152989283
v 0.090110302 0.0467080697 -0.149562955
v 0.091455467 0.0450504348 -0.150908053
v 0.0818383694 0.0450504348 -0.154891565
v 0.0818384439 0.046708066 -0.152989283
v 0.0818383694 0.0433927067 -0.154891565
v 0.0818383694 0.0450504348 -0.154891565
v 0.091455467 0.0450504348 -0.150908053
v 0.091455467 0.0433927067 -0.150908053
v 0.0818383694 0.0433927067 -0.154891565
v 0.091455467 0.0450504348 -0.150908053
v 0.0818383694 0.0417350009 -0.153286055
v 0.0818383694 0.0433927067 -0.154891565
v 0.091455467 0.0433927067 -0.150908053
v 0.0903200582 0.0417350009 -0.149772719
v 0.0818383694 0.0417350009 -0.153286055
v 0.091455467 0.0433927067 -0.150908053
v 0.0818383694 0.0450504348 -0.154891565
v 0.0735664964 0.0467080697 -0.149562955
v 0.0818384439 0.046708066 -0.152989283
v 0.0818383694 0.0450504348 -0.154891565
v 0.0722214207 0.0450504348 -0.150908053
v 0.0735664964 0.0467080697 -0.149562955
v 0.0722214207 0.0433927067 -0.150908053
v 0.0722214207 0.0450504348 -0.150908053
v 0.0818383694 0.0450504348 -0.154891565
v 0.0818383694 0.0433927067 -0.154891565
v 0.0722214207 0.0433927067 -0.150908053
v 0.0818383694 0.0450504348 -0.154891565
v 0.0733566433 0.0417350009 -0.149772719
v 0.0722214207 0.0433927067 -0.150908053
v 0.0818383694 0.0433927067 -0.154891565
v 0.0818383694 0.0417350009 -0.153286055
v 0.0733566433 0.0417350009 -0.149772719
v 0.0818383694 0.0433927067 -0.154891565
v 0.0722214207 0.0450504348 -0.150908053
v 0.0701401979 0.0467080697 -0.141291052
v 0.0735664964 0.0467080697 -0.149562955
v 0.0722214207 0.0450504348 -0.150908053
v 0.0682378337 0.0450504348 -0.141290992
v 0.0701401979 0.0467080697 -0.141291052
v 0.0682378337 0.0433927067 -0.141290992
v 0.0682378337 0.0450504348 -0.141290992
v 0.0722214207 0.0450504348 -0.150908053
v 0.0722214207 0.0433927067 -0.150908053
v 0.0682378337 0.0433927067 -0.141290992
v 0.0722214207 0.0450504348 -0.150908053
v 0.0698433965 0.0417350009 -0.141291052
v 0.0682378337 0.0433927067 -0.141290992
v 0.0722214207 0.0433927067 -0.150908053
v 0.0733566433 0.0417350009 -0.149772719
v 0.0698433965 0.0417350009 -0.141291052
v 0.0722214207 0.0433927067 -0.150908053
v 0.0682378337 0.0450504348 -0.141290992
v 0.0735664964 0.0467080697 -0.133019105
v 0.0701401979 0.0467080697 -0.141291052
v 0.0682378337 0.0450504348 -0.141290992
v 0.0722214207 0.0450504385 -0.131673977
v 0.0735664964 0.0467080697 -0.133019105
v 0.0722214207 0.0433927067 -0.131673977
v 0.0722214207 0.0450504385 -0.131673977
v 0.0682378337 0.0450504348 -0.141290992
v 0.0682378337 0.0433927067 -0.141290992
v 0.0722214207 0.0433927067 -0.131673977
v 0.0682378337 0.0450504348 -0.141290992
v 0.0733566433 0.0417350046 -0.132809237
v 0.0722214207 0.0433927067 -0.131673977
v 0.0682378337 0.0433927067 -0.141290992
v 0.0698433965 0.0417350009 -0.141291052
v 0.0733566433 0.0417350046 -0.132809237
v 0.0682378337 0.0433927067 -0.141290992
v 0.0818383917 0.0450504385 -0.127690479
v 0.0818384439 0.0467080697 -0.129592776
v 0.0735664964 0.0467080697 -0.133019105
v 0.0722214207 0.0450504385 -0.131673977
v 0.0818383917 0.0450504385 -0.127690479
v 0.0735664964 0.0467080697 -0.133019105
v 0.0818383917 0.0433927104 -0.127690479
v 0.0818383917 0.0450504385 -0.127690479
v 0.0722214207 0.0450504385 -0.131673977
v 0.0722214207 0.0433927067 -0.131673977
v 0.0818383917 0.0433927104 -0.127690479
v 0.0722214207 0.0450504385 -0.131673977
v 0.0733566433 0.0417350046 -0.132809237
v 0.0818383917 0.0433927104 -0.127690479
v 0.0722214207 0.0433927067 -0.131673977
v 0.0733566433 0.0417350046 -0.132809237
v 0.0818384439 0.0417350046 -0.129296035
v 0.0818383917 0.0433927104 -0.127690479
v 0.091455467 0.0450504385 -0.131673977
v 0.090110302 0.0467080697 -0.13301909
v 0.0818384439 0.0467080697 -0.129592776
v 0.0818383917 0.0450504385 -0.127690479
v 0.091455467 0.0450504385 -0.131673977
v 0.0818384439 0.0467080697 -0.129592776
v 0.091455467 0.0433927067 -0.131673977
v 0.091455467 0.0450504385 -0.131673977
v 0.0818383917 0.0450504385 -0.127690479
v 0.0818383917 0.0433927104 -0.127690479
v 0.091455467 0.0433927067 -0.131673977
v 0.0818383917 0.0450504385 -0.127690479
v 0.0818384439 0.0417350046 -0.129296035
v 0.091455467 0.0433927067 -0.131673977
v 0.0818383917 0.0433927104 -0.127690479
v 0.0818384439 0.0417350046 -0.129296035
v 0.0903200582 0.0417350046 -0.132809237
v 0.091455467 0.0433927067 -0.131673977
v 0.0954388976 0.0450504348 -0.141290992
v 0.0935366154 0.0467080697 -0.141291052
v 0.090110302 0.0467080697 -0.13301909
v 0.091455467 0.0450504385 -0.131673977
v 0.0954388976 0.0450504348 -0.141290992
v 0.090110302 0.0467080697 -0.13301909
v 0.0954388976 0.0433927067 -0.141290992
v 0.0954388976 0.0450504348 -0.141290992
v 0.091455467 0.0450504385 -0.131673977
v 0.091455467 0.0433927067 -0.131673977
v 0.0954388976 0.0433927067 -0.141290992
v 0.091455467 0.0450504385 -0.131673977
v 0.0903200582 0.0417350046 -0.132809237
v 0.0954388976 0.0433927067 -0.141290992
v 0.091455467 0.0433927067 -0.131673977
v 0.0903200582 0.0417350046 -0.132809237
v 0.0938334465 0.0417350009 -0.141291052
v 0.0954388976 0.0433927067 -0.141290992
v 0.0935366154 0.0467080697 -0.141291052
v 0.091455467 0.0450504348 -0.150908053
v 0.090110302 0.0467080697 -0.149562955
v 0.0935366154 0.0467080697 -0.141291052
v 0.0954388976 0.0450504348 -0.141290992
v 0.091455467 0.0450504348 -0.150908053
v 0.0954388976 0.0433927067 -0.141290992
v 0.091455467 0.0433927067 -0.150908053
v 0.091455467 0.0450504348 -0.150908053
v 0.0954388976 0.0450504348 -0.141290992
v 0.0954388976 0.0433927067 -0.141290992
v 0.091455467 0.0450504348 -0.150908053
v 0.0938334465 0.0417350009 -0.141291052
v 0.0903200582 0.0417350009 -0.149772719
v 0.091455467 0.0433927067 -0.150908053
v 0.0954388976 0.0433927067 -0.141290992
v 0.0938334465 0.0417350009 -0.141291052
v 0.091455467 0.0433927067 -0.150908053
v 0.0903200582 0.0388340168 -0.149772719
v 0.0903200582 0.0417350009 -0.149772719
v 0.0938334465 0.0417350009 -0.141291052
v 0.0938334465 0.0388340168 -0.141291052
v 0.0903200582 0.0388340168 -0.149772719
v 0.0938334465 0.0417350009 -0.141291052
v 0.0903200582 0.0388340168 -0.132809266
v 0.0938334465 0.0388340168 -0.141291052
v 0.0938334465 0.0417350009 -0.141291052
v 0.0903200582 0.0417350046 -0.132809237
v 0.0903200582 0.0388340168 -0.132809266
v 0.0938334465 0.0417350009 -0.141291052
v 0.0818384439 0.0388340168 -0.129296035
v 0.0903200582 0.0388340168 -0.132809266
v 0.0903200582 0.0417350046 -0.132809237
v 0.0818384439 0.0417350046 -0.129296035
v 0.0818384439 0.0388340168 -0.129296035
v 0.0903200582 0.0417350046 -0.132809237
v 0.0733566433 0.0388340168 -0.132809237
v 0.0818384439 0.0388340168 -0.129296035
v 0.0818384439 0.0417350046 -0.129296035
v 0.0733566433 0.0417350046 -0.132809237
v 0.0733566433 0.0388340168 -0.132809237
v 0.0818384439 0.0417350046 -0.129296035
v 0.0698433965 0.0388340168 -0.141291052
v 0.0733566433 0.0388340168 -0.132809237
v 0.0733566433 0.0417350046 -0.132809237
v 0.0698433965 0.0417350009 -0.141291052
v 0.0698433965 0.0388340168 -0.141291052
v 0.0733566433 0.0417350046 -0.132809237
v 0.0733566433 0.0388340168 -0.149772719
v 0.0698433965 0.0388340168 -0.141291052
v 0.0698433965 0.0417350009 -0.141291052
v 0.0733566433 0.0417350009 -0.149772719
v 0.0733566433 0.0388340168 -0.149772719
v 0.0698433965 0.0417350009 -0.141291052
v 0.0818383694 0.038834013 -0.153286055
v 0.0733566433 0.0388340168 -0.149772719
v 0.0733566433 0.0417350009 -0.149772719
v 0.0818383694 0.0417350009 -0.153286055
v 0.0818383694 0.038834013 -0.153286055
v 0.0733566433 0.0417350009 -0.149772719
v 0.0903200582 0.0388340168 -0.149772719
v 0.0818383694 0.038834013 -0.153286055
v 0.0818383694 0.0417350009 -0.153286055
v 0.0903200582 0.0417350009 -0.149772719
v 0.0903200582 0.0388340168 -0.149772719
v 0.0818383694 0.0417350009 -0.153286055
v 0.0923803821 0.0381720141 -0.151833102
v 0.0818383694 0.0381720141 -0.156199709
v 0.0818383694 0.038834013 -0.153286055
v 0.0903200582 0.0388340168 -0.149772719
v 0.0923803821 0.0381720141 -0.151833102
v 0.0818383694 0.038834013 -0.153286055
v 0.0818383694 0.0381720141 -0.156199709
v 0.0712962225 0.0381720141 -0.151833102
v 0.0733566433 0.0388340168 -0.149772719
v 0.0818383694 0.038834013 -0.153286055
v 0.0818383694 0.0381720141 -0.156199709
v 0.0733566433 0.0388340168 -0.149772719
v 0.0712962225 0.0381720141 -0.151833102
v 0.0669296607 0.0381720178 -0.141290992
v 0.0698433965 0.0388340168 -0.141291052
v 0.0733566433 0.0388340168 -0.149772719
v 0.0712962225 0.0381720141 -0.151833102
v 0.0698433965 0.0388340168 -0.141291052
v 0.0669296607 0.0381720178 -0.141290992
v 0.0712962523 0.0381720178 -0.130748868
v 0.0733566433 0.0388340168 -0.132809237
v 0.0698433965 0.0388340168 -0.141291052
v 0.0669296607 0.0381720178 -0.141290992
v 0.0733566433 0.0388340168 -0.132809237
v 0.0733566433 0.0388340168 -0.132809237
v 0.0818383917 0.0381720178 -0.126382217
v 0.0818384439 0.0388340168 -0.129296035
v 0.0733566433 0.0388340168 -0.132809237
v 0.0712962523 0.0381720178 -0.130748868
v 0.0818383917 0.0381720178 -0.126382217
v 0.0818384439 0.0388340168 -0.129296035
v 0.0923803821 0.0381720178 -0.130748928
v 0.0903200582 0.0388340168 -0.132809266
v 0.0818384439 0.0388340168 -0.129296035
v 0.0818383917 0.0381720178 -0.126382217
v 0.0923803821 0.0381720178 -0.130748928
v 0.0903200582 0.0388340168 -0.132809266
v 0.0967470706 0.0381720178 -0.141290992
v 0.0938334465 0.0388340168 -0.141291052
v 0.0903200582 0.0388340168 -0.132809266
v 0.0923803821 0.0381720178 -0.130748928
v 0.0967470706 0.0381720178 -0.141290992
v 0.0923803821 0.0381720141 -0.151833102
v 0.0903200582 0.0388340168 -0.149772719
v 0.0938334465 0.0388340168 -0.141291052
v 0.0967470706 0.0381720178 -0.141290992
v 0.0923803821 0.0381720141 -0.151833102
v 0.0938334465 0.0388340168 -0.141291052
v 0.0930930078 0.0369691215 -0.152545586
v 0.0923803821 0.0381720141 -0.151833102
v 0.0967470706 0.0381720178 -0.141290992
v 0.097754769 0.0369691215 -0.141290992
v 0.0930930078 0.0369691215 -0.152545586
v 0.0967470706 0.0381720178 -0.141290992
v 0.0930930078 0.0369691253 -0.130036443
v 0.097754769 0.0369691215 -0.141290992
v 0.0967470706 0.0381720178 -0.141290992
v 0.0923803821 0.0381720178 -0.130748928
v 0.0930930078 0.0369691253 -0.130036443
v 0.0967470706 0.0381720178 -0.141290992
v 0.0818384215 0.0369691253 -0.12537457
v 0.0930930078 0.0369691253 -0.130036443
v 0.0923803821 0.0381720178 -0.130748928
v 0.0818383917 0.0381720178 -0.126382217
v 0.0818384215 0.0369691253 -0.12537457
v 0.0923803821 0.0381720178 -0.130748928
v 0.0705837533 0.0369691253 -0.130036414
v 0.0818384215 0.0369691253 -0.12537457
v 0.0818383917 0.0381720178 -0.126382217
v 0.0712962523 0.0381720178 -0.130748868
v 0.0705837533 0.0369691253 -0.130036414
v 0.0818383917 0.0381720178 -0.126382217
v 0.0669296607 0.0381720178 -0.141290992
v 0.0705837533 0.0369691253 -0.130036414
v 0.0712962523 0.0381720178 -0.130748868
v 0.0669296607 0.0381720178 -0.141290992
v 0.0659218878 0.0369691215 -0.141291052
v 0.0705837533 0.0369691253 -0.130036414
v 0.0712962225 0.0381720141 -0.151833102
v 0.0659218878 0.0369691215 -0.141291052
v 0.0669296607 0.0381720178 -0.141290992
v 0.0712962225 0.0381720141 -0.151833102
v 0.0705837533 0.0369691215 -0.152545586
v 0.0659218878 0.0369691215 -0.141291052
v 0.0818382949 0.0369691215 -0.157207459
v 0.0705837533 0.0369691215 -0.152545586
v 0.0712962225 0.0381720141 -0.151833102
v 0.0818383694 0.0381720141 -0.156199709
v 0.0818382949 0.0369691215 -0.157207459
v 0.0712962225 0.0381720141 -0.151833102
v 0.0930930078 0.0369691215 -0.152545586
v 0.0818382949 0.0369691215 -0.157207459
v 0.0818383694 0.0381720141 -0.156199709
v 0.0923803821 0.0381720141 -0.151833102
v 0.0930930078 0.0369691215 -0.152545586
v 0.0818383694 0.0381720141 -0.156199709
v 0.0930930078 0.0338608734 -0.152545586
v 0.0818382949 0.0338608734 -0.157207459
v 0.0818382949 0.0369691215 -0.157207459
v 0.0930930078 0.0369691215 -0.152545586
v 0.0930930078 0.0338608734 -0.152545586
v 0.0818382949 0.0369691215 -0.157207459
v 0.0818382949 0.0338608734 -0.157207459
v 0.0705837533 0.0338608734 -0.152545586
v 0.0705837533 0.0369691215 -0.152545586
v 0.0818382949 0.0369691215 -0.157207459
v 0.0818382949 0.0338608734 -0.157207459
v 0.0705837533 0.0369691215 -0.152545586
v 0.0705837533 0.0338608734 -0.152545586
v 0.0659218878 0.0338608772 -0.141291052
v 0.0659218878 0.0369691215 -0.141291052
v 0.0705837533 0.0369691215 -0.152545586
v 0.0705837533 0.0338608734 -0.152545586
v 0.0659218878 0.0369691215 -0.141291052
v 0.0659218878 0.0338608772 -0.141291052
v 0.0705837533 0.0338608772 -0.130036414
v 0.0705837533 0.0369691253 -0.130036414
v 0.0659218878 0.0369691215 -0.141291052
v 0.0659218878 0.0338608772 -0.141291052
v 0.0705837533 0.0369691253 -0.130036414
v 0.0705837533 0.0338608772 -0.130036414
v 0.0818384215 0.0338608772 -0.12537457
v 0.0818384215 0.0369691253 -0.12537457
v 0.0705837533 0.0369691253 -0.130036414
v 0.0705837533 0.0338608772 -0.130036414
v 0.0818384215 0.0369691253 -0.12537457
v 0.0818384215 0.0338608772 -0.12537457
v 0.0930930078 0.0338608772 -0.130036443
v 0.0930930078 0.0369691253 -0.130036443
v 0.0818384215 0.0369691253 -0.12537457
v 0.0818384215 0.0338608772 -0.12537457
v 0.0930930078 0.0369691253 -0.130036443
v 0.0930930078 0.0338608772 -0.130036443
v 0.097754769 0.0338608772 -0.141290992
v 0.097754769 0.0369691215 -0.141290992
v 0.0930930078 0.0369691253 -0.130036443
v 0.0930930078 0.0338608772 -0.130036443
v 0.097754769 0.0369691215 -0.141290992
v 0.0930930078 0.0338608734 -0.152545586
v 0.0930930078 0.0369691215 -0.152545586
v 0.097754769 0.0369691215 -0.141290992
v 0.097754769 0.0338608772 -0.141290992
v 0.0930930078 0.0338608734 -0.152545586
v 0.097754769 0.0369691215 -0.141290992
v 0.166465983 0.0450504348 -0.150908053
v 0.156848982 0.046708066 -0.152989283
v 0.16512081 0.0467080697 -0.149562955
v 0.166465983 0.0450504348 -0.150908053
v 0.156848878 0.0450504348 -0.154891565
v 0.156848982 0.046708066 -0.152989283
v 0.156848878 0.0433927067 -0.154891565
v 0.156848878 0.0450504348 -0.154891565
v 0.166465983 0.0450504348 -0.150908053
v 0.166465983 0.0433927067 -0.150908053
v 0.156848878 0.0433927067 -0.154891565
v 0.166465983 0.0450504348 -0.150908053
v 0.156848878 0.0417350009 -0.153286055
v 0.156848878 0.0433927067 -0.154891565
v 0.166465983 0.0433927067 -0.150908053
v 0.165330574 0.0417350009 -0.149772719
v 0.156848878 0.0417350009 -0.153286055
v 0.166465983 0.0433927067 -0.150908053
v 0.156848878 0.0450504348 -0.154891565
v 0.148577049 0.0467080697 -0.149562955
v 0.156848982 0.046708066 -0.152989283
v 0.156848878 0.0450504348 -0.154891565
v 0.147231936 0.0450504348 -0.150908053
v 0.148577049 0.0467080697 -0.149562955
v 0.147231936 0.0433927067 -0.150908053
v 0.147231936 0.0450504348 -0.150908053
v 0.156848878 0.0450504348 -0.154891565
v 0.156848878 0.0433927067 -0.154891565
v 0.147231936 0.0433927067 -0.150908053
v 0.156848878 0.0450504348 -0.154891565
v 0.148367137 0.0417350009 -0.149772719
v 0.147231936 0.0433927067 -0.150908053
v 0.156848878 0.0433927067 -0.154891565
v 0.156848878 0.0417350009 -0.153286055
v 0.148367137 0.0417350009 -0.149772719
v 0.156848878 0.0433927067 -0.154891565
v 0.147231936 0.0450504348 -0.150908053
v 0.145150706 0.0467080697 -0.141291052
v 0.148577049 0.0467080697 -0.149562955
v 0.147231936 0.0450504348 -0.150908053
v 0.143248349 0.0450504348 -0.141290992
v 0.145150706 0.0467080697 -0.141291052
v 0.143248349 0.0433927067 -0.141290992
v 0.143248349 0.0450504348 -0.141290992
v 0.147231936 0.0450504348 -0.150908053
v 0.147231936 0.0433927067 -0.150908053
v 0.143248349 0.0433927067 -0.141290992
v 0.147231936 0.0450504348 -0.150908053
v 0.14485386 0.0417350009 -0.141291052
v 0.143248349 0.0433927067 -0.141290992
v 0.147231936 0.0433927067 -0.150908053
v 0.148367137 0.0417350009 -0.149772719
v 0.14485386 0.0417350009 -0.141291052
v 0.147231936 0.0433927067 -0.150908053
v 0.143248349 0.0450504348 -0.141290992
v 0.148577049 0.0467080697 -0.133019105
v 0.145150706 0.0467080697 -0.141291052
v 0.143248349 0.0450504348 -0.141290992
v 0.147231936 0.0450504385 -0.131673977
v 0.148577049 0.0467080697 -0.133019105
v 0.147231936 0.0433927067 -0.131673977
v 0.147231936 0.0450504385 -0.131673977
v 0.143248349 0.0450504348 -0.141290992
v 0.143248349 0.0433927067 -0.141290992
v 0.147231936 0.0433927067 -0.131673977
v 0.143248349 0.0450504348 -0.141290992
v 0.148367137 0.0417350046 -0.132809237
v 0.147231936 0.0433927067 -0.131673977
v 0.143248349 0.0433927067 -0.141290992
v 0.14485386 0.0417350009 -0.141291052
v 0.148367137 0.0417350046 -0.132809237
v 0.143248349 0.0433927067 -0.141290992
v 0.156848937 0.0450504385 -0.127690479
v 0.156848982 0.0467080697 -0.129592776
v 0.148577049 0.0467080697 -0.133019105
v 0.147231936 0.0450504385 -0.131673977
v 0.156848937 0.0450504385 -0.127690479
v 0.148577049 0.0467080697 -0.133019105
v 0.156848937 0.0433927104 -0.127690479
v 0.156848937 0.0450504385 -0.127690479
v 0.147231936 0.0450504385 -0.131673977
v 0.147231936 0.0433927067 -0.131673977
v 0.156848937 0.0433927104 -0.127690479
v 0.147231936 0.0450504385 -0.131673977
v 0.148367137 0.0417350046 -0.132809237
v 0.156848937 0.0433927104 -0.127690479
v 0.147231936 0.0433927067 -0.131673977
v 0.148367137 0.0417350046 -0.132809237
v 0.156848982 0.0417350046 -0.129296035
v 0.156848937 0.0433927104 -0.127690479
v 0.166465983 0.0450504385 -0.131673977
v 0.16512081 0.0467080697 -0.13301909
v 0.156848982 0.0467080697 -0.129592776
v 0.156848937 0.0450504385 -0.127690479
v 0.166465983 0.0450504385 -0.131673977
v 0.156848982 0.0467080697 -0.129592776
v 0.166465983 0.0433927067 -0.131673977
v 0.166465983 0.0450504385 -0.131673977
v 0.156848937 0.0450504385 -0.127690479
v 0.156848937 0.0433927104 -0.127690479
v 0.166465983 0.0433927067 -0.131673977
v 0.156848937 0.0450504385 -0.127690479
v 0.156848982 0.0417350046 -0.129296035
v 0.166465983 0.0433927067 -0.131673977
v 0.156848937 0.0433927104 -0.127690479
v 0.156848982 0.0417350046 -0.129296035
v 0.165330574 0.0417350046 -0.132809237
v 0.166465983 0.0433927067 -0.131673977
v 0.170449421 0.0450504348 -0.141290992
v 0.168547109 0.0467080697 -0.141291052
v 0.16512081 0.0467080697 -0.13301909
v 0.166465983 0.0450504385 -0.131673977
v 0.170449421 0.0450504348 -0.141290992
v 0.16512081 0.0467080697 -0.13301909
v 0.170449421 0.0433927067 -0.141290992
v 0.170449421 0.0450504348 -0.141290992
v 0.166465983 0.0450504385 -0.131673977
v 0.166465983 0.0433927067 -0.131673977
v 0.170449421 0.0433927067 -0.141290992
v 0.166465983 0.0450504385 -0.131673977
v 0.165330574 0.0417350046 -0.132809237
v 0.170449421 0.0433927067 -0.141290992
v 0.166465983 0.0433927067 -0.131673977
v 0.165330574 0.0417350046 -0.132809237
v 0.168843925 0.0417350009 -0.141291052
v 0.170449421 0.0433927067 -0.141290992
v 0.168547109 0.0467080697 -0.141291052
v 0.166465983 0.0450504348 -0.150908053
v 0.16512081 0.0467080697 -0.149562955
v 0.168547109 0.0467080697 -0.141291052
v 0.170449421 0.0450504348 -0.141290992
v 0.166465983 0.0450504348 -0.150908053
v 0.170449421 0.0433927067 -0.141290992
v 0.166465983 0.0433927067 -0.150908053
v 0.166465983 0.0450504348 -0.150908053
v 0.170449421 0.0450504348 -0.141290992
v 0.170449421 0.0433927067 -0.141290992
v 0.166465983 0.0450504348 -0.150908053
v 0.168843925 0.0417350009 -0.141291052
v 0.165330574 0.0417350009 -0.149772719
v 0.166465983 0.0433927067 -0.150908053
v 0.170449421 0.0433927067 -0.141290992
v 0.168843925 0.0417350009 -0.141291052
v 0.166465983 0.0433927067 -0.150908053
v 0.165330574 0.0388340168 -0.149772719
v 0.165330574 0.0417350009 -0.149772719
v 0.168843925 0.0417350009 -0.141291052
v 0.168843925 0.0388340168 -0.141291052
v 0.165330574 0.0388340168 -0.149772719
v 0.168843925 0.0417350009 -0.141291052
v 0.165330574 0.0388340168 -0.132809266
v 0.168843925 0.0388340168 -0.141291052
v 0.168843925 0.0417350009 -0.141291052
v 0.165330574 0.0417350046 -0.132809237
v 0.165330574 0.0388340168 -0.132809266
v 0.168843925 0.0417350009 -0.141291052
v 0.156848982 0.0388340168 -0.129296035
v 0.165330574 0.0388340168 -0.132809266
v 0.165330574 0.0417350046 -0.132809237
v 0.156848982 0.0417350046 -0.129296035
v 0.156848982 0.0388340168 -0.129296035
v 0.165330574 0.0417350046 -0.132809237
v 0.148367137 0.0388340168 -0.132809237
v 0.156848982 0.0388340168 -0.129296035
v 0.156848982 0.0417350046 -0.129296035
v 0.148367137 0.0417350046 -0.132809237
v 0.148367137 0.0388340168 -0.132809237
v 0.156848982 0.0417350046 -0.129296035
v 0.14485386 0.0388340168 -0.141291052
v 0.148367137 0.0388340168 -0.132809237
v 0.148367137 0.0417350046 -0.132809237
v 0.14485386 0.0417350009 -0.141291052
v 0.14485386 0.0388340168 -0.141291052
v 0.148367137 0.0417350046 -0.132809237
v 0.148367137 0.0388340168 -0.149772719
v 0.14485386 0.0388340168 -0.141291052
v 0.14485386 0.0417350009 -0.141291052
v 0.148367137 0.0417350009 -0.149772719
v 0.148367137 0.0388340168 -0.149772719
v 0.14485386 0.0417350009 -0.141291052
v 0.156848878 0.038834013 -0.153286055
v 0.148367137 0.0388340168 -0.149772719
v 0.148367137 0.0417350009 -0.149772719
v 0.156848878 0.0417350009 -0.153286055
v 0.156848878 0.038834013 -0.153286055
v 0.148367137 0.0417350009 -0.149772719
v 0.165330574 0.0388340168 -0.149772719
v 0.156848878 0.038834013 -0.153286055
v 0.156848878 0.0417350009 -0.153286055
v 0.165330574 0.0417350009 -0.149772719
v 0.165330574 0.0388340168 -0.149772719
v 0.156848878 0.0417350009 -0.153286055
v 0.167390868 0.0381720141 -0.151833102
v 0.156848878 0.0381720141 -0.156199709
v 0.156848878 0.038834013 -0.153286055
v 0.165330574 0.0388340168 -0.149772719
v 0.167390868 0.0381720141 -0.151833102
v 0.156848878 0.038834013 -0.153286055
v 0.156848878 0.0381720141 -0.156199709
v 0.146306738 0.0381720141 -0.151833102
v 0.148367137 0.0388340168 -0.149772719
v 0.156848878 0.038834013 -0.153286055
v 0.156848878 0.0381720141 -0.156199709
v 0.148367137 0.0388340168 -0.149772719
v 0.146306738 0.0381720141 -0.151833102
v 0.141940147 0.0381720178 -0.141290992
v 0.14485386 0.0388340168 -0.141291052
v 0.148367137 0.0388340168 -0.149772719
v 0.146306738 0.0381720141 -0.151833102
v 0.14485386 0.0388340168 -0.141291052
v 0.141940147 0.0381720178 -0.141290992
v 0.146306783 0.0381720178 -0.130748868
v 0.148367137 0.0388340168 -0.132809237
v 0.14485386 0.0388340168 -0.141291052
v 0.141940147 0.0381720178 -0.141290992
v 0.148367137 0.0388340168 -0.132809237
v 0.148367137 0.0388340168 -0.132809237
v 0.156848937 0.0381720178 -0.126382217
v 0.156848982 0.0388340168 -0.129296035
v 0.148367137 0.0388340168 -0.132809237
v 0.146306783 0.0381720178 -0.130748868
v 0.156848937 0.0381720178 -0.126382217
v 0.156848982 0.0388340168 -0.129296035
v 0.167390868 0.0381720178 -0.130748928
v 0.165330574 0.0388340168 -0.132809266
v 0.156848982 0.0388340168 -0.129296035
v 0.156848937 0.0381720178 -0.126382217
v 0.167390868 0.0381720178 -0.130748928
v 0.165330574 0.0388340168 -0.132809266
v 0.171757624 0.0381720178 -0.141290992
v 0.168843925 0.0388340168 -0.141291052
v 0.165330574 0.0388340168 -0.132809266
v 0.167390868 0.0381720178 -0.130748928
v 0.171757624 0.0381720178 -0.141290992
v 0.167390868 0.0381720141 -0.151833102
v 0.165330574 0.0388340168 -0.149772719
v 0.168843925 0.0388340168 -0.141291052
v 0.171757624 0.0381720178 -0.141290992
v 0.167390868 0.0381720141 -0.151833102
v 0.168843925 0.0388340168 -0.141291052
v 0.168103516 0.0369691215 -0.152545586
v 0.167390868 0.0381720141 -0.151833102
v 0.171757624 0.0381720178 -0.141290992
v 0.17276527 0.0369691215 -0.141290992
v 0.168103516 0.0369691215 -0.152545586
v 0.171757624 0.0381720178 -0.141290992
v 0.168103516 0.0369691253 -0.130036443
v 0.17276527 0.0369691215 -0.141290992
v 0.171757624 0.0381720178 -0.141290992
v 0.167390868 0.0381720178 -0.130748928
v 0.168103516 0.0369691253 -0.130036443
v 0.171757624 0.0381720178 -0.141290992
v 0.156848937 0.0369691253 -0.12537457
v 0.168103516 0.0369691253 -0.130036443
v 0.167390868 0.0381720178 -0.130748928
v 0.156848937 0.0381720178 -0.126382217
v 0.156848937 0.0369691253 -0.12537457
v 0.167390868 0.0381720178 -0.130748928
v 0.145594254 0.0369691253 -0.130036414
v 0.156848937 0.0369691253 -0.12537457
v 0.156848937 0.0381720178 -0.126382217
v 0.146306783 0.0381720178 -0.130748868
v 0.145594254 0.0369691253 -0.130036414
v 0.156848937 0.0381720178 -0.126382217
v 0.141940147 0.0381720178 -0.141290992
v 0.145594254 0.0369691253 -0.130036414
v 0.146306783 0.0381720178 -0.130748868
v 0.141940147 0.0381720178 -0.141290992
v 0.140932411 0.0369691215 -0.141291052
v 0.145594254 0.0369691253 -0.130036414
v 0.146306738 0.0381720141 -0.151833102
v 0.140932411 0.0369691215 -0.141291052
v 0.141940147 0.0381720178 -0.141290992
v 0.146306738 0.0381720141 -0.151833102
v 0.145594254 0.0369691215 -0.152545586
v 0.140932411 0.0369691215 -0.141291052
v 0.156848788 0.0369691215 -0.157207459
v 0.145594254 0.0369691215 -0.152545586
v 0.146306738 0.0381720141 -0.151833102
v 0.156848878 0.0381720141 -0.156199709
v 0.156848788 0.0369691215 -0.157207459
v 0.146306738 0.0381720141 -0.151833102
v 0.168103516 0.0369691215 -0.152545586
v 0.156848788 0.0369691215 -0.157207459
v 0.156848878 0.0381720141 -0.156199709
v 0.167390868 0.0381720141 -0.151833102
v 0.168103516 0.0369691215 -0.152545586
v 0.156848878 0.0381720141 -0.156199709
v 0.168103516 0.0338608734 -0.152545586
v 0.156848788 0.0338608734 -0.157207459
v 0.156848788 0.0369691215 -0.157207459
v 0.168103516 0.0369691215 -0.152545586
v 0.168103516 0.0338608734 -0.152545586
v 0.156848788 0.0369691215 -0.157207459
v 0.156848788 0.0338608734 -0.157207459
v 0.145594254 0.0338608734 -0.152545586
v 0.145594254 0.0369691215 -0.152545586
v 0.156848788 0.0369691215 -0.157207459
v 0.156848788 0.0338608734 -0.157207459
v 0.145594254 0.0369691215 -0.152545586
v 0.145594254 0.0338608734 -0.152545586
v 0.140932411 0.0338608772 -0.141291052
v 0.140932411 0.0369691215 -0.141291052
v 0.145594254 0.0369691215 -0.152545586
v 0.145594254 0.0338608734 -0.152545586
v 0.140932411 0.0369691215 -0.141291052
v 0.140932411 0.0338608772 -0.141291052
v 0.145594254 0.0338608772 -0.130036414
v 0.145594254 0.0369691253 -0.130036414
v 0.140932411 0.0369691215 -0.141291052
v 0.140932411 0.0338608772 -0.141291052
v 0.145594254 0.0369691253 -0.130036414
v 0.145594254 0.0338608772 -0.130036414
v 0.156848937 0.0338608772 -0.12537457
v 0.156848937 0.0369691253 -0.12537457
v 0.145594254 0.0369691253 -0.130036414
v 0.145594254 0.0338608772 -0.130036414
v 0.156848937 0.0369691253 -0.12537457
v 0.156848937 0.0338608772 -0.12537457
v 0.168103516 0.0338608772 -0.130036443
v 0.168103516 0.0369691253 -0.130036443
v 0.156848937 0.0369691253 -0.12537457
v 0.156848937 0.0338608772 -0.12537457
v 0.168103516 0.0369691253 -0.130036443
v 0.168103516 0.0338608772 -0.130036443
v 0.17276527 0.0338608772 -0.141290992
v 0.17276527 0.0369691215 -0.141290992
v 0.168103516 0.0369691253 -0.130036443
v 0.168103516 0.0338608772 -0.130036443
v 0.17276527 0.0369691215 -0.141290992
v 0.168103516 0.0338608734 -0.152545586
v 0.168103516 0.0369691215 -0.152545586
v 0.17276527 0.0369691215 -0.141290992
v 0.17276527 0.0338608772 -0.141290992
v 0.168103516 0.0338608734 -0.152545586
v 0.17276527 0.0369691215 -0.141290992
v 0.241476536 0.0450504348 -0.150908053
v 0.231859505 0.046708066 -0.152989283
v 0.240131348 0.0467080697 -0.149562955
v 0.241476536 0.0450504348 -0.150908053
v 0.231859371 0.0450504348 -0.154891565
v 0.231859505 0.046708066 -0.152989283
v 0.231859371 0.0433927067 -0.154891565
v 0.231859371 0.0450504348 -0.154891565
v 0.241476536 0.0450504348 -0.150908053
v 0.241476536 0.0433927067 -0.150908053
v 0.231859371 0.0433927067 -0.154891565
v 0.241476536 0.0450504348 -0.150908053
v 0.231859371 0.0417350009 -0.153286055
v 0.231859371 0.0433927067 -0.154891565
v 0.241476536 0.0433927067 -0.150908053
v 0.240341112 0.0417350009 -0.149772719
v 0.231859371 0.0417350009 -0.153286055
v 0.241476536 0.0433927067 -0.150908053
v 0.231859371 0.0450504348 -0.154891565
v 0.223587543 0.0467080697 -0.149562955
v 0.231859505 0.046708066 -0.152989283
v 0.231859371 0.0450504348 -0.154891565
v 0.222242519 0.0450504348 -0.150908053
v 0.223587543 0.0467080697 -0.149562955
v 0.222242519 0.0433927067 -0.150908053
v 0.222242519 0.0450504348 -0.150908053
v 0.231859371 0.0450504348 -0.154891565
v 0.231859371 0.0433927067 -0.154891565
v 0.222242519 0.0433927067 -0.150908053
v 0.231859371 0.0450504348 -0.154891565
v 0.22337772 0.0417350009 -0.149772719
v 0.222242519 0.0433927067 -0.150908053
v 0.231859371 0.0433927067 -0.154891565
v 0.231859371 0.0417350009 -0.153286055
v 0.22337772 0.0417350009 -0.149772719
v 0.231859371 0.0433927067 -0.154891565
v 0.222242519 0.0450504348 -0.150908053
v 0.220161244 0.0467080697 -0.141291052
v 0.223587543 0.0467080697 -0.149562955
v 0.222242519 0.0450504348 -0.150908053
v 0.218258888 0.0450504348 -0.141290992
v 0.220161244 0.0467080697 -0.141291052
v 0.218258888 0.0433927067 -0.141290992
v 0.218258888 0.0450504348 -0.141290992
v 0.222242519 0.0450504348 -0.150908053
v 0.222242519 0.0433927067 -0.150908053
v 0.218258888 0.0433927067 -0.141290992
v 0.222242519 0.0450504348 -0.150908053
v 0.219864413 0.0417350009 -0.141291052
v 0.218258888 0.0433927067 -0.141290992
v 0.222242519 0.0433927067 -0.150908053
v 0.22337772 0.0417350009 -0.149772719
v 0.219864413 0.0417350009 -0.141291052
v 0.222242519 0.0433927067 -0.150908053
v 0.218258888 0.0450504348 -0.141290992
v 0.223587543 0.0467080697 -0.133019105
v 0.220161244 0.0467080697 -0.141291052
v 0.218258888 0.0450504348 -0.141290992
v 0.222242519 0.0450504385 -0.131673977
v 0.223587543 0.0467080697 -0.133019105
v 0.222242519 0.0433927067 -0.131673977
v 0.222242519 0.0450504385 -0.131673977
v 0.218258888 0.0450504348 -0.141290992
v 0.218258888 0.0433927067 -0.141290992
v 0.222242519 0.0433927067 -0.131673977
v 0.218258888 0.0450504348 -0.141290992
v 0.22337772 0.0417350046 -0.132809237
v 0.222242519 0.0433927067 -0.131673977
v 0.218258888 0.0433927067 -0.141290992
v 0.219864413 0.0417350009 -0.141291052
v 0.22337772 0.0417350046 -0.132809237
v 0.218258888 0.0433927067 -0.141290992
v 0.231859416 0.0450504385 -0.127690479
v 0.231859505 0.0467080697 -0.129592776
v 0.223587543 0.0467080697 -0.133019105
v 0.222242519 0.0450504385 -0.131673977
v 0.231859416 0.0450504385 -0.127690479
v 0.223587543 0.0467080697 -0.133019105
v 0.231859416 0.0433927104 -0.127690479
v 0.231859416 0.0450504385 -0.127690479
v 0.222242519 0.0450504385 -0.131673977
v 0.222242519 0.0433927067 -0.131673977
v 0.231859416 0.0433927104 -0.127690479
v 0.222242519 0.0450504385 -0.131673977
v 0.22337772 0.0417350046 -0.132809237
v 0.231859416 0.0433927104 -0.127690479
v 0.222242519 0.0433927067 -0.131673977
v 0.22337772 0.0417350046 -0.132809237
v 0.231859505 0.0417350046 -0.129296035
v 0.231859416 0.0433927104 -0.127690479
v 0.241476536 0.0450504385 -0.131673977
v 0.240131348 0.0467080697 -0.13301909
v 0.231859505 0.0467080697 -0.129592776
v 0.231859416 0.0450504385 -0.127690479
v 0.241476536 0.0450504385 -0.131673977
v 0.231859505 0.0467080697 -0.129592776
v 0.241476536 0.0433927067 -0.131673977
v 0.241476536 0.0450504385 -0.131673977
v 0.231859416 0.0450504385 -0.127690479
v 0.231859416 0.0433927104 -0.127690479
v 0.241476536 0.0433927067 -0.131673977
v 0.231859416 0.0450504385 -0.127690479
v 0.231859505 0.0417350046 -0.129296035
v 0.241476536 0.0433927067 -0.131673977
v 0.231859416 0.0433927104 -0.127690479
v 0.231859505 0.0417350046 -0.129296035
v 0.240341112 0.0417350046 -0.132809237
v 0.241476536 0.0433927067 -0.131673977
v 0.245459989 0.0450504348 -0.141290992
v 0.243557677 0.0467080697 -0.141291052
v 0.240131348 0.0467080697 -0.13301909
v 0.241476536 0.0450504385 -0.131673977
v 0.245459989 0.0450504348 -0.141290992
v 0.240131348 0.0467080697 -0.13301909
v 0.245459989 0.0433927067 -0.141290992
v 0.245459989 0.0450504348 -0.141290992
v 0.241476536 0.0450504385 -0.131673977
v 0.241476536 0.0433927067 -0.131673977
v 0.245459989 0.0433927067 -0.141290992
v 0.241476536 0.0450504385 -0.131673977
v 0.240341112 0.0417350046 -0.132809237
v 0.245459989 0.0433927067 -0.141290992
v 0.241476536 0.0433927067 -0.131673977
v 0.240341112 0.0417350046 -0.132809237
v 0.243854463 0.0417350009 -0.141291052
v 0.245459989 0.0433927067 -0.141290992
v 0.243557677 0.0467080697 -0.141291052
v 0.241476536 0.0450504348 -0.150908053
v 0.240131348 0.0467080697 -0.149562955
v 0.243557677 0.0467080697 -0.141291052
v 0.245459989 0.0450504348 -0.141290992
v 0.241476536 0.0450504348 -0.150908053
v 0.245459989 0.0433927067 -0.141290992
v 0.241476536 0.0433927067 -0.150908053
v 0.241476536 0.0450504348 -0.150908053
v 0.245459989 0.0450504348 -0.141290992
v 0.245459989 0.0433927067 -0.141290992
v 0.241476536 0.0450504348 -0.150908053
v 0.243854463 0.0417350009 -0.141291052
v 0.240341112 0.0417350009 -0.149772719
v 0.241476536 0.0433927067 -0.150908053
v 0.245459989 0.0433927067 -0.141290992
v 0.243854463 0.0417350009 -0.141291052
v 0.241476536 0.0433927067 -0.150908053
v 0.240341112 0.0388340168 -0.149772719
v 0.240341112 0.0417350009 -0.149772719
v 0.243854463 0.0417350009 -0.141291052
v 0.243854463 0.0388340168 -0.141291052
v 0.240341112 0.0388340168 -0.149772719
v 0.243854463 0.0417350009 -0.141291052
v 0.240341112 0.0388340168 -0.132809266
v 0.243854463 0.0388340168 -0.141291052
v 0.243854463 0.0417350009 -0.141291052
v 0.240341112 0.0417350046 -0.132809237
v 0.240341112 0.0388340168 -0.132809266
v 0.243854463 0.0417350009 -0.141291052
v 0.231859505 0.0388340168 -0.129296035
v 0.240341112 0.0388340168 -0.132809266
v 0.240341112 0.0417350046 -0.132809237
v 0.231859505 0.0417350046 -0.129296035
v 0.231859505 0.0388340168 -0.129296035
v 0.240341112 0.0417350046 -0.132809237
v 0.22337772 0.0388340168 -0.132809237
v 0.231859505 0.0388340168 -0.129296035
v 0.231859505 0.0417350046 -0.129296035
v 0.22337772 0.0417350046 -0.132809237
v 0.22337772 0.0388340168 -0.132809237
v 0.231859505 0.0417350046 -0.129296035
v 0.219864413 0.0388340168 -0.141291052
v 0.22337772 0.0388340168 -0.132809237
v 0.22337772 0.0417350046 -0.132809237
v 0.219864413 0.0417350009 -0.141291052
v 0.219864413 0.0388340168 -0.141291052
v 0.22337772 0.0417350046 -0.132809237
v 0.22337772 0.0388340168 -0.149772719
v 0.219864413 0.0388340168 -0.141291052
v 0.219864413 0.0417350009 -0.141291052
v 0.22337772 0.0417350009 -0.149772719
v 0.22337772 0.0388340168 -0.149772719
v 0.219864413 0.0417350009 -0.141291052
v 0.231859371 0.038834013 -0.153286055
v 0.22337772 0.0388340168 -0.149772719
v 0.22337772 0.0417350009 -0.149772719
v 0.231859371 0.0417350009 -0.153286055
v 0.231859371 0.038834013 -0.153286055
v 0.22337772 0.0417350009 -0.149772719
v 0.240341112 0.0388340168 -0.149772719
v 0.231859371 0.038834013 -0.153286055
v 0.231859371 0.0417350009 -0.153286055
v 0.240341112 0.0417350009 -0.149772719
v 0.240341112 0.0388340168 -0.149772719
v 0.231859371 0.0417350009 -0.153286055
v 0.242401406 0.0381720141 -0.151833102
v 0.231859371 0.0381720141 -0.156199709
v 0.231859371 0.038834013 -0.153286055
v 0.240341112 0.0388340168 -0.149772719
v 0.242401406 0.0381720141 -0.151833102
v 0.231859371 0.038834013 -0.153286055
v 0.231859371 0.0381720141 -0.156199709
v 0.221317232 0.0381720141 -0.151833102
v 0.22337772 0.0388340168 -0.149772719
v 0.231859371 0.038834013 -0.153286055
v 0.231859371 0.0381720141 -0.156199709
v 0.22337772 0.0388340168 -0.149772719
v 0.221317232 0.0381720141 -0.151833102
v 0.216950685 0.0381720178 -0.141290992
v 0.219864413 0.0388340168 -0.141291052
v 0.22337772 0.0388340168 -0.149772719
v 0.221317232 0.0381720141 -0.151833102
v 0.219864413 0.0388340168 -0.141291052
v 0.216950685 0.0381720178 -0.141290992
v 0.221317276 0.0381720178 -0.130748868
v 0.22337772 0.0388340168 -0.132809237
v 0.219864413 0.0388340168 -0.141291052
v 0.216950685 0.0381720178 -0.141290992
v 0.22337772 0.0388340168 -0.132809237
v 0.22337772 0.0388340168 -0.132809237
v 0.231859416 0.0381720178 -0.126382217
v 0.231859505 0.0388340168 -0.129296035
v 0.22337772 0.0388340168 -0.132809237
v 0.221317276 0.0381720178 -0.130748868
v 0.231859416 0.0381720178 -0.126382217
v 0.231859505 0.0388340168 -0.129296035
v 0.242401406 0.0381720178 -0.130748928
v 0.240341112 0.0388340168 -0.132809266
v 0.231859505 0.0388340168 -0.129296035
v 0.231859416 0.0381720178 -0.126382217
v 0.242401406 0.0381720178 -0.130748928
v 0.240341112 0.0388340168 -0.132809266
v 0.246768102 0.0381720178 -0.141290992
v 0.243854463 0.0388340168 -0.141291052
v 0.240341112 0.0388340168 -0.132809266
v 0.242401406 0.0381720178 -0.130748928
v 0.246768102 0.0381720178 -0.141290992
v 0.242401406 0.0381720141 -0.151833102
v 0.240341112 0.0388340168 -0.149772719
v 0.243854463 0.0388340168 -0.141291052
v 0.246768102 0.0381720178 -0.141290992
v 0.242401406 0.0381720141 -0.151833102
v 0.243854463 0.0388340168 -0.141291052
v 0.243114054 0.0369691215 -0.152545586
v 0.242401406 0.0381720141 -0.151833102
v 0.246768102 0.0381720178 -0.141290992
v 0.247775838 0.0369691215 -0.141290992
v 0.243114054 0.0369691215 -0.152545586
v 0.246768102 0.0381720178 -0.141290992
v 0.243114054 0.0369691253 -0.130036443
v 0.247775838 0.0369691215 -0.141290992
v 0.246768102 0.0381720178 -0.141290992
v 0.242401406 0.0381720178 -0.130748928
v 0.243114054 0.0369691253 -0.130036443
v 0.246768102 0.0381720178 -0.141290992
v 0.231859416 0.0369691253 -0.12537457
v 0.243114054 0.0369691253 -0.130036443
v 0.242401406 0.0381720178 -0.130748928
v 0.231859416 0.0381720178 -0.126382217
v 0.231859416 0.0369691253 -0.12537457
v 0.242401406 0.0381720178 -0.130748928
v 0.220604777 0.0369691253 -0.130036414
v 0.231859416 0.0369691253 -0.12537457
v 0.231859416 0.0381720178 -0.126382217
v 0.221317276 0.0381720178 -0.130748868
v 0.220604777 0.0369691253 -0.130036414
v 0.231859416 0.0381720178 -0.126382217
v 0.216950685 0.0381720178 -0.141290992
v 0.220604777 0.0369691253 -0.130036414
v 0.221317276 0.0381720178 -0.130748868
v 0.216950685 0.0381720178 -0.141290992
v 0.215942904 0.0369691215 -0.141291052
v 0.220604777 0.0369691253 -0.130036414
v 0.221317232 0.0381720141 -0.151833102
v 0.215942904 0.0369691215 -0.141291052
v 0.216950685 0.0381720178 -0.141290992
v 0.221317232 0.0381720141 -0.151833102
v 0.220604777 0.0369691215 -0.152545586
v 0.215942904 0.0369691215 -0.141291052
v 0.231859311 0.0369691215 -0.157207459
v 0.220604777 0.0369691215 -0.152545586
v 0.221317232 0.0381720141 -0.151833102
v 0.231859371 0.0381720141 -0.156199709
v 0.231859311 0.0369691215 -0.157207459
v 0.221317232 0.0381720141 -0.151833102
v 0.243114054 0.0369691215 -0.152545586
v 0.231859311 0.0369691215 -0.157207459
v 0.231859371 0.0381720141 -0.156199709
v 0.242401406 0.0381720141 -0.151833102
v 0.243114054 0.0369691215 -0.152545586
v 0.231859371 0.0381720141 -0.156199709
v 0.243114054 0.0338608734 -0.152545586
v 0.231859311 0.0338608734 -0.157207459
v 0.231859311 0.0369691215 -0.157207459
v 0.243114054 0.0369691215 -0.152545586
v 0.243114054 0.0338608734 -0.152545586
v 0.231859311 0.0369691215 -0.157207459
v 0.231859311 0.0338608734 -0.157207459
v 0.220604777 0.0338608734 -0.152545586
v 0.220604777 0.0369691215 -0.152545586
v 0.231859311 0.0369691215 -0.157207459
v 0.231859311 0.0338608734 -0.157207459
v 0.220604777 0.0369691215 -0.152545586
v 0.220604777 0.0338608734 -0.152545586
v 0.215942904 0.0338608772 -0.141291052
v 0.215942904 0.0369691215 -0.141291052
v 0.220604777 0.0369691215 -0.152545586
v 0.220604777 0.0338608734 -0.152545586
v 0.215942904 0.0369691215 -0.141291052
v 0.215942904 0.0338608772 -0.141291052
v 0.220604777 0.0338608772 -0.130036414
v 0.220604777 0.0369691253 -0.130036414
v 0.215942904 0.0369691215 -0.141291052
v 0.215942904 0.0338608772 -0.141291052
v 0.220604777 0.0369691253 -0.130036414
v 0.220604777 0.0338608772 -0.130036414
v 0.231859416 0.0338608772 -0.12537457
v 0.231859416 0.0369691253 -0.12537457
v 0.220604777 0.0369691253 -0.130036414
v 0.220604777 0.0338608772 -0.130036414
v 0.231859416 0.0369691253 -0.12537457
v 0.231859416 0.0338608772 -0.12537457
v 0.243114054 0.0338608772 -0.130036443
v 0.243114054 0.0369691253 -0.130036443
v 0.231859416 0.0369691253 -0.12537457
v 0.231859416 0.0338608772 -0.12537457
v 0.243114054 0.0369691253 -0.130036443
v 0.243114054 0.0338608772 -0.130036443
v 0.247775838 0.0338608772 -0.141290992
v 0.247775838 0.0369691215 -0.141290992
v 0.243114054 0.0369691253 -0.130036443
v 0.243114054 0.0338608772 -0.130036443
v 0.247775838 0.0369691215 -0.141290992
v 0.243114054 0.0338608734 -0.152545586
v 0.243114054 0.0369691215 -0.152545586
v 0.247775838 0.0369691215 -0.141290992
v 0.247775838 0.0338608772 -0.141290992
v 0.243114054 0.0338608734 -0.152545586
v 0.247775838 0.0369691215 -0.141290992
v 0.316487044 0.0450504348 -0.150908053
v 0.306870103 0.046708066 -0.152989283
v 0.315141857 0.0467080697 -0.149562955
v 0.316487044 0.0450504348 -0.150908053
v 0.306869835 0.0450504348 -0.154891565
v 0.306870103 0.046708066 -0.152989283
v 0.306869835 0.0433927067 -0.154891565
v 0.306869835 0.0450504348 -0.154891565
v 0.316487044 0.0450504348 -0.150908053
v 0.316487044 0.0433927067 -0.150908053
v 0.306869835 0.0433927067 -0.154891565
v 0.316487044 0.0450504348 -0.150908053
v 0.306869835 0.0417350009 -0.153286055
v 0.306869835 0.0433927067 -0.154891565
v 0.316487044 0.0433927067 -0.150908053
v 0.315351665 0.0417350009 -0.149772719
v 0.306869835 0.0417350009 -0.153286055
v 0.316487044 0.0433927067 -0.150908053
v 0.306869835 0.0450504348 -0.154891565
v 0.298598081 0.0467080697 -0.149562955
v 0.306870103 0.046708066 -0.152989283
v 0.306869835 0.0450504348 -0.154891565
v 0.297252893 0.0450504348 -0.150908053
v 0.298598081 0.0467080697 -0.149562955
v 0.297252893 0.0433927067 -0.150908053
v 0.297252893 0.0450504348 -0.150908053
v 0.306869835 0.0450504348 -0.154891565
v 0.306869835 0.0433927067 -0.154891565
v 0.297252893 0.0433927067 -0.150908053
v 0.306869835 0.0450504348 -0.154891565
v 0.298388273 0.0417350009 -0.149772719
v 0.297252893 0.0433927067 -0.150908053
v 0.306869835 0.0433927067 -0.154891565
v 0.306869835 0.0417350009 -0.153286055
v 0.298388273 0.0417350009 -0.149772719
v 0.306869835 0.0433927067 -0.154891565
v 0.297252893 0.0450504348 -0.150908053
v 0.295171618 0.0467080697 -0.141291052
v 0.298598081 0.0467080697 -0.149562955
v 0.297252893 0.0450504348 -0.150908053
v 0.293269396 0.0450504348 -0.141290992
v 0.295171618 0.0467080697 -0.141291052
v 0.293269396 0.0433927067 -0.141290992
v 0.293269396 0.0450504348 -0.141290992
v 0.297252893 0.0450504348 -0.150908053
v 0.297252893 0.0433927067 -0.150908053
v 0.293269396 0.0433927067 -0.141290992
v 0.297252893 0.0450504348 -0.150908053
v 0.294874936 0.0417350009 -0.141291052
v 0.293269396 0.0433927067 -0.141290992
v 0.297252893 0.0433927067 -0.150908053
v 0.298388273 0.0417350009 -0.149772719
v 0.294874936 0.0417350009 -0.141291052
v 0.297252893 0.0433927067 -0.150908053
v 0.293269396 0.0450504348 -0.141290992
v 0.298598081 0.0467080697 -0.133019105
v 0.295171618 0.0467080697 -0.141291052
v 0.293269396 0.0450504348 -0.141290992
v 0.297252893 0.0450504385 -0.131673977
v 0.298598081 0.0467080697 -0.133019105
v 0.297252893 0.0433927067 -0.131673977
v 0.297252893 0.0450504385 -0.131673977
v 0.293269396 0.0450504348 -0.141290992
v 0.293269396 0.0433927067 -0.141290992
v 0.297252893 0.0433927067 -0.131673977
v 0.293269396 0.0450504348 -0.141290992
v 0.298388273 0.0417350046 -0.132809237
v 0.297252893 0.0433927067 -0.131673977
v 0.293269396 0.0433927067 -0.141290992
v 0.294874936 0.0417350009 -0.141291052
v 0.298388273 0.0417350046 -0.132809237
v 0.293269396 0.0433927067 -0.141290992
v 0.306869835 0.0450504385 -0.127690479
v 0.306870103 0.0467080697 -0.129592776
v 0.298598081 0.0467080697 -0.133019105
v 0.297252893 0.0450504385 -0.131673977
v 0.306869835 0.0450504385 -0.127690479
v 0.298598081 0.0467080697 -0.133019105
v 0.306869835 0.0433927104 -0.127690479
v 0.306869835 0.0450504385 -0.127690479
v 0.297252893 0.0450504385 -0.131673977
v 0.297252893 0.0433927067 -0.131673977
v 0.306869835 0.0433927104 -0.127690479
v 0.297252893 0.0450504385 -0.131673977
v 0.298388273 0.0417350046 -0.132809237
v 0.306869835 0.0433927104 -0.127690479
v 0.297252893 0.0433927067 -0.131673977
v 0.298388273 0.0417350046 -0.132809237
v 0.306870103 0.0417350046 -0.129296035
v 0.306869835 0.0433927104 -0.127690479
v 0.316487044 0.0450504385 -0.131673977
v 0.315141857 0.0467080697 -0.13301909
v 0.306870103 0.0467080697 -0.129592776
v 0.306869835 0.0450504385 -0.127690479
v 0.316487044 0.0450504385 -0.131673977
v 0.306870103 0.0467080697 -0.129592776
v 0.316487044 0.0433927067 -0.131673977
v 0.316487044 0.0450504385 -0.131673977
v 0.306869835 0.0450504385 -0.127690479
v 0.306869835 0.0433927104 -0.127690479
v 0.316487044 0.0433927067 -0.131673977
v 0.306869835 0.0450504385 -0.127690479
v 0.306870103 0.0417350046 -0.129296035
v 0.316487044 0.0433927067 -0.131673977
v 0.306869835 0.0433927104 -0.127690479
v 0.306870103 0.0417350046 -0.129296035
v 0.315351665 0.0417350046 -0.132809237
v 0.316487044 0.0433927067 -0.131673977
v 0.320470542 0.0450504348 -0.141290992
v 0.318568081 0.0467080697 -0.141291052
v 0.315141857 0.0467080697 -0.13301909
v 0.316487044 0.0450504385 -0.131673977
v 0.320470542 0.0450504348 -0.141290992
v 0.315141857 0.0467080697 -0.13301909
v 0.320470542 0.0433927067 -0.141290992
v 0.320470542 0.0450504348 -0.141290992
v 0.316487044 0.0450504385 -0.131673977
v 0.316487044 0.0433927067 -0.131673977
v 0.320470542 0.0433927067 -0.141290992
v 0.316487044 0.0450504385 -0.131673977
v 0.315351665 0.0417350046 -0.132809237
v 0.320470542 0.0433927067 -0.141290992
v 0.316487044 0.0433927067 -0.131673977
v 0.315351665 0.0417350046 -0.132809237
v 0.318864971 0.0417350009 -0.141291052
v 0.320470542 0.0433927067 -0.141290992
v 0.318568081 0.0467080697 -0.141291052
v 0.316487044 0.0450504348 -0.150908053
v 0.315141857 0.0467080697 -0.149562955
v 0.318568081 0.0467080697 -0.141291052
v 0.320470542 0.0450504348 -0.141290992
v 0.316487044 0.0450504348 -0.150908053
v 0.320470542 0.0433927067 -0.141290992
v 0.316487044 0.0433927067 -0.150908053
v 0.316487044 0.0450504348 -0.150908053
v 0.320470542 0.0450504348 -0.141290992
v 0.320470542 0.0433927067 -0.141290992
v 0.316487044 0.0450504348 -0.150908053
v 0.318864971 0.0417350009 -0.141291052
v 0.315351665 0.0417350009 -0.149772719
v 0.316487044 0.0433927067 -0.150908053
v 0.320470542 0.0433927067 -0.141290992
v 0.318864971 0.0417350009 -0.141291052
v 0.316487044 0.0433927067 -0.150908053
v 0.315351665 0.0388340168 -0.149772719
v 0.315351665 0.0417350009 -0.149772719
v 0.318864971 0.0417350009 -0.141291052
v 0.318864971 0.0388340168 -0.141291052
v 0.315351665 0.0388340168 -0.149772719
v 0.318864971 0.0417350009 -0.141291052
v 0.315351665 0.0388340168 -0.132809266
v 0.318864971 0.0388340168 -0.141291052
v 0.318864971 0.0417350009 -0.141291052
v 0.315351665 0.0417350046 -0.132809237
v 0.315351665 0.0388340168 -0.132809266
v 0.318864971 0.0417350009 -0.141291052
v 0.306870103 0.0388340168 -0.129296035
v 0.315351665 0.0388340168 -0.132809266
v 0.315351665 0.0417350046 -0.132809237
v 0.306870103 0.0417350046 -0.129296035
v 0.306870103 0.0388340168 -0.129296035
v 0.315351665 0.0417350046 -0.132809237
v 0.298388273 0.0388340168 -0.132809237
v 0.306870103 0.0388340168 -0.129296035
v 0.306870103 0.0417350046 -0.129296035
v 0.298388273 0.0417350046 -0.132809237
v 0.298388273 0.0388340168 -0.132809237
v 0.306870103 0.0417350046 -0.129296035
v 0.294874936 0.0388340168 -0.141291052
v 0.298388273 0.0388340168 -0.132809237
v 0.298388273 0.0417350046 -0.132809237
v 0.294874936 0.0417350009 -0.141291052
v 0.294874936 0.0388340168 -0.141291052
v 0.298388273 0.0417350046 -0.132809237
v 0.298388273 0.0388340168 -0.149772719
v 0.294874936 0.0388340168 -0.141291052
v 0.294874936 0.0417350009 -0.141291052
v 0.298388273 0.0417350009 -0.149772719
v 0.298388273 0.0388340168 -0.149772719
v 0.294874936 0.0417350009 -0.141291052
v 0.306869835 0.038834013 -0.153286055
v 0.298388273 0.0388340168 -0.149772719
v 0.298388273 0.0417350009 -0.149772719
v 0.306869835 0.0417350009 -0.153286055
v 0.306869835 0.038834013 -0.153286055
v 0.298388273 0.0417350009 -0.149772719
v 0.315351665 0.0388340168 -0.149772719
v 0.306869835 0.038834013 -0.153286055
v 0.306869835 0.0417350009 -0.153286055
v 0.315351665 0.0417350009 -0.149772719
v 0.315351665 0.0388340168 -0.149772719
v 0.306869835 0.0417350009 -0.153286055
v 0.31741184 0.0381720141 -0.151833102
v 0.306869835 0.0381720141 -0.156199709
v 0.306869835 0.038834013 -0.153286055
v 0.315351665 0.0388340168 -0.149772719
v 0.31741184 0.0381720141 -0.151833102
v 0.306869835 0.038834013 -0.153286055
v 0.306869835 0.0381720141 -0.156199709
v 0.296327829 0.0381720141 -0.151833102
v 0.298388273 0.0388340168 -0.149772719
v 0.306869835 0.038834013 -0.153286055
v 0.306869835 0.0381720141 -0.156199709
v 0.298388273 0.0388340168 -0.149772719
v 0.296327829 0.0381720141 -0.151833102
v 0.291961312 0.0381720178 -0.141290992
v 0.294874936 0.0388340168 -0.141291052
v 0.298388273 0.0388340168 -0.149772719
v 0.296327829 0.0381720141 -0.151833102
v 0.294874936 0.0388340168 -0.141291052
v 0.291961312 0.0381720178 -0.141290992
v 0.296327829 0.0381720178 -0.130748868
v 0.298388273 0.0388340168 -0.132809237
v 0.294874936 0.0388340168 -0.141291052
v 0.291961312 0.0381720178 -0.141290992
v 0.298388273 0.0388340168 -0.132809237
v 0.298388273 0.0388340168 -0.132809237
v 0.306869835 0.0381720178 -0.126382217
v 0.306870103 0.0388340168 -0.129296035
v 0.298388273 0.0388340168 -0.132809237
v 0.296327829 0.0381720178 -0.130748868
v 0.306869835 0.0381720178 -0.126382217
v 0.306870103 0.0388340168 -0.129296035
v 0.31741184 0.0381720178 -0.130748928
v 0.315351665 0.0388340168 -0.132809266
v 0.306870103 0.0388340168 -0.129296035
v 0.306869835 0.0381720178 -0.126382217
v 0.31741184 0.0381720178 -0.130748928
v 0.315351665 0.0388340168 -0.132809266
v 0.321778625 0.0381720178 -0.141290992
v 0.318864971 0.0388340168 -0.141291052
v 0.315351665 0.0388340168 -0.132809266
v 0.31741184 0.0381720178 -0.130748928
v 0.321778625 0.0381720178 -0.141290992
v 0.31741184 0.0381720141 -0.151833102
v 0.315351665 0.0388340168 -0.149772719
v 0.318864971 0.0388340168 -0.141291052
v 0.321778625 0.0381720178 -0.141290992
v 0.31741184 0.0381720141 -0.151833102
v 0.318864971 0.0388340168 -0.141291052
v 0.318124563 0.0369691215 -0.152545586
v 0.31741184 0.0381720141 -0.151833102
v 0.321778625 0.0381720178 -0.141290992
v 0.322786242 0.0369691215 -0.141290992
v 0.318124563 0.0369691215 -0.152545586
v 0.321778625 0.0381720178 -0.141290992
v 0.318124563 0.0369691253 -0.130036443
v 0.322786242 0.0369691215 -0.141290992
v 0.321778625 0.0381720178 -0.141290992
v 0.31741184 0.0381720178 -0.130748928
v 0.318124563 0.0369691253 -0.130036443
v 0.321778625 0.0381720178 -0.141290992
v 0.306869835 0.0369691253 -0.12537457
v 0.318124563 0.0369691253 -0.130036443
v 0.31741184 0.0381720178 -0.130748928
v 0.306869835 0.0381720178 -0.126382217
v 0.306869835 0.0369691253 -0.12537457
v 0.31741184 0.0381720178 -0.130748928
v 0.295615345 0.0369691253 -0.130036414
v 0.306869835 0.0369691253 -0.12537457
v 0.306869835 0.0381720178 -0.126382217
v 0.296327829 0.0381720178 -0.130748868
v 0.295615345 0.0369691253 -0.130036414
v 0.306869835 0.0381720178 -0.126382217
v 0.291961312 0.0381720178 -0.141290992
v 0.295615345 0.0369691253 -0.130036414
v 0.296327829 0.0381720178 -0.130748868
v 0.291961312 0.0381720178 -0.141290992
v 0.290953428 0.0369691215 -0.141291052
v 0.295615345 0.0369691253 -0.130036414
v 0.296327829 0.0381720141 -0.151833102
v 0.290953428 0.0369691215 -0.141291052
v 0.291961312 0.0381720178 -0.141290992
v 0.296327829 0.0381720141 -0.151833102
v 0.295615345 0.0369691215 -0.152545586
v 0.290953428 0.0369691215 -0.141291052
v 0.306869835 0.0369691215 -0.157207459
v 0.295615345 0.0369691215 -0.152545586
v 0.296327829 0.0381720141 -0.151833102
v 0.306869835 0.0381720141 -0.156199709
v 0.306869835 0.0369691215 -0.157207459
v 0.296327829 0.0381720141 -0.151833102
v 0.318124563 0.0369691215 -0.152545586
v 0.306869835 0.0369691215 -0.157207459
v 0.306869835 0.0381720141 -0.156199709
v 0.31741184 0.0381720141 -0.151833102
v 0.318124563 0.0369691215 -0.152545586
v 0.306869835 0.0381720141 -0.156199709
v 0.318124563 0.0338608734 -0.152545586
v 0.306869835 0.0338608734 -0.157207459
v 0.306869835 0.0369691215 -0.157207459
v 0.318124563 0.0369691215 -0.152545586
v 0.318124563 0.0338608734 -0.152545586
v 0.306869835 0.0369691215 -0.157207459
v 0.306869835 0.0338608734 -0.157207459
v 0.295615345 0.0338608734 -0.152545586
v 0.295615345 0.0369691215 -0.152545586
v 0.306869835 0.0369691215 -0.157207459
v 0.306869835 0.0338608734 -0.157207459
v 0.295615345 0.0369691215 -0.152545586
v 0.295615345 0.0338608734 -0.152545586
v 0.290953428 0.0338608772 -0.141291052
v 0.290953428 0.0369691215 -0.141291052
v 0.295615345 0.0369691215 -0.152545586
v 0.295615345 0.0338608734 -0.152545586
v 0.290953428 0.0369691215 -0.141291052
v 0.290953428 0.0338608772 -0.141291052
v 0.295615345 0.0338608772 -0.130036414
v 0.295615345 0.0369691253 -0.130036414
v 0.290953428 0.0369691215 -0.141291052
v 0.290953428 0.0338608772 -0.141291052
v 0.295615345 0.0369691253 -0.130036414
v 0.295615345 0.0338608772 -0.130036414
v 0.306869835 0.0338608772 -0.12537457
v 0.306869835 0.0369691253 -0.12537457
v 0.295615345 0.0369691253 -0.130036414
v 0.295615345 0.0338608772 -0.130036414
v 0.306869835 0.0369691253 -0.12537457
v 0.306869835 0.0338608772 -0.12537457
v 0.318124563 0.0338608772 -0.130036443
v 0.318124563 0.0369691253 -0.130036443
v 0.306869835 0.0369691253 -0.12537457
v 0.306869835 0.0338608772 -0.12537457
v 0.318124563 0.0369691253 -0.130036443
v 0.318124563 0.0338608772 -0.130036443
v 0.322786242 0.0338608772 -0.141290992
v 0.322786242 0.0369691215 -0.141290992
v 0.318124563 0.0369691253 -0.130036443
v 0.318124563 0.0338608772 -0.130036443
v 0.322786242 0.0369691215 -0.141290992
v 0.318124563 0.0338608734 -0.152545586
v 0.318124563 0.0369691215 -0.152545586
v 0.322786242 0.0369691215 -0.141290992
v 0.322786242 0.0338608772 -0.141290992
v 0.318124563 0.0338608734 -0.152545586
v 0.322786242 0.0369691215 -0.141290992
v -0.309452534 0.0338608734 -0.157529488
v -0.276975811 0.0338608734 -0.157529488
v -0.276975811 0.0277304035 -0.157529533
v -0.309452534 0.0277304035 -0.157529488
v -0.309452534 0.0338608734 -0.157529488
v -0.276975811 0.0277304035 -0.157529533
v -0.276975811 0.0338608734 -0.157529488
v -0.276975811 0.0338608772 -0.125052631
v -0.276975811 0.0277304091 -0.125052631
v -0.276975811 0.0277304035 -0.157529533
v -0.276975811 0.0338608734 -0.157529488
v -0.276975811 0.0277304091 -0.125052631
v -0.276975811 0.0277304091 -0.125052631
v -0.309452534 0.0338608772 -0.125052556
v -0.309452534 0.0277304091 -0.125052631
v -0.276975811 0.0277304091 -0.125052631
v -0.276975811 0.0338608772 -0.125052631
v -0.309452534 0.0338608772 -0.125052556
v -0.309452534 0.0277304091 -0.125052631
v -0.309452534 0.0338608734 -0.157529488
v -0.309452534 0.0277304035 -0.157529488
v -0.309452534 0.0277304091 -0.125052631
v -0.309452534 0.0338608772 -0.125052556
v -0.309452534 0.0338608734 -0.157529488
v -0.309452534 0.0338608772 -0.125052556
v -0.276975811 0.0338608734 -0.157529488
v -0.309452534 0.0338608734 -0.157529488
v -0.309452534 0.0338608772 -0.125052556
v -0.276975811 0.0338608772 -0.125052631
v -0.276975811 0.0338608734 -0.157529488
v -0.23444216 0.0338608734 -0.157529488
v -0.201965317 0.0338608734 -0.157529488
v -0.201965317 0.0277304035 -0.157529533
v -0.23444216 0.0277304035 -0.157529488
v -0.23444216 0.0338608734 -0.157529488
v -0.201965317 0.0277304035 -0.157529533
v -0.201965317 0.0338608734 -0.157529488
v -0.201965272 0.0338608772 -0.125052631
v -0.201965272 0.0277304091 -0.125052631
v -0.201965317 0.0277304035 -0.157529533
v -0.201965317 0.0338608734 -0.157529488
v -0.201965272 0.0277304091 -0.125052631
v -0.201965272 0.0277304091 -0.125052631
v -0.234442085 0.0338608772 -0.125052556
v -0.23444216 0.0277304091 -0.125052631
v -0.201965272 0.0277304091 -0.125052631
v -0.201965272 0.0338608772 -0.125052631
v -0.234442085 0.0338608772 -0.125052556
v -0.23444216 0.0277304091 -0.125052631
v -0.23444216 0.0338608734 -0.157529488
v -0.23444216 0.0277304035 -0.157529488
v -0.23444216 0.0277304091 -0.125052631
v -0.234442085 0.0338608772 -0.125052556
v -0.23444216 0.0338608734 -0.157529488
v -0.234442085 0.0338608772 -0.125052556
v -0.201965317 0.0338608734 -0.157529488
v -0.23444216 0.0338608734 -0.157529488
v -0.234442085 0.0338608772 -0.125052556
v -0.201965272 0.0338608772 -0.125052631
v -0.201965317 0.0338608734 -0.157529488
v -0.159431607 0.0338608734 -0.157529488
v -0.126954809 0.0338608734 -0.157529488
v -0.126954809 0.0277304035 -0.157529533
v -0.159431607 0.0277304035 -0.157529488
v -0.159431607 0.0338608734 -0.157529488
v -0.126954809 0.0277304035 -0.157529533
v -0.126954809 0.0338608734 -0.157529488
v -0.126954764 0.0338608772 -0.125052631
v -0.126954764 0.0277304091 -0.125052631
v -0.126954809 0.0277304035 -0.157529533
v -0.126954809 0.0338608734 -0.157529488
v -0.126954764 0.0277304091 -0.125052631
v -0.126954764 0.0277304091 -0.125052631
v -0.159431532 0.0338608772 -0.125052556
v -0.159431607 0.0277304091 -0.125052631
v -0.126954764 0.0277304091 -0.125052631
v -0.126954764 0.0338608772 -0.125052631
v -0.159431532 0.0338608772 -0.125052556
v -0.159431607 0.0277304091 -0.125052631
v -0.159431607 0.0338608734 -0.157529488
v -0.159431607 0.0277304035 -0.157529488
v -0.159431607 0.0277304091 -0.125052631
v -0.159431532 0.0338608772 -0.125052556
v -0.159431607 0.0338608734 -0.157529488
v -0.159431532 0.0338608772 -0.125052556
v -0.126954809 0.0338608734 -0.157529488
v -0.159431607 0.0338608734 -0.157529488
v -0.159431532 0.0338608772 -0.125052556
v -0.126954764 0.0338608772 -0.125052631
v -0.126954809 0.0338608734 -0.157529488
v -0.0844210908 0.0338608734 -0.157529488
v -0.0519443229 0.0338608734 -0.157529488
v -0.0519443229 0.0277304035 -0.157529533
v -0.0844210908 0.0277304035 -0.157529488
v -0.0844210908 0.0338608734 -0.157529488
v -0.0519443229 0.0277304035 -0.157529533
v -0.0519443229 0.0338608734 -0.157529488
v -0.0519442409 0.0338608772 -0.125052631
v -0.0519442409 0.0277304091 -0.125052631
v -0.0519443229 0.0277304035 -0.157529533
v -0.0519443229 0.0338608734 -0.157529488
v -0.0519442409 0.0277304091 -0.125052631
v -0.0519442409 0.0277304091 -0.125052631
v -0.0844210163 0.0338608772 -0.125052556
v -0.0844210908 0.0277304091 -0.125052631
v -0.0519442409 0.0277304091 -0.125052631
v -0.0519442409 0.0338608772 -0.125052631
v -0.0844210163 0.0338608772 -0.125052556
v -0.0844210908 0.0277304091 -0.125052631
v -0.0844210908 0.0338608734 -0.157529488
v -0.0844210908 0.0277304035 -0.157529488
v -0.0844210908 0.0277304091 -0.125052631
v -0.0844210163 0.0338608772 -0.125052556
v -0.0844210908 0.0338608734 -0.157529488
v -0.0844210163 0.0338608772 -0.125052556
v -0.0519443229 0.0338608734 -0.157529488
v -0.0844210908 0.0338608734 -0.157529488
v -0.0844210163 0.0338608772 -0.125052556
v -0.0519442409 0.0338608772 -0.125052631
v -0.0519443229 0.0338608734 -0.157529488
v -0.00941056851 0.0338608734 -0.157529488
v 0.0230662301 0.0338608734 -0.157529488
v 0.0230662301 0.0277304035 -0.157529533
v -0.00941056851 0.0277304035 -0.157529488
v -0.00941056851 0.0338608734 -0.157529488
v 0.0230662301 0.0277304035 -0.157529533
v 0.0230662301 0.0338608734 -0.157529488
v 0.0230662785 0.0338608772 -0.125052631
v 0.0230662785 0.0277304091 -0.125052631
v 0.0230662301 0.0277304035 -0.157529533
v 0.0230662301 0.0338608734 -0.157529488
v 0.0230662785 0.0277304091 -0.125052631
v 0.0230662785 0.0277304091 -0.125052631
v -0.00941049494 0.0338608772 -0.125052556
v -0.00941056851 0.0277304091 -0.125052631
v 0.0230662785 0.0277304091 -0.125052631
v 0.0230662785 0.0338608772 -0.125052631
v -0.00941049494 0.0338608772 -0.125052556
v -0.00941056851 0.0277304091 -0.125052631
v -0.00941056851 0.0338608734 -0.157529488
v -0.00941056851 0.0277304035 -0.157529488
v -0.00941056851 0.0277304091 -0.125052631
v -0.00941049494 0.0338608772 -0.125052556
v -0.00941056851 0.0338608734 -0.157529488
v -0.00941049494 0.0338608772 -0.125052556
v 0.0230662301 0.0338608734 -0.157529488
v -0.00941056851 0.0338608734 -0.157529488
v -0.00941049494 0.0338608772 -0.125052556
v 0.0230662785 0.0338608772 -0.125052631
v 0.0230662301 0.0338608734 -0.157529488
v 0.0655999407 0.0338608734 -0.157529488
v 0.0980767384 0.0338608734 -0.157529488
v 0.0980767384 0.0277304035 -0.157529533
v 0.0655999407 0.0277304035 -0.157529488
v 0.0655999407 0.0338608734 -0.157529488
v 0.0980767384 0.0277304035 -0.157529533
v 0.0980767384 0.0338608734 -0.157529488
v 0.0980767906 0.0338608772 -0.125052631
v 0.0980767906 0.0277304091 -0.125052631
v 0.0980767384 0.0277304035 -0.157529533
v 0.0980767384 0.0338608734 -0.157529488
v 0.0980767906 0.0277304091 -0.125052631
v 0.0980767906 0.0277304091 -0.125052631
v 0.0656000227 0.0338608772 -0.125052556
v 0.0655999407 0.0277304091 -0.125052631
v 0.0980767906 0.0277304091 -0.125052631
v 0.0980767906 0.0338608772 -0.125052631
v 0.0656000227 0.0338608772 -0.125052556
v 0.0655999407 0.0277304091 -0.125052631
v 0.0655999407 0.0338608734 -0.157529488
v 0.0655999407 0.0277304035 -0.157529488
v 0.0655999407 0.0277304091 -0.125052631
v 0.0656000227 0.0338608772 -0.125052556
v 0.0655999407 0.0338608734 -0.157529488
v 0.0656000227 0.0338608772 -0.125052556
v 0.0980767384 0.0338608734 -0.157529488
v 0.0655999407 0.0338608734 -0.157529488
v 0.0656000227 0.0338608772 -0.125052556
v 0.0980767906 0.0338608772 -0.125052631
v 0.0980767384 0.0338608734 -0.157529488
v 0.140610427 0.0338608734 -0.157529488
v 0.173087224 0.0338608734 -0.157529488
v 0.173087224 0.0277304035 -0.157529533
v 0.140610427 0.0277304035 -0.157529488
v 0.140610427 0.0338608734 -0.157529488
v 0.173087224 0.0277304035 -0.157529533
v 0.173087224 0.0338608734 -0.157529488
v 0.173087284 0.0338608772 -0.125052631
v 0.173087284 0.0277304091 -0.125052631
v 0.173087224 0.0277304035 -0.157529533
v 0.173087224 0.0338608734 -0.157529488
v 0.173087284 0.0277304091 -0.125052631
v 0.173087284 0.0277304091 -0.125052631
v 0.140610546 0.0338608772 -0.125052556
v 0.140610427 0.0277304091 -0.125052631
v 0.173087284 0.0277304091 -0.125052631
v 0.173087284 0.0338608772 -0.125052631
v 0.140610546 0.0338608772 -0.125052556
v 0.140610427 0.0277304091 -0.125052631
v 0.140610427 0.0338608734 -0.157529488
v 0.140610427 0.0277304035 -0.157529488
v 0.140610427 0.0277304091 -0.125052631
v 0.140610546 0.0338608772 -0.125052556
v 0.140610427 0.0338608734 -0.157529488
v 0.140610546 0.0338608772 -0.125052556
v 0.173087224 0.0338608734 -0.157529488
v 0.140610427 0.0338608734 -0.157529488
v 0.140610546 0.0338608772 -0.125052556
v 0.173087284 0.0338608772 -0.125052631
v 0.173087224 0.0338608734 -0.157529488
v 0.215620965 0.0338608734 -0.157529488
v 0.248097762 0.0338608734 -0.157529488
v 0.248097762 0.0277304035 -0.157529533
v 0.215620965 0.0277304035 -0.157529488
v 0.215620965 0.0338608734 -0.157529488
v 0.248097762 0.0277304035 -0.157529533
v 0.248097762 0.0338608734 -0.157529488
v 0.248097807 0.0338608772 -0.125052631
v 0.248097807 0.0277304091 -0.125052631
v 0.248097762 0.0277304035 -0.157529533
v 0.248097762 0.0338608734 -0.157529488
v 0.248097807 0.0277304091 -0.125052631
v 0.248097807 0.0277304091 -0.125052631
v 0.215621114 0.0338608772 -0.125052556
v 0.215620965 0.0277304091 -0.125052631
v 0.248097807 0.0277304091 -0.125052631
v 0.248097807 0.0338608772 -0.125052631
v 0.215621114 0.0338608772 -0.125052556
v 0.215620965 0.0277304091 -0.125052631
v 0.215620965 0.0338608734 -0.157529488
v 0.215620965 0.0277304035 -0.157529488
v 0.215620965 0.0277304091 -0.125052631
v 0.215621114 0.0338608772 -0.125052556
v 0.215620965 0.0338608734 -0.157529488
v 0.215621114 0.0338608772 -0.125052556
v 0.248097762 0.0338608734 -0.157529488
v 0.215620965 0.0338608734 -0.157529488
v 0.215621114 0.0338608772 -0.125052556
v 0.248097807 0.0338608772 -0.125052631
v 0.248097762 0.0338608734 -0.157529488
v 0.290631354 0.0338608734 -0.157529488
v 0.323108315 0.0338608734 -0.157529488
v 0.323108315 0.0277304035 -0.157529533
v 0.290631354 0.0277304035 -0.157529488
v 0.290631354 0.0338608734 -0.157529488
v 0.323108315 0.0277304035 -0.157529533
v 0.323108315 0.0338608734 -0.157529488
v 0.323108315 0.0338608772 -0.125052631
v 0.323108315 0.0277304091 -0.125052631
v 0.323108315 0.0277304035 -0.157529533
v 0.323108315 0.0338608734 -0.157529488
v 0.323108315 0.0277304091 -0.125052631
v 0.323108315 0.0277304091 -0.125052631
v 0.290631622 0.0338608772 -0.125052556
v 0.290631354 0.0277304091 -0.125052631
v 0.323108315 0.0277304091 -0.125052631
v 0.323108315 0.0338608772 -0.125052631
v 0.290631622 0.0338608772 -0.125052556
v 0.290631354 0.0277304091 -0.125052631
v 0.290631354 0.0338608734 -0.157529488
v 0.290631354 0.0277304035 -0.157529488
v 0.290631354 0.0277304091 -0.125052631
v 0.290631622 0.0338608772 -0.125052556
v 0.290631354 0.0338608734 -0.157529488
v 0.290631622 0.0338608772 -0.125052556
v 0.323108315 0.0338608734 -0.157529488
v 0.290631354 0.0338608734 -0.157529488
v 0.290631622 0.0338608772 -0.125052556
v 0.323108315 0.0338608772 -0.125052631
v 0.323108315 0.0338608734 -0.157529488
v 0.204746336 0.164109275 -0.233716995
v 0.124499597 0.164109275 -0.233716995
v 0.124499597 0.164109275 -0.236079693
v 0.211374298 0.17089887 -0.233716995
v 0.117871717 0.17089887 -0.233716995
v 0.124499597 0.164109275 -0.233716995
v 0.117871717 0.17089887 -0.233716995
v 0.117871717 0.0677434951 -0.233717024
v 0.124499597 0.164109275 -0.233716995
v 0.211374298 0.0677434951 -0.233717024
v 0.211374298 0.17089887 -0.233716995
v 0.204746336 0.164109275 -0.233716995
v 0.204746336 0.0745331198 -0.233717024
v 0.124499597 0.0745331198 -0.233717024
v 0.211374298 0.0677434951 -0.233717024
v 0.124499597 0.164109275 -0.233716995
v 0.124499597 0.0745331198 -0.233717024
v 0.124499597 0.0745331198 -0.236079738
v 0.204746336 0.0745331198 -0.233717024
v 0.204746336 0.164109275 -0.233716995
v 0.204746336 0.164109275 -0.236079693
v 0.204746336 0.0745331198 -0.236079738
v 0.124499597 0.0745331198 -0.236079738
v 0.124499597 0.0745331198 -0.233717024
v 0.211374298 0.17089887 -0.237745434
v 0.117871717 0.17089887 -0.237745434
v 0.117871717 0.17089887 -0.233716995
v 0.117871717 0.0677434951 -0.237745464
v 0.117871717 0.0677434951 -0.233717024
v 0.117871717 0.17089887 -0.237745434
v 0.211374298 0.0677434951 -0.237745464
v 0.211374298 0.17089887 -0.237745434
v 0.211374298 0.0677434951 -0.233717024
v 0.211374298 0.0677434951 -0.233717024
v 0.117871717 0.0677434951 -0.233717024
v 0.117871717 0.0677434951 -0.237745464
v -0.107363962 0.16421546 -0.234069452
v -0.243025526 0.16421546 -0.234069452
v -0.243025526 0.16421546 -0.236446038
v -0.100697204 0.171044916 -0.234069452
v -0.249692261 0.171044916 -0.234069452
v -0.243025526 0.16421546 -0.234069452
v -0.249692261 0.171044916 -0.234069452
v -0.249692261 0.0669679865 -0.234069452
v -0.243025526 0.16421546 -0.234069452
v -0.100697204 0.0669679865 -0.234069452
v -0.100697204 0.171044916 -0.234069452
v -0.107363962 0.16421546 -0.234069452
v -0.107363962 0.0737974122 -0.234069452
v -0.243025526 0.0737974122 -0.234069452
v -0.249692261 0.0669679865 -0.234069452
v -0.243025526 0.16421546 -0.234069452
v -0.243025526 0.0737974122 -0.234069452
v -0.243025526 0.0737974122 -0.236446068
v -0.107363962 0.0737974122 -0.234069452
v -0.107363962 0.16421546 -0.234069452
v -0.107363962 0.0737974122 -0.236446068
v -0.107363962 0.0737974122 -0.236446068
v -0.243025526 0.0737974122 -0.236446068
v -0.243025526 0.0737974122 -0.234069452
v -0.100697204 0.171044916 -0.238121554
v -0.249692261 0.171044916 -0.238121554
v -0.249692261 0.171044916 -0.234069452
v -0.249692261 0.171044916 -0.238121554
v -0.249692261 0.0669679865 -0.238121614
v -0.249692261 0.0669679865 -0.234069452
v -0.100697204 0.0669679865 -0.238121614
v -0.100697204 0.171044916 -0.238121554
v -0.100697204 0.171044916 -0.234069452
v -0.100697204 0.0669679865 -0.234069452
v -0.249692261 0.0669679865 -0.234069452
v -0.249692261 0.0669679865 -0.238121614
v -0.197799459 -0.0192327909 0.118012793
v -0.196057335 -0.0192327891 0.093857117
v -0.197799459 0.0266287904 0.118012793
v -0.197799459 0.0266287904 0.118012793
v -0.24160327 0.0266287904 0.119159855
v -0.24160327 -0.0192327891 0.119159855
v -0.215841442 0.0266288035 0.0254727937
v -0.195699051 0.0266287997 -0.000424629688
v -0.195699051 -0.0192327891 -0.000424628786
v -0.195699051 0.0266287997 -0.000424629688
v -0.163914025 0.0266288035 0.0297382157
v -0.195699051 -0.0192327891 -0.000424628786
v -0.230544627 0.0266288072 0.0548021495
v -0.215841442 0.0266288035 0.0254727937
v -0.215841442 -0.0192327909 0.0254727714
v -0.178782701 -0.0192327872 0.0488551259
v -0.163914025 -0.0192327909 0.0297382213
v -0.163914025 0.0266288035 0.0297382157
v -0.239243314 0.0266288109 0.0864364281
v -0.230544627 0.0266288072 0.0548021495
v -0.230544627 -0.0192327872 0.054802157
v -0.189636171 -0.0192327891 0.0705053955
v -0.178782701 -0.0192327872 0.0488551259
v -0.178782701 0.0266288072 0.0488551185
v -0.24160327 0.0266287904 0.119159855
v -0.239243314 0.0266288109 0.0864364281
v -0.239243314 -0.0192327872 0.0864364281
v -0.196057335 -0.0192327891 0.093857117
v -0.189636171 -0.0192327891 0.0705053955
v -0.189636171 0.026628809 0.0705054253
v -0.17053704 0.0266288035 0.0302376784
v -0.182964906 0.0266288053 0.0462163351
v -0.178782701 0.0266288072 0.0488551185
v -0.182964906 0.0266288053 0.0462163351
v -0.194252819 0.026628809 0.0687332377
v -0.178782701 0.0266288072 0.0488551185
v -0.194252819 0.026628809 0.0687332377
v -0.200931042 0.0266287867 0.0930196717
v -0.196057335 0.0266287867 0.093857117
v -0.200931042 0.0266287867 0.0930196717
v -0.202387154 0.0266287904 0.113209985
v -0.196057335 0.0266287867 0.093857117
v -0.211659342 0.0266288035 0.0281115454
v -0.195147976 0.0266288016 0.00688280165
v -0.215841442 0.0266288035 0.0254727937
v -0.225927964 0.0266288072 0.0565743297
v -0.211659342 0.0266288035 0.0281115454
v -0.230544627 0.0266288072 0.0548021495
v -0.234369576 0.0266288109 0.0872738659
v -0.225927964 0.0266288072 0.0565743297
v -0.239243314 0.0266288109 0.0864364281
v -0.236304075 0.0266287904 0.114098124
v -0.234369576 0.0266288109 0.0872738659
v -0.239243314 0.0266288109 0.0864364281
v -0.202387154 0.0266287904 0.113209985
v -0.236304075 0.0266287904 0.114098124
v -0.197799459 0.0266287904 0.118012793
v -0.195147976 0.0266288016 0.00688280165
v -0.17053704 0.0266288035 0.0302376784
v -0.163914025 0.0266288035 0.0297382157
v -0.225927964 0.000547341653 0.0565743335
v -0.211659342 0.000547342876 0.0281115491
v -0.225927964 0.0266288072 0.0565743297
v -0.182964906 0.0266288053 0.0462163351
v -0.17053704 0.0266288035 0.0302376784
v -0.17053704 0.000547341595 0.0302376822
v -0.234369576 0.000547342293 0.0872738659
v -0.225927964 0.000547341653 0.0565743335
v -0.234369576 0.0266288109 0.0872738659
v -0.194252819 0.026628809 0.0687332377
v -0.182964906 0.0266288053 0.0462163351
v -0.182964906 0.000547341944 0.0462163165
v -0.236304075 0.000547342701 0.114098124
v -0.234369576 0.000547342293 0.0872738659
v -0.234369576 0.0266288109 0.0872738659
v -0.200931042 0.0266287867 0.0930196717
v -0.194252819 0.026628809 0.0687332377
v -0.200931042 0.000547342992 0.0930196494
v -0.202387154 0.000547342584 0.113209963
v -0.236304075 0.000547342701 0.114098124
v -0.236304075 0.0266287904 0.114098124
v -0.202387154 0.0266287904 0.113209985
v -0.200931042 0.0266287867 0.0930196717
v -0.202387154 0.000547342584 0.113209963
v -0.195147976 0.000547346426 0.00688280258
v -0.17053704 0.000547341595 0.0302376822
v -0.195147976 0.0266288016 0.00688280165
v -0.211659342 0.000547342876 0.0281115491
v -0.195147976 0.000547346426 0.00688280258
v -0.195147976 0.0266288016 0.00688280165
v 0.201599672 -0.0192327909 0.111544907
v 0.199857593 -0.0192327872 0.135700613
v 0.201599672 0.0266287904 0.111544907
v 0.201599672 0.0266287904 0.111544907
v 0.245403528 0.0266287904 0.110397875
v 0.245403528 -0.0192327909 0.110397875
v 0.219641775 0.0266288016 0.204084948
v 0.199499249 0.0266288035 0.229982451
v 0.219641775 -0.0192327872 0.204084948
v 0.199499249 0.0266288035 0.229982451
v 0.167714223 0.0266287997 0.19981949
v 0.167714223 -0.0192327872 0.19981949
v 0.234344855 0.0266287979 0.174755588
v 0.219641775 0.0266288016 0.204084948
v 0.219641775 -0.0192327872 0.204084948
v 0.182582915 -0.0192327909 0.180702612
v 0.167714223 -0.0192327872 0.19981949
v 0.167714223 0.0266287997 0.19981949
v 0.243043453 0.0266287941 0.143121302
v 0.234344855 0.0266287979 0.174755588
v 0.234344855 -0.0192327872 0.174755543
v 0.193436429 -0.0192327872 0.159052312
v 0.182582915 -0.0192327909 0.180702612
v 0.182582915 0.0266287979 0.180702612
v 0.245403528 0.0266287904 0.110397875
v 0.243043453 0.0266287941 0.143121302
v 0.243043453 -0.0192327872 0.143121272
v 0.199857593 -0.0192327872 0.135700613
v 0.193436429 -0.0192327872 0.159052312
v 0.199857593 0.0266287923 0.135700613
v 0.174337298 0.0266287997 0.199320048
v 0.186765164 0.0266287979 0.183341384
v 0.182582915 0.0266287979 0.180702612
v 0.186765164 0.0266287979 0.183341384
v 0.198053077 0.026628796 0.160824493
v 0.182582915 0.0266287979 0.180702612
v 0.198053077 0.026628796 0.160824493
v 0.204731256 0.0266287923 0.136538059
v 0.199857593 0.0266287923 0.135700613
v 0.204731256 0.0266287923 0.136538059
v 0.206187382 0.0266287904 0.116347767
v 0.199857593 0.0266287923 0.135700613
v 0.21545957 0.0266287997 0.201446176
v 0.19894816 0.0266288035 0.222674951
v 0.219641775 0.0266288016 0.204084948
v 0.229728103 0.0266287979 0.172983393
v 0.21545957 0.0266287997 0.201446176
v 0.234344855 0.0266287979 0.174755588
v 0.238169864 0.0266287941 0.142283857
v 0.229728103 0.0266287979 0.172983393
v 0.243043453 0.0266287941 0.143121302
v 0.240104288 0.0266287904 0.115459606
v 0.238169864 0.0266287941 0.142283857
v 0.243043453 0.0266287941 0.143121302
v 0.206187382 0.0266287904 0.116347767
v 0.240104288 0.0266287904 0.115459606
v 0.201599672 0.0266287904 0.111544907
v 0.19894816 0.0266288035 0.222674951
v 0.174337298 0.0266287997 0.199320048
v 0.167714223 0.0266287997 0.19981949
v 0.229728103 0.000547346659 0.172983378
v 0.21545957 0.000547347008 0.201446176
v 0.229728103 0.0266287979 0.172983393
v 0.186765164 0.0266287979 0.183341384
v 0.174337298 0.0266287997 0.199320048
v 0.186765164 0.000547346368 0.183341384
v 0.238169864 0.000547346077 0.142283857
v 0.229728103 0.000547346659 0.172983378
v 0.238169864 0.0266287941 0.142283857
v 0.198053077 0.026628796 0.160824493
v 0.186765164 0.0266287979 0.183341384
v 0.186765164 0.000547346368 0.183341384
v 0.240104288 0.000547342876 0.115459606
v 0.238169864 0.000547346077 0.142283857
v 0.238169864 0.0266287941 0.142283857
v 0.204731256 0.0266287923 0.136538059
v 0.198053077 0.026628796 0.160824493
v 0.198053077 0.000547346775 0.160824493
v 0.206187382 0.000547342992 0.116347767
v 0.240104288 0.000547342876 0.115459606
v 0.240104288 0.0266287904 0.115459606
v 0.206187382 0.0266287904 0.116347767
v 0.204731256 0.0266287923 0.136538059
v 0.206187382 0.000547342992 0.116347767
v 0.19894816 0.000547346543 0.222674951
v 0.174337298 0.000547346775 0.199320048
v 0.19894816 0.0266288035 0.222674951
v 0.21545957 0.000547347008 0.201446176
v 0.19894816 0.000547346543 0.222674951
v 0.19894816 0.0266288035 0.222674951
v -0.159574106 -0.0192327872 0.204170793
v -0.175375089 -0.0192327891 0.185816944
v -0.175375089 0.0266287979 0.185816944
v -0.159574106 0.0266288016 0.204170793
v -0.189819813 0.0266288053 0.235877052
v -0.189819813 -0.0192327891 0.235877052
v -0.237629771 0.0266287941 0.151288822
v -0.241614193 0.0266287904 0.118723199
v -0.237629771 -0.0192327872 0.151288807
v -0.241614193 0.0266287904 0.118723199
v -0.197807476 0.0266287904 0.117690489
v -0.197807476 -0.0192327909 0.117690489
v -0.227368608 0.0266287979 0.182451352
v -0.237629771 0.0266287941 0.151288822
v -0.227368608 -0.0192327891 0.182451352
v -0.19486627 -0.0192327872 0.141729683
v -0.197807476 -0.0192327909 0.117690489
v -0.19486627 0.0266287941 0.141729683
v -0.211225286 0.0266288016 0.211013287
v -0.227368608 0.0266287979 0.182451352
v -0.211225286 -0.0192327872 0.211013287
v -0.187291771 -0.0192327891 0.164733171
v -0.19486627 -0.0192327872 0.141729683
v -0.19486627 0.0266287941 0.141729683
v -0.189819813 0.0266288053 0.235877052
v -0.211225286 0.0266288016 0.211013287
v -0.211225286 -0.0192327872 0.211013287
v -0.175375089 -0.0192327891 0.185816944
v -0.187291771 -0.0192327891 0.164733171
v -0.175375089 0.0266287979 0.185816944
v -0.202150643 0.0266287904 0.122715548
v -0.199692279 0.0266287941 0.142808482
v -0.19486627 0.0266287941 0.141729683
v -0.199692279 0.0266287941 0.142808482
v -0.191814601 0.026628796 0.166732714
v -0.19486627 0.0266287941 0.141729683
v -0.191814601 0.026628796 0.166732714
v -0.179420903 0.0266287997 0.188660458
v -0.175375089 0.0266287979 0.185816944
v -0.179420903 0.0266287997 0.188660458
v -0.16621381 0.0266288016 0.204001307
v -0.175375089 0.0266287979 0.185816944
v -0.232803687 0.0266287941 0.150210038
v -0.236069888 0.0266287904 0.123515166
v -0.237629771 0.0266287941 0.151288822
v -0.222845793 0.0266287979 0.180451781
v -0.232803687 0.0266287941 0.150210038
v -0.237629771 0.0266287941 0.151288822
v -0.207179382 0.0266288016 0.208169803
v -0.222845793 0.0266287979 0.180451781
v -0.227368608 0.0266287979 0.182451352
v -0.189632833 0.0266288035 0.228551239
v -0.207179382 0.0266288016 0.208169803
v -0.211225286 0.0266288016 0.211013287
v -0.16621381 0.0266288016 0.204001307
v -0.189632833 0.0266288035 0.228551239
v -0.159574106 0.0266288016 0.204170793
v -0.236069888 0.0266287904 0.123515166
v -0.202150643 0.0266287904 0.122715548
v -0.197807476 0.0266287904 0.117690489
v -0.222845793 0.000547347532 0.180451781
v -0.232803687 0.000547347008 0.150210038
v -0.222845793 0.0266287979 0.180451781
v -0.199692279 0.0266287941 0.142808482
v -0.202150643 0.0266287904 0.122715548
v -0.202150643 0.000547343749 0.122715548
v -0.207179382 0.00054734631 0.208169803
v -0.222845793 0.000547347532 0.180451781
v -0.207179382 0.0266288016 0.208169803
v -0.191814601 0.026628796 0.166732714
v -0.199692279 0.0266287941 0.142808482
v -0.199692279 0.000547346135 0.142808482
v -0.189632833 0.000547347241 0.228551239
v -0.207179382 0.00054734631 0.208169803
v -0.207179382 0.0266288016 0.208169803
v -0.179420903 0.0266287997 0.188660458
v -0.191814601 0.026628796 0.166732714
v -0.191814601 0.000547347474 0.166732714
v -0.16621381 0.000547347299 0.204001278
v -0.189632833 0.000547347241 0.228551239
v -0.16621381 0.0266288016 0.204001307
v -0.16621381 0.0266288016 0.204001307
v -0.179420903 0.0266287997 0.188660458
v -0.16621381 0.000547347299 0.204001278
v -0.236069888 0.000547343807 0.123515166
v -0.202150643 0.000547343749 0.122715548
v -0.202150643 0.0266287904 0.122715548
v -0.232803687 0.000547347008 0.150210038
v -0.236069888 0.000547343807 0.123515166
v -0.232803687 0.0266287941 0.150210038
v 0.163374349 -0.0192327909 0.0253869686
v 0.179175273 -0.0192327891 0.0437407866
v 0.179175273 0.0266288053 0.0437407792
v 0.163374349 0.0266288035 0.0253869705
v 0.193620041 0.0266287997 -0.00631922204
v 0.193620041 -0.0192327891 -0.00631921878
v 0.24142991 0.026628809 0.0782689303
v 0.245414302 0.0266287904 0.110834524
v 0.24142991 -0.0192327891 0.0782689303
v 0.245414302 0.0266287904 0.110834524
v 0.201607704 0.0266287904 0.111867234
v 0.201607704 -0.0192327909 0.111867234
v 0.231168926 0.0266288072 0.0471063815
v 0.24142991 0.026628809 0.0782689303
v 0.231168926 -0.0192327872 0.047106389
v 0.198666498 -0.0192327872 0.0878280476
v 0.201607704 -0.0192327909 0.111867234
v 0.201607704 0.0266287904 0.111867234
v 0.21502541 0.0266288035 0.0185444485
v 0.231168926 0.0266288072 0.0471063815
v 0.231168926 -0.0192327872 0.047106389
v 0.191091985 -0.0192327891 0.0648245513
v 0.198666498 -0.0192327872 0.0878280476
v 0.198666498 0.0266288109 0.0878280476
v 0.193620041 0.0266287997 -0.00631922204
v 0.21502541 0.0266288035 0.0185444485
v 0.21502541 -0.0192327872 0.0185444504
v 0.179175273 -0.0192327891 0.0437407866
v 0.191091985 -0.0192327891 0.0648245513
v 0.191091985 0.026628809 0.0648245513
v 0.205950916 0.0266287886 0.106842183
v 0.203492492 0.0266288109 0.0867492557
v 0.198666498 0.0266288109 0.0878280476
v 0.203492492 0.0266288109 0.0867492557
v 0.195614845 0.026628809 0.0628249943
v 0.198666498 0.0266288109 0.0878280476
v 0.195614845 0.026628809 0.0628249943
v 0.183221087 0.0266288053 0.0408972725
v 0.191091985 0.026628809 0.0648245513
v 0.183221087 0.0266288053 0.0408972725
v 0.170014039 0.0266288035 0.0255564339
v 0.179175273 0.0266288053 0.0437407792
v 0.236603886 0.0266288109 0.0793476924
v 0.239870027 0.0266287886 0.106042556
v 0.24142991 0.026628809 0.0782689303
v 0.226646021 0.0266288072 0.0491059422
v 0.236603886 0.0266288109 0.0793476924
v 0.24142991 0.026628809 0.0782689303
v 0.210979581 0.0266288035 0.0213879421
v 0.226646021 0.0266288072 0.0491059422
v 0.21502541 0.0266288035 0.0185444485
v 0.193433061 0.0266288016 0.00100654934
v 0.210979581 0.0266288035 0.0213879421
v 0.21502541 0.0266288035 0.0185444485
v 0.170014039 0.0266288035 0.0255564339
v 0.193433061 0.0266288016 0.00100654934
v 0.163374349 0.0266288035 0.0253869705
v 0.239870027 0.0266287886 0.106042556
v 0.205950916 0.0266287886 0.106842183
v 0.201607704 0.0266287904 0.111867234
v 0.226646021 0.000547342293 0.049105946
v 0.236603886 0.000547342876 0.0793476924
v 0.236603886 0.0266288109 0.0793476924
v 0.203492492 0.0266288109 0.0867492557
v 0.205950916 0.0266287886 0.106842183
v 0.203492492 0.000547342235 0.0867492557
v 0.210979581 0.000547342061 0.0213879403
v 0.226646021 0.000547342293 0.049105946
v 0.210979581 0.0266288035 0.0213879421
v 0.195614845 0.026628809 0.0628249943
v 0.203492492 0.0266288109 0.0867492557
v 0.203492492 0.000547342235 0.0867492557
v 0.193433061 0.000547347241 0.00100654934
v 0.210979581 0.000547342061 0.0213879403
v 0.193433061 0.0266288016 0.00100654934
v 0.183221087 0.0266288053 0.0408972725
v 0.195614845 0.026628809 0.0628249943
v 0.183221087 0.000547342876 0.0408972763
v 0.170014039 0.000547342584 0.0255564377
v 0.193433061 0.000547347241 0.00100654934
v 0.193433061 0.0266288016 0.00100654934
v 0.170014039 0.0266288035 0.0255564339
v 0.183221087 0.0266288053 0.0408972725
v 0.183221087 0.000547342876 0.0408972763
v 0.239870027 0.00054734305 0.106042534
v 0.205950916 0.000547341828 0.106842183
v 0.205950916 0.0266287886 0.106842183
v 0.236603886 0.000547342876 0.0793476924
v 0.239870027 0.00054734305 0.106042534
v 0.236603886 0.0266288109 0.0793476924
v 0.115263164 0.188874498 0.113928802
v 0.109615982 0.188874483 0.078279905
v 0.11314062 0.201694533 0.0771356374
v 0.115263164 0.188874498 0.113928802
v 0.11314062 0.201694533 0.0771356374
v 0.118971445 0.201694533 0.113928802
v 0.109615982 0.188874483 0.078279905
v 0.0932289511 0.188874483 0.0461203344
v 0.0962273404 0.201694518 0.0439412668
v 0.109615982 0.188874483 0.078279905
v 0.0962273404 0.201694518 0.0439412668
v 0.11314062 0.201694533 0.0771356374
v 0.0932289511 0.188874483 0.0461203344
v 0.0677053779 0.188874483 0.0205967892
v 0.0698844418 0.201694518 0.0175983813
v 0.0932289511 0.188874483 0.0461203344
v 0.0698844418 0.201694518 0.0175983813
v 0.0962273404 0.201694518 0.0439412668
v 0.0677053779 0.188874483 0.0205967892
v 0.0355457999 0.188874483 0.00421326747
v 0.0366936028 0.201694518 0.00068510772
v 0.0677053779 0.188874483 0.0205967892
v 0.0366936028 0.201694518 0.00068510772
v 0.0698844418 0.201694518 0.0175983813
v 0.0355457999 0.188874483 0.00421326747
v -0.00010309447 0.188874483 -0.00143390021
v -0.00010309447 0.201694518 -0.00514218397
v 0.0355457999 0.188874483 0.00421326747
v -0.00010309447 0.201694518 -0.00514218397
v 0.0366936028 0.201694518 0.00068510772
v -0.00010309447 0.188874483 -0.00143390021
v -0.0357519984 0.188874483 0.00421326747
v -0.0368998013 0.201694518 0.00068510772
v -0.00010309447 0.188874483 -0.00143390021
v -0.0368998013 0.201694518 0.00068510772
v -0.00010309447 0.201694518 -0.00514218397
v -0.0357519984 0.188874483 0.00421326747
v -0.0679115728 0.188874483 0.0205967892
v -0.0700941682 0.201694518 0.0175983813
v -0.0357519984 0.188874483 0.00421326747
v -0.0700941682 0.201694518 0.0175983813
v -0.0368998013 0.201694518 0.00068510772
v -0.0679115728 0.188874483 0.0205967892
v -0.0934351459 0.188874483 0.0461203344
v -0.0964335352 0.201694518 0.0439412668
v -0.0679115728 0.188874483 0.0205967892
v -0.0964335352 0.201694518 0.0439412668
v -0.0700941682 0.201694518 0.0175983813
v -0.0934351459 0.188874483 0.0461203344
v -0.109822184 0.188874483 0.078279905
v -0.113346808 0.201694533 0.0771356374
v -0.0934351459 0.188874483 0.0461203344
v -0.113346808 0.201694533 0.0771356374
v -0.0964335352 0.201694518 0.0439412668
v -0.109822184 0.188874483 0.078279905
v -0.115469366 0.188874498 0.113932364
v -0.119177632 0.201694533 0.113932364
v -0.109822184 0.188874483 0.078279905
v -0.119177632 0.201694533 0.113932364
v -0.113346808 0.201694533 0.0771356374
v -0.115469366 0.188874498 0.113932364
v -0.109822184 0.188874498 0.149581239
v -0.113346808 0.201694533 0.150725499
v -0.115469366 0.188874498 0.113932364
v -0.113346808 0.201694533 0.150725499
v -0.119177632 0.201694533 0.113932364
v -0.109822184 0.188874498 0.149581239
v -0.0934351459 0.188874498 0.18174082
v -0.0964335352 0.201694533 0.183919892
v -0.109822184 0.188874498 0.149581239
v -0.0964335352 0.201694533 0.183919892
v -0.113346808 0.201694533 0.150725499
v -0.0934351459 0.188874498 0.18174082
v -0.0679115728 0.188874498 0.207264394
v -0.0700906366 0.201694548 0.210262761
v -0.0934351459 0.188874498 0.18174082
v -0.0700906366 0.201694548 0.210262761
v -0.0964335352 0.201694533 0.183919892
v -0.0679115728 0.188874498 0.207264394
v -0.0357519984 0.188874513 0.223647892
v -0.0368998013 0.201694548 0.227176115
v -0.0679115728 0.188874498 0.207264394
v -0.0368998013 0.201694548 0.227176115
v -0.0700906366 0.201694548 0.210262761
v -0.0357519984 0.188874513 0.223647892
v -0.00010309447 0.188874513 0.22929506
v -0.00010309447 0.201694548 0.233003333
v -0.0357519984 0.188874513 0.223647892
v -0.00010309447 0.201694548 0.233003333
v -0.0368998013 0.201694548 0.227176115
v -0.00010309447 0.188874513 0.22929506
v 0.0355457999 0.188874513 0.223647892
v 0.0366936028 0.201694548 0.227176115
v -0.00010309447 0.188874513 0.22929506
v 0.0366936028 0.201694548 0.227176115
v -0.00010309447 0.201694548 0.233003333
v 0.0355457999 0.188874513 0.223647892
v 0.0677053779 0.188874498 0.207264394
v 0.0698879659 0.201694548 0.210262761
v 0.0355457999 0.188874513 0.223647892
v 0.0698879659 0.201694548 0.210262761
v 0.0366936028 0.201694548 0.227176115
v 0.0677053779 0.188874498 0.207264394
v 0.0932289511 0.188874498 0.18174082
v 0.0962273404 0.201694533 0.183919892
v 0.0677053779 0.188874498 0.207264394
v 0.0962273404 0.201694533 0.183919892
v 0.0698879659 0.201694548 0.210262761
v 0.0932289511 0.188874498 0.18174082
v 0.109615982 0.188874498 0.149581239
v 0.11314062 0.201694533 0.150725499
v 0.0932289511 0.188874498 0.18174082
v 0.11314062 0.201694533 0.150725499
v 0.0962273404 0.201694533 0.183919892
v 0.109615982 0.188874498 0.149581239
v 0.115263164 0.188874498 0.113928802
v 0.118971445 0.201694533 0.113928802
v 0.109615982 0.188874498 0.149581239
v 0.118971445 0.201694533 0.113928802
v 0.11314062 0.201694533 0.150725499
v 0.118971445 0.201694533 0.113928802
v 0.11314062 0.201694533 0.0771356374
v 0.109615982 0.205356926 0.078279905
v 0.118971445 0.201694533 0.113928802
v 0.109615982 0.205356926 0.078279905
v 0.115263164 0.205356926 0.113928802
v 0.11314062 0.201694533 0.0771356374
v 0.0962273404 0.201694518 0.0439412668
v 0.0932289511 0.205356926 0.0461203307
v 0.11314062 0.201694533 0.0771356374
v 0.0932289511 0.205356926 0.0461203307
v 0.109615982 0.205356926 0.078279905
v 0.0962273404 0.201694518 0.0439412668
v 0.0698844418 0.201694518 0.0175983813
v 0.0677053779 0.205356911 0.0205967873
v 0.0962273404 0.201694518 0.0439412668
v 0.0677053779 0.205356911 0.0205967873
v 0.0932289511 0.205356926 0.0461203307
v 0.0698844418 0.201694518 0.0175983813
v 0.0366936028 0.201694518 0.00068510772
v 0.0355457999 0.205356911 0.00421326514
v 0.0698844418 0.201694518 0.0175983813
v 0.0355457999 0.205356911 0.00421326514
v 0.0677053779 0.205356911 0.0205967873
v 0.0366936028 0.201694518 0.00068510772
v -0.00010309447 0.201694518 -0.00514218397
v -0.00010309447 0.205356911 -0.00143390219
v 0.0366936028 0.201694518 0.00068510772
v -0.00010309447 0.205356911 -0.00143390219
v 0.0355457999 0.205356911 0.00421326514
v -0.00010309447 0.201694518 -0.00514218397
v -0.0368998013 0.201694518 0.00068510772
v -0.0357519984 0.205356911 0.00421326514
v -0.00010309447 0.201694518 -0.00514218397
v -0.0357519984 0.205356911 0.00421326514
v -0.00010309447 0.205356911 -0.00143390219
v -0.0368998013 0.201694518 0.00068510772
v -0.0700941682 0.201694518 0.0175983813
v -0.0679115728 0.205356911 0.0205967873
v -0.0368998013 0.201694518 0.00068510772
v -0.0679115728 0.205356911 0.0205967873
v -0.0357519984 0.205356911 0.00421326514
v -0.0700941682 0.201694518 0.0175983813
v -0.0964335352 0.201694518 0.0439412668
v -0.0934351459 0.205356926 0.0461203307
v -0.0700941682 0.201694518 0.0175983813
v -0.0934351459 0.205356926 0.0461203307
v -0.0679115728 0.205356911 0.0205967873
v -0.0964335352 0.201694518 0.0439412668
v -0.113346808 0.201694533 0.0771356374
v -0.109822184 0.205356926 0.078279905
v -0.0964335352 0.201694518 0.0439412668
v -0.109822184 0.205356926 0.078279905
v -0.0934351459 0.205356926 0.0461203307
v -0.113346808 0.201694533 0.0771356374
v -0.119177632 0.201694533 0.113932364
v -0.115469366 0.205356926 0.113932364
v -0.113346808 0.201694533 0.0771356374
v -0.115469366 0.205356926 0.113932364
v -0.109822184 0.205356926 0.078279905
v -0.119177632 0.201694533 0.113932364
v -0.113346808 0.201694533 0.150725499
v -0.109822184 0.205356926 0.149581239
v -0.119177632 0.201694533 0.113932364
v -0.109822184 0.205356926 0.149581239
v -0.115469366 0.205356926 0.113932364
v -0.113346808 0.201694533 0.150725499
v -0.0964335352 0.201694533 0.183919892
v -0.0934351459 0.205356941 0.18174082
v -0.113346808 0.201694533 0.150725499
v -0.0934351459 0.205356941 0.18174082
v -0.109822184 0.205356926 0.149581239
v -0.0964335352 0.201694533 0.183919892
v -0.0700906366 0.201694548 0.210262761
v -0.0679115728 0.205356941 0.207264394
v -0.0964335352 0.201694533 0.183919892
v -0.0679115728 0.205356941 0.207264394
v -0.0934351459 0.205356941 0.18174082
v -0.0700906366 0.201694548 0.210262761
v -0.0368998013 0.201694548 0.227176115
v -0.0357519984 0.205356941 0.223647892
v -0.0700906366 0.201694548 0.210262761
v -0.0357519984 0.205356941 0.223647892
v -0.0679115728 0.205356941 0.207264394
v -0.0368998013 0.201694548 0.227176115
v -0.00010309447 0.201694548 0.233003333
v -0.00010309447 0.205356941 0.22929506
v -0.0368998013 0.201694548 0.227176115
v -0.00010309447 0.205356941 0.22929506
v -0.0357519984 0.205356941 0.223647892
v -0.00010309447 0.201694548 0.233003333
v 0.0366936028 0.201694548 0.227176115
v 0.0355457999 0.205356941 0.223647892
v -0.00010309447 0.201694548 0.233003333
v 0.0355457999 0.205356941 0.223647892
v -0.00010309447 0.205356941 0.22929506
v 0.0366936028 0.201694548 0.227176115
v 0.0698879659 0.201694548 0.210262761
v 0.0677053779 0.205356941 0.207264394
v 0.0366936028 0.201694548 0.227176115
v 0.0677053779 0.205356941 0.207264394
v 0.0355457999 0.205356941 0.223647892
v 0.0698879659 0.201694548 0.210262761
v 0.0962273404 0.201694533 0.183919892
v 0.0932289511 0.205356941 0.18174082
v 0.0698879659 0.201694548 0.210262761
v 0.0932289511 0.205356941 0.18174082
v 0.0677053779 0.205356941 0.207264394
v 0.0962273404 0.201694533 0.183919892
v 0.11314062 0.201694533 0.150725499
v 0.109615982 0.205356926 0.149581239
v 0.0962273404 0.201694533 0.183919892
v 0.109615982 0.205356926 0.149581239
v 0.0932289511 0.205356941 0.18174082
v 0.11314062 0.201694533 0.150725499
v 0.118971445 0.201694533 0.113928802
v 0.115263164 0.205356926 0.113928802
v 0.11314062 0.201694533 0.150725499
v 0.115263164 0.205356926 0.113928802
v 0.109615982 0.205356926 0.149581239
v 0.115263164 0.205356926 0.113928802
v 0.109615982 0.205356926 0.078279905
v 0.109615982 0.218173489 0.078279905
v 0.115263164 0.205356926 0.113928802
v 0.109615982 0.218173489 0.078279905
v 0.115263164 0.218173489 0.113928802
v 0.109615982 0.205356926 0.078279905
v 0.0932289511 0.205356926 0.0461203307
v 0.0932289511 0.218173489 0.0461203307
v 0.109615982 0.205356926 0.078279905
v 0.0932289511 0.218173489 0.0461203307
v 0.109615982 0.218173489 0.078279905
v 0.0932289511 0.205356926 0.0461203307
v 0.0677053779 0.205356911 0.0205967873
v 0.0677053779 0.218173474 0.0205967855
v 0.0932289511 0.205356926 0.0461203307
v 0.0677053779 0.218173474 0.0205967855
v 0.0932289511 0.218173489 0.0461203307
v 0.0677053779 0.205356911 0.0205967873
v 0.0355457999 0.205356911 0.00421326514
v 0.0355457999 0.218173474 0.00421326375
v 0.0677053779 0.205356911 0.0205967873
v 0.0355457999 0.218173474 0.00421326375
v 0.0677053779 0.218173474 0.0205967855
v 0.0355457999 0.205356911 0.00421326514
v -0.00010309447 0.205356911 -0.00143390219
v -0.00010309447 0.218173474 -0.0014339037
v 0.0355457999 0.205356911 0.00421326514
v -0.00010309447 0.218173474 -0.0014339037
v 0.0355457999 0.218173474 0.00421326375
v -0.00010309447 0.205356911 -0.00143390219
v -0.0357519984 0.205356911 0.00421326514
v -0.0357519984 0.218173474 0.00421326375
v -0.00010309447 0.205356911 -0.00143390219
v -0.0357519984 0.218173474 0.00421326375
v -0.00010309447 0.218173474 -0.0014339037
v -0.0357519984 0.205356911 0.00421326514
v -0.0679115728 0.205356911 0.0205967873
v -0.0679115728 0.218173474 0.0205967855
v -0.0357519984 0.205356911 0.00421326514
v -0.0679115728 0.218173474 0.0205967855
v -0.0357519984 0.218173474 0.00421326375
v -0.0679115728 0.205356911 0.0205967873
v -0.0934351459 0.205356926 0.0461203307
v -0.0934351459 0.218173489 0.0461203307
v -0.0679115728 0.205356911 0.0205967873
v -0.0934351459 0.218173489 0.0461203307
v -0.0679115728 0.218173474 0.0205967855
v -0.0934351459 0.205356926 0.0461203307
v -0.109822184 0.205356926 0.078279905
v -0.109822184 0.218173489 0.078279905
v -0.0934351459 0.205356926 0.0461203307
v -0.109822184 0.218173489 0.078279905
v -0.0934351459 0.218173489 0.0461203307
v -0.109822184 0.205356926 0.078279905
v -0.115469366 0.205356926 0.113932364
v -0.115469366 0.218173489 0.113932364
v -0.109822184 0.205356926 0.078279905
v -0.115469366 0.218173489 0.113932364
v -0.109822184 0.218173489 0.078279905
v -0.115469366 0.205356926 0.113932364
v -0.109822184 0.205356926 0.149581239
v -0.109822184 0.218173489 0.149581239
v -0.115469366 0.205356926 0.113932364
v -0.109822184 0.218173489 0.149581239
v -0.115469366 0.218173489 0.113932364
v -0.109822184 0.205356926 0.149581239
v -0.0934351459 0.205356941 0.18174082
v -0.0934351459 0.218173504 0.18174082
v -0.109822184 0.205356926 0.149581239
v -0.0934351459 0.218173504 0.18174082
v -0.109822184 0.218173489 0.149581239
v -0.0934351459 0.205356941 0.18174082
v -0.0679115728 0.205356941 0.207264394
v -0.0679115728 0.218173504 0.207264394
v -0.0934351459 0.205356941 0.18174082
v -0.0679115728 0.218173504 0.207264394
v -0.0934351459 0.218173504 0.18174082
v -0.0679115728 0.205356941 0.207264394
v -0.0357519984 0.205356941 0.223647892
v -0.0357519984 0.218173504 0.223647892
v -0.0679115728 0.205356941 0.207264394
v -0.0357519984 0.218173504 0.223647892
v -0.0679115728 0.218173504 0.207264394
v -0.0357519984 0.205356941 0.223647892
v -0.00010309447 0.205356941 0.22929506
v -0.00010309447 0.218173504 0.22929506
v -0.0357519984 0.205356941 0.223647892
v -0.00010309447 0.218173504 0.22929506
v -0.0357519984 0.218173504 0.223647892
v -0.00010309447 0.205356941 0.22929506
v 0.0355457999 0.205356941 0.223647892
v 0.0355457999 0.218173504 0.223647892
v -0.00010309447 0.205356941 0.22929506
v 0.0355457999 0.218173504 0.223647892
v -0.00010309447 0.218173504 0.22929506
v 0.0355457999 0.205356941 0.223647892
v 0.0677053779 0.205356941 0.207264394
v 0.0677053779 0.218173504 0.207264394
v 0.0355457999 0.205356941 0.223647892
v 0.0677053779 0.218173504 0.207264394
v 0.0355457999 0.218173504 0.223647892
v 0.0677053779 0.205356941 0.207264394
v 0.0932289511 0.205356941 0.18174082
v 0.0932289511 0.218173504 0.18174082
v 0.0677053779 0.205356941 0.207264394
v 0.0932289511 0.218173504 0.18174082
v 0.0677053779 0.218173504 0.207264394
v 0.0932289511 0.205356941 0.18174082
v 0.109615982 0.205356926 0.149581239
v 0.109615982 0.218173489 0.149581239
v 0.0932289511 0.205356941 0.18174082
v 0.109615982 0.218173489 0.149581239
v 0.0932289511 0.218173504 0.18174082
v 0.109615982 0.205356926 0.149581239
v 0.115263164 0.205356926 0.113928802
v 0.115263164 0.218173489 0.113928802
v 0.109615982 0.205356926 0.149581239
v 0.115263164 0.218173489 0.113928802
v 0.109615982 0.218173489 0.149581239
v 0.0273664184 0.0277304314 0.0663534105
v -0.00010309447 0.0277304295 0.0589933731
v -0.00010309447 0.0735117495 0.0589933693
v 0.0273664184 0.0277304314 0.0663534105
v -0.00010309447 0.0735117495 0.0589933693
v 0.0273664184 0.0735117495 0.066353403
v -0.00010309447 0.0277304295 0.0589933731
v -0.0275725871 0.0735117495 0.066353403
v -0.00010309447 0.0735117495 0.0589933693
v -0.0275725871 0.0277304314 0.0663534105
v -0.047678519 0.0277304333 0.0864628628
v -0.047678519 0.0735117495 0.0864628553
v -0.047678519 0.0277304333 0.0864628628
v -0.0550385714 0.073511757 0.113928817
v -0.047678519 0.0735117495 0.0864628553
v -0.0550385714 0.027730437 0.113928825
v -0.047678519 0.0277304407 0.14139834
v -0.047678519 0.073511757 0.141398326
v -0.0275725871 0.0277304426 0.1615078
v -0.00010309447 0.0277304426 0.168867841
v -0.00010309447 0.0735117644 0.168867826
v -0.0275725871 0.0277304426 0.1615078
v -0.00010309447 0.0735117644 0.168867826
v -0.0275725871 0.0735117644 0.161507785
v 0.0474723205 0.0277304407 0.14139834
v 0.0548323765 0.027730437 0.113928825
v 0.0548323765 0.073511757 0.113928817
v 0.0474723205 0.0277304407 0.14139834
v 0.0548323765 0.073511757 0.113928817
v 0.0474723205 0.073511757 0.141398326
v 0.0548323765 0.073511757 0.113928817
v 0.0474723205 0.0735117495 0.0864628553
v 0.0370008647 0.073511757 0.103987105
v 0.0474723205 0.0735117495 0.0864628553
v 0.0273664184 0.0735117495 0.066353403
v 0.0197803341 0.0735117495 0.0794877708
v 0.0474723205 0.0735117495 0.0864628553
v 0.0197803341 0.0735117495 0.0794877708
v 0.0370008647 0.073511757 0.103987105
v 0.0273664184 0.0735117495 0.066353403
v -0.00010309447 0.0735117495 0.0589933693
v -0.0100448085 0.0735117495 0.0768248588
v 0.0273664184 0.0735117495 0.066353403
v -0.0100448085 0.0735117495 0.0768248588
v 0.0197803341 0.0735117495 0.0794877708
v -0.00010309447 0.0735117495 0.0589933693
v -0.0275725871 0.0735117495 0.066353403
v -0.0100448085 0.0735117495 0.0768248588
v -0.0275725871 0.0735117495 0.066353403
v -0.047678519 0.0735117495 0.0864628553
v -0.0345441513 0.073511757 0.0940453932
v -0.0275725871 0.0735117495 0.066353403
v -0.0345441513 0.073511757 0.0940453932
v -0.0100448085 0.0735117495 0.0768248588
v -0.047678519 0.0735117495 0.0864628553
v -0.0550385714 0.073511757 0.113928817
v -0.0372070596 0.073511757 0.123874068
v -0.047678519 0.0735117495 0.0864628553
v -0.0372070596 0.073511757 0.123874068
v -0.0345441513 0.073511757 0.0940453932
v -0.0550385714 0.073511757 0.113928817
v -0.047678519 0.073511757 0.141398326
v -0.0372070596 0.073511757 0.123874068
v -0.047678519 0.073511757 0.141398326
v -0.0275725871 0.0735117644 0.161507785
v -0.0199865215 0.073511757 0.148373425
v -0.047678519 0.073511757 0.141398326
v -0.0199865215 0.073511757 0.148373425
v -0.0372070596 0.073511757 0.123874068
v -0.0275725871 0.0735117644 0.161507785
v -0.00010309447 0.0735117644 0.168867826
v 0.0098386202 0.073511757 0.151036307
v -0.0275725871 0.0735117644 0.161507785
v 0.0098386202 0.073511757 0.151036307
v -0.0199865215 0.073511757 0.148373425
v -0.00010309447 0.0735117644 0.168867826
v 0.0273664184 0.0735117644 0.161507785
v 0.0098386202 0.073511757 0.151036307
v 0.0273664184 0.0735117644 0.161507785
v 0.0474723205 0.073511757 0.141398326
v 0.0343379527 0.073511757 0.133815795
v 0.0273664184 0.0735117644 0.161507785
v 0.0343379527 0.073511757 0.133815795
v 0.0098386202 0.073511757 0.151036307
v 0.0474723205 0.073511757 0.141398326
v 0.0548323765 0.073511757 0.113928817
v 0.0370008647 0.073511757 0.103987105
v 0.0474723205 0.073511757 0.141398326
v 0.0370008647 0.073511757 0.103987105
v 0.0343379527 0.073511757 0.133815795
v 0.0370008647 0.073511757 0.103987105
v 0.0197803341 0.0735117495 0.0794877708
v 0.0197803341 0.062524654 0.0794877708
v 0.0370008647 0.073511757 0.103987105
v 0.0197803341 0.062524654 0.0794877708
v 0.0370008647 0.062524654 0.103987105
v 0.0197803341 0.0735117495 0.0794877708
v -0.0100448085 0.0735117495 0.0768248588
v -0.0100448085 0.0625246465 0.0768248588
v 0.0197803341 0.0735117495 0.0794877708
v -0.0100448085 0.0625246465 0.0768248588
v 0.0197803341 0.062524654 0.0794877708
v -0.0100448085 0.0735117495 0.0768248588
v -0.0345441513 0.073511757 0.0940453932
v -0.0345441513 0.062524654 0.0940453932
v -0.0100448085 0.0735117495 0.0768248588
v -0.0345441513 0.062524654 0.0940453932
v -0.0100448085 0.0625246465 0.0768248588
v -0.0345441513 0.073511757 0.0940453932
v -0.0372070596 0.073511757 0.123874068
v -0.0372070596 0.062524654 0.123874068
v -0.0345441513 0.073511757 0.0940453932
v -0.0372070596 0.062524654 0.123874068
v -0.0345441513 0.062524654 0.0940453932
v -0.0372070596 0.073511757 0.123874068
v -0.0199865215 0.073511757 0.148373425
v -0.0199865215 0.0625246614 0.148373425
v -0.0372070596 0.073511757 0.123874068
v -0.0199865215 0.0625246614 0.148373425
v -0.0372070596 0.062524654 0.123874068
v -0.0199865215 0.073511757 0.148373425
v 0.0098386202 0.073511757 0.151036307
v 0.0098386202 0.0625246614 0.151036307
v -0.0199865215 0.073511757 0.148373425
v 0.0098386202 0.0625246614 0.151036307
v -0.0199865215 0.0625246614 0.148373425
v 0.0098386202 0.073511757 0.151036307
v 0.0343379527 0.073511757 0.133815795
v 0.0343379527 0.062524654 0.133815795
v 0.0098386202 0.073511757 0.151036307
v 0.0343379527 0.062524654 0.133815795
v 0.0098386202 0.0625246614 0.151036307
v 0.0343379527 0.073511757 0.133815795
v 0.0370008647 0.073511757 0.103987105
v 0.0370008647 0.062524654 0.103987105
v 0.0343379527 0.073511757 0.133815795
v 0.0370008647 0.062524654 0.103987105
v 0.0343379527 0.062524654 0.133815795
v 0.0484258868 0.260292351 0.113932356
v 0.0460525863 0.260292351 0.0989332497
v 0.0468436927 0.247472301 0.113928795
v 0.0337905623 0.247472301 0.0800386965
v 0.0468436927 0.247472301 0.113928795
v 0.0460525863 0.260292351 0.0989332497
v 0.0337905623 0.247472301 0.0800386965
v 0.0460525863 0.260292351 0.0989332497
v 0.0391587242 0.260292351 0.0854068547
v 0.0391587242 0.260292351 0.0854068547
v 0.0284223743 0.260292351 0.0746705085
v 0.0337905623 0.247472301 0.0800386965
v -0.00010309447 0.247472301 0.0669855624
v 0.0337905623 0.247472301 0.0800386965
v 0.0284223743 0.260292351 0.0746705085
v -0.00010309447 0.247472301 0.0669855624
v 0.0284223743 0.260292351 0.0746705085
v 0.014892472 0.260292351 0.0677766725
v 0.014892472 0.260292351 0.0677766725
v -0.00010309447 0.260292351 0.0653998405
v -0.00010309447 0.247472301 0.0669855624
v -0.00010309447 0.260292351 0.0653998405
v -0.0150986603 0.260292351 0.0677766725
v -0.00010309447 0.247472301 0.0669855624
v -0.0339967571 0.247472301 0.0800386965
v -0.00010309447 0.247472301 0.0669855624
v -0.0150986603 0.260292351 0.0677766725
v -0.0339967571 0.247472301 0.0800386965
v -0.0150986603 0.260292351 0.0677766725
v -0.0286285672 0.260292351 0.0746705085
v -0.0286285672 0.260292351 0.0746705085
v -0.0393649191 0.260292351 0.0854068547
v -0.0339967571 0.247472301 0.0800386965
v -0.0470498651 0.247472301 0.113928795
v -0.0339967571 0.247472301 0.0800386965
v -0.0393649191 0.260292351 0.0854068547
v -0.0470498651 0.247472301 0.113928795
v -0.0393649191 0.260292351 0.0854068547
v -0.0462587848 0.260292351 0.0989332497
v -0.0462587848 0.260292351 0.0989332497
v -0.0486320853 0.260292351 0.113928795
v -0.0470498651 0.247472301 0.113928795
v -0.0486320853 0.260292351 0.113928795
v -0.0462587848 0.260292351 0.128927901
v -0.0470498651 0.247472301 0.113928795
v -0.0339967571 0.247472316 0.147822455
v -0.0470498651 0.247472301 0.113928795
v -0.0462587848 0.260292351 0.128927901
v -0.0339967571 0.247472316 0.147822455
v -0.0462587848 0.260292351 0.128927901
v -0.0393649191 0.260292351 0.142454296
v -0.0393649191 0.260292351 0.142454296
v -0.0286285672 0.260292351 0.153190643
v -0.0339967571 0.247472316 0.147822455
v -0.00010309447 0.247472316 0.160875589
v -0.0339967571 0.247472316 0.147822455
v -0.0286285672 0.260292351 0.153190643
v -0.00010309447 0.247472316 0.160875589
v -0.0286285672 0.260292351 0.153190643
v -0.0150986603 0.260292351 0.160084501
v -0.0150986603 0.260292351 0.160084501
v -0.00010309447 0.260292351 0.162461311
v -0.00010309447 0.247472316 0.160875589
v -0.00010309447 0.260292351 0.162461311
v 0.014892472 0.260292351 0.160084501
v -0.00010309447 0.247472316 0.160875589
v 0.0337905623 0.247472316 0.147822455
v -0.00010309447 0.247472316 0.160875589
v 0.014892472 0.260292351 0.160084501
v 0.0337905623 0.247472316 0.147822455
v 0.014892472 0.260292351 0.160084501
v 0.0284223743 0.260292351 0.153190643
v 0.0284223743 0.260292351 0.153190643
v 0.0391587242 0.260292351 0.142454296
v 0.0337905623 0.247472316 0.147822455
v 0.0468436927 0.247472301 0.113928795
v 0.0337905623 0.247472316 0.147822455
v 0.0391587242 0.260292351 0.142454296
v 0.0468436927 0.247472301 0.113928795
v 0.0391587242 0.260292351 0.142454296
v 0.0460525863 0.260292351 0.128927901
v 0.0460525863 0.260292351 0.128927901
v 0.0484258868 0.260292351 0.113932356
v 0.0468436927 0.247472301 0.113928795
v 0.00691790739 0.265784085 0.106907807
v 0.00962318573 0.265784085 0.113928795
v 0.0468436927 0.247472301 0.113928795
v 0.00691790739 0.265784085 0.106907807
v 0.0468436927 0.247472301 0.113928795
v 0.0337905623 0.247472301 0.0800386965
v -0.00010309447 0.265784085 0.104206063
v 0.00691790739 0.265784085 0.106907807
v 0.0337905623 0.247472301 0.0800386965
v -0.00010309447 0.265784085 0.104206063
v 0.0337905623 0.247472301 0.0800386965
v -0.00010309447 0.247472301 0.0669855624
v -0.00712409662 0.265784085 0.106907807
v -0.00010309447 0.265784085 0.104206063
v -0.00010309447 0.247472301 0.0669855624
v -0.00712409662 0.265784085 0.106907807
v -0.00010309447 0.247472301 0.0669855624
v -0.0339967571 0.247472301 0.0800386965
v -0.00982937403 0.265784085 0.113928795
v -0.00712409662 0.265784085 0.106907807
v -0.0339967571 0.247472301 0.0800386965
v -0.00982937403 0.265784085 0.113928795
v -0.0339967571 0.247472301 0.0800386965
v -0.0470498651 0.247472301 0.113928795
v -0.00712409662 0.265784085 0.120953344
v -0.00982937403 0.265784085 0.113928795
v -0.0470498651 0.247472301 0.113928795
v -0.00712409662 0.265784085 0.120953344
v -0.0470498651 0.247472301 0.113928795
v -0.0339967571 0.247472316 0.147822455
v -0.00010309447 0.265784085 0.123655088
v -0.00712409662 0.265784085 0.120953344
v -0.0339967571 0.247472316 0.147822455
v -0.00010309447 0.265784085 0.123655088
v -0.0339967571 0.247472316 0.147822455
v -0.00010309447 0.247472316 0.160875589
v 0.00691790739 0.265784085 0.120953344
v -0.00010309447 0.265784085 0.123655088
v -0.00010309447 0.247472316 0.160875589
v 0.00691790739 0.265784085 0.120953344
v -0.00010309447 0.247472316 0.160875589
v 0.0337905623 0.247472316 0.147822455
v 0.00962318573 0.265784085 0.113928795
v 0.00691790739 0.265784085 0.120953344
v 0.0337905623 0.247472316 0.147822455
v 0.00962318573 0.265784085 0.113928795
v 0.0337905623 0.247472316 0.147822455
v 0.0468436927 0.247472301 0.113928795
v 0.00574538484 0.274941802 0.11147783
v -0.00255408767 0.274941802 0.108083852
v -0.00595157687 0.274941802 0.116383359
v 0.00574538484 0.274941802 0.11147783
v -0.00595157687 0.274941802 0.116383359
v 0.0023478989 0.274941802 0.119777277
v 0.00962318573 0.265784085 0.113928795
v 0.00691790739 0.265784085 0.106907807
v 0.00574538484 0.274941802 0.11147783
v -0.00255408767 0.274941802 0.108083852
v 0.00574538484 0.274941802 0.11147783
v 0.00691790739 0.265784085 0.106907807
v -0.00255408767 0.274941802 0.108083852
v 0.00691790739 0.265784085 0.106907807
v -0.00010309447 0.265784085 0.104206063
v -0.00010309447 0.265784085 0.104206063
v -0.00712409662 0.265784085 0.106907807
v -0.00255408767 0.274941802 0.108083852
v -0.00595157687 0.274941802 0.116383359
v -0.00255408767 0.274941802 0.108083852
v -0.00712409662 0.265784085 0.106907807
v -0.00595157687 0.274941802 0.116383359
v -0.00712409662 0.265784085 0.106907807
v -0.00982937403 0.265784085 0.113928795
v -0.00982937403 0.265784085 0.113928795
v -0.00712409662 0.265784085 0.120953344
v -0.00595157687 0.274941802 0.116383359
v 0.0023478989 0.274941802 0.119777277
v -0.00595157687 0.274941802 0.116383359
v -0.00712409662 0.265784085 0.120953344
v 0.0023478989 0.274941802 0.119777277
v -0.00712409662 0.265784085 0.120953344
v -0.00010309447 0.265784085 0.123655088
v -0.00010309447 0.265784085 0.123655088
v 0.00691790739 0.265784085 0.120953344
v 0.0023478989 0.274941802 0.119777277
v 0.00574538484 0.274941802 0.11147783
v 0.0023478989 0.274941802 0.119777277
v 0.00691790739 0.265784085 0.120953344
v 0.00574538484 0.274941802 0.11147783
v 0.00691790739 0.265784085 0.120953344
v 0.00962318573 0.265784085 0.113928795
v -0.338873595 0.0185763109 0.324516505
v -0.338873595 0.0185762979 0.214645639
v -0.338873595 0.0277304482 0.214645639
v -0.338873595 0.0185763109 0.324516505
v -0.338873595 0.0277304482 0.214645639
v -0.338873595 0.0277304612 0.324516505
v -0.338873595 0.0185762979 0.214645639
v -0.375497341 0.0185762979 0.214645639
v -0.375497341 0.0277304482 0.214645639
v -0.338873595 0.0185762979 0.214645639
v -0.375497341 0.0277304482 0.214645639
v -0.338873595 0.0277304482 0.214645639
v -0.375497341 0.0185762979 0.214645639
v -0.375497341 0.0185763147 0.361140221
v -0.375497341 0.0277304668 0.361140221
v -0.375497341 0.0185762979 0.214645639
v -0.375497341 0.0277304668 0.361140221
v -0.375497341 0.0277304482 0.214645639
v -0.375497341 0.0185763147 0.361140221
v -0.229002655 0.0185763147 0.361140221
v -0.229002655 0.0277304668 0.361140221
v -0.375497341 0.0185763147 0.361140221
v -0.229002655 0.0277304668 0.361140221
v -0.375497341 0.0277304668 0.361140221
v -0.229002655 0.0185763147 0.361140221
v -0.229002655 0.0185763109 0.324516505
v -0.229002655 0.0277304612 0.324516505
v -0.229002655 0.0185763147 0.361140221
v -0.229002655 0.0277304612 0.324516505
v -0.229002655 0.0277304668 0.361140221
v -0.229002655 0.0185763109 0.324516505
v -0.338873595 0.0185763109 0.324516505
v -0.338873595 0.0277304612 0.324516505
v -0.229002655 0.0185763109 0.324516505
v -0.338873595 0.0277304612 0.324516505
v -0.229002655 0.0277304612 0.324516505
v -0.329715878 0.000264482078 0.315362334
v -0.329715878 0.000264468981 0.205491498
v -0.329715878 0.018576296 0.205491498
v -0.329715878 0.000264482078 0.315362334
v -0.329715878 0.018576296 0.205491498
v -0.329715878 0.0185763091 0.315362334
v -0.329715878 0.000264468981 0.205491498
v -0.384651482 0.000264468981 0.205491498
v -0.384651482 0.018576296 0.205491498
v -0.329715878 0.000264468981 0.205491498
v -0.384651482 0.018576296 0.205491498
v -0.329715878 0.018576296 0.205491498
v -0.384651482 0.000264468981 0.205491498
v -0.384651482 0.000264488626 0.370297968
v -0.384651482 0.0185763165 0.370297968
v -0.384651482 0.000264468981 0.205491498
v -0.384651482 0.0185763165 0.370297968
v -0.384651482 0.018576296 0.205491498
v -0.219845057 0.000264482078 0.315362334
v -0.219845057 0.0185763091 0.315362334
v -0.219845057 0.0185763165 0.370297968
v -0.219845057 0.000264482078 0.315362334
v -0.219845057 0.0185763165 0.370297968
v -0.219845057 0.000264488626 0.370297968
v -0.329715878 0.000264482078 0.315362334
v -0.329715878 0.0185763091 0.315362334
v -0.219845057 0.0185763091 0.315362334
v -0.329715878 0.000264482078 0.315362334
v -0.219845057 0.0185763091 0.315362334
v -0.219845057 0.000264482078 0.315362334
v -0.384651482 0.0185763165 0.370297968
v -0.384651482 0.000264488626 0.370297968
v -0.219845057 0.000264488626 0.370297968
v -0.384651482 0.0185763165 0.370297968
v -0.219845057 0.000264488626 0.370297968
v -0.219845057 0.0185763165 0.370297968
v -0.384651482 0.018576296 0.205491498
v -0.384651482 0.0185763165 0.370297968
v -0.329715878 0.0185763091 0.315362334
v -0.384651482 0.018576296 0.205491498
v -0.329715878 0.0185763091 0.315362334
v -0.329715878 0.018576296 0.205491498
v -0.384651482 0.0185763165 0.370297968
v -0.219845057 0.0185763165 0.370297968
v -0.219845057 0.0185763091 0.315362334
v -0.384651482 0.0185763165 0.370297968
v -0.219845057 0.0185763091 0.315362334
v -0.329715878 0.0185763091 0.315362334
v 0.302043587 0.0185763109 0.324516505
v 0.302043587 0.0277304612 0.324516505
v 0.302043587 0.0277304482 0.214645639
v 0.302043587 0.0185763109 0.324516505
v 0.302043587 0.0277304482 0.214645639
v 0.302043587 0.0185762979 0.214645639
v 0.302043587 0.0185762979 0.214645639
v 0.302043587 0.0277304482 0.214645639
v 0.338667333 0.0277304482 0.214645639
v 0.302043587 0.0185762979 0.214645639
v 0.338667333 0.0277304482 0.214645639
v 0.338667333 0.0185762979 0.214645639
v 0.338667333 0.0185762979 0.214645639
v 0.338667333 0.0277304482 0.214645639
v 0.338667333 0.0277304668 0.361140221
v 0.338667333 0.0185762979 0.214645639
v 0.338667333 0.0277304668 0.361140221
v 0.338667333 0.0185763147 0.361140221
v 0.338667333 0.0185763147 0.361140221
v 0.338667333 0.0277304668 0.361140221
v 0.19217281 0.0277304668 0.361140221
v 0.338667333 0.0185763147 0.361140221
v 0.19217281 0.0277304668 0.361140221
v 0.19217281 0.0185763147 0.361140221
v 0.19217281 0.0185763147 0.361140221
v 0.19217281 0.0277304668 0.361140221
v 0.19217281 0.0277304612 0.324516505
v 0.19217281 0.0185763147 0.361140221
v 0.19217281 0.0277304612 0.324516505
v 0.19217281 0.0185763109 0.324516505
v 0.19217281 0.0185763109 0.324516505
v 0.19217281 0.0277304612 0.324516505
v 0.302043587 0.0277304612 0.324516505
v 0.19217281 0.0185763109 0.324516505
v 0.302043587 0.0277304612 0.324516505
v 0.302043587 0.0185763109 0.324516505
v 0.292886108 0.000264482078 0.315362334
v 0.292886108 0.0185763091 0.315362334
v 0.292886108 0.018576296 0.205491498
v 0.292886108 0.000264482078 0.315362334
v 0.292886108 0.018576296 0.205491498
v 0.292886108 0.000264468981 0.205491498
v 0.292886108 0.000264468981 0.205491498
v 0.292886108 0.018576296 0.205491498
v 0.347821504 0.018576296 0.205491498
v 0.292886108 0.000264468981 0.205491498
v 0.347821504 0.018576296 0.205491498
v 0.347821504 0.000264468981 0.205491498
v 0.347821504 0.000264468981 0.205491498
v 0.347821504 0.018576296 0.205491498
v 0.347821504 0.0185763165 0.370297968
v 0.347821504 0.000264468981 0.205491498
v 0.347821504 0.0185763165 0.370297968
v 0.347821504 0.000264488626 0.370297968
v 0.183015123 0.000264482078 0.315362334
v 0.183015123 0.000264488626 0.370297968
v 0.183015123 0.0185763165 0.370297968
v 0.183015123 0.000264482078 0.315362334
v 0.183015123 0.0185763165 0.370297968
v 0.183015123 0.0185763091 0.315362334
v 0.292886108 0.000264482078 0.315362334
v 0.183015123 0.000264482078 0.315362334
v 0.183015123 0.0185763091 0.315362334
v 0.292886108 0.000264482078 0.315362334
v 0.183015123 0.0185763091 0.315362334
v 0.292886108 0.0185763091 0.315362334
v 0.347821504 0.0185763165 0.370297968
v 0.183015123 0.0185763165 0.370297968
v 0.183015123 0.000264488626 0.370297968
v 0.347821504 0.0185763165 0.370297968
v 0.183015123 0.000264488626 0.370297968
v 0.347821504 0.000264488626 0.370297968
v 0.347821504 0.018576296 0.205491498
v 0.292886108 0.018576296 0.205491498
v 0.292886108 0.0185763091 0.315362334
v 0.347821504 0.018576296 0.205491498
v 0.292886108 0.0185763091 0.315362334
v 0.347821504 0.0185763165 0.370297968
v 0.347821504 0.0185763165 0.370297968
v 0.292886108 0.0185763091 0.315362334
v 0.183015123 0.0185763091 0.315362334
v 0.347821504 0.0185763165 0.370297968
v 0.183015123 0.0185763091 0.315362334
v 0.183015123 0.0185763165 0.370297968
v 0.109767847 0.0277304612 0.315362334
v 0.109767847 0.0277304668 0.370297968
v 0.164703324 0.0277304668 0.370297968
v 0.109767847 0.0277304612 0.315362334
v 0.164703324 0.0277304668 0.370297968
v 0.164703324 0.0277304612 0.315362334
v 0.113430202 0.00941863842 0.366635531
v 0.113430202 0.00941863284 0.319024771
v 0.113430202 0.000264482514 0.319024771
v 0.113430202 0.00941863842 0.366635531
v 0.113430202 0.000264482514 0.319024771
v 0.113430202 0.00026448819 0.366635531
v 0.161040962 0.00941863842 0.366635531
v 0.113430202 0.00941863842 0.366635531
v 0.113430202 0.00026448819 0.366635531
v 0.161040962 0.00941863842 0.366635531
v 0.113430202 0.00026448819 0.366635531
v 0.161040962 0.00026448819 0.366635531
v 0.161040962 0.00941863284 0.319024771
v 0.161040962 0.00941863842 0.366635531
v 0.161040962 0.00026448819 0.366635531
v 0.161040962 0.00941863284 0.319024771
v 0.161040962 0.00026448819 0.366635531
v 0.161040962 0.000264482514 0.319024771
v 0.113430202 0.00941863284 0.319024771
v 0.161040962 0.00941863284 0.319024771
v 0.161040962 0.000264482514 0.319024771
v 0.113430202 0.00941863284 0.319024771
v 0.161040962 0.000264482514 0.319024771
v 0.113430202 0.000264482514 0.319024771
v 0.109767847 0.0277304668 0.370297968
v 0.109767847 0.0277304612 0.315362334
v 0.113430202 0.00941863284 0.319024771
v 0.109767847 0.0277304668 0.370297968
v 0.113430202 0.00941863284 0.319024771
v 0.113430202 0.00941863842 0.366635531
v 0.164703324 0.0277304668 0.370297968
v 0.109767847 0.0277304668 0.370297968
v 0.113430202 0.00941863842 0.366635531
v 0.164703324 0.0277304668 0.370297968
v 0.113430202 0.00941863842 0.366635531
v 0.161040962 0.00941863842 0.366635531
v 0.164703324 0.0277304612 0.315362334
v 0.164703324 0.0277304668 0.370297968
v 0.161040962 0.00941863842 0.366635531
v 0.164703324 0.0277304612 0.315362334
v 0.161040962 0.00941863842 0.366635531
v 0.161040962 0.00941863284 0.319024771
v 0.109767847 0.0277304612 0.315362334
v 0.164703324 0.0277304612 0.315362334
v 0.161040962 0.00941863284 0.319024771
v 0.109767847 0.0277304612 0.315362334
v 0.161040962 0.00941863284 0.319024771
v 0.113430202 0.00941863284 0.319024771
v -0.146597669 0.0277304612 0.315362334
v -0.201533139 0.0277304612 0.315362334
v -0.201533139 0.0277304668 0.370297968
v -0.146597669 0.0277304612 0.315362334
v -0.201533139 0.0277304668 0.370297968
v -0.146597669 0.0277304668 0.370297968
v -0.150260046 0.00941863842 0.366635531
v -0.150260046 0.00026448819 0.366635531
v -0.150260046 0.000264482514 0.319024771
v -0.150260046 0.00941863842 0.366635531
v -0.150260046 0.000264482514 0.319024771
v -0.150260046 0.00941863284 0.319024771
v -0.197870776 0.00941863842 0.366635531
v -0.197870776 0.00026448819 0.366635531
v -0.150260046 0.00026448819 0.366635531
v -0.197870776 0.00941863842 0.366635531
v -0.150260046 0.00026448819 0.366635531
v -0.150260046 0.00941863842 0.366635531
v -0.197870776 0.00941863284 0.319024771
v -0.197870776 0.000264482514 0.319024771
v -0.197870776 0.00026448819 0.366635531
v -0.197870776 0.00941863284 0.319024771
v -0.197870776 0.00026448819 0.366635531
v -0.197870776 0.00941863842 0.366635531
v -0.150260046 0.00941863284 0.319024771
v -0.150260046 0.000264482514 0.319024771
v -0.197870776 0.000264482514 0.319024771
v -0.150260046 0.00941863284 0.319024771
v -0.197870776 0.000264482514 0.319024771
v -0.197870776 0.00941863284 0.319024771
v -0.146597669 0.0277304668 0.370297968
v -0.150260046 0.00941863842 0.366635531
v -0.150260046 0.00941863284 0.319024771
v -0.146597669 0.0277304668 0.370297968
v -0.150260046 0.00941863284 0.319024771
v -0.146597669 0.0277304612 0.315362334
v -0.201533139 0.0277304668 0.370297968
v -0.197870776 0.00941863842 0.366635531
v -0.150260046 0.00941863842 0.366635531
v -0.201533139 0.0277304668 0.370297968
v -0.150260046 0.00941863842 0.366635531
v -0.146597669 0.0277304668 0.370297968
v -0.201533139 0.0277304612 0.315362334
v -0.197870776 0.00941863284 0.319024771
v -0.197870776 0.00941863842 0.366635531
v -0.201533139 0.0277304612 0.315362334
v -0.197870776 0.00941863842 0.366635531
v -0.201533139 0.0277304668 0.370297968
v -0.146597669 0.0277304612 0.315362334
v -0.150260046 0.00941863284 0.319024771
v -0.197870776 0.00941863284 0.319024771
v -0.146597669 0.0277304612 0.315362334
v -0.197870776 0.00941863284 0.319024771
v -0.201533139 0.0277304612 0.315362334
v 0.312529474 0.0277303979 -0.217513412
v 0.312529474 0.0277303867 -0.312734962
v 0.312529474 0.188874438 -0.312734991
v 0.312529474 0.0277303979 -0.217513412
v 0.312529474 0.188874438 -0.312734991
v 0.312529474 0.188874453 -0.217513442
v -0.27611196 0.027730383 -0.331046849
v -0.27611196 0.188874438 -0.331046879
v 0.294217587 0.188874438 -0.331046879
v -0.27611196 0.027730383 -0.331046849
v 0.294217587 0.188874438 -0.331046879
v 0.294217587 0.027730383 -0.331046849
v -0.29442358 0.0277303867 -0.312734962
v -0.29442358 0.0277303979 -0.217513412
v -0.29442358 0.188874453 -0.217513442
v -0.29442358 0.0277303867 -0.312734962
v -0.29442358 0.188874453 -0.217513442
v -0.29442358 0.188874438 -0.312734991
v 0.294217587 0.0277303979 -0.217513412
v 0.294217587 0.188874453 -0.217513442
v 0.294217587 0.188874453 -0.237449929
v 0.294217587 0.0277303979 -0.217513412
v 0.294217587 0.188874453 -0.237449929
v 0.294217587 0.0277303942 -0.237449899
v -0.27611196 0.0277303942 -0.237449899
v -0.27611196 0.188874453 -0.237449929
v -0.27611196 0.188874453 -0.217513442
v -0.27611196 0.0277303942 -0.237449899
v -0.27611196 0.188874453 -0.217513442
v -0.27611196 0.0277303979 -0.217513412
v 0.294217587 0.0277303942 -0.237449899
v 0.294217587 0.188874453 -0.237449929
v 0.0261691641 0.188874453 -0.237449929
v 0.294217587 0.0277303942 -0.237449899
v 0.0261691641 0.188874453 -0.237449929
v 0.0261691641 0.0277303942 -0.237449899
v -0.27611196 0.188874453 -0.237449929
v -0.27611196 0.0277303942 -0.237449899
v -0.065389961 0.0277303942 -0.237449899
v -0.27611196 0.188874453 -0.237449929
v -0.065389961 0.0277303942 -0.237449899
v -0.065389961 0.188874453 -0.237449929
v 0.294217587 0.0368880518 -0.312734962
v 0.326264024 0.0368880518 -0.312734962
v 0.326264024 0.176057935 -0.312734991
v 0.294217587 0.0368880518 -0.312734962
v 0.326264024 0.176057935 -0.312734991
v 0.294217587 0.176057935 -0.312734991
v -0.27611196 0.036888063 -0.217513412
v -0.308158398 0.036888063 -0.217513412
v -0.308158398 0.176057935 -0.217513427
v -0.27611196 0.036888063 -0.217513412
v -0.308158398 0.176057935 -0.217513427
v -0.27611196 0.176057935 -0.217513427
v 0.326264024 0.17605792 -0.340204328
v 0.326264024 0.0368880481 -0.340204298
v 0.294217587 0.0368880481 -0.340204298
v 0.326264024 0.17605792 -0.340204328
v 0.294217587 0.0368880481 -0.340204298
v 0.294217587 0.17605792 -0.340204328
v 0.294217587 0.17605792 -0.340204328
v 0.294217587 0.0368880481 -0.340204298
v 0.294217587 0.0368880518 -0.312734962
v 0.294217587 0.17605792 -0.340204328
v 0.294217587 0.0368880518 -0.312734962
v 0.294217587 0.176057935 -0.312734991
v -0.309991479 0.188874438 -0.310905427
v -0.274282396 0.188874438 -0.310905427
v -0.274282396 0.188874438 -0.342033893
v -0.309991479 0.188874438 -0.310905427
v -0.274282396 0.188874438 -0.342033893
v -0.309991479 0.188874438 -0.342033893
v -0.274282396 0.188874453 -0.219346404
v -0.309991479 0.188874453 -0.219346404
v -0.309991479 0.188874453 -0.188214511
v -0.274282396 0.188874453 -0.219346404
v -0.309991479 0.188874453 -0.188214511
v -0.274282396 0.188874453 -0.188214511
v 0.328097135 0.188874453 -0.188214511
v 0.328097135 0.188874453 -0.219346404
v 0.292388022 0.188874453 -0.219346404
v 0.328097135 0.188874453 -0.188214511
v 0.292388022 0.188874453 -0.219346404
v 0.292388022 0.188874453 -0.188214511
v 0.292388022 0.188874438 -0.342033893
v 0.292388022 0.188874438 -0.310905427
v 0.328097135 0.188874438 -0.310905427
v 0.292388022 0.188874438 -0.342033893
v 0.328097135 0.188874438 -0.310905427
v 0.328097135 0.188874438 -0.342033893
v 0.326264024 0.176057935 -0.217513427
v 0.326264024 0.17605795 -0.190047443
v 0.326264024 0.0368880667 -0.190047428
v 0.326264024 0.176057935 -0.217513427
v 0.326264024 0.0368880667 -0.190047428
v 0.326264024 0.036888063 -0.217513412
v 0.326264024 0.17605792 -0.340204328
v 0.326264024 0.176057935 -0.312734991
v 0.326264024 0.0368880518 -0.312734962
v 0.326264024 0.17605792 -0.340204328
v 0.326264024 0.0368880518 -0.312734962
v 0.326264024 0.0368880481 -0.340204298
v -0.308158398 0.176057935 -0.312734991
v -0.308158398 0.17605792 -0.340204328
v -0.308158398 0.0368880481 -0.340204298
v -0.308158398 0.176057935 -0.312734991
v -0.308158398 0.0368880481 -0.340204298
v -0.308158398 0.0368880518 -0.312734962
v -0.308158398 0.17605795 -0.190047443
v -0.308158398 0.176057935 -0.217513427
v -0.308158398 0.036888063 -0.217513412
v -0.308158398 0.17605795 -0.190047443
v -0.308158398 0.036888063 -0.217513412
v -0.308158398 0.0368880667 -0.190047428
v -0.27611196 0.17605795 -0.190047443
v -0.308158398 0.17605795 -0.190047443
v -0.308158398 0.0368880667 -0.190047428
v -0.27611196 0.17605795 -0.190047443
v -0.308158398 0.0368880667 -0.190047428
v -0.27611196 0.0368880667 -0.190047428
v -0.27611196 0.176057935 -0.217513427
v -0.27611196 0.17605795 -0.190047443
v -0.27611196 0.0368880667 -0.190047428
v -0.27611196 0.176057935 -0.217513427
v -0.27611196 0.0368880667 -0.190047428
v -0.27611196 0.036888063 -0.217513412
v 0.326264024 0.17605795 -0.190047443
v 0.294217587 0.17605795 -0.190047443
v 0.294217587 0.0368880667 -0.190047428
v 0.326264024 0.17605795 -0.190047443
v 0.294217587 0.0368880667 -0.190047428
v 0.326264024 0.0368880667 -0.190047428
v 0.294217587 0.176057935 -0.217513427
v 0.326264024 0.176057935 -0.217513427
v 0.326264024 0.036888063 -0.217513412
v 0.294217587 0.176057935 -0.217513427
v 0.326264024 0.036888063 -0.217513412
v 0.294217587 0.036888063 -0.217513412
v -0.27611196 0.176057935 -0.312734991
v -0.308158398 0.176057935 -0.312734991
v -0.308158398 0.0368880518 -0.312734962
v -0.27611196 0.176057935 -0.312734991
v -0.308158398 0.0368880518 -0.312734962
v -0.27611196 0.0368880518 -0.312734962
v -0.308158398 0.17605792 -0.340204328
v -0.27611196 0.17605792 -0.340204328
v -0.27611196 0.0368880481 -0.340204298
v -0.308158398 0.17605792 -0.340204328
v -0.27611196 0.0368880481 -0.340204298
v -0.308158398 0.0368880481 -0.340204298
v -0.27611196 0.17605792 -0.340204328
v -0.27611196 0.176057935 -0.312734991
v -0.27611196 0.0368880518 -0.312734962
v -0.27611196 0.17605792 -0.340204328
v -0.27611196 0.0368880518 -0.312734962
v -0.27611196 0.0368880481 -0.340204298
v 0.294217587 0.17605795 -0.190047443
v 0.294217587 0.176057935 -0.217513427
v 0.294217587 0.036888063 -0.217513412
v 0.294217587 0.17605795 -0.190047443
v 0.294217587 0.036888063 -0.217513412
v 0.294217587 0.0368880667 -0.190047428
v -0.27611196 0.17605792 -0.340204328
v -0.308158398 0.17605792 -0.340204328
v -0.309991479 0.188874438 -0.342033893
v -0.27611196 0.17605792 -0.340204328
v -0.309991479 0.188874438 -0.342033893
v -0.274282396 0.188874438 -0.342033893
v -0.308158398 0.17605795 -0.190047443
v -0.27611196 0.17605795 -0.190047443
v -0.274282396 0.188874453 -0.188214511
v -0.308158398 0.17605795 -0.190047443
v -0.274282396 0.188874453 -0.188214511
v -0.309991479 0.188874453 -0.188214511
v 0.294217587 0.17605795 -0.190047443
v 0.326264024 0.17605795 -0.190047443
v 0.328097135 0.188874453 -0.188214511
v 0.294217587 0.17605795 -0.190047443
v 0.328097135 0.188874453 -0.188214511
v 0.292388022 0.188874453 -0.188214511
v 0.326264024 0.17605795 -0.190047443
v 0.326264024 0.176057935 -0.217513427
v 0.328097135 0.188874453 -0.219346404
v 0.326264024 0.17605795 -0.190047443
v 0.328097135 0.188874453 -0.219346404
v 0.328097135 0.188874453 -0.188214511
v 0.326264024 0.176057935 -0.217513427
v 0.294217587 0.176057935 -0.217513427
v 0.292388022 0.188874453 -0.219346404
v 0.326264024 0.176057935 -0.217513427
v 0.292388022 0.188874453 -0.219346404
v 0.328097135 0.188874453 -0.219346404
v 0.326264024 0.176057935 -0.312734991
v 0.326264024 0.17605792 -0.340204328
v 0.328097135 0.188874438 -0.342033893
v 0.326264024 0.176057935 -0.312734991
v 0.328097135 0.188874438 -0.342033893
v 0.328097135 0.188874438 -0.310905427
v 0.294217587 0.176057935 -0.312734991
v 0.326264024 0.176057935 -0.312734991
v 0.328097135 0.188874438 -0.310905427
v 0.294217587 0.176057935 -0.312734991
v 0.328097135 0.188874438 -0.310905427
v 0.292388022 0.188874438 -0.310905427
v -0.308158398 0.17605792 -0.340204328
v -0.308158398 0.176057935 -0.312734991
v -0.309991479 0.188874438 -0.310905427
v -0.308158398 0.17605792 -0.340204328
v -0.309991479 0.188874438 -0.310905427
v -0.309991479 0.188874438 -0.342033893
v -0.308158398 0.176057935 -0.312734991
v -0.27611196 0.176057935 -0.312734991
v -0.274282396 0.188874438 -0.310905427
v -0.308158398 0.176057935 -0.312734991
v -0.274282396 0.188874438 -0.310905427
v -0.309991479 0.188874438 -0.310905427
v -0.308158398 0.176057935 -0.217513427
v -0.308158398 0.17605795 -0.190047443
v -0.309991479 0.188874453 -0.188214511
v -0.308158398 0.176057935 -0.217513427
v -0.309991479 0.188874453 -0.188214511
v -0.309991479 0.188874453 -0.219346404
v -0.27611196 0.176057935 -0.217513427
v -0.308158398 0.176057935 -0.217513427
v -0.309991479 0.188874453 -0.219346404
v -0.27611196 0.176057935 -0.217513427
v -0.309991479 0.188874453 -0.219346404
v -0.274282396 0.188874453 -0.219346404
v 0.326264024 0.17605792 -0.340204328
v 0.294217587 0.17605792 -0.340204328
v 0.292388022 0.188874438 -0.342033893
v 0.326264024 0.17605792 -0.340204328
v 0.292388022 0.188874438 -0.342033893
v 0.328097135 0.188874438 -0.342033893
v 0.328097135 0.027730396 -0.219346374
v 0.326264024 0.036888063 -0.217513412
v 0.326264024 0.0368880667 -0.190047428
v 0.328097135 0.027730396 -0.219346374
v 0.326264024 0.0368880667 -0.190047428
v 0.328097135 0.0277303997 -0.188214481
v 0.328097135 0.027730383 -0.342033863
v 0.326264024 0.0368880481 -0.340204298
v 0.326264024 0.0368880518 -0.312734962
v 0.328097135 0.027730383 -0.342033863
v 0.326264024 0.0368880518 -0.312734962
v 0.328097135 0.0277303867 -0.310905397
v -0.309991479 0.0277303867 -0.310905397
v -0.308158398 0.0368880518 -0.312734962
v -0.308158398 0.0368880481 -0.340204298
v -0.309991479 0.0277303867 -0.310905397
v -0.308158398 0.0368880481 -0.340204298
v -0.309991479 0.027730383 -0.342033863
v -0.309991479 0.0277303997 -0.188214481
v -0.308158398 0.0368880667 -0.190047428
v -0.308158398 0.036888063 -0.217513412
v -0.309991479 0.0277303997 -0.188214481
v -0.308158398 0.036888063 -0.217513412
v -0.309991479 0.027730396 -0.219346374
v -0.274282396 0.0277303997 -0.188214481
v -0.27611196 0.0368880667 -0.190047428
v -0.308158398 0.0368880667 -0.190047428
v -0.274282396 0.0277303997 -0.188214481
v -0.308158398 0.0368880667 -0.190047428
v -0.309991479 0.0277303997 -0.188214481
v -0.274282396 0.027730396 -0.219346374
v -0.27611196 0.036888063 -0.217513412
v -0.27611196 0.0368880667 -0.190047428
v -0.274282396 0.027730396 -0.219346374
v -0.27611196 0.0368880667 -0.190047428
v -0.274282396 0.0277303997 -0.188214481
v 0.328097135 0.0277303997 -0.188214481
v 0.326264024 0.0368880667 -0.190047428
v 0.294217587 0.0368880667 -0.190047428
v 0.328097135 0.0277303997 -0.188214481
v 0.294217587 0.0368880667 -0.190047428
v 0.292388022 0.0277303997 -0.188214481
v 0.294217587 0.036888063 -0.217513412
v 0.326264024 0.036888063 -0.217513412
v 0.328097135 0.027730396 -0.219346374
v 0.294217587 0.036888063 -0.217513412
v 0.328097135 0.027730396 -0.219346374
v 0.292388022 0.027730396 -0.219346374
v -0.27611196 0.0368880518 -0.312734962
v -0.308158398 0.0368880518 -0.312734962
v -0.309991479 0.0277303867 -0.310905397
v -0.27611196 0.0368880518 -0.312734962
v -0.309991479 0.0277303867 -0.310905397
v -0.274282396 0.0277303867 -0.310905397
v -0.309991479 0.027730383 -0.342033863
v -0.308158398 0.0368880481 -0.340204298
v -0.27611196 0.0368880481 -0.340204298
v -0.309991479 0.027730383 -0.342033863
v -0.27611196 0.0368880481 -0.340204298
v -0.274282396 0.027730383 -0.342033863
v -0.274282396 0.027730383 -0.342033863
v -0.27611196 0.0368880481 -0.340204298
v -0.27611196 0.0368880518 -0.312734962
v -0.274282396 0.027730383 -0.342033863
v -0.27611196 0.0368880518 -0.312734962
v -0.274282396 0.0277303867 -0.310905397
v 0.292388022 0.0277303997 -0.188214481
v 0.294217587 0.0368880667 -0.190047428
v 0.294217587 0.036888063 -0.217513412
v 0.292388022 0.0277303997 -0.188214481
v 0.294217587 0.036888063 -0.217513412
v 0.292388022 0.027730396 -0.219346374
v 0.292388022 0.0277303867 -0.310905397
v 0.328097135 0.0277303867 -0.310905397
v 0.326264024 0.0368880518 -0.312734962
v 0.292388022 0.0277303867 -0.310905397
v 0.326264024 0.0368880518 -0.312734962
v 0.294217587 0.0368880518 -0.312734962
v -0.274282396 0.027730396 -0.219346374
v -0.309991479 0.027730396 -0.219346374
v -0.308158398 0.036888063 -0.217513412
v -0.274282396 0.027730396 -0.219346374
v -0.308158398 0.036888063 -0.217513412
v -0.27611196 0.036888063 -0.217513412
v 0.328097135 0.027730383 -0.342033863
v 0.292388022 0.027730383 -0.342033863
v 0.294217587 0.0368880481 -0.340204298
v 0.328097135 0.027730383 -0.342033863
v 0.294217587 0.0368880481 -0.340204298
v 0.326264024 0.0368880481 -0.340204298
v 0.292388022 0.027730383 -0.342033863
v 0.292388022 0.0277303867 -0.310905397
v 0.294217587 0.0368880518 -0.312734962
v 0.292388022 0.027730383 -0.342033863
v 0.294217587 0.0368880518 -0.312734962
v 0.294217587 0.0368880481 -0.340204298
v 0.109767847 0.229944333 -0.120462529
v 0.109767847 0.235436141 -0.120462529
v -0.0953245685 0.235436141 -0.120462529
v 0.109767847 0.229944333 -0.120462529
v -0.0953245685 0.235436141 -0.120462529
v -0.0953245685 0.229944333 -0.120462529
v -0.0953245685 0.229944304 -0.347529173
v -0.0953245685 0.235436112 -0.347529173
v 0.109767847 0.235436112 -0.347529173
v -0.0953245685 0.229944304 -0.347529173
v 0.109767847 0.235436112 -0.347529173
v 0.109767847 0.229944304 -0.347529173
v 0.109767847 0.235436141 -0.120462529
v 0.109767847 0.270230323 -0.23399587
v -0.0953245685 0.270230323 -0.23399587
v 0.109767847 0.235436141 -0.120462529
v -0.0953245685 0.270230323 -0.23399587
v -0.0953245685 0.235436141 -0.120462529
v -0.0953245685 0.235436112 -0.347529173
v -0.0953245685 0.270230323 -0.23399587
v 0.109767847 0.270230323 -0.23399587
v -0.0953245685 0.235436112 -0.347529173
v 0.109767847 0.270230323 -0.23399587
v 0.109767847 0.235436112 -0.347529173
v 0.314860195 0.229944333 -0.120462529
v 0.314860195 0.235436141 -0.120462529
v 0.109767847 0.235436141 -0.120462529
v 0.314860195 0.229944333 -0.120462529
v 0.109767847 0.235436141 -0.120462529
v 0.109767847 0.229944333 -0.120462529
v -0.300416976 0.235436141 -0.120462529
v -0.300416976 0.229944333 -0.120462529
v -0.0953245685 0.229944333 -0.120462529
v -0.300416976 0.235436141 -0.120462529
v -0.0953245685 0.229944333 -0.120462529
v -0.0953245685 0.235436141 -0.120462529
v -0.300416976 0.229944304 -0.347529173
v -0.300416976 0.235436112 -0.347529173
v -0.0953245685 0.235436112 -0.347529173
v -0.300416976 0.229944304 -0.347529173
v -0.0953245685 0.235436112 -0.347529173
v -0.0953245685 0.229944304 -0.347529173
v 0.314860195 0.235436112 -0.347529173
v 0.314860195 0.229944304 -0.347529173
v 0.109767847 0.229944304 -0.347529173
v 0.314860195 0.235436112 -0.347529173
v 0.109767847 0.229944304 -0.347529173
v 0.109767847 0.235436112 -0.347529173
v 0.314860195 0.235436141 -0.120462529
v 0.314860195 0.270230323 -0.23399587
v 0.109767847 0.270230323 -0.23399587
v 0.314860195 0.235436141 -0.120462529
v 0.109767847 0.270230323 -0.23399587
v 0.109767847 0.235436141 -0.120462529
v -0.300416976 0.270230323 -0.23399587
v -0.300416976 0.235436141 -0.120462529
v -0.0953245685 0.235436141 -0.120462529
v -0.300416976 0.270230323 -0.23399587
v -0.0953245685 0.235436141 -0.120462529
v -0.0953245685 0.270230323 -0.23399587
v -0.300416976 0.235436112 -0.347529173
v -0.300416976 0.270230323 -0.23399587
v -0.0953245685 0.270230323 -0.23399587
v -0.300416976 0.235436112 -0.347529173
v -0.0953245685 0.270230323 -0.23399587
v -0.0953245685 0.235436112 -0.347529173
v 0.314860195 0.270230323 -0.23399587
v 0.314860195 0.235436112 -0.347529173
v 0.109767847 0.235436112 -0.347529173
v 0.314860195 0.270230323 -0.23399587
v 0.109767847 0.235436112 -0.347529173
v 0.109767847 0.270230323 -0.23399587
v 0.112211794 0.188874468 -0.127787247
v 0.113430202 0.207186371 -0.124124892
v -0.098986946 0.207186371 -0.124124892
v 0.112211794 0.188874468 -0.127787247
v -0.098986946 0.207186371 -0.124124892
v -0.0977649763 0.188874468 -0.127787247
v -0.0977649763 0.188874438 -0.340204328
v -0.098986946 0.207186341 -0.343866765
v 0.113430202 0.207186341 -0.343866765
v -0.0977649763 0.188874438 -0.340204328
v 0.113430202 0.207186341 -0.343866765
v 0.112211794 0.188874438 -0.340204328
v 0.113430202 0.207186371 -0.124124892
v 0.112211794 0.210848689 -0.127787247
v -0.0977649763 0.210848689 -0.127787247
v 0.113430202 0.207186371 -0.124124892
v -0.0977649763 0.210848689 -0.127787247
v -0.098986946 0.207186371 -0.124124892
v -0.098986946 0.207186341 -0.343866765
v -0.0977649763 0.210848659 -0.340204328
v 0.112211794 0.210848659 -0.340204328
v -0.098986946 0.207186341 -0.343866765
v 0.112211794 0.210848659 -0.340204328
v 0.113430202 0.207186341 -0.343866765
v 0.112211794 0.210848689 -0.127787247
v 0.112211794 0.22992602 -0.127787247
v -0.0977649763 0.22992602 -0.127787247
v 0.112211794 0.210848689 -0.127787247
v -0.0977649763 0.22992602 -0.127787247
v -0.0977649763 0.210848689 -0.127787247
v -0.0977649763 0.210848659 -0.340204328
v -0.0977649763 0.22992599 -0.340204567
v 0.112211794 0.22992599 -0.340204567
v -0.0977649763 0.210848659 -0.340204328
v 0.112211794 0.22992599 -0.340204567
v 0.112211794 0.210848659 -0.340204328
v 0.32218504 0.188874468 -0.127787247
v 0.325847447 0.207186371 -0.124124892
v 0.113430202 0.207186371 -0.124124892
v 0.32218504 0.188874468 -0.127787247
v 0.113430202 0.207186371 -0.124124892
v 0.112211794 0.188874468 -0.127787247
v -0.098986946 0.207186371 -0.124124892
v -0.31140399 0.207186371 -0.124124892
v -0.307741821 0.188874468 -0.127787247
v -0.098986946 0.207186371 -0.124124892
v -0.307741821 0.188874468 -0.127787247
v -0.0977649763 0.188874468 -0.127787247
v -0.307741821 0.188874438 -0.340204328
v -0.31140399 0.207186341 -0.343866765
v -0.098986946 0.207186341 -0.343866765
v -0.307741821 0.188874438 -0.340204328
v -0.098986946 0.207186341 -0.343866765
v -0.0977649763 0.188874438 -0.340204328
v 0.113430202 0.207186341 -0.343866765
v 0.325847447 0.207186341 -0.343866765
v 0.32218504 0.188874438 -0.340204328
v 0.113430202 0.207186341 -0.343866765
v 0.32218504 0.188874438 -0.340204328
v 0.112211794 0.188874438 -0.340204328
v 0.113430202 0.207186371 -0.124124892
v 0.325847447 0.207186371 -0.124124892
v 0.32218504 0.210848689 -0.127787247
v 0.113430202 0.207186371 -0.124124892
v 0.32218504 0.210848689 -0.127787247
v 0.112211794 0.210848689 -0.127787247
v -0.307741821 0.210848689 -0.127787247
v -0.31140399 0.207186371 -0.124124892
v -0.098986946 0.207186371 -0.124124892
v -0.307741821 0.210848689 -0.127787247
v -0.098986946 0.207186371 -0.124124892
v -0.0977649763 0.210848689 -0.127787247
v -0.098986946 0.207186341 -0.343866765
v -0.31140399 0.207186341 -0.343866765
v -0.307741821 0.210848659 -0.340204328
v -0.098986946 0.207186341 -0.343866765
v -0.307741821 0.210848659 -0.340204328
v -0.0977649763 0.210848659 -0.340204328
v 0.32218504 0.210848659 -0.340204328
v 0.325847447 0.207186341 -0.343866765
v 0.113430202 0.207186341 -0.343866765
v 0.32218504 0.210848659 -0.340204328
v 0.113430202 0.207186341 -0.343866765
v 0.112211794 0.210848659 -0.340204328
v 0.32218504 0.210848689 -0.127787247
v 0.32218504 0.22992602 -0.127787247
v 0.112211794 0.22992602 -0.127787247
v 0.32218504 0.210848689 -0.127787247
v 0.112211794 0.22992602 -0.127787247
v 0.112211794 0.210848689 -0.127787247
v -0.307741821 0.22992602 -0.127787247
v -0.307741821 0.210848689 -0.127787247
v -0.0977649763 0.210848689 -0.127787247
v -0.307741821 0.22992602 -0.127787247
v -0.0977649763 0.210848689 -0.127787247
v -0.0977649763 0.22992602 -0.127787247
v -0.307741821 0.210848659 -0.340204328
v -0.307741821 0.22992599 -0.340204567
v -0.0977649763 0.22992599 -0.340204567
v -0.307741821 0.210848659 -0.340204328
v -0.0977649763 0.22992599 -0.340204567
v -0.0977649763 0.210848659 -0.340204328
v 0.32218504 0.22992599 -0.340204567
v 0.32218504 0.210848659 -0.340204328
v 0.112211794 0.210848659 -0.340204328
v 0.32218504 0.22992599 -0.340204567
v 0.112211794 0.210848659 -0.340204328
v 0.112211794 0.22992599 -0.340204567
v 0.333172053 0.229944333 -0.120462529
v 0.333172053 0.235436141 -0.120462529
v 0.314860195 0.235436141 -0.120462529
v 0.333172053 0.229944333 -0.120462529
v 0.314860195 0.235436141 -0.120462529
v 0.314860195 0.229944333 -0.120462529
v -0.318728834 0.235436141 -0.120462529
v -0.318728834 0.229944333 -0.120462529
v -0.300416976 0.229944333 -0.120462529
v -0.318728834 0.235436141 -0.120462529
v -0.300416976 0.229944333 -0.120462529
v -0.300416976 0.235436141 -0.120462529
v -0.318728834 0.229944304 -0.347529173
v -0.318728834 0.235436112 -0.347529173
v -0.300416976 0.235436112 -0.347529173
v -0.318728834 0.229944304 -0.347529173
v -0.300416976 0.235436112 -0.347529173
v -0.300416976 0.229944304 -0.347529173
v 0.333172053 0.235436112 -0.347529173
v 0.333172053 0.229944304 -0.347529173
v 0.314860195 0.229944304 -0.347529173
v 0.333172053 0.235436112 -0.347529173
v 0.314860195 0.229944304 -0.347529173
v 0.314860195 0.235436112 -0.347529173
v 0.333172053 0.240687713 -0.118852109
v 0.333172053 0.275722057 -0.23399587
v 0.314860195 0.275722057 -0.23399587
v 0.333172053 0.240687713 -0.118852109
v 0.314860195 0.275722057 -0.23399587
v 0.314860195 0.240687713 -0.118852109
v -0.318728834 0.275722057 -0.23399587
v -0.318728834 0.240687713 -0.118852109
v -0.300416976 0.240687713 -0.118852109
v -0.318728834 0.275722057 -0.23399587
v -0.300416976 0.240687713 -0.118852109
v -0.300416976 0.275722057 -0.23399587
v -0.318728834 0.240687683 -0.349139541
v -0.318728834 0.275722057 -0.23399587
v -0.300416976 0.275722057 -0.23399587
v -0.318728834 0.240687683 -0.349139541
v -0.300416976 0.275722057 -0.23399587
v -0.300416976 0.240687683 -0.349139541
v 0.333172053 0.275722057 -0.23399587
v 0.333172053 0.240687683 -0.349139541
v 0.314860195 0.240687683 -0.349139541
v 0.333172053 0.275722057 -0.23399587
v 0.314860195 0.240687683 -0.349139541
v 0.314860195 0.275722057 -0.23399587
v 0.333172053 0.235436112 -0.347529173
v 0.314860195 0.235436112 -0.347529173
v 0.314860195 0.240687683 -0.349139541
v 0.333172053 0.235436112 -0.347529173
v 0.314860195 0.240687683 -0.349139541
v 0.333172053 0.240687683 -0.349139541
v 0.314860195 0.235436141 -0.120462529
v 0.333172053 0.235436141 -0.120462529
v 0.333172053 0.240687713 -0.118852109
v 0.314860195 0.235436141 -0.120462529
v 0.333172053 0.240687713 -0.118852109
v 0.314860195 0.240687713 -0.118852109
v -0.318728834 0.235436141 -0.120462529
v -0.300416976 0.235436141 -0.120462529
v -0.300416976 0.240687713 -0.118852109
v -0.318728834 0.235436141 -0.120462529
v -0.300416976 0.240687713 -0.118852109
v -0.318728834 0.240687713 -0.118852109
v -0.300416976 0.235436112 -0.347529173
v -0.318728834 0.235436112 -0.347529173
v -0.318728834 0.240687683 -0.349139541
v -0.300416976 0.235436112 -0.347529173
v -0.318728834 0.240687683 -0.349139541
v -0.300416976 0.240687683 -0.349139541
v 0.333172053 0.235436141 -0.120462529
v 0.333172053 0.235436112 -0.347529173
v 0.318522602 0.235436112 -0.347529173
v 0.333172053 0.235436141 -0.120462529
v 0.318522602 0.235436112 -0.347529173
v 0.318522602 0.235436141 -0.120462529
v -0.318728834 0.235436112 -0.347529173
v -0.318728834 0.235436141 -0.120462529
v -0.304079413 0.235436141 -0.120462529
v -0.318728834 0.235436112 -0.347529173
v -0.304079413 0.235436141 -0.120462529
v -0.304079413 0.235436112 -0.347529173
v 0.318522602 0.235436141 -0.120462529
v 0.318522602 0.235436112 -0.347529173
v 0.318522602 0.270230323 -0.23399587
v -0.304079413 0.235436112 -0.347529173
v -0.304079413 0.235436141 -0.120462529
v -0.304079413 0.270230323 -0.23399587
v 0.333172053 0.229944333 -0.120462529
v 0.333172053 0.229944304 -0.347529173
v 0.333172053 0.235436112 -0.347529173
v 0.333172053 0.229944333 -0.120462529
v 0.333172053 0.235436112 -0.347529173
v 0.333172053 0.235436141 -0.120462529
v -0.318728834 0.229944304 -0.347529173
v -0.318728834 0.229944333 -0.120462529
v -0.318728834 0.235436141 -0.120462529
v -0.318728834 0.229944304 -0.347529173
v -0.318728834 0.235436141 -0.120462529
v -0.318728834 0.235436112 -0.347529173
v 0.314860195 0.235436112 -0.347529173
v 0.314860195 0.270230323 -0.23399587
v 0.314860195 0.275722057 -0.23399587
v 0.314860195 0.235436112 -0.347529173
v 0.314860195 0.275722057 -0.23399587
v 0.314860195 0.240687683 -0.349139541
v 0.314860195 0.270230323 -0.23399587
v 0.314860195 0.235436141 -0.120462529
v 0.314860195 0.240687713 -0.118852109
v 0.314860195 0.270230323 -0.23399587
v 0.314860195 0.240687713 -0.118852109
v 0.314860195 0.275722057 -0.23399587
v 0.333172053 0.235436141 -0.120462529
v 0.333172053 0.270230323 -0.23399587
v 0.333172053 0.275722057 -0.23399587
v 0.333172053 0.235436141 -0.120462529
v 0.333172053 0.275722057 -0.23399587
v 0.333172053 0.240687713 -0.118852109
v 0.333172053 0.270230323 -0.23399587
v 0.333172053 0.235436112 -0.347529173
v 0.333172053 0.240687683 -0.349139541
v 0.333172053 0.270230323 -0.23399587
v 0.333172053 0.240687683 -0.349139541
v 0.333172053 0.275722057 -0.23399587
v -0.300416976 0.235436141 -0.120462529
v -0.300416976 0.270230323 -0.23399587
v -0.300416976 0.275722057 -0.23399587
v -0.300416976 0.235436141 -0.120462529
v -0.300416976 0.275722057 -0.23399587
v -0.300416976 0.240687713 -0.118852109
v -0.300416976 0.270230323 -0.23399587
v -0.300416976 0.235436112 -0.347529173
v -0.300416976 0.240687683 -0.349139541
v -0.300416976 0.270230323 -0.23399587
v -0.300416976 0.240687683 -0.349139541
v -0.300416976 0.275722057 -0.23399587
v -0.318728834 0.235436112 -0.347529173
v -0.318728834 0.270230323 -0.23399587
v -0.318728834 0.275722057 -0.23399587
v -0.318728834 0.235436112 -0.347529173
v -0.318728834 0.275722057 -0.23399587
v -0.318728834 0.240687683 -0.349139541
v -0.318728834 0.270230323 -0.23399587
v -0.318728834 0.235436141 -0.120462529
v -0.318728834 0.240687713 -0.118852109
v -0.318728834 0.270230323 -0.23399587
v -0.318728834 0.240687713 -0.118852109
v -0.318728834 0.275722057 -0.23399587
v 0.32218504 0.188874468 -0.127787247
v 0.32218504 0.188874438 -0.340204328
v 0.325847447 0.207186341 -0.343866765
v 0.32218504 0.188874468 -0.127787247
v 0.325847447 0.207186341 -0.343866765
v 0.325847447 0.207186371 -0.124124892
v -0.307741821 0.188874438 -0.340204328
v -0.307741821 0.188874468 -0.127787247
v -0.31140399 0.207186371 -0.124124892
v -0.307741821 0.188874438 -0.340204328
v -0.31140399 0.207186371 -0.124124892
v -0.31140399 0.207186341 -0.343866765
v 0.325847447 0.207186371 -0.124124892
v 0.325847447 0.207186341 -0.343866765
v 0.32218504 0.210848659 -0.340204328
v 0.325847447 0.207186371 -0.124124892
v 0.32218504 0.210848659 -0.340204328
v 0.32218504 0.210848689 -0.127787247
v -0.31140399 0.207186341 -0.343866765
v -0.31140399 0.207186371 -0.124124892
v -0.307741821 0.210848689 -0.127787247
v -0.31140399 0.207186341 -0.343866765
v -0.307741821 0.210848689 -0.127787247
v -0.307741821 0.210848659 -0.340204328
v 0.32218504 0.210848689 -0.127787247
v 0.32218504 0.210848659 -0.340204328
v 0.32218504 0.22992599 -0.340204567
v 0.32218504 0.210848689 -0.127787247
v 0.32218504 0.22992599 -0.340204567
v 0.32218504 0.22992602 -0.127787247
v -0.307741821 0.210848659 -0.340204328
v -0.307741821 0.210848689 -0.127787247
v -0.307741821 0.22992602 -0.127787247
v -0.307741821 0.210848659 -0.340204328
v -0.307741821 0.22992602 -0.127787247
v -0.307741821 0.22992599 -0.340204567
v -0.275876015 0.176057935 -0.308216065
v -0.275876015 0.17605792 -0.340262502
v -0.274046451 0.188874438 -0.342095613
v -0.275876015 0.176057935 -0.308216065
v -0.274046451 0.188874438 -0.342095613
v -0.274046451 0.188874438 -0.306386769
v 0.29424274 0.17605792 -0.340286851
v 0.29424274 0.176057935 -0.308240205
v 0.292413175 0.188874438 -0.306407332
v 0.29424274 0.17605792 -0.340286851
v 0.292413175 0.188874438 -0.306407332
v 0.292413175 0.188874438 -0.342116177
v 0.204746336 0.164109275 -0.236079693
v 0.204746336 0.164109275 -0.233716995
v 0.124499597 0.164109275 -0.236079693
v 0.204746336 0.164109275 -0.233716995
v 0.211374298 0.17089887 -0.233716995
v 0.124499597 0.164109275 -0.233716995
v 0.117871717 0.0677434951 -0.233717024
v 0.124499597 0.0745331198 -0.233717024
v 0.124499597 0.164109275 -0.233716995
v 0.204746336 0.0745331198 -0.233717024
v 0.211374298 0.0677434951 -0.233717024
v 0.204746336 0.164109275 -0.233716995
v 0.124499597 0.0745331198 -0.233717024
v 0.117871717 0.0677434951 -0.233717024
v 0.211374298 0.0677434951 -0.233717024
v 0.124499597 0.164109275 -0.236079693
v 0.124499597 0.164109275 -0.233716995
v 0.124499597 0.0745331198 -0.236079738
v 0.204746336 0.0745331198 -0.236079738
v 0.204746336 0.0745331198 -0.233717024
v 0.204746336 0.164109275 -0.236079693
v 0.204746336 0.0745331198 -0.233717024
v 0.204746336 0.0745331198 -0.236079738
v 0.124499597 0.0745331198 -0.233717024
v 0.211374298 0.17089887 -0.233716995
v 0.211374298 0.17089887 -0.237745434
v 0.117871717 0.17089887 -0.233716995
v 0.117871717 0.17089887 -0.237745434
v 0.117871717 0.0677434951 -0.233717024
v 0.117871717 0.17089887 -0.233716995
v 0.211374298 0.17089887 -0.237745434
v 0.211374298 0.17089887 -0.233716995
v 0.211374298 0.0677434951 -0.233717024
v 0.211374298 0.0677434951 -0.237745464
v 0.211374298 0.0677434951 -0.233717024
v 0.117871717 0.0677434951 -0.237745464
v -0.107363962 0.16421546 -0.236446038
v -0.107363962 0.16421546 -0.234069452
v -0.243025526 0.16421546 -0.236446038
v -0.107363962 0.16421546 -0.234069452
v -0.100697204 0.171044916 -0.234069452
v -0.243025526 0.16421546 -0.234069452
v -0.249692261 0.0669679865 -0.234069452
v -0.243025526 0.0737974122 -0.234069452
v -0.243025526 0.16421546 -0.234069452
v -0.107363962 0.0737974122 -0.234069452
v -0.100697204 0.0669679865 -0.234069452
v -0.107363962 0.16421546 -0.234069452
v -0.100697204 0.0669679865 -0.234069452
v -0.107363962 0.0737974122 -0.234069452
v -0.249692261 0.0669679865 -0.234069452
v -0.243025526 0.16421546 -0.236446038
v -0.243025526 0.16421546 -0.234069452
v -0.243025526 0.0737974122 -0.236446068
v -0.107363962 0.16421546 -0.234069452
v -0.107363962 0.16421546 -0.236446038
v -0.107363962 0.0737974122 -0.236446068
v -0.107363962 0.0737974122 -0.234069452
v -0.107363962 0.0737974122 -0.236446068
v -0.243025526 0.0737974122 -0.234069452
v -0.100697204 0.171044916 -0.234069452
v -0.100697204 0.171044916 -0.238121554
v -0.249692261 0.171044916 -0.234069452
v -0.249692261 0.171044916 -0.234069452
v -0.249692261 0.171044916 -0.238121554
v -0.249692261 0.0669679865 -0.234069452
v -0.100697204 0.0669679865 -0.234069452
v -0.100697204 0.0669679865 -0.238121614
v -0.100697204 0.171044916 -0.234069452
v -0.100697204 0.0669679865 -0.238121614
v -0.100697204 0.0669679865 -0.234069452
v -0.249692261 0.0669679865 -0.238121614
v -0.196057335 -0.0192327891 0.093857117
v -0.196057335 0.0266287867 0.093857117
v -0.197799459 0.0266287904 0.118012793
v -0.197799459 -0.0192327909 0.118012793
v -0.197799459 0.0266287904 0.118012793
v -0.24160327 -0.0192327891 0.119159855
v -0.215841442 -0.0192327909 0.0254727714
v -0.215841442 0.0266288035 0.0254727937
v -0.195699051 -0.0192327891 -0.000424628786
v -0.163914025 0.0266288035 0.0297382157
v -0.163914025 -0.0192327909 0.0297382213
v -0.195699051 -0.0192327891 -0.000424628786
v -0.230544627 -0.0192327872 0.054802157
v -0.230544627 0.0266288072 0.0548021495
v -0.215841442 -0.0192327909 0.0254727714
v -0.178782701 0.0266288072 0.0488551185
v -0.178782701 -0.0192327872 0.0488551259
v -0.163914025 0.0266288035 0.0297382157
v -0.239243314 -0.0192327872 0.0864364281
v -0.239243314 0.0266288109 0.0864364281
v -0.230544627 -0.0192327872 0.054802157
v -0.189636171 0.026628809 0.0705054253
v -0.189636171 -0.0192327891 0.0705053955
v -0.178782701 0.0266288072 0.0488551185
v -0.24160327 -0.0192327891 0.119159855
v -0.24160327 0.0266287904 0.119159855
v -0.239243314 -0.0192327872 0.0864364281
v -0.196057335 0.0266287867 0.093857117
v -0.196057335 -0.0192327891 0.093857117
v -0.189636171 0.026628809 0.0705054253
v -0.163914025 0.0266288035 0.0297382157
v -0.17053704 0.0266288035 0.0302376784
v -0.178782701 0.0266288072 0.0488551185
v -0.194252819 0.026628809 0.0687332377
v -0.189636171 0.026628809 0.0705054253
v -0.178782701 0.0266288072 0.0488551185
v -0.189636171 0.026628809 0.0705054253
v -0.194252819 0.026628809 0.0687332377
v -0.196057335 0.0266287867 0.093857117
v -0.202387154 0.0266287904 0.113209985
v -0.197799459 0.0266287904 0.118012793
v -0.196057335 0.0266287867 0.093857117
v -0.195147976 0.0266288016 0.00688280165
v -0.195699051 0.0266287997 -0.000424629688
v -0.215841442 0.0266288035 0.0254727937
v -0.211659342 0.0266288035 0.0281115454
v -0.215841442 0.0266288035 0.0254727937
v -0.230544627 0.0266288072 0.0548021495
v -0.225927964 0.0266288072 0.0565743297
v -0.230544627 0.0266288072 0.0548021495
v -0.239243314 0.0266288109 0.0864364281
v -0.24160327 0.0266287904 0.119159855
v -0.236304075 0.0266287904 0.114098124
v -0.239243314 0.0266288109 0.0864364281
v -0.236304075 0.0266287904 0.114098124
v -0.24160327 0.0266287904 0.119159855
v -0.197799459 0.0266287904 0.118012793
v -0.195699051 0.0266287997 -0.000424629688
v -0.195147976 0.0266288016 0.00688280165
v -0.163914025 0.0266288035 0.0297382157
v -0.211659342 0.000547342876 0.0281115491
v -0.211659342 0.0266288035 0.0281115454
v -0.225927964 0.0266288072 0.0565743297
v -0.182964906 0.000547341944 0.0462163165
v -0.182964906 0.0266288053 0.0462163351
v -0.17053704 0.000547341595 0.0302376822
v -0.225927964 0.000547341653 0.0565743335
v -0.225927964 0.0266288072 0.0565743297
v -0.234369576 0.0266288109 0.0872738659
v -0.194252819 0.000547341595 0.0687332377
v -0.194252819 0.026628809 0.0687332377
v -0.182964906 0.000547341944 0.0462163165
v -0.236304075 0.0266287904 0.114098124
v -0.236304075 0.000547342701 0.114098124
v -0.234369576 0.0266288109 0.0872738659
v -0.194252819 0.026628809 0.0687332377
v -0.194252819 0.000547341595 0.0687332377
v -0.200931042 0.000547342992 0.0930196494
v -0.202387154 0.0266287904 0.113209985
v -0.202387154 0.000547342584 0.113209963
v -0.236304075 0.0266287904 0.114098124
v -0.200931042 0.0266287867 0.0930196717
v -0.200931042 0.000547342992 0.0930196494
v -0.202387154 0.000547342584 0.113209963
v -0.17053704 0.000547341595 0.0302376822
v -0.17053704 0.0266288035 0.0302376784
v -0.195147976 0.0266288016 0.00688280165
v -0.211659342 0.0266288035 0.0281115454
v -0.211659342 0.000547342876 0.0281115491
v -0.195147976 0.0266288016 0.00688280165
v 0.199857593 -0.0192327872 0.135700613
v 0.199857593 0.0266287923 0.135700613
v 0.201599672 0.0266287904 0.111544907
v 0.201599672 -0.0192327909 0.111544907
v 0.201599672 0.0266287904 0.111544907
v 0.245403528 -0.0192327909 0.110397875
v 0.199499249 0.0266288035 0.229982451
v 0.199499249 -0.0192327853 0.229982451
v 0.219641775 -0.0192327872 0.204084948
v 0.199499249 -0.0192327853 0.229982451
v 0.199499249 0.0266288035 0.229982451
v 0.167714223 -0.0192327872 0.19981949
v 0.234344855 -0.0192327872 0.174755543
v 0.234344855 0.0266287979 0.174755588
v 0.219641775 -0.0192327872 0.204084948
v 0.182582915 0.0266287979 0.180702612
v 0.182582915 -0.0192327909 0.180702612
v 0.167714223 0.0266287997 0.19981949
v 0.243043453 -0.0192327872 0.143121272
v 0.243043453 0.0266287941 0.143121302
v 0.234344855 -0.0192327872 0.174755543
v 0.193436429 0.026628796 0.159052327
v 0.193436429 -0.0192327872 0.159052312
v 0.182582915 0.0266287979 0.180702612
v 0.245403528 -0.0192327909 0.110397875
v 0.245403528 0.0266287904 0.110397875
v 0.243043453 -0.0192327872 0.143121272
v 0.193436429 -0.0192327872 0.159052312
v 0.193436429 0.026628796 0.159052327
v 0.199857593 0.0266287923 0.135700613
v 0.167714223 0.0266287997 0.19981949
v 0.174337298 0.0266287997 0.199320048
v 0.182582915 0.0266287979 0.180702612
v 0.198053077 0.026628796 0.160824493
v 0.193436429 0.026628796 0.159052327
v 0.182582915 0.0266287979 0.180702612
v 0.193436429 0.026628796 0.159052327
v 0.198053077 0.026628796 0.160824493
v 0.199857593 0.0266287923 0.135700613
v 0.206187382 0.0266287904 0.116347767
v 0.201599672 0.0266287904 0.111544907
v 0.199857593 0.0266287923 0.135700613
v 0.19894816 0.0266288035 0.222674951
v 0.199499249 0.0266288035 0.229982451
v 0.219641775 0.0266288016 0.204084948
v 0.21545957 0.0266287997 0.201446176
v 0.219641775 0.0266288016 0.204084948
v 0.234344855 0.0266287979 0.174755588
v 0.229728103 0.0266287979 0.172983393
v 0.234344855 0.0266287979 0.174755588
v 0.243043453 0.0266287941 0.143121302
v 0.245403528 0.0266287904 0.110397875
v 0.240104288 0.0266287904 0.115459606
v 0.243043453 0.0266287941 0.143121302
v 0.240104288 0.0266287904 0.115459606
v 0.245403528 0.0266287904 0.110397875
v 0.201599672 0.0266287904 0.111544907
v 0.199499249 0.0266288035 0.229982451
v 0.19894816 0.0266288035 0.222674951
v 0.167714223 0.0266287997 0.19981949
v 0.21545957 0.000547347008 0.201446176
v 0.21545957 0.0266287997 0.201446176
v 0.229728103 0.0266287979 0.172983393
v 0.174337298 0.0266287997 0.199320048
v 0.174337298 0.000547346775 0.199320048
v 0.186765164 0.000547346368 0.183341384
v 0.229728103 0.000547346659 0.172983378
v 0.229728103 0.0266287979 0.172983393
v 0.238169864 0.0266287941 0.142283857
v 0.198053077 0.000547346775 0.160824493
v 0.198053077 0.026628796 0.160824493
v 0.186765164 0.000547346368 0.183341384
v 0.240104288 0.0266287904 0.115459606
v 0.240104288 0.000547342876 0.115459606
v 0.238169864 0.0266287941 0.142283857
v 0.204731256 0.000547345378 0.136538059
v 0.204731256 0.0266287923 0.136538059
v 0.198053077 0.000547346775 0.160824493
v 0.206187382 0.0266287904 0.116347767
v 0.206187382 0.000547342992 0.116347767
v 0.240104288 0.0266287904 0.115459606
v 0.204731256 0.0266287923 0.136538059
v 0.204731256 0.000547345378 0.136538059
v 0.206187382 0.000547342992 0.116347767
v 0.174337298 0.000547346775 0.199320048
v 0.174337298 0.0266287997 0.199320048
v 0.19894816 0.0266288035 0.222674951
v 0.21545957 0.0266287997 0.201446176
v 0.21545957 0.000547347008 0.201446176
v 0.19894816 0.0266288035 0.222674951
v -0.159574106 0.0266288016 0.204170793
v -0.159574106 -0.0192327872 0.204170793
v -0.175375089 0.0266287979 0.185816944
v -0.159574106 -0.0192327872 0.204170793
v -0.159574106 0.0266288016 0.204170793
v -0.189819813 -0.0192327891 0.235877052
v -0.241614193 0.0266287904 0.118723199
v -0.241614193 -0.0192327891 0.118723199
v -0.237629771 -0.0192327872 0.151288807
v -0.241614193 -0.0192327891 0.118723199
v -0.241614193 0.0266287904 0.118723199
v -0.197807476 -0.0192327909 0.117690489
v -0.237629771 0.0266287941 0.151288822
v -0.237629771 -0.0192327872 0.151288807
v -0.227368608 -0.0192327891 0.182451352
v -0.197807476 -0.0192327909 0.117690489
v -0.197807476 0.0266287904 0.117690489
v -0.19486627 0.0266287941 0.141729683
v -0.227368608 0.0266287979 0.182451352
v -0.227368608 -0.0192327891 0.182451352
v -0.211225286 -0.0192327872 0.211013287
v -0.187291771 0.026628796 0.164733171
v -0.187291771 -0.0192327891 0.164733171
v -0.19486627 0.0266287941 0.141729683
v -0.189819813 -0.0192327891 0.235877052
v -0.189819813 0.0266288053 0.235877052
v -0.211225286 -0.0192327872 0.211013287
v -0.187291771 -0.0192327891 0.164733171
v -0.187291771 0.026628796 0.164733171
v -0.175375089 0.0266287979 0.185816944
v -0.197807476 0.0266287904 0.117690489
v -0.202150643 0.0266287904 0.122715548
v -0.19486627 0.0266287941 0.141729683
v -0.191814601 0.026628796 0.166732714
v -0.187291771 0.026628796 0.164733171
v -0.19486627 0.0266287941 0.141729683
v -0.187291771 0.026628796 0.164733171
v -0.191814601 0.026628796 0.166732714
v -0.175375089 0.0266287979 0.185816944
v -0.16621381 0.0266288016 0.204001307
v -0.159574106 0.0266288016 0.204170793
v -0.175375089 0.0266287979 0.185816944
v -0.236069888 0.0266287904 0.123515166
v -0.241614193 0.0266287904 0.118723199
v -0.237629771 0.0266287941 0.151288822
v -0.227368608 0.0266287979 0.182451352
v -0.222845793 0.0266287979 0.180451781
v -0.237629771 0.0266287941 0.151288822
v -0.211225286 0.0266288016 0.211013287
v -0.207179382 0.0266288016 0.208169803
v -0.227368608 0.0266287979 0.182451352
v -0.189819813 0.0266288053 0.235877052
v -0.189632833 0.0266288035 0.228551239
v -0.211225286 0.0266288016 0.211013287
v -0.189632833 0.0266288035 0.228551239
v -0.189819813 0.0266288053 0.235877052
v -0.159574106 0.0266288016 0.204170793
v -0.241614193 0.0266287904 0.118723199
v -0.236069888 0.0266287904 0.123515166
v -0.197807476 0.0266287904 0.117690489
v -0.232803687 0.000547347008 0.150210038
v -0.232803687 0.0266287941 0.150210038
v -0.222845793 0.0266287979 0.180451781
v -0.199692279 0.000547346135 0.142808482
v -0.199692279 0.0266287941 0.142808482
v -0.202150643 0.000547343749 0.122715548
v -0.222845793 0.000547347532 0.180451781
v -0.222845793 0.0266287979 0.180451781
v -0.207179382 0.0266288016 0.208169803
v -0.191814601 0.000547347474 0.166732714
v -0.191814601 0.026628796 0.166732714
v -0.199692279 0.000547346135 0.142808482
v -0.189632833 0.0266288035 0.228551239
v -0.189632833 0.000547347241 0.228551239
v -0.207179382 0.0266288016 0.208169803
v -0.179420903 0.000547347008 0.188660458
v -0.179420903 0.0266287997 0.188660458
v -0.191814601 0.000547347474 0.166732714
v -0.189632833 0.000547347241 0.228551239
v -0.189632833 0.0266288035 0.228551239
v -0.16621381 0.0266288016 0.204001307
v -0.179420903 0.0266287997 0.188660458
v -0.179420903 0.000547347008 0.188660458
v -0.16621381 0.000547347299 0.204001278
v -0.236069888 0.0266287904 0.123515166
v -0.236069888 0.000547343807 0.123515166
v -0.202150643 0.0266287904 0.122715548
v -0.236069888 0.000547343807 0.123515166
v -0.236069888 0.0266287904 0.123515166
v -0.232803687 0.0266287941 0.150210038
v 0.163374349 0.0266288035 0.0253869705
v 0.163374349 -0.0192327909 0.0253869686
v 0.179175273 0.0266288053 0.0437407792
v 0.163374349 -0.0192327909 0.0253869686
v 0.163374349 0.0266288035 0.0253869705
v 0.193620041 -0.0192327891 -0.00631921878
v 0.245414302 0.0266287904 0.110834524
v 0.245414302 -0.0192327909 0.110834502
v 0.24142991 -0.0192327891 0.0782689303
v 0.245414302 -0.0192327909 0.110834502
v 0.245414302 0.0266287904 0.110834524
v 0.201607704 -0.0192327909 0.111867234
v 0.24142991 0.026628809 0.0782689303
v 0.24142991 -0.0192327891 0.0782689303
v 0.231168926 -0.0192327872 0.047106389
v 0.198666498 0.0266288109 0.0878280476
v 0.198666498 -0.0192327872 0.0878280476
v 0.201607704 0.0266287904 0.111867234
v 0.21502541 -0.0192327872 0.0185444504
v 0.21502541 0.0266288035 0.0185444485
v 0.231168926 -0.0192327872 0.047106389
v 0.191091985 0.026628809 0.0648245513
v 0.191091985 -0.0192327891 0.0648245513
v 0.198666498 0.0266288109 0.0878280476
v 0.193620041 -0.0192327891 -0.00631921878
v 0.193620041 0.0266287997 -0.00631922204
v 0.21502541 -0.0192327872 0.0185444504
v 0.179175273 0.0266288053 0.0437407792
v 0.179175273 -0.0192327891 0.0437407866
v 0.191091985 0.026628809 0.0648245513
v 0.201607704 0.0266287904 0.111867234
v 0.205950916 0.0266287886 0.106842183
v 0.198666498 0.0266288109 0.0878280476
v 0.195614845 0.026628809 0.0628249943
v 0.191091985 0.026628809 0.0648245513
v 0.198666498 0.0266288109 0.0878280476
v 0.183221087 0.0266288053 0.0408972725
v 0.179175273 0.0266288053 0.0437407792
v 0.191091985 0.026628809 0.0648245513
v 0.170014039 0.0266288035 0.0255564339
v 0.163374349 0.0266288035 0.0253869705
v 0.179175273 0.0266288053 0.0437407792
v 0.239870027 0.0266287886 0.106042556
v 0.245414302 0.0266287904 0.110834524
v 0.24142991 0.026628809 0.0782689303
v 0.231168926 0.0266288072 0.0471063815
v 0.226646021 0.0266288072 0.0491059422
v 0.24142991 0.026628809 0.0782689303
v 0.226646021 0.0266288072 0.0491059422
v 0.231168926 0.0266288072 0.0471063815
v 0.21502541 0.0266288035 0.0185444485
v 0.193620041 0.0266287997 -0.00631922204
v 0.193433061 0.0266288016 0.00100654934
v 0.21502541 0.0266288035 0.0185444485
v 0.193433061 0.0266288016 0.00100654934
v 0.193620041 0.0266287997 -0.00631922204
v 0.163374349 0.0266288035 0.0253869705
v 0.245414302 0.0266287904 0.110834524
v 0.239870027 0.0266287886 0.106042556
v 0.201607704 0.0266287904 0.111867234
v 0.226646021 0.0266288072 0.0491059422
v 0.226646021 0.000547342293 0.049105946
v 0.236603886 0.0266288109 0.0793476924
v 0.205950916 0.0266287886 0.106842183
v 0.205950916 0.000547341828 0.106842183
v 0.203492492 0.000547342235 0.0867492557
v 0.226646021 0.000547342293 0.049105946
v 0.226646021 0.0266288072 0.0491059422
v 0.210979581 0.0266288035 0.0213879421
v 0.195614845 0.00054734241 0.0628249943
v 0.195614845 0.026628809 0.0628249943
v 0.203492492 0.000547342235 0.0867492557
v 0.210979581 0.000547342061 0.0213879403
v 0.210979581 0.0266288035 0.0213879421
v 0.193433061 0.0266288016 0.00100654934
v 0.195614845 0.026628809 0.0628249943
v 0.195614845 0.00054734241 0.0628249943
v 0.183221087 0.000547342876 0.0408972763
v 0.170014039 0.0266288035 0.0255564339
v 0.170014039 0.000547342584 0.0255564377
v 0.193433061 0.0266288016 0.00100654934
v 0.170014039 0.000547342584 0.0255564377
v 0.170014039 0.0266288035 0.0255564339
v 0.183221087 0.000547342876 0.0408972763
v 0.239870027 0.0266287886 0.106042556
v 0.239870027 0.00054734305 0.106042534
v 0.205950916 0.0266287886 0.106842183
v 0.239870027 0.00054734305 0.106042534
v 0.239870027 0.0266287886 0.106042556
v 0.236603886 0.0266288109 0.0793476924
v -0.384651482 0.000264468981 0.205491498
v -0.329715878 0.000264468981 0.205491498
v -0.329715878 -0.141291767 0.205491498
v 0.347821504 0.000264488626 0.370297968
v 0.183015123 0.000264488626 0.370297968
v 0.183015123 -0.141291738 0.370297998
v -0.219845057 0.000264488626 0.370297968
v -0.384651482 0.000264488626 0.370297968
v -0.384651482 -0.141291738 0.370297998
v -0.197870776 0.00026448819 0.366635531
v -0.197870776 0.000264482514 0.319024771
v -0.197870776 -0.141291752 0.319024801
v 0.161040962 0.00026448819 0.366635531
v 0.113430202 0.00026448819 0.366635531
v 0.113430202 -0.141291738 0.366635561
v 0.113430202 0.00026448819 0.366635531
v 0.113430202 0.000264482514 0.319024771
v 0.113430202 -0.141291752 0.319024801
v -0.150260046 0.000264482514 0.319024771
v -0.150260046 0.00026448819 0.366635531
v -0.150260046 -0.141291738 0.366635561
v 0.113430202 0.000264482514 0.319024771
v 0.161040962 0.000264482514 0.319024771
v 0.161040962 -0.141291752 0.319024801
v 0.183015123 0.000264488626 0.370297968
v 0.183015123 0.000264482078 0.315362334
v 0.183015123 -0.141291752 0.315362364
v -0.219845057 0.000264482078 0.315362334
v -0.219845057 0.000264488626 0.370297968
v -0.219845057 -0.141291738 0.370297998
v 0.183015123 0.000264482078 0.315362334
v 0.292886108 0.000264482078 0.315362334
v 0.292886108 -0.141291752 0.315362364
v -0.150260046 0.00026448819 0.366635531
v -0.197870776 0.00026448819 0.366635531
v -0.197870776 -0.141291738 0.366635561
v -0.384651482 0.000264488626 0.370297968
v -0.384651482 0.000264468981 0.205491498
v -0.384651482 -0.141291767 0.205491498
v 0.161040962 0.000264482514 0.319024771
v 0.161040962 0.00026448819 0.366635531
v 0.161040962 -0.141291738 0.366635561
v -0.197870776 0.000264482514 0.319024771
v -0.150260046 0.000264482514 0.319024771
v -0.150260046 -0.141291752 0.319024801
v 0.292886108 0.000264482078 0.315362334
v 0.292886108 0.000264468981 0.205491498
v 0.292886108 -0.141291767 0.205491498
v -0.329715878 0.000264468981 0.205491498
v -0.329715878 0.000264482078 0.315362334
v -0.329715878 -0.141291752 0.315362364
v 0.347821504 0.000264468981 0.205491498
v 0.347821504 0.000264488626 0.370297968
v 0.347821504 -0.141291738 0.370297998
v 0.292886108 0.000264468981 0.205491498
v 0.347821504 0.000264468981 0.205491498
v 0.347821504 -0.141291767 0.205491498
v -0.329715878 0.000264482078 0.315362334
v -0.219845057 0.000264482078 0.315362334
v -0.219845057 -0.141291752 0.315362364
v -0.00705518667 0.22653389 -0.00888430793
v -0.00191040128 0.260192782 0.0617493019
v -0.00103301415 0.224583507 -0.0083154114
v -0.0129647525 0.224583507 -0.0079072006
v -0.00501142116 0.258744717 0.0626303181
v -0.00705518667 0.22653389 -0.00888430793
v -0.0199503191 0.22653389 -0.00746924337
v -0.00739563024 0.260192782 0.0622297935
v -0.0139017282 0.224583507 -0.00753770862
v -0.0257241279 0.224583507 -0.00587521214
v -0.0103866244 0.258744717 0.0634324849
v -0.0199503191 0.22653389 -0.00746924337
v -0.0326883011 0.22653389 -0.00468658702
v -0.0128268963 0.260192782 0.0632920712
v -0.0266809221 0.224583507 -0.00539487554
v -0.0382609591 0.224583507 -0.00249039126
v -0.0156737901 0.258744717 0.0648045912
v -0.0326883011 0.22653389 -0.00468658702
v -0.0449539348 0.22653389 -0.000612974691
v -0.0180697367 0.260192782 0.0649065673
v -0.0390540473 0.224583507 -0.0019476919
v -0.0502654053 0.224583507 0.0021557759
v -0.0207422208 0.258744717 0.0667094365
v -0.0449539348 0.22653389 -0.000612974691
v -0.0566876419 0.22653389 0.00470596738
v -0.023098439 0.260192782 0.0670544952
v -0.0509596914 0.224583507 0.00276155211
v -0.0616803914 0.224583507 0.00801504869
v -0.0255677141 0.258744717 0.0691269785
v -0.0566876419 0.22653389 0.00470596738
v -0.0670390353 0.22653389 0.0107249105
v -0.0275470596 0.260192782 0.06951233
v -0.0615272559 0.224583507 0.00823280308
v -0.0716864169 0.224583507 0.0145037379
v -0.0298031382 0.258744717 0.071815066
v -0.0670390353 0.22653389 0.0107249105
v -0.076959461 0.22653389 0.0178840924
v -0.0318234339 0.260192782 0.0724580139
v -0.0717224851 0.224583507 0.0148568107
v -0.0812084973 0.224583507 0.0221058559
v -0.0338396057 0.258744717 0.0749734789
v -0.076959461 0.22653389 0.0178840924
v -0.0859349519 0.22653389 0.0258129276
v -0.0357059725 0.260192782 0.075739108
v -0.0810172111 0.224583507 0.0222907588
v -0.0897533372 0.224583507 0.0304278787
v -0.0374679975 0.258744717 0.0784386992
v -0.0859349519 0.22653389 0.0258129276
v -0.0941421017 0.22653389 0.034630537
v -0.0392707139 0.260192782 0.0794044882
v -0.0895924047 0.224583507 0.0306442603
v -0.0974907577 0.224583507 0.0395968221
v -0.0407602414 0.258744717 0.0822634771
v -0.0941421017 0.22653389 0.034630537
v -0.101299316 0.226533905 0.043993786
v -0.0423950143 0.260192782 0.0833112076
v -0.0971520022 0.224583507 0.0395903923
v -0.104157373 0.224583507 0.0492577627
v -0.043604102 0.258744717 0.0862996206
v -0.101299316 0.226533905 0.043993786
v -0.107525289 0.226533905 0.0539947562
v -0.0451300852 0.260192782 0.0874971747
v -0.103818178 0.224583507 0.0492148362
v -0.109866679 0.224583507 0.0595079549
v -0.046047762 0.258744717 0.0905875489
v -0.107525289 0.226533905 0.0539947562
v -0.112878866 0.226533905 0.0648036748
v -0.0475024432 0.260192782 0.0920341536
v -0.109657742 0.224583507 0.0596836731
v -0.114669062 0.224583507 0.070519723
v -0.0481130593 0.258744717 0.0951995254
v -0.112878866 0.226533905 0.0648036748
v -0.117225692 0.226533905 0.0763257518
v -0.0494542569 0.260192782 0.0968830884
v -0.114532664 0.224583507 0.0709093511
v -0.11843539 0.224583507 0.0821921378
v -0.0497453175 0.258744717 0.10009367
v -0.117225692 0.226533905 0.0763257518
v -0.120082758 0.226533905 0.0867881402
v -0.0507640094 0.260192782 0.101296231
v -0.11787726 0.224583507 0.0811555833
v -0.120771058 0.224583521 0.0927382633
v -0.0507711209 0.258744717 0.104519986
v -0.120082758 0.226533905 0.0867881402
v -0.122036502 0.226533905 0.0976801589
v -0.0516944081 0.260192782 0.105900079
v -0.120346114 0.224583521 0.091872178
v -0.122187287 0.224583521 0.103668056
v -0.0514118336 0.258744717 0.109111428
v -0.122036502 0.226533905 0.0976801589
v -0.123036735 0.226533905 0.109554969
v -0.0522293821 0.260192782 0.110929877
v -0.121916264 0.224583521 0.103610665
v -0.122607425 0.224583492 0.115529351
v -0.0516373627 0.258744717 0.114098772
v -0.123036735 0.226533905 0.109554969
v -0.12286514 0.226533905 0.121760838
v -0.0522701256 0.260192782 0.11611104
v -0.122339331 0.224583492 0.115734763
v -0.121845804 0.224583492 0.12766324
v -0.0513669513 0.258744717 0.119205676
v -0.12286514 0.226533905 0.121760838
v -0.121329501 0.22653389 0.13481088
v -0.0517399237 0.260192782 0.121663101
v -0.121449493 0.224583492 0.128763065
v -0.119686373 0.224583492 0.140570879
v -0.0505118109 0.258744746 0.124643765
v -0.121329501 0.22653389 0.13481088
v -0.118437886 0.22653389 0.147526726
v -0.0506311916 0.260192782 0.127085999
v -0.119197443 0.224583492 0.141525626
v -0.116194248 0.224583492 0.153080434
v -0.0490944423 0.258744746 0.129919872
v -0.118437886 0.22653389 0.147526726
v -0.114406474 0.22653389 0.159390077
v -0.0490308367 0.260192782 0.132157743
v -0.115772508 0.224583492 0.153497368
v -0.111609504 0.224583492 0.164686725
v -0.0472137704 0.258744746 0.13482061
v -0.114406474 0.22653389 0.159390077
v -0.109141335 0.22653389 0.170873463
v -0.0469034351 0.260192782 0.137079731
v -0.111104555 0.224583492 0.165151969
v -0.105815865 0.224583507 0.175855339
v -0.0448228456 0.258744746 0.139542177
v -0.109141335 0.22653389 0.170873463
v -0.102971755 0.22653389 0.181383297
v -0.0443831459 0.260192782 0.141596988
v -0.105491452 0.224583507 0.175884128
v -0.0991696492 0.224583507 0.186011687
v -0.0420691296 0.258744746 0.14384149
v -0.102971755 0.22653389 0.181383297
v -0.0958027542 0.22653389 0.191218376
v -0.0414325073 0.260192782 0.145837218
v -0.0988535732 0.224583507 0.185995072
v -0.0915619209 0.224583507 0.195448369
v -0.0389079973 0.258744746 0.147842064
v -0.0958027542 0.22653389 0.191218376
v -0.0878133103 0.22653389 0.200178757
v -0.0381255522 0.260192782 0.149713919
v -0.0913587436 0.224583507 0.195277736
v -0.0831803232 0.224583507 0.20397529
v -0.0354176611 0.258744746 0.151463136
v -0.0878133103 0.22653389 0.200178757
v -0.0788403302 0.22653389 0.208441332
v -0.0343947522 0.260192782 0.153303623
v -0.0828537345 0.224583507 0.203915477
v -0.0738541558 0.224583507 0.211760268
v -0.0315269344 0.258744746 0.154776052
v -0.0788403302 0.22653389 0.208441332
v -0.0693593472 0.22653389 0.215593755
v -0.0304380376 0.260192782 0.156427011
v -0.0737904534 0.224583507 0.211476132
v -0.0640763268 0.224583507 0.218416482
v -0.0274415724 0.258744746 0.157616019
v -0.0693593472 0.22653389 0.215593755
v -0.0585467219 0.22653389 0.222171918
v -0.0259109195 0.260192782 0.159319028
v -0.0633774921 0.224583507 0.218531281
v -0.053001646 0.224583507 0.22443676
v -0.0228081364 0.258744746 0.16019389
v -0.0585467219 0.22653389 0.222171918
v -0.0474244654 0.22653389 0.227475807
v -0.0212405194 0.260192782 0.161673248
v -0.0525952205 0.224583507 0.224336803
v -0.0416806117 0.224583507 0.229174614
v -0.0180657934 0.258744746 0.162233263
v -0.0474244654 0.22653389 0.227475807
v -0.0368442498 0.22653389 0.231327012
v -0.0167866331 0.260192782 0.16340597
v -0.0422803573 0.224583507 0.22867392
v -0.0309691262 0.224583507 0.232493475
v -0.0135740014 0.258744746 0.163673371
v -0.0368442498 0.22653389 0.231327012
v -0.0259099025 0.22653389 0.234204665
v -0.0121734152 0.260192782 0.16472882
v -0.0315666609 0.224583507 0.232061923
v -0.0199525002 0.224583507 0.234826714
v -0.00894980039 0.258744746 0.164700121
v -0.0259099025 0.22653389 0.234204665
v -0.016156083 0.22653389 0.23589012
v -0.00805005338 0.260192782 0.165534839
v -0.0219667945 0.224583507 0.23420912
v -0.0101679461 0.224583507 0.236031249
v -0.00483918143 0.258744746 0.165247068
v -0.016156083 0.22653389 0.23589012
v -0.00427833153 0.22653389 0.236871213
v -0.0030188493 0.260192782 0.166061684
v -0.0102244504 0.224583507 0.235760435
v 0.00169535109 0.224583507 0.236432195
v 0.000149097614 0.258744746 0.165464506
v -0.00427833153 0.22653389 0.236871213
v 0.0072776149 0.22653389 0.236720473
v 0.00188632787 0.260192782 0.166105255
v 0.00125349499 0.224583507 0.236172616
v 0.0131837325 0.224583507 0.235722795
v 0.00498425355 0.258744746 0.165213436
v 0.0072776149 0.22653389 0.236720473
v 0.0200505387 0.22653389 0.235279933
v 0.00731993373 0.260192782 0.165612832
v 0.014002136 0.224583507 0.235363677
v 0.0258202944 0.224583507 0.233671382
v 0.010307881 0.258744746 0.164402589
v 0.0200505387 0.22653389 0.235279933
v 0.03301939 0.22653389 0.232398868
v 0.0128500909 0.260192782 0.164510921
v 0.0270153154 0.224583507 0.233134434
v 0.0385820419 0.224583507 0.230177492
v 0.0156901013 0.258744746 0.162985489
v 0.03301939 0.22653389 0.232398868
v 0.0447739251 0.22653389 0.228463978
v 0.0178747457 0.260192782 0.162950486
v 0.038874317 0.224583507 0.229799986
v 0.0500847585 0.224583507 0.225693941
v 0.0205468182 0.258744746 0.161147013
v 0.0447739251 0.22653389 0.228463978
v 0.055770807 0.22653389 0.223520502
v 0.0225872863 0.260192782 0.160955042
v 0.0500303544 0.224583507 0.225427613
v 0.0607849695 0.224583507 0.220243871
v 0.0250699725 0.258744746 0.158898667
v 0.055770807 0.22653389 0.223520502
v 0.0672487095 0.22653389 0.216865346
v 0.0275198612 0.260192782 0.158237785
v 0.0617470406 0.224583507 0.219379693
v 0.0718808025 0.224583507 0.21306783
v 0.0297666434 0.258744746 0.155925915
v 0.0672487095 0.22653389 0.216865346
v 0.0772992596 0.22653389 0.20953761
v 0.0318530202 0.260192782 0.15522176
v 0.0720796362 0.224583507 0.212594718
v 0.0815241933 0.224583507 0.205291703
v 0.0338548459 0.258744746 0.152694866
v 0.0772992596 0.22653389 0.20953761
v 0.08641202 0.22653389 0.201377511
v 0.0357959419 0.260192782 0.151843816
v 0.0815218091 0.224583507 0.20493792
v 0.0901943594 0.224583507 0.196733013
v 0.0375369079 0.258744746 0.149130583
v 0.08641202 0.22653389 0.201377511
v 0.094676517 0.22653389 0.192343935
v 0.0393870696 0.260192782 0.148087293
v 0.0901644602 0.224583507 0.196372807
v 0.0979784206 0.224583507 0.187346399
v 0.0408496782 0.258744746 0.145214453
v 0.094676517 0.22653389 0.192343935
v 0.101444446 0.22653389 0.18335627
v 0.0423426591 0.260192782 0.144336358
v 0.0973193869 0.224583507 0.187780514
v 0.104275912 0.224583507 0.178077966
v 0.0435366929 0.258744746 0.14134188
v 0.101444446 0.22653389 0.18335627
v 0.107456379 0.22653389 0.173619688
v 0.0449844375 0.260192782 0.140260562
v 0.103760295 0.224583507 0.178408101
v 0.109785125 0.224583492 0.168101102
v 0.0458950289 0.258744746 0.137168095
v 0.107456379 0.22653389 0.173619688
v 0.112733684 0.22653389 0.162917212
v 0.0473234504 0.260192782 0.135768071
v 0.10951893 0.224583492 0.168041244
v 0.114516787 0.224583492 0.157198995
v 0.0479301289 0.258744746 0.132601947
v 0.112733684 0.22653389 0.162917212
v 0.116779134 0.22653389 0.152276024
v 0.0491391681 0.260192782 0.131290108
v 0.114051864 0.224583492 0.157675266
v 0.118025944 0.224583492 0.146417394
v 0.0494505465 0.258744746 0.128081456
v 0.116779134 0.22653389 0.152276024
v 0.119990334 0.22653389 0.140565142
v 0.0506108217 0.260192782 0.126350492
v 0.117808677 0.224583492 0.14620699
v 0.120653428 0.224583492 0.134612173
v 0.0506042913 0.258744746 0.123126745
v 0.119990334 0.22653389 0.140565142
v 0.121860459 0.22653389 0.129953176
v 0.0515031479 0.260192782 0.121864669
v 0.12018089 0.224583492 0.135764316
v 0.122000061 0.224583492 0.123965003
v 0.0512145273 0.258744717 0.118653879
v 0.121860459 0.22653389 0.129953176
v 0.12281622 0.22653389 0.11869242
v 0.052013509 0.260192782 0.117095061
v 0.121677071 0.224583492 0.124633171
v 0.122405648 0.224583492 0.112716705
v 0.0514314696 0.258744717 0.113924302
v 0.12281622 0.22653389 0.11869242
v 0.0207897238 0.224583507 -0.00678957161
v 0.00918176398 0.258744717 0.063239336
v 0.0267415289 0.22653389 -0.00611605309
v 0.0267415289 0.22653389 -0.00611605309
v 0.0124055091 0.260192782 0.0632385015
v 0.0323795639 0.224583507 -0.00392453326
v 0.122685604 0.226533875 0.106530637
v 0.0520712696 0.260192782 0.111933
v 0.122138694 0.224583492 0.112554833
v 0.121686973 0.224583492 0.100624658
v 0.0511789434 0.258744717 0.108835213
v 0.122685604 0.226533875 0.106530637
v 0.121228002 0.226533905 0.0936674476
v 0.051572416 0.260192782 0.106460921
v 0.121317208 0.224583492 0.0997157916
v 0.119614184 0.224583492 0.0878991559
v 0.0503594615 0.258744717 0.103474058
v 0.121228002 0.226533905 0.0936674476
v 0.118583508 0.226533905 0.081599094
v 0.0505625084 0.260192782 0.101315111
v 0.11927896 0.224583492 0.0876079723
v 0.116399229 0.224583492 0.0760217607
v 0.0490560867 0.258744717 0.0984649733
v 0.118583508 0.226533905 0.081599094
v 0.114529818 0.226533905 0.0693085641
v 0.0489566959 0.260192782 0.0960618779
v 0.115852728 0.224583492 0.0752111226
v 0.111771688 0.224583507 0.0639915913
v 0.0471591651 0.258744717 0.0933858156
v 0.114529818 0.226533905 0.0693085641
v 0.109027416 0.226533905 0.0571647547
v 0.046734754 0.260192782 0.0908574462
v 0.110981368 0.224583507 0.0628894567
v 0.105710045 0.224583507 0.0521774925
v 0.0446581505 0.258744717 0.0883916095
v 0.109027416 0.226533905 0.0571647547
v 0.102770917 0.226533905 0.0464860089
v 0.0441791601 0.260192782 0.0862676948
v 0.105290219 0.224583507 0.0519854128
v 0.0989691913 0.224583507 0.0418573432
v 0.0418652929 0.258744717 0.0840230137
v 0.102770917 0.226533905 0.0464860089
v 0.096276924 0.226533905 0.0374928899
v 0.0415071025 0.260192782 0.0823910162
v 0.0992813855 0.224583507 0.0427429937
v 0.092073679 0.224583507 0.0332255103
v 0.0390004516 0.258744717 0.0803639144
v 0.096276924 0.226533905 0.0374928899
v 0.0880637541 0.22653389 0.0281492695
v 0.0381088145 0.260192782 0.0783496201
v 0.0915831253 0.224583507 0.0330690742
v 0.0834510103 0.224583507 0.0243282486
v 0.0354102179 0.258744717 0.0765860453
v 0.0880637541 0.22653389 0.0281492695
v 0.078993164 0.22653389 0.0197201166
v 0.0343381315 0.260192782 0.0746883154
v 0.0829892904 0.224583507 0.0242611691
v 0.0740196407 0.224583507 0.0163821988
v 0.0314759053 0.258744717 0.0732049569
v 0.078993164 0.22653389 0.0197201166
v 0.0698199272 0.22653389 0.0127248494
v 0.0305105336 0.260192782 0.0716344938
v 0.074223876 0.224583507 0.0168715753
v 0.0645556003 0.224583507 0.00986750145
v 0.0275219679 0.258744717 0.0704258159
v 0.0698199272 0.22653389 0.0127248494
v 0.0600919053 0.22653389 0.0066534183
v 0.0264389366 0.260192782 0.068967551
v 0.0648628622 0.224583507 0.0103720259
v 0.0545843728 0.224583507 0.00429869164
v 0.0233508013 0.258744717 0.0680423975
v 0.0600919053 0.22653389 0.0066534183
v 0.0497992113 0.22653389 0.00149576087
v 0.0221192297 0.260192782 0.066683121
v 0.054896947 0.224583507 0.00475207856
v 0.0440956689 0.224583507 -0.000333726377
v 0.0189581197 0.258744717 0.0660507381
v 0.0497992113 0.22653389 0.00149576087
v 0.0381374657 0.22653389 -0.00298600085
v 0.0172122568 0.260192782 0.0646727681
v 0.0435391814 0.224583507 -0.000263553025
v 0.0322777592 0.224583507 -0.00422754232
v 0.0140033057 0.258744717 0.0643642843
v 0.0381374657 0.22653389 -0.00298600085
v 0.00513708498 0.22653389 -0.00896924734
v 0.00326418853 0.260192782 0.0618266948
v 0.0110733574 0.224583507 -0.00780697633
v -0.000840178458 0.224583507 -0.00858196709
v 9.11856841e-05 0.258744717 0.0623964146
v 0.00513708498 0.22653389 -0.00896924734
v -0.384651482 -0.141291767 0.205491498
v -0.384651482 0.000264468981 0.205491498
v -0.329715878 -0.141291767 0.205491498
v 0.347821504 -0.141291738 0.370297998
v 0.347821504 0.000264488626 0.370297968
v 0.183015123 -0.141291738 0.370297998
v -0.219845057 -0.141291738 0.370297998
v -0.219845057 0.000264488626 0.370297968
v -0.384651482 -0.141291738 0.370297998
v -0.197870776 -0.141291738 0.366635561
v -0.197870776 0.00026448819 0.366635531
v -0.197870776 -0.141291752 0.319024801
v 0.161040962 -0.141291738 0.366635561
v 0.161040962 0.00026448819 0.366635531
v 0.113430202 -0.141291738 0.366635561
v 0.113430202 -0.141291738 0.366635561
v 0.113430202 0.00026448819 0.366635531
v 0.113430202 -0.141291752 0.319024801
v -0.150260046 -0.141291752 0.319024801
v -0.150260046 0.000264482514 0.319024771
v -0.150260046 -0.141291738 0.366635561
v 0.113430202 -0.141291752 0.319024801
v 0.113430202 0.000264482514 0.319024771
v 0.161040962 -0.141291752 0.319024801
v 0.183015123 -0.141291738 0.370297998
v 0.183015123 0.000264488626 0.370297968
v 0.183015123 -0.141291752 0.315362364
v -0.219845057 -0.141291752 0.315362364
v -0.219845057 0.000264482078 0.315362334
v -0.219845057 -0.141291738 0.370297998
v 0.183015123 -0.141291752 0.315362364
v 0.183015123 0.000264482078 0.315362334
v 0.292886108 -0.141291752 0.315362364
v -0.150260046 -0.141291738 0.366635561
v -0.150260046 0.00026448819 0.366635531
v -0.197870776 -0.141291738 0.366635561
v -0.384651482 -0.141291738 0.370297998
v -0.384651482 0.000264488626 0.370297968
v -0.384651482 -0.141291767 0.205491498
v 0.161040962 -0.141291752 0.319024801
v 0.161040962 0.000264482514 0.319024771
v 0.161040962 -0.141291738 0.366635561
v -0.197870776 -0.141291752 0.319024801
v -0.197870776 0.000264482514 0.319024771
v -0.150260046 -0.141291752 0.319024801
v 0.292886108 -0.141291752 0.315362364
v 0.292886108 0.000264482078 0.315362334
v 0.292886108 -0.141291767 0.205491498
v -0.329715878 -0.141291767 0.205491498
v -0.329715878 0.000264468981 0.205491498
v -0.329715878 -0.141291752 0.315362364
v 0.347821504 -0.141291767 0.205491498
v 0.347821504 0.000264468981 0.205491498
v 0.347821504 -0.141291738 0.370297998
v 0.292886108 -0.141291767 0.205491498
v 0.292886108 0.000264468981 0.205491498
v 0.347821504 -0.141291767 0.205491498
v -0.329715878 -0.141291752 0.315362364
v -0.329715878 0.000264482078 0.315362334
v -0.219845057 -0.141291752 0.315362364
v 0.0548323765 0.027730437 0.113928825
v 0.0474723205 0.0277304333 0.0864628628
v 0.0474723205 0.0735117495 0.0864628553
v 0.0548323765 0.027730437 0.113928825
v 0.0474723205 0.0735117495 0.0864628553
v 0.0548323765 0.073511757 0.113928817
v 0.0474723205 0.0277304333 0.0864628628
v 0.0273664184 0.0277304314 0.0663534105
v 0.0273664184 0.0735117495 0.066353403
v 0.0474723205 0.0277304333 0.0864628628
v 0.0273664184 0.0735117495 0.066353403
v 0.0474723205 0.0735117495 0.0864628553
v -0.00010309447 0.0277304295 0.0589933731
v -0.0275725871 0.0277304314 0.0663534105
v -0.0275725871 0.0735117495 0.066353403
v -0.0275725871 0.0277304314 0.0663534105
v -0.047678519 0.0735117495 0.0864628553
v -0.0275725871 0.0735117495 0.066353403
v -0.047678519 0.0277304333 0.0864628628
v -0.0550385714 0.027730437 0.113928825
v -0.0550385714 0.073511757 0.113928817
v -0.0550385714 0.027730437 0.113928825
v -0.047678519 0.073511757 0.141398326
v -0.0550385714 0.073511757 0.113928817
v -0.047678519 0.0277304407 0.14139834
v -0.0275725871 0.0277304426 0.1615078
v -0.0275725871 0.0735117644 0.161507785
v -0.047678519 0.0277304407 0.14139834
v -0.0275725871 0.0735117644 0.161507785
v -0.047678519 0.073511757 0.141398326
v -0.00010309447 0.0277304426 0.168867841
v 0.0273664184 0.0277304426 0.1615078
v 0.0273664184 0.0735117644 0.161507785
v -0.00010309447 0.0277304426 0.168867841
v 0.0273664184 0.0735117644 0.161507785
v -0.00010309447 0.0735117644 0.168867826
v 0.0273664184 0.0277304426 0.1615078
v 0.0474723205 0.0277304407 0.14139834
v 0.0474723205 0.073511757 0.141398326
v 0.0273664184 0.0277304426 0.1615078
v 0.0474723205 0.073511757 0.141398326
v 0.0273664184 0.0735117644 0.161507785

# 1048 UV coordinates
vt 0.228169501 0.881530583 0
vt 0.222516805 0.881759584 0
vt 0.219064295 0.634040475 0
vt 0.233738199 0.881799817 0
vt 0.2290795 0.634480715 0
vt 0.0476868115 0.881530523 0
vt 0.0420342013 0.881759584 0
vt 0.0385815501 0.634040415 0
vt 0.053255491 0.881799579 0
vt 0.0485967286 0.634480476 0
vt 0.148425803 0.88152951 0
vt 0.1427733 0.881758571 0
vt 0.139320403 0.634041429 0
vt 0.153994501 0.881798625 0
vt 0.149335697 0.634481609 0
vt 0.26869899 0.881529927 0
vt 0.263046414 0.881758928 0
vt 0.259593695 0.634039819 0
vt 0.274267703 0.881799102 0
vt 0.269608915 0.63448 0
vt 0.0476869904 0.881529987 0
vt 0.0420343801 0.881758988 0
vt 0.0385816582 0.6340397 0
vt 0.0532556698 0.881799102 0
vt 0.0485969707 0.63447988 0
vt 0.428603202 0.881530583 0
vt 0.422950596 0.881759584 0
vt 0.419497997 0.634040415 0
vt 0.434171796 0.881799579 0
vt 0.429513305 0.634480715 0
vt 0.369217902 0.881529927 0
vt 0.363565385 0.881759107 0
vt 0.360112488 0.634040475 0
vt 0.374786586 0.881799102 0
vt 0.370127887 0.634480774 0
vt 0.0277714096 0.881526709 0
vt 0.0221187994 0.88175571 0
vt 0.0186660197 0.634036422 0
vt 0.0333399698 0.881795824 0
vt 0.0286812093 0.6344769 0
vt 0.108438499 0.881527603 0
vt 0.1027859 0.881756723 0
vt 0.0993332788 0.634037614 0
vt 0.114007197 0.881796718 0
vt 0.109348498 0.634477913 0
vt 0.26869911 0.88152802 0
vt 0.263046503 0.881757021 0
vt 0.259593695 0.634037614 0
vt 0.274267703 0.881797016 0
vt 0.269609004 0.634477973 0
vt 0.408924401 0.881527424 0
vt 0.403271914 0.881756485 0
vt 0.399819106 0.634039104 0
vt 0.414493114 0.881796479 0
vt 0.409834296 0.634479403 0
vt 0.209023401 0.881526828 0
vt 0.203370795 0.881755829 0
vt 0.199917704 0.634037614 0
vt 0.214591995 0.881795824 0
vt 0.209933102 0.634477913 0
vt 0.228169695 0.88152802 0
vt 0.222517103 0.8817572 0
vt 0.2190644 0.634037614 0
vt 0.233738497 0.881797075 0
vt 0.229079396 0.634477913 0
vt 0.128432602 0.881527424 0
vt 0.122780003 0.881756485 0
vt 0.119327098 0.634037614 0
vt 0.1340013 0.881796479 0
vt 0.129342496 0.634477973 0
vt 0.448795587 0.881528795 0
vt 0.44314301 0.881757915 0
vt 0.439690113 0.634039104 0
vt 0.45436421 0.88179791 0
vt 0.449705094 0.634479403 0
vt 0.32878831 0.88152802 0
vt 0.323135614 0.881757081 0
vt 0.319682986 0.634037614 0
vt 0.334356904 0.881797194 0
vt 0.329698294 0.634478092 0
vt 0.0676807687 0.881528378 0
vt 0.0620281585 0.881757379 0
vt 0.0585755706 0.634038985 0
vt 0.0732493922 0.881797612 0
vt 0.0685909316 0.634479403 0
vt 0.188567802 0.881528676 0
vt 0.1829153 0.881757915 0
vt 0.179462403 0.634039104 0
vt 0.194136605 0.881797791 0
vt 0.189477801 0.634479403 0
vt 0.1284841 0.881528497 0
vt 0.122831501 0.881757617 0
vt 0.119378597 0.634039104 0
vt 0.134052694 0.881797612 0
vt 0.129393905 0.634479403 0
vt 0.348770589 0.881530106 0
vt 0.343118012 0.881759107 0
vt 0.339665413 0.634040594 0
vt 0.354339391 0.881799281 0
vt 0.349680692 0.634481013 0
vt 0.448795497 0.88152802 0
vt 0.44314301 0.881757021 0
vt 0.439689904 0.634039104 0
vt 0.454364091 0.881797075 0
vt 0.449705094 0.634479225 0
vt 0.188567594 0.881528974 0
vt 0.182915002 0.881757975 0
vt 0.179462701 0.634037614 0
vt 0.194136307 0.881798029 0
vt 0.189477801 0.634477913 0
vt 0.308838695 0.881528199 0
vt 0.303186089 0.8817572 0
vt 0.29973349 0.634037793 0
vt 0.314407408 0.881797314 0
vt 0.309748709 0.634477973 0
vt 0.469522089 0.881529272 0
vt 0.463869393 0.881758273 0
vt 0.460416496 0.634039104 0
vt 0.475090712 0.881798327 0
vt 0.470431805 0.634479403 0
vt 0.087983422 0.881527722 0
vt 0.0823308229 0.881756723 0
vt 0.0788780376 0.634037614 0
vt 0.0935521126 0.881796598 0
vt 0.0888932869 0.634477675 0
vt 0.388702095 0.881527603 0
vt 0.383049488 0.881756723 0
vt 0.379596204 0.634039104 0
vt 0.394270808 0.881796598 0
vt 0.389611691 0.634479403 0
vt 0.4286035 0.881527901 0
vt 0.422950894 0.881757021 0
vt 0.419497907 0.634039104 0
vt 0.434172213 0.881796777 0
vt 0.429513305 0.634479225 0
vt 0.32878831 0.881528676 0
vt 0.323135704 0.881757796 0
vt 0.319682986 0.634039223 0
vt 0.334356993 0.88179791 0
vt 0.329698294 0.634479403 0
vt 0.448795587 0.881528497 0
vt 0.44314301 0.881757498 0
vt 0.439689994 0.634039104 0
vt 0.45436421 0.881797612 0
vt 0.449705392 0.634479403 0
vt 0.148169905 0.881528914 0
vt 0.142517403 0.881757915 0
vt 0.139064506 0.634039104 0
vt 0.153738603 0.881798029 0
vt 0.149079695 0.634479403 0
vt 0.0879833624 0.881528974 0
vt 0.0823307633 0.881758094 0
vt 0.078877978 0.634039104 0
vt 0.0935519934 0.881798029 0
vt 0.0888931677 0.634479403 0
vt 0.248659298 0.881527185 0
vt 0.243006706 0.881756186 0
vt 0.239553899 0.634037614 0
vt 0.254228085 0.8817963 0
vt 0.249569297 0.634477973 0
vt 0.288626105 0.881528318 0
vt 0.282973498 0.8817572 0
vt 0.27952081 0.634039104 0
vt 0.294194698 0.881797314 0
vt 0.289536089 0.634479403 0
vt 0.209022895 0.881528974 0
vt 0.203370303 0.881757915 0
vt 0.199917704 0.634039104 0
vt 0.214591593 0.881798029 0
vt 0.209932998 0.634479403 0
vt 0.148169801 0.881530821 0
vt 0.142517194 0.881759882 0
vt 0.139064595 0.634040594 0
vt 0.153738394 0.881799877 0
vt 0.1490798 0.634481013 0
vt 0.388701797 0.881530821 0
vt 0.38304919 0.881759822 0
vt 0.37959671 0.634039104 0
vt 0.394270509 0.881799877 0
vt 0.38961181 0.634479403 0
vt 0.369217604 0.881530285 0
vt 0.363565087 0.881759226 0
vt 0.360112607 0.634039104 0
vt 0.374786288 0.881799281 0
vt 0.370127589 0.634479225 0
vt 0.108490698 0.881528378 0
vt 0.102838099 0.881757498 0
vt 0.0993853211 0.634039104 0
vt 0.114059404 0.881797612 0
vt 0.1094006 0.634479225 0
vt 0.408924699 0.88152808 0
vt 0.403272092 0.881757081 0
vt 0.414493293 0.881797075 0
vt 0.409834504 0.634479225 0
vt 0.46952191 0.881530821 0
vt 0.463869393 0.881759822 0
vt 0.460416496 0.634040475 0
vt 0.475090593 0.881799877 0
vt 0.470431894 0.634480774 0
vt 0.02777135 0.881530106 0
vt 0.0221187398 0.881759226 0
vt 0.0186658502 0.634040475 0
vt 0.0333400294 0.881799102 0
vt 0.0286811497 0.634480894 0
vt 0.228169605 0.881530523 0
vt 0.222516999 0.881759584 0
vt 0.233738303 0.881799579 0
vt 0.0476871692 0.881530702 0
vt 0.0420346186 0.881759584 0
vt 0.0385815501 0.634040713 0
vt 0.0532558486 0.881799817 0
vt 0.0485969111 0.634481013 0
vt 0.188567698 0.881530583 0
vt 0.182915196 0.881759584 0
vt 0.179462507 0.634040296 0
vt 0.194136307 0.881799817 0
vt 0.189477697 0.634480596 0
vt 0.288626492 0.881530583 0
vt 0.282973796 0.881759584 0
vt 0.279520899 0.634040892 0
vt 0.294195086 0.881799579 0
vt 0.289536297 0.634481311 0
vt 0.248659402 0.881529808 0
vt 0.243006796 0.881758988 0
vt 0.239554107 0.634039104 0
vt 0.254228085 0.881799102 0
vt 0.249569401 0.634479403 0
vt 0.0277711097 0.881530702 0
vt 0.0221184995 0.881759584 0
vt 0.0186659601 0.634041011 0
vt 0.033339791 0.881799817 0
vt 0.0286811497 0.634481192 0
vt 0.08798372 0.881530106 0
vt 0.0823310614 0.881759226 0
vt 0.0788779184 0.634040415 0
vt 0.093552351 0.881799102 0
vt 0.0888932869 0.634480715 0
vt 0.0788780376 0.634040773 0
vt 0.0736101791 0.881799817 0
vt 0.0689515397 0.634481013 0
vt 0.0680415034 0.881530523 0
vt 0.0589362904 0.634040773 0
vt 0.268698901 0.881530702 0
vt 0.263046294 0.881759584 0
vt 0.259593695 0.634040415 0
vt 0.274267614 0.881799817 0
vt 0.269608915 0.634480774 0
vt 0.0676810667 0.881530523 0
vt 0.0620285198 0.881759584 0
vt 0.0585756786 0.634040475 0
vt 0.0732498094 0.881799579 0
vt 0.0685908124 0.634480715 0
vt 0.0420344397 0.881759107 0
vt 0.0385815501 0.634040475 0
vt 0.0532557294 0.881799102 0
vt 0.0485969111 0.634480715 0
vt 0.268684596 0.881530583 0
vt 0.263031989 0.881759584 0
vt 0.259579092 0.634040475 0
vt 0.274253309 0.881799579 0
vt 0.26959461 0.634480774 0
vt 0.168111801 0.881530583 0
vt 0.162459195 0.881759584 0
vt 0.159006298 0.634040892 0
vt 0.173680499 0.881799817 0
vt 0.169021606 0.634481192 0
vt 0.308846503 0.881530106 0
vt 0.303193897 0.881759107 0
vt 0.299741298 0.634040475 0
vt 0.314415187 0.881799221 0
vt 0.309756488 0.634480774 0
vt 0.168111503 0.881529689 0
vt 0.162458897 0.881758571 0
vt 0.159006193 0.634040475 0
vt 0.173680097 0.881798804 0
vt 0.169021398 0.634480774 0
vt 0.0879831314 0.881531298 0
vt 0.0823305175 0.881760299 0
vt 0.0788781568 0.634040475 0
vt 0.0935518071 0.881800413 0
vt 0.0888932869 0.634480774 0
vt 0.408924401 0.881530583 0
vt 0.403271794 0.881759584 0
vt 0.399819195 0.634041429 0
vt 0.414493114 0.881799579 0
vt 0.409834296 0.634481609 0
vt 0.0879833102 0.881530106 0
vt 0.0823306963 0.881759226 0
vt 0.0788779184 0.634040713 0
vt 0.0935519263 0.881799102 0
vt 0.0888932273 0.634481013 0
vt 0.469521612 0.881530702 0
vt 0.463869005 0.881759584 0
vt 0.460416585 0.634040415 0
vt 0.475090295 0.881799579 0
vt 0.470431805 0.634480715 0
vt 0.369217992 0.881530523 0
vt 0.363565385 0.881759584 0
vt 0.360112607 0.634040594 0
vt 0.374786705 0.881799579 0
vt 0.370127887 0.634480894 0
vt 0.02777135 0.881529927 0
vt 0.0221187398 0.881758928 0
vt 0.0186660793 0.634039819 0
vt 0.033340089 0.881799102 0
vt 0.0286812093 0.63448 0
vt 0.308846802 0.88152951 0
vt 0.303194195 0.881758571 0
vt 0.299741209 0.634040594 0
vt 0.314415395 0.881798506 0
vt 0.0623889491 0.881759584 0
vt 0.209022895 0.881530404 0
vt 0.203370303 0.881759584 0
vt 0.199917793 0.634040713 0
vt 0.214591593 0.881799817 0
vt 0.209933206 0.634481013 0
vt 0.939930379 0.974272072 0
vt 0.92587471 0.974884212 0
vt 0.935765505 0.980782807 0
vt 0.928882122 0.967683077 0
vt 0.930825412 0.962616026 0
vt 0.942155123 0.96937269 0
vt 0.933959484 0.954775214 0
vt 0.94472158 0.961193383 0
vt 0.914930284 0.968357205 0
vt 0.91739738 0.960834026 0
vt 0.919031024 0.955582023 0
vt 0.9213624 0.947262526 0
vt 0.902716815 0.961073279 0
vt 0.904504716 0.953145027 0
vt 0.905733705 0.947651803 0
vt 0.907466888 0.938975513 0
vt 0.889303386 0.953073502 0
vt 0.890458107 0.944767714 0
vt 0.89128679 0.939036012 0
vt 0.892451108 0.930020094 0
vt 0.876116276 0.936214507 0
vt 0.875547111 0.944869578 0
vt 0.87659508 0.930273771 0
vt 0.877245128 0.920951128 0
vt 0.862769425 0.928254724 0
vt 0.862790525 0.93726182 0
vt 0.862887323 0.922098815 0
vt 0.863158584 0.912550211 0
vt 0.851137817 0.921317875 0
vt 0.851589322 0.930581629 0
vt 0.850976229 0.914995313 0
vt 0.850588918 0.905053914 0
vt 0.840141416 0.914759874 0
vt 0.841671288 0.924666822 0
vt 0.839737475 0.90829277 0
vt 0.840113819 0.89880681 0
vt 0.839555204 0.888384581 0
vt 0.849951804 0.894584894 0
vt 0.863214314 0.902494371 0
vt 0.87799722 0.911310911 0
vt 0.89385128 0.920765996 0
vt 0.909570515 0.930140972 0
vt 0.924262404 0.938902974 0
vt 0.937556803 0.946831524 0
vt 0.948094904 0.953116119 0
vt 0.952938318 0.945572793 0
vt 0.941478729 0.938738525 0
vt 0.927577496 0.930448174 0
vt 0.912040472 0.921182215 0
vt 0.895219207 0.911150396 0
vt 0.878307819 0.901064575 0
vt 0.862667978 0.891737401 0
vt 0.848905027 0.883529425 0
vt 0.837684214 0.876837611 0
vt 0.837134123 0.865586579 0
vt 0.849087119 0.872715175 0
vt 0.863260925 0.881168127 0
vt 0.879309773 0.890739322 0
vt 0.896692216 0.901106119 0
vt 0.913972497 0.911411822 0
vt 0.929944873 0.9209373 0
vt 0.944293022 0.929494202 0
vt 0.956430614 0.936732709 0
vt 0.960674524 0.92802 0
vt 0.947971702 0.92044431 0
vt 0.932923794 0.911470175 0
vt 0.91624409 0.901522815 0
vt 0.898165584 0.89074111 0
vt 0.879948378 0.879876375 0
vt 0.863206208 0.869891822 0
vt 0.84856391 0.861159503 0
vt 0.836084425 0.85371691 0
vt 0.544580817 0.485533506 0
vt 0.544580519 0.248933807 0
vt 0.528083503 0.248933807 0
vt 0.528083801 0.485534102 0
vt 0.66066432 0.248932093 0
vt 0.660664201 0.215307996 0
vt 0.544580221 0.215309694 0
vt 0.677161098 0.248932093 0
vt 0.660664618 0.48553291 0
vt 0.677161694 0.48553291 0
vt 0.660664618 0.51915729 0
vt 0.544580877 0.519158423 0
vt 0.604501784 0.380031496 0
vt 0.86095053 0.380031288 0
vt 0.86095053 0.365214497 0
vt 0.583720803 0.422607511 0
vt 0.88173151 0.422607511 0
vt 0.882238805 0.421593606 0
vt 0.583213389 0.421593606 0
vt 0.86095053 0.380031109 0
vt 0.86095053 0.380031496 0
vt 0.604501724 0.380031109 0
vt 0.604501724 0.365214497 0
vt 0.604501784 0.380031109 0
vt 0.604501784 0.365214497 0
vt 0.583720922 0.447871 0
vt 0.88173151 0.447871208 0
vt 0.583213389 0.446855992 0
vt 0.882238805 0.446855992 0
vt 0.88173151 0.422607601 0
vt 0.560748219 0.0967503116 0
vt 0.627368808 0.0967503116 0
vt 0.560748219 0.293002009 0
vt 0.929875612 0.291599512 0
vt 0.842117786 0.291599512 0
vt 0.842117786 0.096099548 0
vt 0.632911921 0.291599512 0
vt 0.560402513 0.291599512 0
vt 0.556797206 0.096099548 0
vt 0.929875612 0.293002009 0
vt 0.819610417 0.293002009 0
vt 0.933425426 0.0967503116 0
vt 0.705171883 0.291599512 0
vt 0.632911921 0.096099548 0
vt 0.760093808 0.0967503116 0
vt 0.819610417 0.0967503116 0
vt 0.776796877 0.291599512 0
vt 0.705171883 0.096099548 0
vt 0.693816006 0.0967503116 0
vt 0.760093808 0.293002009 0
vt 0.776796877 0.096099548 0
vt 0.693816006 0.293002009 0
vt 0.819610417 0.3148368 0
vt 0.760093808 0.3148368 0
vt 0.693816006 0.3148368 0
vt 0.627368808 0.3148368 0
vt 0.627368808 0.293002009 0
vt 0.5731408 0.3148368 0
vt 0.632911921 0.313181907 0
vt 0.572881103 0.313181907 0
vt 0.705171883 0.313181907 0
vt 0.776796877 0.313181907 0
vt 0.842117786 0.313181907 0
vt 0.919328928 0.313181907 0
vt 0.914383411 0.3148368 0
vt 0.705171883 0.432463795 0
vt 0.632911921 0.432463795 0
vt 0.819610417 0.431895792 0
vt 0.776796877 0.432463795 0
vt 0.760093808 0.431895792 0
vt 0.842117786 0.432463795 0
vt 0.627368808 0.431895792 0
vt 0.918124616 0.432463795 0
vt 0.573874414 0.431895792 0
vt 0.913267314 0.431895792 0
vt 0.574977279 0.432463795 0
vt 0.693816006 0.431895792 0
vt 0.898899972 0.587300003 0
vt 0.998700023 0.587300003 0
vt 0.998700023 0.652700007 0
vt 0.898899972 0.652700007 0
vt 0.5 0.587300003 0
vt 0.599699974 0.587300003 0
vt 0.599699974 0.652700007 0
vt 0.5 0.652700007 0
vt 0.699500024 0.587300003 0
vt 0.699500024 0.652700007 0
vt 0.799199998 0.587300003 0
vt 0.799199998 0.652700007 0
vt 0.899000108 0.587300003 0
vt 0.899000108 0.652700007 0
vt 0.500199974 0.587300003 0
vt 0.600000024 0.587300003 0
vt 0.600000024 0.652700007 0
vt 0.500199974 0.652700007 0
vt 0.699699998 0.587300003 0
vt 0.699699998 0.652700007 0
vt 0.799499989 0.587300003 0
vt 0.799499989 0.652700007 0
vt 0.899200022 0.587300003 0
vt 0.899200022 0.652700007 0
vt 0.999000072 0.587300003 0
vt 0.999000072 0.652700007 0
vt 0.499900013 0.587300003 0
vt 0.499900013 0.652700007 0
vt 0.699400008 0.587300003 0
vt 0.699400008 0.652700007 0
vt 0.898899972 0.740800023 0
vt 0.998700023 0.740800023 0
vt 0.998700023 0.754299998 0
vt 0.898899972 0.754299998 0
vt 0.5 0.740800023 0
vt 0.599699974 0.740800023 0
vt 0.599699974 0.754299998 0
vt 0.5 0.754299998 0
vt 0.699500024 0.740800023 0
vt 0.699500024 0.754299998 0
vt 0.799199998 0.740800023 0
vt 0.799199998 0.754299998 0
vt 0.899000108 0.740800023 0
vt 0.899000108 0.754299998 0
vt 0.500199974 0.740800023 0
vt 0.600000024 0.740800023 0
vt 0.600000024 0.754299998 0
vt 0.500199974 0.754299998 0
vt 0.699699998 0.740800023 0
vt 0.699699998 0.754299998 0
vt 0.799499989 0.740800023 0
vt 0.799499989 0.754299998 0
vt 0.899200022 0.740800023 0
vt 0.899200022 0.754299998 0
vt 0.999000072 0.740800023 0
vt 0.999000072 0.754299998 0
vt 0.499900013 0.740800023 0
vt 0.499900013 0.754299998 0
vt 0.699400008 0.740800023 0
vt 0.699400008 0.754299998 0
vt 0.898899972 0.65259999 0
vt 0.998700023 0.65259999 0
vt 0.998700023 0.737800002 0
vt 0.898899972 0.737800002 0
vt 0.5 0.65259999 0
vt 0.599699974 0.65259999 0
vt 0.599699974 0.737800002 0
vt 0.5 0.737800002 0
vt 0.699500024 0.65259999 0
vt 0.699500024 0.737800002 0
vt 0.799199998 0.65259999 0
vt 0.799199998 0.737800002 0
vt 0.899000108 0.65259999 0
vt 0.899000108 0.737800002 0
vt 0.500199974 0.65259999 0
vt 0.600000024 0.65259999 0
vt 0.600000024 0.737800002 0
vt 0.500199974 0.737800002 0
vt 0.699699998 0.65259999 0
vt 0.699699998 0.737800002 0
vt 0.799499989 0.65259999 0
vt 0.799499989 0.737800002 0
vt 0.899200022 0.65259999 0
vt 0.899200022 0.737800002 0
vt 0.999000072 0.65259999 0
vt 0.999000072 0.737800002 0
vt 0.499900013 0.65259999 0
vt 0.499900013 0.737800002 0
vt 0.699400008 0.65259999 0
vt 0.699400008 0.737800002 0
vt 0.416999996 0.00319987489 0
vt 0.458400011 0.00319987489 0
vt 0.458400011 0.174600005 0
vt 0.416999996 0.174600005 0
vt 0.499900013 0.174600005 0
vt 0.00249993801 0.00319987489 0
vt 0.0438999496 0.00319987489 0
vt 0.0438999496 0.174600005 0
vt 0.0853999779 0.174600005 0
vt 0.0853999779 0.00319987489 0
vt 0.126800001 0.00319987489 0
vt 0.126800001 0.174600005 0
vt 0.168300003 0.00319987489 0
vt 0.209699899 0.00319987489 0
vt 0.209699899 0.174600005 0
vt 0.168300003 0.174600005 0
vt 0.292600006 0.00319987489 0
vt 0.334100008 0.00319987489 0
vt 0.334100008 0.174600005 0
vt 0.292600006 0.174600005 0
vt 0.249199897 0.598999977 0
vt 0.1259 0.584399998 0
vt 0.204600006 0.563499987 0
vt 0.0355997607 0.54430002 0
vt 0.0945999622 0.529200017 0
vt 0.002599895 0.489600003 0
vt 0.0825999901 0.469700009 0
vt 0.0355997607 0.434799999 0
vt 0.1259 0.394699991 0
vt 0.159899995 0.420899987 0
vt 0.249199897 0.380100012 0
vt 0.293799996 0.415600002 0
vt 0.372500002 0.394699991 0
vt 0.462799996 0.434799999 0
vt 0.403800011 0.449900001 0
vt 0.495799989 0.489600003 0
vt 0.415800005 0.50940001 0
vt 0.462799996 0.54430002 0
vt 0.372500002 0.584399998 0
vt 0.338499993 0.558200002 0
vt 0.00199997402 0.174600005 0
vt 0.0641999766 0.174600005 0
vt 0.0641999766 0.133399993 0
vt 0.00199997402 0.133399993 0
vt 0.126399904 0.174600005 0
vt 0.126399904 0.133399993 0
vt 0.188500002 0.174600005 0
vt 0.188500002 0.133399993 0
vt 0.250699997 0.174600005 0
vt 0.250699997 0.133399993 0
vt 0.312900007 0.174600005 0
vt 0.312900007 0.133399993 0
vt 0.375099987 0.174600005 0
vt 0.375099987 0.133399993 0
vt 0.43720001 0.174600005 0
vt 0.43720001 0.133399993 0
vt 0.49939999 0.174600005 0
vt 0.49939999 0.133399993 0
vt 0.352600008 0.0574999414 0
vt 0.376100004 0.0574999414 0
vt 0.352600008 0.000499999966 0
vt 0.411300004 0.000499999966 0
vt 0.399599999 0.0574999414 0
vt 0.423099995 0.0574999414 0
vt 0.470099986 0.000499999966 0
vt 0.44659999 0.0574999414 0
vt 0.470099986 0.0574999414 0
vt 0.493600011 0.0574999414 0
vt 0.0587999783 0.000499999966 0
vt 0 0.000499999966 0
vt 0.0234999601 0.0574999414 0
vt 0.0469999909 0.0574999414 0
vt 0.0704999492 0.0574999414 0
vt 0.1175 0.000499999966 0
vt 0.0939999819 0.0574999414 0
vt 0.1175 0.0574999414 0
vt 0.141000003 0.0574999414 0
vt 0.1762999 0.000499999966 0
vt 0.164499894 0.0574999414 0
vt 0.187999994 0.0574999414 0
vt 0.234999999 0.000499999966 0
vt 0.2114999 0.0574999414 0
vt 0.234999999 0.0574999414 0
vt 0.25850001 0.0574999414 0
vt 0.293799996 0.000499999966 0
vt 0.282000005 0.0574999414 0
vt 0.305599988 0.0574999414 0
vt 0.329100013 0.0574999414 0
vt 0.767499983 0.584200025 0
vt 0.746299982 0.584200025 0
vt 0.707000017 0.397899985 0
vt 0.806800008 0.397899985 0
vt 0.7676 0.584200025 0
vt 0.746399999 0.584200025 0
vt 0.707099974 0.397899985 0
vt 0.807000101 0.397899985 0
vt 0.767400026 0.584200025 0
vt 0.746500015 0.584200025 0
vt 0.706900001 0.397899985 0
vt 0.806699991 0.397899985 0
vt 0.746599972 0.584200025 0
vt 0.806900024 0.397899985 0
vt 0.707199991 0.397899985 0
vt 0.746100008 0.584200025 0
vt 0.706799984 0.397899985 0
vt 0.528800011 0.584000111 0
vt 0.532199979 0.519699991 0
vt 0.603799999 0.522800028 0
vt 0.600300014 0.587100029 0
vt 0.8204 0.768700004 0
vt 0.863300025 0.768700004 0
vt 0.831399977 0.646499991 0
vt 0.908699989 0.646499991 0
vt 0.906099975 0.768700004 0
vt 0.563199997 0.768700004 0
vt 0.606000006 0.768700004 0
vt 0.599699974 0.646499991 0
vt 0.676900029 0.646499991 0
vt 0.648899972 0.768700004 0
vt 0.691799998 0.768700004 0
vt 0.754199982 0.646499991 0
vt 0.734600008 0.768700004 0
vt 0.777499974 0.768700004 0
vt 0.641600013 0.130600005 0
vt 0.97329998 0.130600005 0
vt 0.97329998 0.195600003 0
vt 0.641600013 0.195600003 0
vt 0.862699986 0.130600005 0
vt 0.862699986 0.195600003 0
vt 0.531099975 0.130600005 0
vt 0.531099975 0.195600003 0
vt 0.66930002 0.65140003 0
vt 1.00090003 0.65140003 0
vt 1.00090003 0.758099973 0
vt 0.66930002 0.758099973 0
vt 0.835099995 0.65140003 0
vt 0.835099995 0.758099973 0
vt 0.503400028 0.65140003 0
vt 0.503400028 0.758099973 0
vt 0.504100025 0.494500011 0
vt 0.504100025 0.00319987489 0
vt 0.669499993 0.166999906 0
vt 0.669499993 0.494500011 0
vt 1.00020003 0.00319987489 0
vt 1.00020003 0.166999906 0
vt 0.602199972 0.462000012 0
vt 0.602199972 0.328299999 0
vt 0.712800026 0.328299999 0
vt 0.712800026 0.462000012 0
vt 0.859099984 0.583500028 0
vt 0.702600002 0.583500028 0
vt 0.702600002 0.520799994 0
vt 0.859099984 0.520799994 0
vt 0.857000113 0.521499991 0
vt 0.703700006 0.521499991 0
vt 0.708599985 0.416200012 0
vt 0.852000117 0.416200012 0
vt 0.133000001 0.000499999966 0
vt 0.39289999 0.000499999966 0
vt 0.39289999 0.583299994 0
vt 0.133000001 0.583299994 0
vt 0.497799993 0.000499999966 0
vt 0.497799993 0.583299994 0
vt 0.00399994804 0.583299994 0
vt 0.00399994804 0.000499999966 0
vt 0.180399999 0.000499999966 0
vt 0.440299988 0.000499999966 0
vt 0.440299988 0.583299994 0
vt 0.180399999 0.583299994 0
vt 0.999499977 0.000499999966 0
vt 0.999499977 0.583299994 0
vt 0.904600024 0.583299994 0
vt 0.904600024 0.000499999966 0
vt 0.596400023 0.000499999966 0
vt 0.596400023 0.583299994 0
vt 0.50150001 0.583299994 0
vt 0.50150001 0.000499999966 0
vt 0.00529998494 0.583299994 0
vt 0.00529998494 0.000499999966 0
vt 0.498299986 0.000499999966 0
vt 0.498299986 0.583299994 0
vt 0.838108003 0.0598997995 0
vt 0.913801014 0.0598997995 0
vt 0.913801014 0.525300026 0
vt 0.838108003 0.525300026 0
vt 0.694076002 0.0598997995 0
vt 0.769768 0.0598997995 0
vt 0.769768 0.525300026 0
vt 0.694076002 0.525300026 0
vt 0.913778007 0.525300026 0
vt 0.913778007 0.0598997995 0
vt 0.838086009 0.0598997995 0
vt 0.838086009 0.525300026 0
vt 0.868077993 0.525300026 0
vt 0.868077993 0.0598997995 0
vt 0.808965981 0.0598997995 0
vt 0.808965981 0.525300026 0
vt 0.226199999 0.40259999 0
vt 0.226199999 0.486299992 0
vt 0.157199994 0.486299992 0
vt 0.157199994 0.40259999 0
vt 0.227500007 0.486299992 0
vt 0.227500007 0.40259999 0
vt 0.158500001 0.40259999 0
vt 0.158500001 0.486299992 0
vt 0.158500001 0.403400004 0
vt 0.227500007 0.403400004 0
vt 0.227500007 0.487100005 0
vt 0.158500001 0.487100005 0
vt 0.157199994 0.487100005 0
vt 0.226199999 0.487100005 0
vt 0.226199999 0.403400004 0
vt 0.157199994 0.403400004 0
vt 0.547088027 0.525300026 0
vt 0.60619998 0.525300026 0
vt 0.60619998 0.0598997995 0
vt 0.547088027 0.0598997995 0
vt 0.868101001 0.525300026 0
vt 0.808988988 0.525300026 0
vt 0.808988988 0.0598997995 0
vt 0.868101001 0.0598997995 0
vt 0.724067986 0.525300026 0
vt 0.664955974 0.525300026 0
vt 0.664955974 0.0598997995 0
vt 0.724067986 0.0598997995 0
vt 0.694052994 0.525300026 0
vt 0.769744992 0.525300026 0
vt 0.769744992 0.0598997995 0
vt 0.694052994 0.0598997995 0
vt 0.664933026 0.525300026 0
vt 0.724044979 0.525300026 0
vt 0.724044979 0.0598997995 0
vt 0.664933026 0.0598997995 0
vt 0.651923001 0.525300026 0
vt 0.57622999 0.525300026 0
vt 0.57622999 0.0598997995 0
vt 0.651923001 0.0598997995 0
vt 0.576207995 0.525300026 0
vt 0.651899993 0.525300026 0
vt 0.651899993 0.0598997995 0
vt 0.576207995 0.0598997995 0
vt 0.606222987 0.525300026 0
vt 0.547110975 0.525300026 0
vt 0.547110975 0.0598997995 0
vt 0.606222987 0.0598997995 0
vt 0.89319998 0.586600006 0
vt 0.957099974 0.586600006 0
vt 0.966899991 0.651499987 0
vt 0.883400023 0.651499987 0
vt 0.893100023 0.586600006 0
vt 0.883300006 0.651499987 0
vt 0.966799974 0.651499987 0
vt 0.953400016 0.586099982 0
vt 0.9005 0.586099982 0
vt 0.893299997 0.651499987 0
vt 0.960600019 0.651499987 0
vt 0.960699975 0.651499987 0
vt 0.988099992 0.738900006 0
vt 0.978000104 0.7676 0
vt 0.904399991 0.7676 0
vt 0.894400001 0.738900006 0
vt 0.894299984 0.738900006 0
vt 0.987999976 0.738900006 0
vt 0.988799989 0.738900006 0
vt 0.977800012 0.7676 0
vt 0.905700028 0.7676 0
vt 0.894699991 0.738900006 0
vt 0.894599974 0.738900006 0
vt 0.905600011 0.7676 0
vt 0.394699991 0.629100025 0
vt 0.394699991 0.643000007 0
vt 0.0566999912 0.643000007 0
vt 0.0566999912 0.629100025 0
vt 0.0566999912 0.629199982 0
vt 0.0566999912 0.643100023 0
vt 0.394699991 0.643100023 0
vt 0.394699991 0.629199982 0
vt 0.394699991 1.00049996 0
vt 0.0566999912 1.00049996 0
vt 0.394600004 0.629100025 0
vt 0.394600004 0.643000007 0
vt 0.394600004 0.643100023 0
vt 0.394600004 0.629199982 0
vt 0.394600004 1.00049996 0
vt 0.557399988 0.584299982 0
vt 0.556500018 0.65109998 0
vt 0.956900001 0.65109998 0
vt 0.955900013 0.584299982 0
vt 0.557200015 0.7421 0
vt 0.558099985 0.754599988 0
vt 0.95630002 0.754599988 0
vt 0.957199991 0.7421 0
vt 0.555400014 0.664499998 0
vt 0.555400014 0.739300013 0
vt 0.954900026 0.739400029 0
vt 0.954900026 0.664499998 0
vt 0.954900026 0.739300013 0
vt 0.555400014 0.739400029 0
vt 0.503099978 0.584299982 0
vt 0.500400007 0.65109998 0
vt 0.888899982 0.65109998 0
vt 0.889800012 0.584299982 0
vt 0.567900002 0.65109998 0
vt 0.967899978 0.65109998 0
vt 0.962899983 0.584299982 0
vt 0.566999972 0.584299982 0
vt 0.889699996 0.7421 0
vt 0.501399994 0.7421 0
vt 0.504199982 0.754599988 0
vt 0.890600026 0.754599988 0
vt 0.962899983 0.754599988 0
vt 0.967899978 0.7421 0
vt 0.568300009 0.7421 0
vt 0.567300022 0.754599988 0
vt 0.50150001 0.7421 0
vt 0.500100017 0.664499998 0
vt 0.500100017 0.739400029 0
vt 0.887799978 0.739300013 0
vt 0.887799978 0.664499998 0
vt 0.963000119 0.739400029 0
vt 0.962899983 0.664499998 0
vt 0.566000104 0.664499998 0
vt 0.566000104 0.739400029 0
vt 0.566000104 0.739300013 0
vt 0.887799978 0.739400029 0
vt 0.998099983 0.393400013 0
vt 0.969799995 0.393400013 0
vt 0.969799995 0.463699996 0
vt 0.998099983 0.463699996 0
vt 0.970300019 0.393700004 0
vt 0.998099983 0.393700004 0
vt 0.998099983 0.4639 0
vt 0.970300019 0.4639 0
vt 0.502600014 0.393700004 0
vt 0.533500016 0.393700004 0
vt 0.533500016 0.4639 0
vt 0.502600014 0.4639 0
vt 0.533800006 0.393400013 0
vt 0.502600014 0.393400013 0
vt 0.502600014 0.463699996 0
vt 0.533800006 0.463699996 0
vt 1.00160003 0.393400013 0
vt 0.75029999 0.393400013 0
vt 0.75029999 0.463699996 0
vt 1.00160003 0.463699996 0
vt 0.75029999 0.393700004 0
vt 1.00160003 0.393700004 0
vt 1.00160003 0.4639 0
vt 0.75029999 0.4639 0
vt 0.4991 0.393700004 0
vt 0.4991 0.4639 0
vt 0.4991 0.393400013 0
vt 0.4991 0.463699996 0
vt 0.998000026 0.393400013 0
vt 0.502099991 0.393400013 0
vt 0.502600014 0.449600011 0
vt 0.998099983 0.449600011 0
vt 0.501699984 0.393700004 0
vt 0.99849999 0.393700004 0
vt 0.998099983 0.449900001 0
vt 0.502600014 0.449900001 0
vt 0.992500007 0.770099998 0
vt 0.505900025 0.770099998 0
vt 0.749199986 0.888800025 0
vt 0.988699973 0.994700015 0
vt 0.657700002 0.994700015 0
vt 0.657700002 0.98299998 0
vt 0.988699973 0.98299998 0
vt 0.657700002 0.975099981 0
vt 0.823199987 0.888599992 0
vt 0.823199987 0.874100029 0
vt 0.655399978 0.961199999 0
vt 0.988699973 0.975099981 0
vt 0.991000116 0.961199999 0
vt 0.963000119 0.584200025 0
vt 0.559400022 0.584200025 0
vt 0.556299984 0.65109998 0
vt 0.968699992 0.65109998 0
vt 0.968400002 0.7421 0
vt 0.555899978 0.7421 0
vt 0.561699986 0.754599988 0
vt 0.962700009 0.754599988 0
vt 0.963000119 0.664399981 0
vt 0.556400001 0.664399981 0
vt 0.556400001 0.739300013 0
vt 0.963000119 0.739300013 0
vt 0.583720803 0.447871 0
vt 0.934246004 0.096099548 0
vt 0.497991115 0.57973969 0
vt 0.606596828 0.57973969 0
vt 0.606596828 0.0200366899 0
vt 0.961374223 0.579734981 0
vt 0.635558009 0.579734981 0
vt 0.635558009 0.0200318601 0
vt 0.823807299 0.579740226 0
vt 0.497991115 0.579740226 0
vt 0.497991115 0.0200371705 0
vt 0.564903617 0.581142306 0
vt 0.658931792 0.581142306 0
vt 0.658931792 0.0220130607 0
vt 0.592115998 0.579734981 0
vt 0.497991115 0.579734981 0
vt 0.497991115 0.0200318601 0
vt 0.564903617 0.02201318 0
vt 0.592115998 0.0200315099 0
vt 0.557670474 0.581142306 0
vt 0.666164875 0.581142306 0
vt 0.666164875 0.0220130607 0
vt 0.557670474 0.02201318 0
vt 0.852768719 0.579734981 0
vt 0.852768719 0.0200315099 0
vt 0.961374223 0.579740226 0
vt 0.867249787 0.579740226 0
vt 0.867249787 0.0200371705 0
vt 0.883152723 0.581142187 0
vt 0.883152723 0.0220130607 0
vt 0.961374223 0.0200366899 0
vt 0.852768719 0.579734504 0
vt 0.961374223 0.579734504 0
vt 0.961374223 0.0200315099 0
vt 0.606596828 0.579740226 0
vt 0.823807299 0.0200366899 0
vt 0.239005998 0.634040475 0
vt 0.0585232899 0.634040415 0
vt 0.159262493 0.634041429 0
vt 0.279535413 0.634039819 0
vt 0.0585232899 0.6340397 0
vt 0.439439803 0.634040415 0
vt 0.380054295 0.634040475 0
vt 0.0386077091 0.634036601 0
vt 0.119275004 0.634037614 0
vt 0.279535413 0.634037614 0
vt 0.419761002 0.634039104 0
vt 0.219859496 0.634037614 0
vt 0.239005998 0.634037614 0
vt 0.139268801 0.634037614 0
vt 0.459631801 0.634039104 0
vt 0.339624703 0.634037614 0
vt 0.0785174295 0.634039104 0
vt 0.199404195 0.634039104 0
vt 0.139320403 0.634039104 0
vt 0.3596071 0.634040594 0
vt 0.199404195 0.634037614 0
vt 0.319675088 0.634037614 0
vt 0.480358303 0.634039104 0
vt 0.0988197327 0.634037614 0
vt 0.399538189 0.634039104 0
vt 0.439439803 0.634039104 0
vt 0.339624703 0.634039104 0
vt 0.159006298 0.634039104 0
vt 0.0988197327 0.634039104 0
vt 0.259495705 0.634037614 0
vt 0.299462587 0.634039104 0
vt 0.219859496 0.634039104 0
vt 0.159006298 0.634040594 0
vt 0.380054206 0.634039104 0
vt 0.119327098 0.634039104 0
vt 0.480358303 0.634040475 0
vt 0.0386077091 0.634040475 0
vt 0.0585232899 0.634040713 0
vt 0.199404195 0.634040296 0
vt 0.299462587 0.634040892 0
vt 0.259495705 0.634039223 0
vt 0.0386077091 0.634041011 0
vt 0.0988197327 0.634040475 0
vt 0.319683105 0.634040594 0
vt 0.279535413 0.634040475 0
vt 0.0785174295 0.634040475 0
vt 0.0585232899 0.634040475 0
vt 0.279520899 0.634040475 0
vt 0.178948104 0.634040892 0
vt 0.319682986 0.634040594 0
vt 0.178948104 0.634040475 0
vt 0.419761002 0.634041429 0
vt 0.0988197327 0.634040713 0
vt 0.480358303 0.634040415 0
vt 0.380054295 0.634040594 0
vt 0.0386077091 0.634039819 0
vt 0.219859496 0.634040713 0
vt 0.497991115 0.0200366899 0
vt 0.961374223 0.0200318601 0
vt 0.823807299 0.0200371705 0
vt 0.592115998 0.0200318601 0
vt 0.497991115 0.0200315099 0
vt 0.635558009 0.0200315099 0
vt 0.961374223 0.0200371705 0
vt 0.867249787 0.0200366899 0
vt 0.375499994 0.00319987489 0
vt 0.375499994 0.174600005 0
vt 0.499900013 0.00319987489 0
vt 0.00249993801 0.174600005 0
vt 0.251199991 0.00319987489 0
vt 0.251199991 0.174600005 0

# 1492 vertex normals
vn -0.000295350445 0.0230032615 -0.0107667446
vn 0.0112775564 0.0203458034 -0.0101992637
vn 0.00809683651 0.0215029344 -0.0108270496
vn -0.0119349826 0.0205691606 -0.00892333221
vn -0.000652709627 0.0229774062 -0.0108061535
vn -0.00142790901 0.0230031386 -0.0106759882
vn 0.0101410495 0.0203456599 -0.0113301929
vn 0.00691160653 0.021503035 -0.0116193471
vn -0.0128086312 0.0205691606 -0.00761634484
vn -0.00178680953 0.022977367 -0.0106774513
vn -0.0025496087 0.0230030678 -0.0104651051
vn 0.00888458453 0.0203459375 -0.01233966
vn 0.00564259198 0.02150294 -0.0122859571
vn -0.0135427639 0.0205691867 -0.00621788949
vn -0.00290694367 0.0229772627 -0.0104285702
vn -0.00363411009 0.0230031069 -0.0101395398
vn 0.00754108978 0.0203457456 -0.0132038854
vn 0.00432246272 0.0215030108 -0.0128100282
vn -0.0141208405 0.0205688607 -0.00476276176
vn -0.00398523686 0.0229773242 -0.0100658098
vn -0.00467442535 0.0230031349 -0.00970389508
vn 0.00611861888 0.020345781 -0.0139201935
vn 0.00295888144 0.0215028692 -0.0131921098
vn -0.0145411724 0.0205691177 -0.00325971143
vn -0.00501623796 0.0229773335 -0.0095937252
vn -0.00559540186 0.0230033211 -0.00920319185
vn 0.00473638112 0.0203455128 -0.0144494586
vn 0.00166201091 0.0215030499 -0.0134170242
vn -0.0147892395 0.0205691196 -0.00183024572
vn -0.00592479622 0.0229774863 -0.00906045455
vn -0.00648216391 0.0230030771 -0.00860231929
vn 0.00327752973 0.0203457959 -0.0148481103
vn 0.000321700907 0.0215028226 -0.0135161094
vn -0.0148983216 0.020568816 -0.000351936964
vn -0.00679606944 0.0229773354 -0.00842706766
vn -0.00728763873 0.0230032317 -0.00793105643
vn 0.00181781524 0.0203455817 -0.0150967874
vn -0.000993796508 0.0215030834 -0.0134829404
vn -0.0148619255 0.02056887 0.00109766389
vn -0.00758292107 0.0229774471 -0.00772633497
vn -0.00802872889 0.0230032336 -0.00717988936
vn 0.000332554337 0.0203455742 -0.0152022075
vn -0.00230772165 0.0215028208 -0.0133215357
vn -0.0146830231 0.0205691028 0.00254574814
vn -0.00830232725 0.0229775254 -0.00694729155
vn -0.00867912639 0.0230032504 -0.00637833867
vn -0.00112324767 0.0203456115 -0.0151642524
vn -0.0035720577 0.0215028878 -0.013039411
vn -0.0143720862 0.0205689855 0.00393953035
vn -0.00892940536 0.0229773875 -0.00612089736
vn -0.00924960058 0.0230030753 -0.00551937707
vn -0.00256819138 0.0203455333 -0.014987451
vn -0.00480305636 0.0215029046 -0.0126378722
vn -0.0139294332 0.0205689594 0.00529611111
vn -0.00947363582 0.0229775012 -0.00523875793
vn -0.00974572822 0.0230030846 -0.00458682096
vn -0.00402402319 0.0203457028 -0.0146635473
vn -0.00601775292 0.0215028245 -0.0121068265
vn -0.0133434953 0.0205691252 0.00663492223
vn -0.00994177815 0.0229773317 -0.00428523915
vn -0.0101551209 0.0230032895 -0.00358917774
vn -0.005469786 0.0203458089 -0.0141876526
vn -0.00719839334 0.0215029269 -0.0114440974
vn -0.0126132742 0.0205691494 0.00793571677
vn -0.010320127 0.0229774583 -0.0032697625
vn -0.0104318587 0.0230032708 -0.00268064253
vn -0.00669838674 0.0203455407 -0.0136510348
vn -0.00817821827 0.0215028971 -0.0107657928
vn -0.0118651371 0.0205690302 0.00901629403
vn -0.0105681596 0.022977395 -0.00234805164
vn -0.0106309848 0.0230030529 -0.00173255662
vn -0.00789766759 0.0203457177 -0.0129937921
vn -0.0091124326 0.021503171 -0.00998685788
vn -0.0110070296 0.0205690917 0.0100457808
vn -0.010736377 0.0229773931 -0.00138914224
vn -0.0107488073 0.0230030343 -0.00069534831
vn -0.00911858212 0.0203456823 -0.0121681876
vn -0.0100364108 0.0215030499 -0.00905811973
vn -0.00998371653 0.0205689836 0.0110635562
vn -0.0108207883 0.0229772199 -0.000343407679
vn -0.0107644051 0.023003241 0.000372091774
vn -0.0102791311 0.0203458518 -0.0112047205
vn -0.0108844461 0.0215029977 -0.00801934395
vn -0.0088378815 0.0205687582 0.0119990837
vn -0.0108014485 0.0229773056 0.000729447871
vn -0.0106635625 0.0230030939 0.00151860004
vn -0.0114162257 0.0203456394 -0.0100441435
vn -0.011678163 0.0215028562 -0.00681232847
vn -0.00750704389 0.0205691736 0.0128729763
vn -0.0106619317 0.0229773428 0.00187750172
vn -0.0104426816 0.0230032038 0.00263876771
vn -0.0124154482 0.020345645 -0.00877903216
vn -0.0123332972 0.0215030368 -0.00553796999
vn -0.00610234728 0.0205690693 0.0135953957
vn -0.0104030399 0.0229773857 0.00299610244
vn -0.0101201674 0.0230031293 0.00368759711
vn -0.0132441195 0.020345632 -0.00747050811
vn -0.0128331725 0.0215028245 -0.00425421074
vn -0.0046876003 0.0205690134 0.014145745
vn -0.0100441584 0.0229774565 0.00403874461
vn -0.00968840625 0.0230031814 0.00470621325
vn -0.0139402989 0.0203457177 -0.00607286533
vn -0.013201504 0.0215030275 -0.00291549577
vn -0.00321239885 0.020568965 0.0145519124
vn -0.00957677793 0.0229775999 0.0050472999
vn -0.00917521119 0.0230031479 0.00564186787
vn -0.0144728487 0.0203457102 -0.00466356194
vn -0.0134254294 0.0215028562 -0.00159533252
vn -0.00175658462 0.0205689445 0.0147984112
vn -0.00903091859 0.0229772925 0.00597048039
vn -0.00857287366 0.0230031181 0.00652093114
vn -0.0148627795 0.0203457195 -0.00321085169
vn -0.0135170342 0.0215030685 -0.000260466855
vn -0.000285267393 0.0205687582 0.0148998275
vn -0.00839608163 0.022977408 0.00683407299
vn -0.00789615139 0.0230031814 0.00732560363
vn -0.0151052736 0.0203455295 -0.00174649525
vn -0.0134782344 0.0215030052 0.00105735625
vn 0.00116743706 0.0205689222 0.0148565331
vn -0.0076899468 0.0229775868 0.00761940004
vn -0.00713183219 0.0230032615 0.00807137042
vn -0.015203815 0.0203456543 -0.000241861737
vn -0.01330698 0.0215031076 0.00238759536
vn 0.00263330177 0.0205687638 0.0146680502
vn -0.00689762412 0.0229773447 0.00834412035
vn -0.00632017758 0.0230031908 0.00872173719
vn -0.0151564572 0.0203455612 0.00122479233
vn -0.0130147301 0.0215031076 0.0036596877
vn 0.00403562561 0.0205688328 0.0143456226
vn -0.00606043497 0.0229774099 0.00897049718
vn -0.00539072044 0.0230032038 0.00932484493
vn -0.0149503332 0.0203456618 0.00277518132
vn -0.012569787 0.0215031337 0.00497752335
vn 0.00548833795 0.0205688737 0.0138549535
vn -0.0051069418 0.022977367 0.00954566989
vn -0.00443098648 0.0230029915 0.00981778093
vn -0.0145976041 0.0203456394 0.00425734231
vn -0.0120091941 0.0215029065 0.00621001748
vn 0.00684650382 0.0205689725 0.0132364165
vn -0.00412634434 0.0229774565 0.0100084944
vn -0.00351473782 0.023003161 0.0101814168
vn -0.0141471904 0.0203455985 0.00557437818
vn -0.011390686 0.0215030815 0.00728216209
vn 0.00802860688 0.020568803 0.0125549175
vn -0.00319377566 0.0229773615 0.0103441114
vn -0.00256511546 0.0230031032 0.0104612382
vn -0.0135758324 0.0203455314 0.00684953947
vn -0.0106736338 0.0215030815 0.00829766411
vn 0.00914731435 0.0205690581 0.0117643755
vn -0.00223021745 0.0229773633 0.0105937226
vn -0.00171551271 0.0230032206 0.0106333848
vn -0.0129812974 0.0203455836 0.00791854039
vn -0.00997210387 0.0215031225 0.0091286879
vn 0.0100636119 0.0205690861 0.0109907445
vn -0.00137130811 0.0229773819 0.0107386922
vn -0.000678295328 0.0230031572 0.0107496353
vn -0.0121534988 0.0203457531 0.00913798995
vn -0.0090418281 0.0215030294 0.0100511275
vn 0.0110799298 0.020569155 0.0099651916
vn -0.000325579487 0.0229774341 0.010820888
vn 0.000332557363 0.0230031423 0.0107659064
vn -0.011242616 0.0203457046 0.0102379648
vn -0.00805890653 0.0215030815 0.0108550247
vn 0.0119666308 0.0205689371 0.00888136588
vn 0.000689918117 0.0229774155 0.0108038234
vn 0.00145427324 0.0230032615 0.0106721651
vn -0.0101130223 0.0203454234 0.0113556357
vn -0.00688210456 0.021502899 0.0116370954
vn 0.012827876 0.0205689445 0.00758447591
vn 0.00181394245 0.0229773968 0.0106728077
vn 0.00259689614 0.0230030697 0.0104534691
vn -0.00882939808 0.0203456003 0.0123797562
vn -0.00558676803 0.0215029027 0.0123115098
vn 0.0135712372 0.0205688719 0.00615654839
vn 0.00295426138 0.0229775086 0.0104147205
vn 0.00363567192 0.0230031908 0.0101387957
vn -0.00753873028 0.0203456581 0.0132053718
vn -0.00431938423 0.0215031318 0.0128108654
vn 0.0141216991 0.0205689836 0.0047596856
vn 0.00398755353 0.0229772739 0.0100650061
vn 0.00461086724 0.0230031852 0.00973414071
vn -0.00620932691 0.0203458257 0.0138798999
vn -0.00304491399 0.0215027761 0.0131726684
vn 0.01452005 0.0205688439 0.00335423485
vn 0.00495344726 0.0229773372 0.00962627679
vn 0.0056325919 0.023003241 0.00918067247
vn -0.00467827637 0.0203456655 0.0144681623
vn -0.00160850747 0.0215028487 0.0134238722
vn 0.0147968223 0.0205688886 0.00177053048
vn 0.00596197182 0.0229773596 0.00903636683
vn 0.00653083762 0.0230032802 0.00856488943
vn -0.00319301616 0.0203457046 0.0148666408
vn -0.000244183233 0.021502858 0.0135176703
vn 0.014899943 0.0205689147 0.000267438212
vn 0.00684411125 0.022977272 0.00838827901
vn 0.00734964758 0.0230032131 0.00787367672
vn -0.00170078024 0.0203457996 0.0151101211
vn 0.00109921372 0.0215028953 0.0134750633
vn 0.0148527315 0.020569019 -0.00121318211
vn 0.00764337555 0.0229774155 0.00766662881
vn 0.00809615571 0.0230031926 0.00710389996
vn -0.000189921455 0.0203456338 0.0152045712
vn 0.0024325382 0.0215029363 0.0132991206
vn 0.0146588041 0.0205688421 -0.00268370309
vn 0.00836741738 0.0229774565 0.00686896965
vn 0.00871090498 0.0230032392 0.00633491715
vn 0.00119922718 0.0203457978 0.015158182
vn 0.00363797578 0.0215030555 0.0130208982
vn 0.0143519957 0.0205690768 -0.00401164545
vn 0.00896037091 0.0229772739 0.00607590051
vn 0.00926207192 0.0230032448 0.00549770519
vn 0.00260231877 0.020345686 0.0149813546
vn 0.00483180396 0.0215031952 0.0126264105
vn 0.0139171146 0.0205690823 -0.00532793161
vn 0.0094859805 0.0229773596 0.00521701481
vn 0.00975121465 0.0230032261 0.00457444042
vn 0.00404183101 0.0203455891 0.0146588041
vn 0.00603252789 0.0215029959 0.0120991627
vn 0.0133356461 0.0205689725 -0.00665115938
vn 0.0099471407 0.0229771826 0.00427357759
vn 0.0101325624 0.0230031144 0.00365348742
vn 0.00537979836 0.0203455705 0.0142223621
vn 0.00712549454 0.0215028413 0.0114897806
vn 0.0126635358 0.0205689427 -0.00785579812
vn 0.0102991695 0.0229773968 0.00333563681
vn 0.0104434257 0.023003133 0.00263643335
vn 0.00675580278 0.0203457065 0.013622459
vn 0.00822395086 0.0215028953 0.0107308999
vn 0.0118271774 0.020569073 -0.00906593073
vn 0.010578176 0.0229772609 0.00230384758
vn 0.0106341168 0.0230031163 0.00171240023
vn 0.00792241283 0.0203455631 0.012978957
vn 0.00913104322 0.0215031877 0.00996980444
vn 0.0109883239 0.0205689035 -0.0100666275
vn 0.0107393842 0.0229771957 0.00136896933
vn 0.0107464911 0.0230030604 0.000729452237
vn 0.00907986704 0.0203457847 0.0121969245
vn 0.0100077121 0.0215030164 0.00908988249
vn 0.0100178486 0.0205690283 -0.0110325813
vn 0.0108193131 0.0229773801 0.000377513148
vn -0.00692850538 0.0218226966 -0.010996623
vn -0.0101442421 0.020569101 -0.0109163383
vn 0.00129223405 0.022977272 -0.0107487263
vn 0.00163721514 0.0230031945 -0.0106457807
vn 0.00990469661 0.0215032008 -0.00920159742
vn 0.0107658962 0.0230031163 -0.000334885495
vn 0.0102401897 0.0203455016 0.0112409526
vn 0.0108565064 0.0215029363 0.00805729907
vn 0.00887975283 0.0205687806 -0.0119680967
vn 0.0108037982 0.0229773559 -0.000692244677
vn 0.010671284 0.0230030306 -0.00146433921
vn 0.0113650141 0.0203455538 0.0101022301
vn 0.0116433445 0.021502981 0.00687127654
vn 0.00757283205 0.0205688942 -0.0128348256
vn 0.0106712542 0.0229773838 -0.00182324706
vn 0.0104705328 0.0230030771 -0.00252713147
vn 0.0123208212 0.0203455575 0.00891154632
vn 0.0122736124 0.0215030517 0.00566897495
vn 0.00624729507 0.0205690172 -0.0135294776
vn 0.0104347747 0.0229772814 -0.00288446737
vn 0.0101465937 0.0230032895 -0.00361321098
vn 0.0131890597 0.0203455985 0.0075673894
vn 0.0128014656 0.0215029567 0.00434802985
vn 0.00479073217 0.0205691475 -0.0141109601
vn 0.010073592 0.0229773987 -0.00396509748
vn 0.00969612226 0.0230030976 -0.00469069928
vn 0.013930303 0.0203458387 0.0060953754
vn 0.0131968111 0.0215029567 0.00293718744
vn 0.00323567307 0.0205690879 -0.0145465834
vn 0.0095852511 0.0229774714 -0.00503177568
vn 0.00917594787 0.0230030455 -0.00564107345
vn 0.0144726858 0.0203454811 0.00466505531
vn 0.0134254033 0.021502817 0.0015960997
vn 0.00175735529 0.0205688979 -0.014798386
vn 0.00903098285 0.0229774565 -0.00596975209
vn 0.00863022637 0.0230030827 -0.00644495804
vn 0.0148340221 0.0203456171 0.00334183779
vn 0.0135145681 0.021502845 0.000379837176
vn 0.000417048432 0.0205687527 -0.01489673
vn 0.00845656916 0.022977462 -0.00675889943
vn 0.00793489907 0.0230031461 -0.00728373695
vn 0.0150958849 0.0203454178 0.00182709959
vn 0.0134836566 0.021502994 -0.000986043247
vn -0.00108836312 0.0205688216 -0.0148626734
vn 0.00773020042 0.0229774285 -0.00757904304
vn 0.00716280751 0.0230031535 -0.00804420561
vn 0.0152029432 0.0203455277 0.000299994193
vn 0.0133162243 0.0215030089 -0.00233642547
vn -0.00257752603 0.0205690451 -0.01467756
vn 0.00692940224 0.0229773428 -0.00831776578
vn 0.00637754332 0.0230031889 -0.00867988076
vn 0.0151642058 0.0203455575 -0.00112479751
vn 0.0130387265 0.0215030424 -0.00357363513
vn -0.00394104607 0.0205687918 -0.0143719558
vn 0.00611936813 0.0229774788 -0.0089302212
vn 0.00554115465 0.0230033919 -0.00923577789
vn 0.0149931451 0.0203459002 -0.00253180461
vn 0.0126494542 0.021502832 -0.00477281027
vn -0.00526206428 0.0205691867 -0.0139419958
vn 0.00526123121 0.0229774844 -0.00946122874
vn 0.00465349341 0.0230031274 -0.00971396919
vn 0.0146913119 0.0203455146 -0.00392243825
vn 0.0121479463 0.0215028934 -0.00593405496
vn -0.0065426412 0.0205690134 -0.0133891627
vn 0.00435424084 0.0229774062 -0.00991158281
vn 0.00364420121 0.0230032019 -0.0101357074
vn 0.0142170731 0.0203457624 -0.00539303152
vn 0.011482954 0.0215031151 -0.0071356683
vn -0.00786668435 0.0205690376 -0.0126566198
vn 0.00332633336 0.0229773596 -0.0103022577
vn 0.00265503908 0.0230031069 -0.0104387645
vn 0.013634163 0.0203458183 -0.00673181238
vn 0.0107456474 0.0215029251 -0.00820458867
vn -0.00904495455 0.0205689743 -0.0118434029
vn 0.00232170732 0.0229775421 -0.0105736572
vn 0.01292245 0.0203456916 -0.00801393855
vn 0.000771317515 0.0230031274 -0.0107434252
vn 0.0122318557 0.0203458536 -0.0090326136
vn 0.0091286907 0.0215031207 -0.00997210667
vn -0.0109930355 0.0205690134 -0.0100612547
vn 0.000419376855 0.0229773819 -0.0108177662
vn 0.0163124315 0.0106286965 -0.0163124334
vn 0 0.0207087714 -0.0147073781
vn 0.0103991991 0.0207092538 -0.0103992019
vn 0 0.0106284879 -0.0230693594
vn 0 -0.00982947275 -0.0234209634
vn 0.0165611431 -0.00982940011 -0.0165611412
vn 0 -0.0118673574 -0.0224571992
vn 0.0158789605 -0.011868136 -0.0158797354
vn -0.0103991991 0.0207092538 -0.0103992019
vn -0.0163124315 0.0106286965 -0.0163124334
vn -0.0165611431 -0.00982940011 -0.0165611412
vn -0.0158796608 -0.0118673034 -0.015879659
vn -0.0147068584 0.0207091365 -2.46871545e-09
vn -0.0230693575 0.0106284907 -1.26701172e-09
vn -0.0234209653 -0.00982946996 1.17176124e-09
vn -0.022457201 -0.0118673546 1.41469547e-09
vn -0.0103991991 0.0207092557 0.0103991963
vn -0.0163124315 0.0106287003 0.0163124297
vn -0.0165611431 -0.00982939638 0.016561145
vn -0.0158796608 -0.0118672997 0.0158796627
vn 0 0.0106284935 0.0230693556
vn 0 0.0207091384 0.0147068556
vn 0 -0.00982946716 0.0234209672
vn 0 -0.0118673518 0.0224572029
vn 0.0163124315 0.0106287003 0.0163124297
vn 0.0103991991 0.0207092557 0.0103991963
vn 0.0165611431 -0.00982939638 0.016561145
vn 0.0158796608 -0.0118672997 0.0158796627
vn 0.0230693575 0.0106284907 -1.26701172e-09
vn 0.0147068584 0.0207091365 -2.46871545e-09
vn 0.0234210808 -0.00982919522 1.1717286e-09
vn 0.022457201 -0.0118673546 1.41469547e-09
vn 0.0123124644 0.0184923373 -0.0123124663
vn 0.0174128804 0.0184919331 -2.20440488e-09
vn 0.0123124644 0.0184923392 0.0123124626
vn 0 0.018491935 0.0174128786
vn -0.0123124644 0.0184923392 0.0123124626
vn -0.0174128804 0.0184919331 -2.20440488e-09
vn -0.0123124644 0.0184923373 -0.0123124663
vn 0 0.0184919313 -0.0174128823
vn 0.00920614414 0.0218091644 -0.00920692086
vn 0 0.0218094718 -0.0130194845
vn -0.00920681655 0.0218089204 -0.00920681935
vn -0.0130194817 0.0218094736 -2.59988542e-09
vn -0.00920681655 0.0218089223 0.00920681376
vn 0 0.0218091346 0.0130200526
vn 0.00920624286 0.0218094066 0.00920624007
vn 0.0130200554 0.0218091328 -2.59984501e-09
vn 0.0167657677 0.00910923351 -0.0167657696
vn 0.0237104148 0.00910913292 -1.0858906e-09
vn 0.0167657677 0.00910923723 0.0167657658
vn 0 0.00910913572 0.0237104129
vn -0.016765954 0.00910856109 0.0167659521
vn -0.0237104148 0.00910913292 -1.0858906e-09
vn -0.016765954 0.00910855737 -0.0167659558
vn 0 0.00910913013 -0.0237104166
vn 0.017960513 -2.14105489e-09 -0.017960513
vn 0 -3.02790859e-09 -0.0253999997
vn -0.017960513 -2.14105489e-09 -0.017960513
vn -0.0253999997 0 -0
vn -0.017960513 2.14105489e-09 0.017960513
vn 0 3.02790859e-09 0.0253999997
vn 0.017960513 2.14105489e-09 0.017960513
vn 0.0253999997 0 0
vn 0.0230693575 0.0106284907 6.97535052e-06
vn 0.0104029458 0.0207089949 -0.0103959711
vn 0.0147068584 0.0207091365 4.64865207e-06
vn 0.0163178574 0.0106286965 -0.0163070075
vn 0.0165665708 -0.00982940011 -0.0165557154
vn 0.0234209653 -0.00982946996 7.75312401e-06
vn 0.0158850849 -0.0118673034 -0.0158742312
vn 0.022457201 -0.0118673546 6.97810856e-06
vn 4.65112089e-06 0.0207091346 -0.0147068612
vn 6.97661744e-06 0.0106284879 -0.0230693594
vn 7.75195258e-06 -0.00982947275 -0.0234209634
vn 6.97669384e-06 -0.0118673574 -0.0224571992
vn -0.0103953257 0.0207092538 -0.010403078
vn -0.0163070057 0.0106286965 -0.0163178593
vn -0.0165557172 -0.00982940011 -0.016566569
vn -0.0158742331 -0.0118673034 -0.015885083
vn -0.0147068584 0.0207091365 -4.65358971e-06
vn -0.0230693575 0.0106284907 -6.97788437e-06
vn -0.0234210808 -0.00982919522 -6.97539463e-06
vn -0.022457201 -0.0118673546 -6.97527912e-06
vn -0.0163178574 0.0106287003 0.0163070038
vn -0.0104029458 0.0207089968 0.0103959655
vn -0.0165665708 -0.00982939638 0.0165557191
vn -0.0158846136 -0.0118675288 0.0158745367
vn -6.97661744e-06 0.0106284935 0.0230693556
vn -4.65112089e-06 0.0207091384 0.0147068556
vn -6.97674386e-06 -0.00982946716 0.0234209672
vn -6.97669384e-06 -0.0118673518 0.0224572029
vn 0.0163070057 0.0106287003 0.0163178556
vn 0.0103959683 0.0207089968 0.010402943
vn 0.0165557172 -0.00982939638 0.0165665727
vn 0.0158742331 -0.0118672997 0.0158850867
vn 0.0174128804 0.0184919331 5.4240486e-06
vn 0.0123085855 0.0184923392 0.0123163359
vn -5.42625321e-06 0.018491935 0.0174128786
vn -0.0123163378 0.0184923392 0.0123085836
vn -0.0174124688 0.0184923168 -5.42858425e-06
vn -0.0123084029 0.0184920616 -0.012316932
vn 5.42625321e-06 0.0184919313 -0.0174128823
vn 0.0123169301 0.0184920616 -0.0123084048
vn 0.0130200516 0.0218091309 3.8733383e-06
vn 0.00920910295 0.0218096096 -0.009202905
vn 3.87593809e-06 0.021809129 -0.0130200544
vn -0.00920314342 0.0218094029 -0.00920934696
vn -0.0130206244 0.02180879 -3.87848695e-06
vn -0.00920924172 0.0218091663 0.00920381397
vn -3.87593809e-06 0.0218091328 0.0130200488
vn 0.00920314342 0.0218094066 0.00920934137
vn 0.0237104129 0.00910913292 7.75071476e-06
vn 0.01676034 0.00910923723 0.0167711917
vn -6.97661744e-06 0.00910913572 0.023710411
vn -0.0167711936 0.00910923723 0.0167603381
vn -0.0237106718 0.00910845771 -7.75296212e-06
vn -0.01676034 0.00910923351 -0.0167711955
vn 7.75180069e-06 0.00910913013 -0.0237104148
vn 0.0167711936 0.00910923351 -0.0167603418
vn 0.0253999997 9.24099556e-13 7.75192711e-06
vn 0.0179663263 -2.14036167e-09 -0.0179546978
vn 7.75192711e-06 -3.02790859e-09 -0.0253999997
vn -0.0179546978 -2.14174789e-09 -0.0179663263
vn -0.0253999997 -9.24099556e-13 -7.75192711e-06
vn -0.0179663263 2.14036167e-09 0.0179546978
vn -7.75192711e-06 3.02790859e-09 0.0253999997
vn 0.0179546978 2.14174789e-09 0.0179663263
vn 0.016301576 0.0106287003 0.0163232796
vn 0.0147077385 0.0207085069 9.2998489e-06
vn 0.0103928698 0.0207089968 0.0104060443
vn 0.0230693519 0.0106284907 1.47271521e-05
vn 0.0234209616 -0.00982946996 1.47298679e-05
vn 0.0165502876 -0.00982939452 0.016571993
vn 0.0224571992 -0.0118673528 1.47299843e-05
vn 0.0158691071 -0.0118675251 0.0158900414
vn 0.0104061794 0.0207092538 -0.0103922272
vn 0.0163232815 0.0106286965 -0.0163015779
vn 0.0165719911 -0.00982939824 -0.0165502857
vn 0.0158900395 -0.0118675288 -0.0158691052
vn 9.30224178e-06 0.0207091346 -0.0147068612
vn 1.4728419e-05 0.0106284879 -0.0230693538
vn 1.55039052e-05 -0.00982947275 -0.0234209597
vn 1.472857e-05 -0.0118673556 -0.0224571973
vn -0.0103922244 0.0207092538 -0.0104061821
vn -0.016301576 0.0106286965 -0.0163232833
vn -0.0165502876 -0.00982939824 -0.0165719893
vn -0.0158691071 -0.0118675297 -0.0158900376
vn -0.0230693519 0.0106284907 -1.4729686e-05
vn -0.0147068584 0.0207091365 -9.30471015e-06
vn -0.0234209616 -0.00982946996 -1.55027337e-05
vn -0.0224571992 -0.0118673528 -1.39519734e-05
vn -0.0163232815 0.0106287003 0.0163015742
vn -0.0104060471 0.0207089968 0.010392867
vn -0.0165719911 -0.00982939452 0.0165502895
vn -0.0158905089 -0.0118672997 0.0158688072
vn -1.4728419e-05 0.0106284935 0.02306935
vn -9.30224178e-06 0.0207091384 0.0147068556
vn -1.55034486e-05 -0.00982918963 0.0234210771
vn -1.472857e-05 -0.01186735 0.022457201
vn 0.0123045268 0.0184920654 0.0123208035
vn -1.08525301e-05 0.0184919331 0.0174128786
vn -0.0123208053 0.0184920654 0.0123045249
vn -0.0174128804 0.0184919313 -1.08547347e-05
vn -0.0123045268 0.0184920616 -0.0123208072
vn 1.08525301e-05 0.0184919294 -0.0174128823
vn 0.0123208053 0.0184920616 -0.0123045286
vn 0.0174128804 0.0184919313 1.08503255e-05
vn 0.00920071546 0.0218091644 0.00921234023
vn 0.0130200516 0.0218091309 8.52445919e-06
vn 0.0092130173 0.0218089186 -0.00920061674
vn 7.75200351e-06 0.0218094699 -0.0130194845
vn -0.00920085516 0.0218087155 -0.00921326037
vn -0.0130200516 0.0218091309 -8.52965968e-06
vn -0.00921244547 0.0218094066 0.00920003932
vn -8.52705944e-06 0.0218091328 0.0130200488
vn 0.0167549122 0.00910923444 0.0167766139
vn -1.55035741e-05 0.00910913385 0.0237104073
vn -0.0167766158 0.00910923444 0.0167549103
vn -0.0237104092 0.00910913106 -1.550466e-05
vn -0.0167547558 0.00910837203 -0.0167772397
vn 1.55035741e-05 0.00910912827 -0.023710411
vn 0.0167768002 0.00910855457 -0.0167550966
vn 0.0237104092 0.00910913106 1.55024882e-05
vn 0.0179484934 2.14248641e-09 0.0179725215
vn 0.025399996 1.94061065e-12 1.6279062e-05
vn 0.0179725215 -2.13962204e-09 -0.0179484934
vn 1.6279062e-05 -3.02790815e-09 -0.025399996
vn -0.0179484934 -2.14248641e-09 -0.0179725215
vn -0.025399996 -1.94061065e-12 -1.6279062e-05
vn -0.0179725215 2.13962204e-09 0.0179484934
vn -1.6279062e-05 3.02790815e-09 0.025399996
vn -2.24802188e-05 0.0106284907 0.0230693445
vn 0.0103889909 0.0207089949 0.0104099205
vn -1.39533622e-05 0.0207091384 0.0147068547
vn 0.0162961446 0.0106286975 0.0163287017
vn 0.016544858 -0.00982939452 0.016577417
vn -2.32558323e-05 -0.00982946437 0.0234209578
vn 0.0158641506 -0.0118672969 0.0158951581
vn -2.17049601e-05 -0.0118679535 0.0224568732
vn 0.0147073716 0.0207087677 1.39506647e-05
vn 0.0230693463 0.0106284879 2.2478951e-05
vn 0.023420956 -0.00982946716 2.32570037e-05
vn 0.0224571936 -0.011867349 2.1706679e-05
vn 0.0104092779 0.0207092501 -0.0103891259
vn 0.0163287036 0.0106286937 -0.0162961464
vn 0.0165774152 -0.00982939824 -0.0165448561
vn 0.0158954598 -0.0118675269 -0.0158636756
vn 1.39533622e-05 0.0207091346 -0.0147068603
vn 2.24802188e-05 0.0106284851 -0.0230693482
vn 2.24800151e-05 -0.00982919335 -0.0234210677
vn 2.17052639e-05 -0.0118673518 -0.0224571917
vn -0.0162961446 0.0106286937 -0.0163287055
vn -0.0103889909 0.0207089931 -0.0104099261
vn -0.016544858 -0.00982939824 -0.0165774133
vn -0.0158641506 -0.0118673006 -0.0158951543
vn -0.0230693463 0.0106284879 -2.24814867e-05
vn -0.0147068575 0.0207091365 -1.39558306e-05
vn -0.023420956 -0.00982946716 -2.24794785e-05
vn -0.0224571936 -0.011867349 -2.2479031e-05
vn -0.0163287036 0.0106286975 0.0162961427
vn -0.0104099233 0.0207089949 0.0103889881
vn -0.0165774152 -0.00982939452 0.0165448599
vn -0.0158951562 -0.0118672969 0.0158641525
vn -1.70539661e-05 0.0184919313 0.017412873
vn -0.012324865 0.0184923355 0.0123000545
vn -0.0174128748 0.0184919294 -1.70561707e-05
vn -0.0123006506 0.0184920598 -0.0123246843
vn 1.70543226e-05 0.018492315 -0.0174124688
vn 0.012324865 0.0184923336 -0.0123000583
vn 0.0174124669 0.0184923168 1.7052118e-05
vn 0.0123000564 0.0184923355 0.0123248631
vn -1.24029975e-05 0.0218091328 0.0130200488
vn 0.00919694081 0.0218094047 0.00921554398
vn 0.0130200516 0.0218091309 1.24003973e-05
vn 0.00921554677 0.0218094029 -0.0091969436
vn 1.24027947e-05 0.0218087863 -0.0130206244
vn -0.00919761695 0.0218091626 -0.00921544712
vn -0.0130200516 0.0218091309 -1.24055978e-05
vn -0.00921554677 0.0218094047 0.00919693802
vn -2.32553739e-05 0.00910913385 0.0237104017
vn -0.0167823769 0.00910941698 0.0167490393
vn -0.0237104036 0.00910913106 -2.32564598e-05
vn -0.0167493261 0.00910836924 -0.01678266
vn 2.32556285e-05 0.00910845213 -0.0237106644
vn 0.0167823769 0.00910941325 -0.016749043
vn 0.0237106625 0.00910845492 2.32545426e-05
vn 0.0167494807 0.00910923164 0.0167820379
vn -2.48061988e-05 3.02790704e-09 0.0253999867
vn 0.0179426745 2.14317897e-09 0.0179783329
vn 0.0253999867 2.95712218e-12 2.48061988e-05
vn 0.0179783329 -2.13892837e-09 -0.0179426745
vn 2.48061988e-05 -3.02790704e-09 -0.0253999867
vn -0.0179426745 -2.14317897e-09 -0.0179783329
vn -0.0253999867 -2.95712218e-12 -2.48061988e-05
vn -0.0179783329 2.13892837e-09 0.0179426745
vn -0.0163341258 0.0106286956 0.0162907131
vn -1.93796914e-05 0.0207091309 0.0147068547
vn -0.0104130218 0.0207089912 0.0103858896
vn -3.0230698e-05 0.0106284851 0.023069337
vn -3.02322242e-05 -0.00982946157 0.0234209485
vn -0.0165828373 -0.00982938893 0.0165394284
vn -2.94570655e-05 -0.0118673425 0.022457188
vn -0.0159005783 -0.0118672922 0.015858721
vn 0.0103858924 0.0207089912 0.010413019
vn 0.016290715 0.0106286956 0.0163341239
vn 0.0165394265 -0.00982938893 0.0165828392
vn 0.0158587191 -0.0118672922 0.0159005802
vn 0.0147068575 0.0207091291 1.9377223e-05
vn 0.0230693389 0.0106284823 3.02294302e-05
vn 0.0234209467 -0.00982946437 3.02333956e-05
vn 0.0224571861 -0.0118673453 2.94584806e-05
vn 0.0104131512 0.0207092483 -0.0103852469
vn 0.0163341258 0.0106286919 -0.0162907168
vn 0.0165828373 -0.00982939266 -0.0165394247
vn 0.0159005783 -0.011867296 -0.0158587173
vn 3.0230698e-05 0.0106284795 -0.0230693407
vn 1.93796914e-05 0.0207091272 -0.0147068603
vn 3.10073556e-05 -0.00982946716 -0.0234209448
vn 2.94570655e-05 -0.0118673472 -0.0224571843
vn -0.016290715 0.0106286919 -0.0163341276
vn -0.0103858924 0.0207089894 -0.0104130246
vn -0.0165394265 -0.00982939266 -0.0165828355
vn -0.015858246 -0.0118675213 -0.0159008801
vn -0.0230693389 0.0106284823 -3.02319659e-05
vn -0.0147068575 0.0207091291 -1.86069756e-05
vn -0.0234210622 -0.00982918777 -3.10046853e-05
vn -0.0224571861 -0.0118673453 -2.94556503e-05
vn -0.0123287356 0.0184923317 0.0122961765
vn -0.0174124651 0.0184923112 -2.24829055e-05
vn -0.0122961784 0.018492328 -0.0123287374
vn 2.24807009e-05 0.0184923094 -0.0174124669
vn 0.0123287356 0.018492328 -0.0122961802
vn 0.0174128748 0.0184919257 2.24780142e-05
vn 0.0122961784 0.0184923317 0.0123287337
vn -2.24802188e-05 0.0184919275 0.017412873
vn -0.00921854377 0.0218091588 0.00919451006
vn -1.70539388e-05 0.0218096729 0.0130191352
vn 0.00919451285 0.0218091588 0.00921854097
vn 0.013019138 0.0218096711 1.70513395e-05
vn 0.00921921711 0.0218089167 -0.00919441413
vn 1.70541189e-05 0.021809129 -0.0130200535
vn -0.00919383764 0.0218093991 -0.00921864808
vn -0.0130200507 0.0218091309 -1.70567182e-05
vn -0.0167882349 0.00910922978 0.0167432707
vn -0.0237103943 0.00910912547 -3.10069408e-05
vn -0.0167436097 0.00910940766 -0.0167877991
vn 3.10058567e-05 0.00910912268 -0.0237103961
vn 0.0167884156 0.00910854992 -0.0167434588
vn 0.0237103943 0.00910912547 3.10047726e-05
vn 0.0167434569 0.00910855364 0.0167884137
vn -3.10058567e-05 0.00910912827 0.0237103924
vn -0.0179841407 2.13823448e-09 0.0179368537
vn -3.33327989e-05 3.02790615e-09 0.0253999792
vn 0.0179368537 2.1438713e-09 0.0179841407
vn 0.0253999792 3.97356974e-12 3.33327989e-05
vn 0.0179841407 -2.13823448e-09 -0.0179368537
vn 3.33327989e-05 -3.02790615e-09 -0.0253999792
vn -0.0179368537 -2.1438713e-09 -0.0179841407
vn -0.0253999792 -3.97356974e-12 -3.33327989e-05
vn -0.0230693277 0.0106284795 -3.79849334e-05
vn -0.0104168979 0.0207089894 0.0103820106
vn -0.0147068538 0.0207091291 -2.40332811e-05
vn -0.0163395461 0.01062869 0.0162852798
vn -0.0165882576 -0.00982938707 0.0165339969
vn -0.0234209355 -0.00982945971 -3.87576547e-05
vn -0.0159060005 -0.0118672866 0.0158532895
vn -0.0224571787 -0.0118673416 -3.6431964e-05
vn -2.40308127e-05 0.0207091291 0.014706851
vn -3.79836674e-05 0.0106284823 0.0230693258
vn -3.87588261e-05 -0.00982945692 0.0234209374
vn -3.64333791e-05 -0.0118673388 0.0224571805
vn 0.0103821428 0.0207092483 0.0104162497
vn 0.0162852816 0.01062869 0.0163395442
vn 0.016533995 -0.00982938707 0.0165882595
vn 0.0158532877 -0.0118672866 0.0159060024
vn 0.0147068538 0.0207091291 2.40283443e-05
vn 0.0230693277 0.0106284795 3.79824014e-05
vn 0.0234209392 -0.00982945971 3.79848389e-05
vn 0.0224571787 -0.0118673416 3.64347943e-05
vn 0.0163395461 0.0106286863 -0.0162852835
vn 0.0104168979 0.0207089856 -0.0103820162
vn 0.0165882576 -0.00982939079 -0.0165339932
vn 0.0159060005 -0.0118672904 -0.0158532858
vn 3.79836674e-05 0.0106284767 -0.0230693296
vn 2.40308127e-05 0.0207091272 -0.0147068566
vn 3.79836674e-05 -0.00982946251 -0.0234209374
vn 3.72085342e-05 -0.0118673444 -0.0224571768
vn -0.0162852816 0.0106286863 -0.0163395479
vn -0.0103821428 0.0207092464 -0.0104162553
vn -0.016533995 -0.00982939079 -0.0165882558
vn -0.0158532877 -0.0118672904 -0.0159059986
vn -0.0174128711 0.0184919219 -2.86826162e-05
vn -0.0122922994 0.0184923224 -0.0123326108
vn 2.86804116e-05 0.0184919201 -0.017412873
vn 0.0123326089 0.0184923224 -0.0122923013
vn 0.0174124595 0.0184923075 2.86797022e-05
vn 0.0122921169 0.0184920542 0.0123331994
vn -2.86819068e-05 0.0184923094 0.0174124576
vn -0.0123332012 0.0184920542 0.012292115
vn -0.0130200507 0.0218091253 -2.09326554e-05
vn -0.00922150537 0.0218096003 0.00919049419
vn -2.09300561e-05 0.0218091272 0.0130200479
vn 0.00919083785 0.0218096413 0.00922106858
vn 0.0130206179 0.0218087863 2.09271275e-05
vn 0.00922164321 0.0218091551 -0.00919141434
vn 2.17052402e-05 0.0218091216 -0.0130200507
vn -0.00919141155 0.0218091551 -0.009221646
vn -0.0237103868 0.00910912361 -3.87599102e-05
vn -0.0167378411 0.00910922047 -0.0167936571
vn 3.87588261e-05 0.00910912082 -0.0237103887
vn 0.0167936552 0.00910922047 -0.0167378429
vn 0.0237106457 0.00910844747 3.8757742e-05
vn 0.0167378411 0.00910922419 0.0167936534
vn -3.87588261e-05 0.00910845026 0.0237106439
vn -0.0167936552 0.00910922419 0.0167378392
vn -0.0253999662 -4.99001751e-12 -4.18594027e-05
vn -0.0179903358 2.13749396e-09 0.0179306436
vn -4.18594027e-05 3.02790459e-09 0.0253999662
vn 0.0179306436 2.14460982e-09 0.0179903358
vn 0.0253999662 4.99001751e-12 4.18594027e-05
vn 0.0179903358 -2.13749396e-09 -0.0179306436
vn 4.18594027e-05 -3.02790459e-09 -0.0253999662
vn -0.0179306436 -2.14460982e-09 -0.0179903358
vn -0.0162798464 0.0106286816 -0.0163449645
vn -0.0147068482 0.0207091216 -2.86843751e-05
vn -0.0103789102 0.0207089819 -0.0104199974
vn -0.0230693184 0.0106284749 -4.49612708e-05
vn -0.0234209243 -0.00982945412 -4.57339665e-05
vn -0.016528111 -0.00982958078 -0.0165940002
vn -0.0224571656 -0.0118673369 -4.41834345e-05
vn -0.0158479288 -0.0118681192 -0.0159107186
vn -0.0104199946 0.0207089838 0.0103789074
vn -0.0163449626 0.0106286854 0.0162798446
vn -0.016594002 -0.00982957706 0.0165281128
vn -0.0159109458 -0.0118675083 0.0158481561
vn -2.86819068e-05 0.0207091235 0.0147068454
vn -4.5735138e-05 0.0106284777 0.0230693165
vn -4.6510293e-05 -0.00982945133 0.0234209262
vn -4.41848497e-05 -0.0118673351 0.0224571675
vn 0.0103789102 0.0207089838 0.0104199918
vn 0.0162798464 0.0106286854 0.0163449608
vn 0.016528558 -0.00982938148 0.0165936742
vn 0.0158478525 -0.011867282 0.0159114208
vn 0.0230693184 0.0106284749 4.5733872e-05
vn 0.0147068482 0.0207091216 2.86794384e-05
vn 0.0234209243 -0.00982945412 4.65114645e-05
vn 0.0224571656 -0.0118673369 4.41862649e-05
vn 0.0163449626 0.0106286816 -0.0162798483
vn 0.0104199946 0.0207089819 -0.010378913
vn 0.0165936723 -0.00982938521 -0.0165285561
vn 0.0159114189 -0.0118672857 -0.0158478506
vn 4.5735138e-05 0.0106284721 -0.0230693202
vn 2.86819068e-05 0.0207091197 -0.014706851
vn 4.6510293e-05 -0.00982945692 -0.0234209225
vn 4.41848497e-05 -0.0118673397 -0.0224571638
vn -0.0122882379 0.0184920467 -0.0123370765
vn 3.41079576e-05 0.0184923001 -0.0174124558
vn 0.0123370746 0.0184920467 -0.0122882398
vn 0.0174124539 0.0184923019 3.4105753e-05
vn 0.0122882379 0.0184920505 0.0123370728
vn -3.41079576e-05 0.0184923038 0.017412452
vn -0.0123370746 0.0184920505 0.0122882361
vn -0.0174124539 0.0184923019 -3.41101622e-05
vn -0.00918830745 0.0218091495 -0.00922474731
vn -0.0130194752 0.0218094643 -2.55839295e-05
vn -0.00922474451 0.0218091514 0.00918830466
vn -2.55813302e-05 0.0218094643 0.0130194724
vn 0.00918830745 0.0218091514 0.00922474172
vn 0.0130200479 0.0218091197 2.5577232e-05
vn 0.00922484603 0.0218093935 -0.00918763783
vn 2.55798313e-05 0.0218091179 -0.0130200507
vn -0.016732404 0.00910921767 -0.0167990755
vn 4.6510293e-05 0.00910911523 -0.0237103757
vn 0.0167990737 0.00910921767 -0.0167324059
vn 0.0237106364 0.00910844281 4.65092089e-05
vn 0.0167325865 0.00910854619 0.0167992525
vn -4.6510293e-05 0.00910912082 0.0237103719
vn -0.0167992543 0.00910854619 0.0167325847
vn -0.0237103738 0.00910911802 -4.65113771e-05
vn -0.0179248173 -2.14530149e-09 -0.0179961361
vn -0.0253999513 -5.91406221e-12 -4.96108696e-05
vn -0.0179961361 2.13679963e-09 0.0179248173
vn -5.03860283e-05 3.02790282e-09 0.0253999513
vn 0.0179248173 2.14530149e-09 0.0179961361
vn 0.0253999513 6.00646833e-12 5.03860283e-05
vn 0.0179961361 -2.13679963e-09 -0.0179248173
vn 5.03860283e-05 -3.02790282e-09 -0.0253999513
vn 5.34866085e-05 0.0106284646 -0.0230693072
vn -0.0103750313 0.0207089763 -0.0104238708
vn 3.41079576e-05 0.0207091197 -0.0147068491
vn -0.0162744094 0.0106286732 -0.0163503792
vn -0.0165231228 -0.00982937776 -0.016599087
vn 5.42632624e-05 -0.00982944947 -0.0234209076
vn -0.015842719 -0.0118675046 -0.0159163624
vn 5.11611652e-05 -0.0118679386 -0.0224568341
vn -0.0147068463 0.0207091197 -3.33352691e-05
vn -0.0230693053 0.0106284674 -5.27127158e-05
vn -0.0234209094 -0.00982944667 -5.4262091e-05
vn -0.0224571563 -0.0118673323 -5.115975e-05
vn -0.0104232226 0.0207092389 0.0103751579
vn -0.0163503774 0.010628677 0.0162744075
vn -0.0165994205 -0.0098295724 0.0165226795
vn -0.0159163643 -0.0118675008 0.0158427209
vn -3.41079576e-05 0.0207091216 0.0147068435
vn -5.27114498e-05 0.0106284702 0.0230693035
vn -5.34881365e-05 -0.00982944667 0.023420915
vn -5.19363202e-05 -0.0118673295 0.0224571582
vn 0.0162744094 0.010628677 0.0163503755
vn 0.0103750313 0.02070898 0.0104238652
vn 0.0165226776 -0.0098295724 0.0165994223
vn 0.015842719 -0.0118675008 0.0159163661
vn 0.0230693053 0.0106284674 5.27101838e-05
vn 0.0147068463 0.0207091197 3.33303287e-05
vn 0.0234209131 -0.00982944947 5.34893079e-05
vn 0.0224571563 -0.0118673323 5.19377354e-05
vn 0.0163503774 0.0106286732 -0.0162744112
vn 0.0104232226 0.0207092352 -0.0103751635
vn 0.0165998638 -0.00982937776 -0.0165223423
vn 0.0159163643 -0.0118675046 -0.0158427171
vn 3.95339812e-05 0.0184919089 -0.0174128618
vn 0.0123411305 0.0184923131 -0.0122837666
vn 0.0174128581 0.018491907 4.03069098e-05
vn 0.0122837648 0.0184923168 0.0123411287
vn -4.03091144e-05 0.0184922982 0.0174124464
vn -0.0123411305 0.0184923168 0.0122837629
vn -0.0174124483 0.0184922963 -4.0311319e-05
vn -0.0122837648 0.0184923131 -0.0123411324
vn 2.94570655e-05 0.0218091179 -0.013020047
vn -0.00918453373 0.0218093861 -0.00922794733
vn -0.0130200442 0.0218091179 -2.94596648e-05
vn -0.00922716688 0.0218093935 0.00918530487
vn -2.9455543e-05 0.0218087789 0.0130206142
vn 0.00918520615 0.0218091495 0.0092278393
vn 0.0130200442 0.0218091179 3.02296248e-05
vn 0.00922784209 0.0218091477 -0.00918520894
vn 5.42617672e-05 0.00910910778 -0.0237103608
vn 0.0168044865 0.00910921022 -0.0167269688
vn 0.0237103589 0.00910911057 5.42606831e-05
vn 0.0167271513 0.00910853874 0.0168046709
vn -5.42617672e-05 0.00910844002 0.0237106159
vn -0.0168044865 0.00910921395 0.0167269651
vn -0.0237106178 0.00910843723 -5.42628513e-05
vn -0.0167269669 0.00910921022 -0.0168044884
vn 5.81390013e-05 -3.0279006e-09 -0.0253999326
vn -0.0179189928 -2.14599294e-09 -0.0180019364
vn -0.0253999326 -6.93069213e-12 -5.81390013e-05
vn -0.0180023257 2.13605911e-09 0.0179186054
vn -5.81390013e-05 3.0279006e-09 0.0253999326
vn 0.0179189928 2.14599294e-09 0.0180019364
vn 0.0253999326 6.93069213e-12 5.81390013e-05
vn 0.0180023257 -2.13605911e-09 -0.0179186054
vn 0.0166112836 0.00965871103 -0.0166112855
vn 0 0.0191496462 -0.0166868549
vn 0.0117990337 0.0191500764 -0.0117990356
vn 0 0.00965876132 -0.0234918799
vn 0 -0.00880775042 -0.0238240119
vn 0.0168461688 -0.00880757347 -0.0168461669
vn 0 -0.0104511064 -0.0231502559
vn 0.0163697004 -0.0104511213 -0.0163696986
vn -0.0117990337 0.0191500764 -0.0117990356
vn -0.0166112836 0.00965871103 -0.0166112855
vn -0.0168461688 -0.00880757347 -0.0168461669
vn -0.0163697004 -0.0104511213 -0.0163696986
vn -0.0166860297 0.0191503651 -2.28289587e-09
vn -0.0234918781 0.00965876412 -1.15141163e-09
vn -0.0238240138 -0.00880774762 1.04996278e-09
vn -0.0231502578 -0.0104511036 1.24586563e-09
vn -0.0117990337 0.0191500802 0.0117990319
vn -0.0166112836 0.00965871569 0.0166112818
vn -0.0168461688 -0.00880756974 0.0168461706
vn -0.0163697004 -0.0104511175 0.0163697023
vn 0 0.00965876691 0.0234918762
vn 0 0.0191496499 0.0166868512
vn 0 -0.0088077439 0.0238240156
vn 0 -0.0104511008 0.0231502596
vn 0.0166112836 0.00965871569 0.0166112818
vn 0.0117990337 0.0191500802 0.0117990319
vn 0.0168465097 -0.00880774762 0.0168457367
vn 0.0163697004 -0.0104511175 0.0163697023
vn 0.0234918781 0.00965876412 -1.15141163e-09
vn 0.0166860297 0.0191503651 -2.28289587e-09
vn 0.0238240138 -0.00880774762 1.04996278e-09
vn 0.0231502578 -0.0104511036 1.24586563e-09
vn 0.0126511129 0.0180293862 -0.0126511147
vn 0.0178913865 0.0180293731 -2.14926343e-09
vn 0.0126511129 0.0180293899 0.012651111
vn 0 0.018029375 0.0178913847
vn -0.0126511129 0.0180293899 0.012651111
vn -0.0178913865 0.0180293731 -2.14926343e-09
vn -0.0126511129 0.0180293862 -0.0126511147
vn 0 0.0180293713 -0.0178913884
vn 0.0103177624 0.0207905639 -0.0103177652
vn 0 0.0207912493 -0.0145905456
vn -0.0103177624 0.0207905639 -0.0103177652
vn -0.0145896589 0.0207918696 -2.47857801e-09
vn -0.0103177624 0.0207905658 0.0103177596
vn 0 0.0207906328 0.0145914229
vn 0.0103177624 0.0207905658 0.0103177596
vn 0.0145914257 0.020790631 -2.47843035e-09
vn 0.0170316435 0.00806427468 -0.0170308724
vn 0.0240858383 0.00806427095 -9.61333679e-10
vn 0.0170316435 0.0080642784 0.0170308687
vn 0 0.00806427374 0.0240858365
vn -0.0170314629 0.00806341507 0.017031461
vn -0.0240856018 0.00806496758 -9.61416724e-10
vn -0.0170312971 0.00806410983 -0.017031299
vn 0 0.00806496479 -0.0240856037
vn 0.0117993057 0.0191497412 -0.0117993075
vn -0.0117993057 0.0191497412 -0.0117993075
vn -0.0166864693 0.0191499852 -2.28285058e-09
vn -0.0117993057 0.019149743 0.0117993038
vn -0.0168463439 -0.00880688708 0.0168463457
vn 0.0117993057 0.019149743 0.0117993038
vn 0.0168461688 -0.00880756974 0.0168461706
vn 0.0166864693 0.0191499852 -2.28285058e-09
vn 0.0238241069 -0.00880749244 1.04993247e-09
vn 0.0103168609 0.020791078 -0.0103176376
vn -0.0145905428 0.0207912512 -2.47850429e-09
vn 0.0103168609 0.0207910798 0.010317632
vn 0.0145910634 0.020790888 -2.47846099e-09
vn 0.0170312189 0.00806443952 -0.0170312207
vn 0.0170312189 0.00806444325 0.017031217
vn -0.0240858383 0.00806427095 -9.61333679e-10
vn -0.0170314629 0.00806341041 -0.0170314647
vn 0.0168465097 -0.00880775135 -0.0168457329
vn 0.0163694955 -0.0104517667 -0.0163694937
vn 0.016686853 0.019149648 -2.28281039e-09
vn 0.0103169866 0.0207913388 0.0103169838
vn 0.0145905428 0.0207912512 -2.47850429e-09
vn -0.0170316435 0.0080642784 0.0170308687
vn -0.0170316435 0.00806427468 -0.0170308724
vn 0 0.00806426816 -0.0240858402
vn 0.0238243621 -0.00880681258 1.04985132e-09
vn 0.0231505465 -0.0104504591 1.24578881e-09
vn -0.0166114718 0.00965804793 -0.0166114736
vn -0.0170308705 0.00806427468 -0.0170316454
vn -0.0163699072 -0.0104504721 0.016369909
vn 0.0170314796 0.0080649741 0.0170307029
vn -0.0117999157 0.0191494729 -0.0117991399
vn -0.0238241069 -0.00880749244 1.04993247e-09
vn 0.0103169866 0.0207913369 -0.0103169894
vn 0.0170310531 0.00806513522 -0.0170310549
vn -0.0166872907 0.0191492625 -2.28276442e-09
vn -0.02349215 0.00965809915 -1.15133225e-09
vn -0.0145900231 0.0207916163 -2.47854781e-09
vn 0.0170310531 0.00806513894 0.0170310512
vn 0 2.32453729e-07 -0.0253999997
vn -3.78901959e-08 -3.02790859e-09 -0.0253999997
vn 0 -3.89442732e-07 0.0253999997
vn 6.63077131e-08 3.02790859e-09 0.0253999997
vn 0 0.0253999997 -3.02790859e-09
vn 3.70420894e-09 0.0253999997 -3.02790859e-09
vn 0 2.32452436e-07 -0.0253999997
vn -3.78899436e-08 -3.02790859e-09 -0.0253999997
vn 0.0253999997 -2.3392835e-15 -1.96233803e-08
vn 0.0253999997 -2.33927736e-15 -1.96233287e-08
vn 0 -4.25548791e-07 0.0253999997
vn 6.63074573e-08 3.02790859e-09 0.0253999997
vn -0.0253999997 3.01089074e-07 7.84933292e-08
vn 0 1.53959334e-07 -0.0253999997
vn 0.0253999997 -4.67857293e-15 -3.92468102e-08
vn 0.0253999997 -4.67854244e-15 -3.92465545e-08
vn -0.0253999997 3.01089074e-07 5.88700502e-08
vn 0 2.32453218e-07 -0.0253999997
vn 0.0253999997 -8.18749501e-15 -6.86818566e-08
vn 0.0253999997 -7.01784415e-15 -5.88700857e-08
vn -0.0253999997 3.01089074e-07 4.90582863e-08
vn 0.0253999997 -4.38616784e-15 -3.67939315e-08
vn 0 -4.01395965e-07 0.0253999997
vn -0.0253999997 3.04225949e-07 5.64169191e-08
vn 0.0253999997 -3.50892208e-15 -2.94350428e-08
vn 0 -3.89310628e-07 0.0253999997
vn -0.0253999997 3.26179162e-07 5.88700466e-08
vn 0 -3.65109514e-07 0.0253999997
vn -0.0253999997 4.51632303e-07 7.84933079e-08
vn 0 1.53959078e-07 -0.0253999997
vn 0 -3.71126788e-07 0.0253999997
vn -0.0253999997 5.01812565e-07 1.17739859e-07
vn 0 1.53958567e-07 -0.0253999997
vn 0 -3.64847892e-07 0.0253999997
vn -0.0253999997 1.10399071e-06 1.56986346e-07
vn 0 -0.0253999997 3.02790859e-09
vn 0 6.45703295e-08 0.0253999997
vn -1.22200916e-08 -8.40099901e-09 0.0253999997
vn 1.22199646e-08 -8.40089687e-09 0.0253999997
vn 0 1.07070655e-08 0.0253999997
vn 0 1.29536929e-07 0.0253999997
vn 0.025334198 2.17809687e-10 0.00182712451
vn 0.000664902909 3.02687075e-09 0.0253912937
vn -0.0200495683 -1.85895277e-09 -0.0155940633
vn 0.0174842067 -2.19636731e-09 -0.0184245091
vn -0.022706531 5.13456788e-09 -0.011383038
vn 0.0200495701 1.85895277e-09 0.0155940633
vn -0.0244909655 -8.02805766e-10 -0.00673443917
vn 0.0227065608 1.35695333e-09 0.0113829765
vn -0.0253342018 -2.17806648e-10 -0.00182709901
vn 0.0244909581 -2.71478595e-09 0.00673446944
vn -1.47070072e-08 0.0253999997 -3.02790859e-09
vn -8.86465124e-09 0.0253999997 2.1163153e-08
vn -2.95193701e-08 0.0253999997 1.96283825e-08
vn 0.0227065608 1.35695299e-09 0.0113829747
vn -0.0200495292 -1.85895943e-09 -0.0155941201
vn 0.0244909655 8.02804878e-10 0.00673443172
vn -0.0227065608 1.05376126e-08 -0.0113829765
vn 0.0253342036 2.17800486e-10 0.00182704732
vn -0.0244909581 5.14447285e-09 -0.00673447503
vn -0.000664904423 -3.0268712e-09 -0.0253912974
vn -0.0253342036 -2.17802651e-10 -0.00182706548
vn -0.0174841937 2.19636886e-09 0.0184245221
vn 0.0200494956 1.85896398e-09 0.0155941574
vn -0.0253342018 -2.17802831e-10 -0.001827067
vn -0.000664887892 -3.0268712e-09 -0.0253912974
vn 0.0200495366 1.85895821e-09 0.015594109
vn -0.0174842253 2.19636531e-09 0.0184244905
vn 0.0227065496 1.35695577e-09 0.011382997
vn -0.0200495459 -1.85895632e-09 -0.0155940941
vn 0.0244909767 8.02801159e-10 0.00673440052
vn -0.0227065422 -1.35695777e-09 -0.0113830147
vn 0.0253342018 2.17806828e-10 0.00182710052
vn -0.0244909767 -8.02801159e-10 -0.00673440052
vn 7.35347783e-09 0.0253999997 -3.02790859e-09
vn -2.26542358e-08 0.0253999997 -3.02790859e-09
vn -1.96094092e-08 0.0253999997 -3.02790859e-09
vn 1.4759685e-08 0.0253999997 -3.02790859e-09
vn -8.30244762e-09 0.0253999997 -3.02790859e-09
vn -0.0227065943 -1.35694544e-09 -0.0113829114
vn 0.0200495366 1.85895732e-09 0.0155941015
vn -0.0244909432 -8.02814537e-10 -0.00673451275
vn 0.0227065571 1.35695388e-09 0.0113829821
vn -0.0253342111 -2.17790203e-10 -0.00182696106
vn 0.0244909618 8.02807321e-10 0.00673445221
vn 0.000664904423 3.0268712e-09 0.0253912974
vn 0.0253341962 2.17816903e-10 0.00182718504
vn 0.0174842272 -2.19636509e-09 -0.0184244905
vn -0.0200494733 -1.85896754e-09 -0.0155941881
vn 0.0192492455 -1.97551508e-09 -0.0165718608
vn 0.0183788352 2.08999751e-09 0.0175322127
vn -0.0252119936 3.67722519e-10 0.00308468775
vn -0.000598620332 -3.02706771e-09 -0.0253929459
vn -0.0241257455 9.47006584e-10 0.00794408657
vn 0.0252119955 -3.67721326e-10 -0.0030846775
vn -0.0221124105 1.48988033e-09 0.0124980519
vn 0.0241257641 -9.46999035e-10 -0.00794402324
vn -0.0192492362 1.97551597e-09 0.0165718682
vn 0.0221124031 -1.48988277e-09 -0.0124980723
vn -3.15188586e-08 0.0253999997 -3.02790859e-09
vn -5.90976734e-09 0.0253999997 -3.02790859e-09
vn -5.45439605e-09 0.0253999997 -3.02790859e-09
vn -5.53486323e-09 0.0253999997 -3.02790859e-09
vn 0.0241257567 -9.47001699e-10 -0.00794404559
vn -0.0252119917 3.67727709e-10 0.00308473106
vn 0.0221123863 -1.48988577e-09 -0.0124980975
vn -0.0241257492 9.4700503e-10 0.00794407353
vn 0.019249225 -1.97551842e-09 -0.0165718906
vn -0.0221124031 1.48988277e-09 0.0124980723
vn -0.0183788426 3.32309895e-08 -0.0175322052
vn -0.0192492362 -2.7625136e-08 0.0165718682
vn 0.000598621846 3.02706771e-09 0.0253929459
vn 0.0252119936 -3.67725267e-10 -0.00308471057
vn -0.0192492697 1.97551175e-09 0.0165718347
vn -0.018378824 -2.08999862e-09 -0.017532222
vn 0.0252119936 -3.67722519e-10 -0.00308468775
vn 0.0241257828 -9.46992373e-10 -0.00794396643
vn -0.0252119955 3.67721326e-10 0.0030846775
vn 0.0221123584 -1.48989154e-09 -0.0124981459
vn 0.0192492474 -1.97551508e-09 -0.0165718608
vn -0.0221124031 1.48988211e-09 0.0124980677
vn 8.57907789e-09 0.0253999997 2.67782294e-08
vn 0 0.0253999997 1.94068708e-08
vn 7.01286407e-09 0.0253999997 -3.02790859e-09
vn -2.49345202e-08 0.0253999997 -3.02790859e-09
vn 3.68993391e-09 0.0253999997 -3.02790859e-09
vn -0.0241257604 9.47001144e-10 0.00794404
vn 0.0252119917 -3.67727376e-10 -0.00308472826
vn -0.0221123863 1.48988577e-09 0.0124980975
vn 0.0241257716 -9.46995371e-10 -0.0079439925
vn -0.0192492586 1.97551353e-09 0.0165718496
vn 0.022112377 -1.48988788e-09 -0.0124981161
vn 0.0183788072 2.09000084e-09 0.0175322406
vn 0.0192492511 -1.97551442e-09 -0.016571857
vn -0.000598643208 -3.02706771e-09 -0.0253929459
vn -0.0252119917 3.67725267e-10 0.00308471057
vn 0.0243998785 -0.00705732871 -7.74348905e-07
vn 0.0232067686 -0.007053426 -0.00754024042
vn 0.0243998785 -0.00705732871 8.41297088e-10
vn 0.0197404101 -0.00705430005 -0.0143427085
vn 0.0143425856 -0.00705501484 -0.0197402388
vn 0.0143427094 -0.00705430098 -0.0197404101
vn 0.00753867207 -0.00706038717 -0.0232051611
vn 0 -0.00705804862 -0.0243996754
vn -0.00753938034 -0.00706032151 -0.0232049506
vn -0.00753958849 -0.00706051895 -0.0232048202
vn -0.0143410424 -0.00705812126 -0.0197402518
vn -0.0143423183 -0.00705876155 -0.019739097
vn -0.0197407175 -0.00705413288 -0.0143423649
vn -0.0197405834 -0.00705513591 -0.0143420557
vn -0.0232065581 -0.00705336221 -0.00754094869
vn -0.0243998785 -0.00705732871 7.7603147e-07
vn -0.0243998785 -0.00705732871 8.41297088e-10
vn -0.0232067686 -0.00705342414 0.00754024228
vn -0.0197404101 -0.00705429679 0.0143427104
vn -0.0143425856 -0.00705500972 0.0197402388
vn -0.0143427094 -0.00705429632 0.0197404101
vn -0.00753796566 -0.00706044538 0.0232053697
vn -0.00753867207 -0.00706038158 0.0232051611
vn 0 -0.00705804257 0.0243996754
vn 0.00753938034 -0.00706031593 0.0232049506
vn 0.00753958849 -0.00706051337 0.0232048202
vn 0.0143410424 -0.00705811661 0.0197402518
vn 0.0143423183 -0.00705875689 0.019739097
vn 0.0197407175 -0.00705412962 0.0143423667
vn 0.0197405834 -0.00705513265 0.0143420575
vn 0.0232065581 -0.00705336034 0.00754095055
vn 0.0178485401 0.0180717912 -2.15432006e-09
vn 0.0169805624 0.0180658307 -0.00551781151
vn 0.0169800203 0.0180660784 -0.00551866274
vn 0.014442523 0.018068077 -0.01049372
vn 0.0144432317 0.0180679914 -0.0104928939
vn 0.0104930755 0.0180683043 -0.0144427083
vn 0.010492892 0.0180679895 -0.0144432336
vn 0.00551464222 0.0180764589 -0.0169702806
vn 0.00551391067 0.0180758294 -0.0169711914
vn 0 0.0180721767 -0.0178481489
vn -0.00551390322 0.01807658 -0.0169703923
vn -0.00551231299 0.0180764515 -0.0169710461
vn -0.010491333 0.0180726238 -0.0144385677
vn -0.0104889935 0.0180733763 -0.0144393248
vn -0.0144432317 0.0180679914 -0.0104928939
vn -0.016980676 0.0180659499 -0.0055170753
vn -0.0169805624 0.0180658307 -0.00551781151
vn -0.0178485401 0.0180717912 -2.15432006e-09
vn -0.0169805624 0.0180658326 0.00551780686
vn -0.0169800203 0.0180660803 0.00551865809
vn -0.014442523 0.0180680789 0.0104937162
vn -0.0144432317 0.0180679932 0.0104928901
vn -0.0104930755 0.018068308 0.0144427046
vn -0.010492892 0.0180679932 0.0144432299
vn -0.00551464222 0.0180764627 0.0169702768
vn -0.00551390322 0.0180765837 0.0169703886
vn 0 0.0180721804 0.0178481452
vn 0.00551390322 0.0180765837 0.0169703886
vn 0.00551231299 0.0180764552 0.0169710424
vn 0.010491333 0.0180726275 0.014438564
vn 0.0104892189 0.0180729963 0.014439634
vn 0.0144432317 0.0180679932 0.0104928901
vn 0.016980676 0.0180659499 0.00551707065
vn 0.0169805624 0.0180658326 0.00551780686
vn 0.0241567139 -9.35719502e-10 -0.00784940273
vn 0.0205487348 -1.7798093e-09 -0.0149301579
vn 0.0149292815 -2.4496698e-09 -0.02054937
vn 0.00784800109 -2.87975221e-09 -0.0241571702
vn -0.00784800109 -2.87975221e-09 -0.0241571702
vn -0.0149292815 -2.4496698e-09 -0.02054937
vn -0.0205487348 -1.7798093e-09 -0.0149301579
vn -0.0241567139 -9.35719502e-10 -0.00784940273
vn -0.0241567139 9.35719502e-10 0.00784940273
vn -0.0205487348 1.7798093e-09 0.0149301579
vn -0.0149292815 2.4496698e-09 0.02054937
vn -0.00784800109 2.87975221e-09 0.0241571702
vn 0.00784800109 2.87975221e-09 0.0241571702
vn 0.0149292815 2.4496698e-09 0.02054937
vn 0.0205487348 1.7798093e-09 0.0149301579
vn 0.0241567139 9.35719502e-10 0.00784940273
vn 0.0127006453 -2.62220134e-09 -0.0219966713
vn -0.0127006453 -2.62220134e-09 -0.0219966713
vn -0.0219975393 -1.51385282e-09 -0.0126991486
vn -0.0219975393 1.51385282e-09 0.0126991486
vn -0.0127006453 2.62220134e-09 0.0219966713
vn 0.0219975393 1.51385282e-09 0.0126991486
vn 9.37851752e-09 0.0253999997 -3.02790859e-09
vn -4.68937333e-09 0.0253999997 -3.02790859e-09
vn -1.89671958e-08 0.0253999997 -3.02790859e-09
vn -9.37767997e-09 0.0253999997 -3.02790859e-09
vn 1.39954759e-08 0.0253999997 -3.02790859e-09
vn -1.38792968e-08 0.0253999997 -3.02790859e-09
vn 9.3771213e-09 0.0253999997 -3.02790859e-09
vn -0.0207801722 1.74120462e-09 0.0146063184
vn -0.0207801573 1.74120696e-09 0.014606338
vn -0.00225882651 3.01591219e-09 0.0252993647
vn -0.00225882372 3.01591219e-09 0.0252993647
vn 0.0146063361 2.47718224e-09 0.020780161
vn 0.0252993852 2.6924088e-10 0.00225856155
vn 0.0252993852 2.69241407e-10 0.00225856621
vn 0.0207801685 -1.74120496e-09 -0.0146063212
vn 0.020780161 -1.7412064e-09 -0.0146063333
vn 0.00225880835 -3.01591219e-09 -0.0252993647
vn 0.0022588023 -3.01591219e-09 -0.0252993647
vn -0.0146063212 -2.47718313e-09 -0.0207801685
vn -0.0146063138 -2.47718379e-09 -0.0207801741
vn -0.0252993852 -2.6924088e-10 -0.00225856155
vn -0.025208788 0.00311078876 -7.75548301e-07
vn -0.0231281538 0.00672875298 0.00806054939
vn -0.0247199703 0.00583251333 -0.000255037274
vn -0.0173612274 0.00447519263 0.0179922357
vn -0.0211339891 0.00309378002 0.0137456572
vn -0.01246663 0.0048325453 0.0215960611
vn -0.000255811785 0.00583562488 0.0247192252
vn -0.00905735046 0.00924572162 0.0218550023
vn 0 0.00311775645 0.0252079275
vn 0.00806111656 0.00673013413 0.0231275558
vn 0.0179914758 0.00447519496 0.0173620153
vn 0.0137441615 0.00309457071 0.0211348478
vn 0.021595519 0.00483259559 0.012467538
vn 0.0247199517 0.00583251053 0.000256586296
vn 0.0218543187 0.00924653746 0.00905816257
vn 0.025208788 0.00311078876 -3.7083403e-10
vn 0.0231277794 0.00673019374 -0.00806042179
vn 0.0173612274 0.00447518844 -0.0179922357
vn 0.0211339891 0.00309377676 -0.0137456572
vn 0.01246663 0.00483254017 -0.0215960611
vn 0.000255811785 0.00583561929 -0.0247192252
vn 0.00905735046 0.00924571697 -0.021855006
vn 0 0.0031177504 -0.0252079275
vn -0.00806111656 0.00673012855 -0.0231275558
vn -0.0179914758 0.00447519124 -0.0173620153
vn -0.0137441615 0.00309456582 -0.0211348478
vn -0.0215953942 0.00483334158 -0.0124674691
vn -0.0218536258 0.00924889557 -0.00905742217
vn 0.00779447006 0.0228818692 -0.00779912295
vn 0.0112123238 0.022791313 -7.77904518e-07
vn 0.0112123238 0.022791313 -2.71692957e-09
vn 0.00779616646 0.0228822976 -0.00779616926
vn 7.75197861e-07 0.0227908529 -0.011213257
vn 0 0.0227910038 -0.0112129524
vn -0.00779440114 0.0228824429 -0.00779750571
vn -0.0077967965 0.0228818692 -0.0077967993
vn -0.0112123238 0.022791313 -2.71692957e-09
vn -0.00779454364 0.0228820834 0.00779841654
vn -0.00779616646 0.0228822995 0.00779616367
vn -7.75197861e-07 0.0227908548 0.0112132514
vn 0 0.0227910057 0.0112129468
vn 0.0077951788 0.0228824448 0.00779672572
vn 0.00779686775 0.0228820834 0.00779609056
vn 0.0227087121 0.00727408379 -0.00874998607
vn 0.00841235463 0.0114076855 -0.0210774057
vn 0.00856339652 0.0115462812 -0.0209406707
vn 0.00835974235 0.0113597615 -0.0211241711
vn 0.00818668678 0.0112005891 -0.0212763958
vn -0.00873961393 0.00727796555 -0.0227114595
vn -0.0210729577 0.0114101237 -0.00842018984
vn -0.0209363662 0.0115487995 -0.00857051462
vn -0.0211192444 0.0113627147 -0.00836816244
vn -0.0212711189 0.0112037687 -0.00819604751
vn -0.0227106661 0.00727246329 0.00874625519
vn -0.00841166731 0.0114078084 0.0210776161
vn -0.00856270827 0.0115464032 0.0209408831
vn -0.00835974235 0.0113597661 0.0211241674
vn -0.00818668678 0.0112005947 0.021276392
vn 0.00873959623 0.0072780475 0.0227114428
vn 0.0210741553 0.0114091597 0.0084184967
vn 0.0209363662 0.0115488013 0.00857051276
vn 0.0211209375 0.011361246 0.00836589281
vn 0.0212737918 0.0112008546 0.00819307845
vn -0.0252615958 -0.00264801597 3.15667353e-10
vn 0 -0.00264801295 0.0252615958
vn 0.0252615958 -0.00264801597 3.15667353e-10
vn 0 -0.002648019 -0.0252615958
vn -0.0249067526 -0.00498134922 5.93821659e-10
vn 0 -0.00498134596 0.0249067526
vn 0.0249067526 -0.00498134922 5.93821659e-10
vn 0 -0.00498135202 -0.0249067526
vn 0 0.00264495332 0.0252619125
vn 0 -0.00187593757 0.0253306311
vn 0 0.00264954707 -0.0252614301
vn 0 0.00265031424 -0.0252613518
vn 0 -0.00187979813 -0.0253303479
vn 0 -0.0018790277 -0.025330402
vn 0 -0.00187594362 -0.0253306311
vn 0 0.00264494726 -0.0252619125
vn -0.0252619125 0.00264495029 -3.15301868e-10
vn 0.0253303479 -0.00187979511 2.24088498e-10
vn 0.0252613518 0.00265031727 -3.15941662e-10
vn 0.0252614301 0.00264955009 -3.15850235e-10
vn -0.0253303479 -0.00187979511 2.24088498e-10
vn -0.0252614301 0.00264955009 -3.15850235e-10
vn -0.0252613518 0.00265031727 -3.15941662e-10
vn 0 -0.00187902164 0.025330402
vn 0 0.00264955312 0.0252614301
vn 0.0252619125 0.00264495029 -3.15301868e-10
vn 0 -0.00358906621 -0.0251451507
vn 0 -0.00359611376 0.025144143
vn 0 -0.00359535427 0.0251442529
vn 0.025144143 -0.00359611679 4.28689501e-10
vn 0 -0.00359611982 -0.025144143
vn 0 -0.00358906039 0.0251451507
vn -0.025144143 -0.00359611679 4.28689501e-10
vn 0.0249059759 0.00498522492 -5.94283678e-10
vn -0.0249059759 0.00498522492 -5.94283678e-10
vn 0 0.00498522772 0.0249059759
vn 0 0.00498448359 0.0249061231
vn 0.0249078516 0.0049758344 -5.9316424e-10
vn 0 0.00498522166 -0.0249059759
vn 0 0.00497583719 0.0249078516
vn 0 0.0049758316 -0.0249078516
vn -0.0249078516 0.0049758344 -5.9316424e-10
vn 0 0.00497597922 -0.0249078237
vn 0 0.0242851395 0.00744258566
vn 0 0.0242851395 0.00744258333
vn 0 0.0242851377 -0.00744259357
vn 0 0.0242851377 -0.00744259125
vn 0 -0.00250613014 0.025276063
vn 0 -0.0025061362 -0.025276063
vn 0 0.0242851395 0.00744258799
vn 0 0.0242851377 -0.00744259683
vn 0 0.0242851377 -0.00744258892
vn 0 -0.00498131057 0.0249067601
vn 0 -0.00498140743 -0.0249067377
vn 0 -0.00498142792 -0.0249067377
vn 0 0.0179605614 0.0179604683
vn 0 0.0179605838 0.0179604441
vn 0 0.0179607291 -0.0179602988
vn 0 0.0179607868 -0.0179602373
vn 0 -3.15132951e-07 -0.0253999997
vn 0 -3.77555978e-07 -0.0253999997
vn 0 -0.00498130778 0.0249067564
vn 0 -0.00498129474 0.0249067619
vn 0 -0.00498129288 0.0249067619
vn 0 -0.00498133339 0.0249067526
vn 0 -0.00498141022 -0.0249067377
vn 0 -0.00498139998 -0.0249067377
vn 0 -0.00498136692 -0.024906747
vn 0 -0.0049815448 -0.0249067117
vn 0 0.0179605652 0.017960459
vn 0 0.0179605391 0.0179604869
vn 0 0.0179605205 0.0179605056
vn 0 0.0179606061 0.0179604217
vn 0 0.0179607309 -0.0179602932
vn 0 0.0179607235 -0.0179603025
vn 0 0.0179606192 -0.0179604031
vn 0 0.0179609433 -0.0179600809
vn 0 -3.77561037e-07 -0.0253999997
vn 0 -3.15138038e-07 -0.0253999997
vn 0 -0.0037642438 0.0251195226
vn 0 -0.00376424985 -0.0251195226
vn 0 0.0243000705 0.00739367818
vn 0 0.0243000742 0.00739368051
vn 0 0.024300063 0.00739370612
vn 0 0.0243000668 -0.00739369122
vn 0 0.0243000612 -0.00739371916
vn 0 0.0243000686 -0.00739369122
vn 0 -0.00744635612 -0.0242839828
vn 0 -0.00744635006 0.0242839828
vn -0.0253999997 -2.85621394e-15 -2.39597178e-08
vn 0.0253999997 -7.46991156e-15 -6.26623091e-08
vn 0.0253999997 1.12719951e-14 9.4556583e-08
vn 0.0253999997 4.28430916e-15 3.59394754e-08
vn 0.0253999997 -1.49398221e-15 -1.25324613e-08
vn 0.0253999997 5.71242196e-15 4.79193858e-08
vn -0.0253999997 7.46991156e-15 6.26623091e-08
vn -0.0253999997 -1.42810718e-15 -1.19798598e-08
vn -0.0253999997 -1.17846805e-14 -9.88572992e-08
vn 0.0249067377 -0.00498140743 5.93828597e-10
vn 0.0249067377 -0.00498142513 5.93830707e-10
vn -0.0249068048 -0.00498107215 5.93788629e-10
vn -0.0249068085 -0.00498106424 5.93787686e-10
vn 0.0179602373 0.0179607868 -2.14108753e-09
vn 0.0179605074 0.0179605186 -2.14105533e-09
vn -0.0179609954 0.0179600324 -2.14099738e-09
vn -0.0179610495 0.0179599784 -2.14099116e-09
vn 0.025145093 -0.00358947483 4.2789769e-10
vn 0.0251450967 -0.00358946947 4.27897051e-10
vn -0.025145093 -0.00358948228 4.27898605e-10
vn -0.025145093 -0.00358947483 4.2789769e-10
vn 1.40726426e-08 -1.0133534e-08 0.0253999997
vn -1.40725396e-08 -1.01334319e-08 0.0253999997
vn 0 -1.19839001e-07 0.0253999997
vn 0.0253342036 2.17803192e-10 0.00182707002
vn 0.000664902909 3.0268712e-09 0.0253912974
vn -0.0200495459 7.87833709e-09 -0.0155940959
vn -0.0227065254 -1.35696177e-09 -0.0113830483
vn 0.0200495552 1.85895477e-09 0.0155940801
vn -0.0244909655 -8.02805433e-10 -0.00673443638
vn 0.0227065664 -5.67823832e-09 0.0113829672
vn -0.0253342018 -2.17806828e-10 -0.00182710052
vn -3.2780477e-08 0.0253999997 2.08045563e-08
vn -2.41977176e-08 0.0253999997 -3.02790859e-09
vn 2.419835e-08 0.0253999997 -3.02790859e-09
vn 4.83946181e-08 0.0253999997 1.71654211e-08
vn -0.0200495441 1.66414118e-08 -0.0155940987
vn -0.0227065496 -1.35695599e-09 -0.0113829998
vn 0.0253342092 2.17795434e-10 0.00182700495
vn -0.0244909544 -8.0281054e-10 -0.00673447922
vn -0.000664886378 4.99547319e-08 -0.0253912974
vn -0.0253342055 -2.17802651e-10 -0.00182706548
vn -0.0174841955 2.19636864e-09 0.0184245203
vn 0.020049518 1.85896087e-09 0.0155941322
vn -0.0253342018 -2.17806106e-10 -0.00182709447
vn -0.000664889463 -3.02687075e-09 -0.0253912937
vn -0.0174842253 2.19636509e-09 0.0184244905
vn 0.0227065533 -9.02948649e-09 0.0113829924
vn -0.0200495329 -1.85895832e-09 -0.0155941108
vn 0.0244909767 -4.39040626e-09 0.00673440052
vn -0.0227065496 5.67823433e-09 -0.0113830026
vn 0.0253341962 2.17816723e-10 0.00182718353
vn -0.0244909581 -8.02809652e-10 -0.00673447177
vn -9.05880881e-09 0.0253999997 -3.02790859e-09
vn -0.0227065757 -1.35694966e-09 -0.0113829467
vn 0.0200495124 1.85896121e-09 0.015594135
vn -0.0244909488 -8.02813649e-10 -0.0067345053
vn -0.0253342055 -2.17795434e-10 -0.00182700495
vn 0.0244909842 8.02796662e-10 0.0067343628
vn 0.000664905994 3.0268712e-09 0.0253912974
vn 0.0253342018 2.17805926e-10 0.00182709296
vn 0.0174842179 -2.1963662e-09 -0.0184244998
vn -0.0200494956 -1.85896409e-09 -0.0155941593
vn 0.0183788333 2.08999751e-09 0.0175322127
vn -0.0252119936 3.67724073e-10 0.00308470055
vn -0.0241257418 -4.24620117e-09 0.00794408657
vn 0.0252119936 -3.67724656e-10 -0.00308470544
vn 0.0241257567 -9.47002365e-10 -0.00794405118
vn 0.0221123993 -1.48988277e-09 -0.0124980723
vn 1.63902385e-08 0.0253999997 -3.02790859e-09
vn -1.8117591e-08 0.0253999997 -3.02790859e-09
vn -0.0252120066 3.67713748e-10 0.00308461394
vn -0.0241257716 9.46997258e-10 0.0079440074
vn 0.0192492679 -1.9755122e-09 -0.0165718365
vn -0.0221124031 1.48988244e-09 0.0124980696
vn -0.0183788277 -2.0899984e-09 -0.0175322201
vn -0.0192492288 1.97551753e-09 0.0165718831
vn 0.0252119862 -3.67730402e-10 -0.00308475364
vn -0.0192492679 -3.3008809e-09 0.0165718365
vn -0.018378824 1.31228095e-09 -0.0175322201
vn 0.0252119936 -3.67721936e-10 -0.00308468263
vn 0.000598637096 -4.74957407e-09 0.0253929459
vn 0.0241257828 -9.46992929e-10 -0.00794397201
vn -0.0252119936 3.67724351e-10 0.00308470288
vn 0.0221123695 -1.48988932e-09 -0.0124981282
vn -0.0241257567 9.47002365e-10 0.00794405118
vn 0.0192492343 -1.97551664e-09 -0.0165718738
vn -0.0221123882 1.48988488e-09 0.01249809
vn 1.63901124e-08 0.0253999997 1.939285e-08
vn -2.41978686e-08 0.0253999997 1.80996338e-08
vn 2.41974885e-08 0.0253999997 -3.02790859e-09
vn -0.0241257604 9.47001477e-10 0.00794404279
vn 0.0252119843 -3.67734648e-10 -0.00308478926
vn -0.0221123863 1.48988633e-09 0.0124981031
vn 0.0241257716 -9.46995704e-10 -0.00794399437
vn -0.0192492604 -2.20199947e-09 0.016571844
vn 0.0221123658 -1.48989032e-09 -0.0124981366
vn 0.0183788277 2.0899984e-09 0.0175322201
vn 0.0192492474 -1.97551486e-09 -0.0165718589
vn -0.000598623359 -3.02706771e-09 -0.0253929459
vn -0.0252119992 3.67722242e-10 0.00308468519
vn 0 5.01065811e-09 -0.0253999997
vn 0 5.01068342e-09 -0.0253999997
vn -0.00878582243 0.0218227003 -0.00957805291
vn -0.00974558108 0.0218229089 -0.00859909132
vn -0.0106013175 0.0218227748 -0.00751921581
vn -0.0113318311 0.0218225736 -0.00636592368
vn -0.0119353533 0.0218226966 -0.00514560612
vn -0.0123788677 0.0218228996 -0.00396040129
vn -0.0127113033 0.0218226984 -0.00271156174
vn -0.0129148234 0.0218226407 -0.0014628038
vn -0.0129958149 0.0218227375 -0.000192244959
vn -0.0129547138 0.0218227059 0.00105113373
vn -0.0127943605 0.0218228921 0.00228600577
vn -0.012509075 0.0218228623 0.00352784153
vn -0.0120935747 0.0218228549 0.00476114871
vn -0.0116269998 0.0218230095 0.00580768194
vn -0.0110579813 0.0218229424 0.00682935631
vn -0.0103455316 0.0218228269 0.00786728319
vn -0.00951456279 0.0218228791 0.008854107
vn -0.00851610396 0.0218228102 0.00981840026
vn -0.00742853992 0.0218228418 0.010664911
vn -0.00630533416 0.0218229387 0.0113649471
vn -0.00510613667 0.0218229759 0.0119517818
vn -0.00389840733 0.0218230225 0.0123983137
vn -0.00265421858 0.021822907 0.0127230473
vn -0.00140151766 0.0218227617 0.0129214088
vn -0.000114726208 0.0218228009 0.0129966242
vn 0.00113873836 0.0218228642 0.0129470509
vn 0.0024627992 0.021822568 0.0127620613
vn 0.00372707914 0.0218229648 0.0124509931
vn 0.0048503154 0.0218229294 0.0120579563
vn 0.00593709527 0.0218228325 0.0115617877
vn 0.00684716925 0.021822881 0.0110470923
vn 0.00788436551 0.021822894 0.0103323841
vn 0.0088191973 0.0218228064 0.00954708736
vn 0.00976730604 0.0218229517 0.00857429765
vn 0.0106347511 0.0218229908 0.0074712215
vn 0.011333419 0.02182265 0.00636283681
vn 0.0119016422 0.0218226518 0.00522329379
vn 0.0123950243 0.0218226835 0.00391074643
vn 0.0127261821 0.0218229573 0.00263871951
vn 0.0129257189 0.0218227133 0.00136202644
vn 0.0129972817 0.0218225978 7.05372295e-05
vn 0.0129492655 0.0218226686 -0.00111702643
vn 0.0127889663 0.0218229443 -0.00231547235
vn 0.012504491 0.0218229778 -0.00354336598
vn 0.0121237393 0.0218227301 -0.00468438538
vn 0.0116021717 0.0218229666 -0.00585728837
vn 0.0110454746 0.0218227375 -0.00685022818
vn 0.0103703169 0.0218227822 -0.0078347167
vn -0.00583705679 0.0218226891 -0.01161288
vn 0.00954555627 0.0218228437 -0.00882076751
vn 0.008565736 0.0218228605 -0.00977502018
vn 0.00754173007 0.0218228791 -0.010585092
vn 0.00638829032 0.0218229722 -0.011318461
vn 0.00512546347 0.0218227524 -0.0119439131
vn 0.00389916427 0.0218229163 -0.0123982606
vn 0.00276662642 0.0218229294 -0.0126990378
vn 0.0014697382 0.0218228344 -0.0129137086
vn 0.000164337078 0.0218229033 -0.0129959183
vn -0.0010534738 0.0218229629 -0.0129540944
vn -0.0022550039 0.0218229219 -0.0127998069
vn -0.00344179384 0.0218228269 -0.0125330919
vn -0.00469527394 0.0218229145 -0.0121191936
vn -0.00779441651 0.0218228158 -0.0104005663
vn 0.0219975393 -1.51385282e-09 -0.0126991486
vn 0.0127006453 2.62220134e-09 0.0219966713

# Mesh 'material1_PivotMesh_001-mesh' with 3144 faces
g material1_PivotMesh_001-mesh
usemtl DefaultMaterial
f  1/1/1 2/2/2 3/3/3
f  4/4/4 5/1/1 6/5/5
f  7/6/6 8/7/7 9/8/8
f  10/9/9 11/6/6 12/10/10
f  13/11/11 14/12/12 15/13/13
f  16/14/14 17/11/11 18/15/15
f  19/16/16 20/17/17 21/18/18
f  22/19/19 23/16/16 24/20/20
f  25/21/21 26/22/22 27/23/23
f  28/24/24 29/21/21 30/25/25
f  31/26/26 32/27/27 33/28/28
f  34/29/29 35/26/26 36/30/30
f  37/31/31 38/32/32 39/33/33
f  40/34/34 41/31/31 42/35/35
f  43/36/36 44/37/37 45/38/38
f  46/39/39 47/36/36 48/40/40
f  49/41/41 50/42/42 51/43/43
f  52/44/44 53/41/41 54/45/45
f  55/46/46 56/47/47 57/48/48
f  58/49/49 59/46/46 60/50/50
f  61/51/51 62/52/52 63/53/53
f  64/54/54 65/51/51 66/55/55
f  67/56/56 68/57/57 69/58/58
f  70/59/59 71/56/56 72/60/60
f  73/61/61 74/62/62 75/63/63
f  76/64/64 77/61/61 78/65/65
f  79/66/66 80/67/67 81/68/68
f  82/69/69 83/66/66 84/70/70
f  85/71/71 86/72/72 87/73/73
f  88/74/74 89/71/71 90/75/75
f  91/76/76 92/77/77 93/78/78
f  94/79/79 95/76/76 96/80/80
f  97/81/81 98/82/82 99/83/83
f  100/84/84 101/81/81 102/85/85
f  103/86/86 104/87/87 105/88/88
f  106/89/89 107/86/86 108/90/90
f  109/91/91 110/92/92 111/93/93
f  112/94/94 113/91/91 114/95/95
f  115/96/96 116/97/97 117/98/98
f  118/99/99 119/96/96 120/100/100
f  121/101/101 122/102/102 123/103/103
f  124/104/104 125/101/101 126/105/105
f  127/106/106 128/107/107 129/108/108
f  130/109/109 131/106/106 132/110/110
f  133/111/111 134/112/112 135/113/113
f  136/114/114 137/111/111 138/115/115
f  139/116/116 140/117/117 141/118/118
f  142/119/119 143/116/116 144/120/120
f  145/121/121 146/122/122 147/123/123
f  148/124/124 149/121/121 150/125/125
f  151/126/126 152/127/127 153/128/128
f  154/129/129 155/126/126 156/130/130
f  157/131/131 158/132/132 159/133/133
f  160/134/134 161/131/131 162/135/135
f  163/136/136 164/137/137 165/138/138
f  166/139/139 167/136/136 168/140/140
f  169/141/141 170/142/142 171/143/143
f  172/144/144 173/141/141 174/145/145
f  175/146/146 176/147/147 177/148/148
f  178/149/149 179/146/146 180/150/150
f  181/151/151 182/152/152 183/153/153
f  184/154/154 185/151/151 186/155/155
f  187/156/156 188/157/157 189/158/158
f  190/159/159 191/156/156 192/160/160
f  193/161/161 194/162/162 195/163/163
f  196/164/164 197/161/161 198/165/165
f  199/166/166 200/167/167 201/168/168
f  202/169/169 203/166/166 204/170/170
f  205/171/171 206/172/172 207/173/173
f  208/174/174 209/171/171 210/175/175
f  211/176/176 212/177/177 213/178/178
f  214/179/179 215/176/176 216/180/180
f  217/181/181 218/182/182 219/183/183
f  220/184/184 221/181/181 222/185/185
f  223/186/186 224/187/187 225/188/188
f  226/189/189 227/186/186 228/190/190
f  229/191/191 230/192/192 231/53/193
f  232/193/194 233/191/191 234/194/195
f  235/195/196 236/196/197 237/197/198
f  238/198/199 239/195/196 240/199/200
f  241/200/201 242/201/202 243/202/203
f  244/203/204 245/200/201 246/204/205
f  247/205/206 248/206/207 249/3/208
f  250/207/209 251/205/206 252/5/210
f  253/208/211 254/209/212 255/210/213
f  256/211/214 257/208/211 258/212/215
f  259/213/216 260/214/217 261/215/218
f  262/216/219 263/213/216 264/217/220
f  265/218/221 266/219/222 267/220/223
f  268/221/224 269/218/221 270/222/225
f  271/223/226 272/224/227 273/225/228
f  274/226/229 275/223/226 276/227/230
f  277/228/231 278/229/232 279/230/233
f  280/231/234 281/228/231 282/232/235
f  283/233/236 284/234/237 285/235/238
f  286/236/239 287/233/236 288/237/240
f  289/238/241 290/239/242 291/240/243
f  292/240/243 293/241/244 294/242/245
f  295/243/246 296/244/247 297/245/248
f  298/246/249 299/243/246 300/247/250
f  301/248/251 302/249/252 303/250/253
f  304/251/254 305/248/251 306/252/255
f  307/21/256 308/253/257 309/254/258
f  310/255/259 311/21/256 312/256/260
f  313/257/261 314/258/262 315/259/263
f  316/260/264 317/257/261 318/261/265
f  319/262/266 320/263/267 321/264/268
f  322/265/269 323/262/266 324/266/270
f  325/267/271 326/268/272 327/269/273
f  328/270/274 329/267/271 330/271/275
f  331/272/276 332/273/277 333/274/278
f  334/275/279 335/272/276 336/276/280
f  337/277/281 338/278/282 339/279/283
f  340/280/284 341/277/281 342/281/285
f  343/282/286 344/283/287 345/284/288
f  346/285/289 347/282/286 348/286/290
f  349/287/291 350/288/292 351/289/293
f  352/290/294 353/287/291 354/291/295
f  355/292/296 356/293/297 357/294/298
f  358/295/299 359/292/296 360/296/300
f  361/297/301 362/298/302 363/299/303
f  364/300/304 365/297/301 366/301/305
f  367/302/306 368/303/307 369/304/308
f  370/305/309 371/302/306 372/306/310
f  373/307/311 374/308/312 375/309/313
f  376/310/314 377/307/311 378/271/315
f  379/241/244 380/311/316 381/242/245
f  382/239/242 383/241/244 384/240/243
f  385/312/317 386/313/318 387/314/319
f  388/315/320 389/312/317 390/316/321
f  391/317/322 392/318/323 393/319/324
f  394/317/322 395/320/325 396/318/323
f  397/321/326 398/320/325 399/317/322
f  400/322/327 401/321/326 402/317/322
f  403/323/328 404/321/326 405/322/327
f  406/324/329 407/323/328 408/322/327
f  409/320/325 410/325/330 411/318/323
f  412/320/325 413/326/331 414/325/330
f  415/327/332 416/326/331 417/320/325
f  418/321/326 419/327/332 420/320/325
f  421/328/333 422/327/332 423/321/326
f  424/323/328 425/328/333 426/321/326
f  427/326/331 428/329/334 429/325/330
f  430/326/331 431/330/335 432/329/334
f  433/331/336 434/330/335 435/326/331
f  436/327/332 437/331/336 438/326/331
f  439/332/337 440/331/336 441/327/332
f  442/328/333 443/332/337 444/327/332
f  445/330/335 446/333/338 447/329/334
f  448/330/335 449/334/339 450/333/338
f  451/335/340 452/334/339 453/330/335
f  454/331/336 455/335/340 456/330/335
f  457/336/341 458/335/340 459/331/336
f  460/332/337 461/336/341 462/331/336
f  463/337/342 464/338/343 465/333/338
f  466/334/339 467/337/342 468/333/338
f  469/339/344 470/337/342 471/334/339
f  472/335/340 473/339/344 474/334/339
f  475/336/341 476/339/344 477/335/340
f  478/336/341 479/340/345 480/339/344
f  481/341/346 482/342/347 483/338/343
f  484/337/342 485/341/346 486/338/343
f  487/343/348 488/341/346 489/337/342
f  490/339/344 491/343/348 492/337/342
f  493/340/345 494/343/348 495/339/344
f  496/340/345 497/344/349 498/343/348
f  499/345/350 500/346/351 501/342/347
f  502/341/346 503/345/350 504/342/347
f  505/347/352 506/345/350 507/341/346
f  508/343/348 509/347/352 510/341/346
f  511/344/349 512/347/352 513/343/348
f  514/344/349 515/348/353 516/347/352
f  517/346/351 518/349/322 519/350/324
f  520/346/351 521/345/350 522/349/322
f  523/347/352 524/351/327 525/349/322
f  526/345/350 527/347/352 528/349/322
f  529/348/353 530/352/329 531/351/327
f  532/347/352 533/348/353 534/351/327
f  535/353/354 536/352/329 537/348/353
f  538/354/355 539/353/354 540/348/353
f  541/355/356 542/354/355 543/348/353
f  544/344/349 545/355/356 546/348/353
f  547/356/357 548/355/356 549/344/349
f  550/340/345 551/356/357 552/344/349
f  553/357/358 554/356/357 555/340/345
f  556/336/341 557/357/358 558/340/345
f  559/358/359 560/357/358 561/336/341
f  562/332/337 563/358/359 564/336/341
f  565/359/360 566/358/359 567/332/337
f  568/328/333 569/359/360 570/332/337
f  571/360/361 572/359/360 573/328/333
f  574/323/328 575/360/361 576/328/333
f  577/361/354 578/360/361 579/323/328
f  580/324/329 581/361/354 582/323/328
f  583/362/362 584/363/363 585/360/361
f  586/361/354 587/362/362 588/360/361
f  589/363/363 590/364/364 591/359/360
f  592/360/361 593/363/363 594/359/360
f  595/364/364 596/365/365 597/358/359
f  598/359/360 599/364/364 600/358/359
f  601/365/365 602/366/366 603/357/358
f  604/358/359 605/365/365 606/357/358
f  607/357/358 608/367/367 609/356/357
f  610/357/358 611/366/366 612/367/367
f  613/356/357 614/368/368 615/355/356
f  616/356/357 617/367/367 618/368/368
f  619/355/356 620/369/369 621/354/355
f  622/355/356 623/368/368 624/369/369
f  625/370/362 626/353/354 627/354/355
f  628/369/369 629/370/362 630/354/355
f  631/371/370 632/370/362 633/369/369
f  634/372/371 635/371/370 636/369/369
f  637/373/372 638/372/371 639/369/369
f  640/368/368 641/373/372 642/369/369
f  643/374/373 644/373/372 645/368/368
f  646/367/367 647/374/373 648/368/368
f  649/375/374 650/374/373 651/367/367
f  652/366/366 653/375/374 654/367/367
f  655/365/365 656/375/374 657/366/366
f  658/365/365 659/376/375 660/375/374
f  661/364/364 662/376/375 663/365/365
f  664/364/364 665/377/376 666/376/375
f  667/378/377 668/377/376 669/364/364
f  670/363/363 671/378/377 672/364/364
f  673/379/370 674/378/377 675/363/363
f  676/362/362 677/379/370 678/363/363
f  679/380/378 680/381/379 681/378/377
f  682/379/370 683/380/378 684/378/377
f  685/381/379 686/382/380 687/377/376
f  688/378/377 689/381/379 690/377/376
f  691/382/380 692/383/381 693/376/375
f  694/377/376 695/382/380 696/376/375
f  697/383/381 698/384/382 699/375/374
f  700/376/375 701/383/381 702/375/374
f  703/384/382 704/385/383 705/374/373
f  706/375/374 707/384/382 708/374/373
f  709/385/383 710/386/384 711/373/372
f  712/374/373 713/385/383 714/373/372
f  715/386/384 716/387/385 717/372/371
f  718/373/372 719/386/384 720/372/371
f  721/388/378 722/371/370 723/372/371
f  724/387/385 725/388/378 726/372/371
f  727/317/386 728/318/387 729/319/388
f  730/317/386 731/320/389 732/318/387
f  733/321/390 734/320/389 735/317/386
f  736/322/391 737/321/390 738/317/386
f  739/323/392 740/321/390 741/322/391
f  742/324/393 743/323/392 744/322/391
f  745/320/389 746/325/394 747/318/387
f  748/320/389 749/326/395 750/325/394
f  751/327/396 752/326/395 753/320/389
f  754/321/390 755/327/396 756/320/389
f  757/328/397 758/327/396 759/321/390
f  760/323/392 761/328/397 762/321/390
f  763/326/395 764/329/398 765/325/394
f  766/326/395 767/330/399 768/329/398
f  769/331/400 770/330/399 771/326/395
f  772/327/396 773/331/400 774/326/395
f  775/332/401 776/331/400 777/327/396
f  778/328/397 779/332/401 780/327/396
f  781/330/399 782/333/402 783/329/398
f  784/330/399 785/334/403 786/333/402
f  787/335/404 788/334/403 789/330/399
f  790/331/400 791/335/404 792/330/399
f  793/336/405 794/335/404 795/331/400
f  796/332/401 797/336/405 798/331/400
f  799/337/406 800/338/407 801/333/402
f  802/334/403 803/337/406 804/333/402
f  805/339/408 806/337/406 807/334/403
f  808/335/404 809/339/408 810/334/403
f  811/336/405 812/339/408 813/335/404
f  814/336/405 815/340/409 816/339/408
f  817/341/410 818/342/411 819/338/407
f  820/337/406 821/341/410 822/338/407
f  823/343/412 824/341/410 825/337/406
f  826/339/408 827/343/412 828/337/406
f  829/340/409 830/343/412 831/339/408
f  832/340/409 833/344/413 834/343/412
f  835/345/414 836/346/415 837/342/411
f  838/341/410 839/345/414 840/342/411
f  841/347/416 842/345/414 843/341/410
f  844/343/412 845/347/416 846/341/410
f  847/344/413 848/347/416 849/343/412
f  850/344/413 851/348/417 852/347/416
f  853/346/415 854/349/386 855/350/388
f  856/346/415 857/345/414 858/349/386
f  859/347/416 860/351/391 861/349/386
f  862/345/414 863/347/416 864/349/386
f  865/348/417 866/352/393 867/351/391
f  868/347/416 869/348/417 870/351/391
f  871/353/418 872/352/393 873/348/417
f  874/354/419 875/353/418 876/348/417
f  877/355/420 878/354/419 879/348/417
f  880/344/413 881/355/420 882/348/417
f  883/356/421 884/355/420 885/344/413
f  886/340/409 887/356/421 888/344/413
f  889/357/422 890/356/421 891/340/409
f  892/336/405 893/357/422 894/340/409
f  895/358/423 896/357/422 897/336/405
f  898/332/401 899/358/423 900/336/405
f  901/359/424 902/358/423 903/332/401
f  904/328/397 905/359/424 906/332/401
f  907/360/425 908/359/424 909/328/397
f  910/323/392 911/360/425 912/328/397
f  913/361/418 914/360/425 915/323/392
f  916/324/393 917/361/418 918/323/392
f  919/362/426 920/363/427 921/360/425
f  922/361/418 923/362/426 924/360/425
f  925/363/427 926/364/428 927/359/424
f  928/360/425 929/363/427 930/359/424
f  931/364/428 932/365/429 933/358/423
f  934/359/424 935/364/428 936/358/423
f  937/365/429 938/366/430 939/357/422
f  940/358/423 941/365/429 942/357/422
f  943/357/422 944/367/431 945/356/421
f  946/357/422 947/366/430 948/367/431
f  949/356/421 950/368/432 951/355/420
f  952/356/421 953/367/431 954/368/432
f  955/355/420 956/369/433 957/354/419
f  958/355/420 959/368/432 960/369/433
f  961/370/426 962/353/418 963/354/419
f  964/369/433 965/370/426 966/354/419
f  967/371/434 968/370/426 969/369/433
f  970/372/435 971/371/434 972/369/433
f  973/373/436 974/372/435 975/369/433
f  976/368/432 977/373/436 978/369/433
f  979/374/437 980/373/436 981/368/432
f  982/367/431 983/374/437 984/368/432
f  985/375/438 986/374/437 987/367/431
f  988/366/430 989/375/438 990/367/431
f  991/365/429 992/375/438 993/366/430
f  994/365/429 995/376/439 996/375/438
f  997/364/428 998/376/439 999/365/429
f  1000/364/428 1001/377/440 1002/376/439
f  1003/378/441 1004/377/440 1005/364/428
f  1006/363/427 1007/378/441 1008/364/428
f  1009/379/434 1010/378/441 1011/363/427
f  1012/362/426 1013/379/434 1014/363/427
f  1015/380/442 1016/381/443 1017/378/441
f  1018/379/434 1019/380/442 1020/378/441
f  1021/381/443 1022/382/444 1023/377/440
f  1024/378/441 1025/381/443 1026/377/440
f  1027/382/444 1028/383/445 1029/376/439
f  1030/377/440 1031/382/444 1032/376/439
f  1033/383/445 1034/384/446 1035/375/438
f  1036/376/439 1037/383/445 1038/375/438
f  1039/384/446 1040/385/447 1041/374/437
f  1042/375/438 1043/384/446 1044/374/437
f  1045/385/447 1046/386/448 1047/373/436
f  1048/374/437 1049/385/447 1050/373/436
f  1051/386/448 1052/387/449 1053/372/435
f  1054/373/436 1055/386/448 1056/372/435
f  1057/388/442 1058/371/434 1059/372/435
f  1060/387/449 1061/388/442 1062/372/435
f  1063/317/450 1064/318/451 1065/319/452
f  1066/317/450 1067/320/453 1068/318/451
f  1069/321/454 1070/320/453 1071/317/450
f  1072/322/455 1073/321/454 1074/317/450
f  1075/323/456 1076/321/454 1077/322/455
f  1078/324/457 1079/323/456 1080/322/455
f  1081/320/453 1082/325/458 1083/318/451
f  1084/320/453 1085/326/459 1086/325/458
f  1087/327/460 1088/326/459 1089/320/453
f  1090/321/454 1091/327/460 1092/320/453
f  1093/328/461 1094/327/460 1095/321/454
f  1096/323/456 1097/328/461 1098/321/454
f  1099/326/459 1100/329/462 1101/325/458
f  1102/326/459 1103/330/463 1104/329/462
f  1105/331/464 1106/330/463 1107/326/459
f  1108/327/460 1109/331/464 1110/326/459
f  1111/332/465 1112/331/464 1113/327/460
f  1114/328/461 1115/332/465 1116/327/460
f  1117/330/463 1118/333/466 1119/329/462
f  1120/330/463 1121/334/467 1122/333/466
f  1123/335/468 1124/334/467 1125/330/463
f  1126/331/464 1127/335/468 1128/330/463
f  1129/336/469 1130/335/468 1131/331/464
f  1132/332/465 1133/336/469 1134/331/464
f  1135/337/470 1136/338/471 1137/333/466
f  1138/334/467 1139/337/470 1140/333/466
f  1141/339/472 1142/337/470 1143/334/467
f  1144/335/468 1145/339/472 1146/334/467
f  1147/336/469 1148/339/472 1149/335/468
f  1150/336/469 1151/340/473 1152/339/472
f  1153/341/474 1154/342/475 1155/338/471
f  1156/337/470 1157/341/474 1158/338/471
f  1159/343/476 1160/341/474 1161/337/470
f  1162/339/472 1163/343/476 1164/337/470
f  1165/340/473 1166/343/476 1167/339/472
f  1168/340/473 1169/344/477 1170/343/476
f  1171/345/478 1172/346/479 1173/342/475
f  1174/341/474 1175/345/478 1176/342/475
f  1177/347/480 1178/345/478 1179/341/474
f  1180/343/476 1181/347/480 1182/341/474
f  1183/344/477 1184/347/480 1185/343/476
f  1186/344/477 1187/348/481 1188/347/480
f  1189/346/479 1190/349/450 1191/350/452
f  1192/346/479 1193/345/478 1194/349/450
f  1195/347/480 1196/351/455 1197/349/450
f  1198/345/478 1199/347/480 1200/349/450
f  1201/348/481 1202/352/457 1203/351/455
f  1204/347/480 1205/348/481 1206/351/455
f  1207/353/482 1208/352/457 1209/348/481
f  1210/354/483 1211/353/482 1212/348/481
f  1213/355/484 1214/354/483 1215/348/481
f  1216/344/477 1217/355/484 1218/348/481
f  1219/356/485 1220/355/484 1221/344/477
f  1222/340/473 1223/356/485 1224/344/477
f  1225/357/486 1226/356/485 1227/340/473
f  1228/336/469 1229/357/486 1230/340/473
f  1231/358/487 1232/357/486 1233/336/469
f  1234/332/465 1235/358/487 1236/336/469
f  1237/359/488 1238/358/487 1239/332/465
f  1240/328/461 1241/359/488 1242/332/465
f  1243/360/489 1244/359/488 1245/328/461
f  1246/323/456 1247/360/489 1248/328/461
f  1249/361/482 1250/360/489 1251/323/456
f  1252/324/457 1253/361/482 1254/323/456
f  1255/362/490 1256/363/491 1257/360/489
f  1258/361/482 1259/362/490 1260/360/489
f  1261/363/491 1262/364/492 1263/359/488
f  1264/360/489 1265/363/491 1266/359/488
f  1267/364/492 1268/365/493 1269/358/487
f  1270/359/488 1271/364/492 1272/358/487
f  1273/365/493 1274/366/494 1275/357/486
f  1276/358/487 1277/365/493 1278/357/486
f  1279/357/486 1280/367/495 1281/356/485
f  1282/357/486 1283/366/494 1284/367/495
f  1285/356/485 1286/368/496 1287/355/484
f  1288/356/485 1289/367/495 1290/368/496
f  1291/355/484 1292/369/497 1293/354/483
f  1294/355/484 1295/368/496 1296/369/497
f  1297/370/490 1298/353/482 1299/354/483
f  1300/369/497 1301/370/490 1302/354/483
f  1303/371/498 1304/370/490 1305/369/497
f  1306/372/499 1307/371/498 1308/369/497
f  1309/373/500 1310/372/499 1311/369/497
f  1312/368/496 1313/373/500 1314/369/497
f  1315/374/501 1316/373/500 1317/368/496
f  1318/367/495 1319/374/501 1320/368/496
f  1321/375/502 1322/374/501 1323/367/495
f  1324/366/494 1325/375/502 1326/367/495
f  1327/365/493 1328/375/502 1329/366/494
f  1330/365/493 1331/376/503 1332/375/502
f  1333/364/492 1334/376/503 1335/365/493
f  1336/364/492 1337/377/504 1338/376/503
f  1339/378/505 1340/377/504 1341/364/492
f  1342/363/491 1343/378/505 1344/364/492
f  1345/379/498 1346/378/505 1347/363/491
f  1348/362/490 1349/379/498 1350/363/491
f  1351/380/506 1352/381/507 1353/378/505
f  1354/379/498 1355/380/506 1356/378/505
f  1357/381/507 1358/382/508 1359/377/504
f  1360/378/505 1361/381/507 1362/377/504
f  1363/382/508 1364/383/509 1365/376/503
f  1366/377/504 1367/382/508 1368/376/503
f  1369/383/509 1370/384/510 1371/375/502
f  1372/376/503 1373/383/509 1374/375/502
f  1375/384/510 1376/385/511 1377/374/501
f  1378/375/502 1379/384/510 1380/374/501
f  1381/385/511 1382/386/512 1383/373/500
f  1384/374/501 1385/385/511 1386/373/500
f  1387/386/512 1388/387/513 1389/372/499
f  1390/373/500 1391/386/512 1392/372/499
f  1393/388/506 1394/371/498 1395/372/499
f  1396/387/513 1397/388/506 1398/372/499
f  1399/317/514 1400/318/515 1401/319/516
f  1402/317/514 1403/320/517 1404/318/515
f  1405/321/518 1406/320/517 1407/317/514
f  1408/322/519 1409/321/518 1410/317/514
f  1411/323/520 1412/321/518 1413/322/519
f  1414/324/521 1415/323/520 1416/322/519
f  1417/320/517 1418/325/522 1419/318/515
f  1420/320/517 1421/326/523 1422/325/522
f  1423/327/524 1424/326/523 1425/320/517
f  1426/321/518 1427/327/524 1428/320/517
f  1429/328/525 1430/327/524 1431/321/518
f  1432/323/520 1433/328/525 1434/321/518
f  1435/326/523 1436/329/526 1437/325/522
f  1438/326/523 1439/330/527 1440/329/526
f  1441/331/528 1442/330/527 1443/326/523
f  1444/327/524 1445/331/528 1446/326/523
f  1447/332/529 1448/331/528 1449/327/524
f  1450/328/525 1451/332/529 1452/327/524
f  1453/330/527 1454/333/530 1455/329/526
f  1456/330/527 1457/334/531 1458/333/530
f  1459/335/532 1460/334/531 1461/330/527
f  1462/331/528 1463/335/532 1464/330/527
f  1465/336/533 1466/335/532 1467/331/528
f  1468/332/529 1469/336/533 1470/331/528
f  1471/337/534 1472/338/535 1473/333/530
f  1474/334/531 1475/337/534 1476/333/530
f  1477/339/536 1478/337/534 1479/334/531
f  1480/335/532 1481/339/536 1482/334/531
f  1483/336/533 1484/339/536 1485/335/532
f  1486/336/533 1487/340/537 1488/339/536
f  1489/341/538 1490/342/539 1491/338/535
f  1492/337/534 1493/341/538 1494/338/535
f  1495/343/540 1496/341/538 1497/337/534
f  1498/339/536 1499/343/540 1500/337/534
f  1501/340/537 1502/343/540 1503/339/536
f  1504/340/537 1505/344/541 1506/343/540
f  1507/345/542 1508/346/543 1509/342/539
f  1510/341/538 1511/345/542 1512/342/539
f  1513/347/544 1514/345/542 1515/341/538
f  1516/343/540 1517/347/544 1518/341/538
f  1519/344/541 1520/347/544 1521/343/540
f  1522/344/541 1523/348/545 1524/347/544
f  1525/346/543 1526/349/514 1527/350/516
f  1528/346/543 1529/345/542 1530/349/514
f  1531/347/544 1532/351/519 1533/349/514
f  1534/345/542 1535/347/544 1536/349/514
f  1537/348/545 1538/352/521 1539/351/519
f  1540/347/544 1541/348/545 1542/351/519
f  1543/353/546 1544/352/521 1545/348/545
f  1546/354/547 1547/353/546 1548/348/545
f  1549/355/548 1550/354/547 1551/348/545
f  1552/344/541 1553/355/548 1554/348/545
f  1555/356/549 1556/355/548 1557/344/541
f  1558/340/537 1559/356/549 1560/344/541
f  1561/357/550 1562/356/549 1563/340/537
f  1564/336/533 1565/357/550 1566/340/537
f  1567/358/551 1568/357/550 1569/336/533
f  1570/332/529 1571/358/551 1572/336/533
f  1573/359/552 1574/358/551 1575/332/529
f  1576/328/525 1577/359/552 1578/332/529
f  1579/360/553 1580/359/552 1581/328/525
f  1582/323/520 1583/360/553 1584/328/525
f  1585/361/546 1586/360/553 1587/323/520
f  1588/324/521 1589/361/546 1590/323/520
f  1591/362/554 1592/363/555 1593/360/553
f  1594/361/546 1595/362/554 1596/360/553
f  1597/363/555 1598/364/556 1599/359/552
f  1600/360/553 1601/363/555 1602/359/552
f  1603/364/556 1604/365/557 1605/358/551
f  1606/359/552 1607/364/556 1608/358/551
f  1609/365/557 1610/366/558 1611/357/550
f  1612/358/551 1613/365/557 1614/357/550
f  1615/357/550 1616/367/559 1617/356/549
f  1618/357/550 1619/366/558 1620/367/559
f  1621/356/549 1622/368/560 1623/355/548
f  1624/356/549 1625/367/559 1626/368/560
f  1627/355/548 1628/369/561 1629/354/547
f  1630/355/548 1631/368/560 1632/369/561
f  1633/370/554 1634/353/546 1635/354/547
f  1636/369/561 1637/370/554 1638/354/547
f  1639/371/562 1640/370/554 1641/369/561
f  1642/372/563 1643/371/562 1644/369/561
f  1645/373/564 1646/372/563 1647/369/561
f  1648/368/560 1649/373/564 1650/369/561
f  1651/374/565 1652/373/564 1653/368/560
f  1654/367/559 1655/374/565 1656/368/560
f  1657/375/566 1658/374/565 1659/367/559
f  1660/366/558 1661/375/566 1662/367/559
f  1663/365/557 1664/375/566 1665/366/558
f  1666/365/557 1667/376/567 1668/375/566
f  1669/364/556 1670/376/567 1671/365/557
f  1672/364/556 1673/377/568 1674/376/567
f  1675/378/569 1676/377/568 1677/364/556
f  1678/363/555 1679/378/569 1680/364/556
f  1681/379/562 1682/378/569 1683/363/555
f  1684/362/554 1685/379/562 1686/363/555
f  1687/380/570 1688/381/571 1689/378/569
f  1690/379/562 1691/380/570 1692/378/569
f  1693/381/571 1694/382/572 1695/377/568
f  1696/378/569 1697/381/571 1698/377/568
f  1699/382/572 1700/383/573 1701/376/567
f  1702/377/568 1703/382/572 1704/376/567
f  1705/383/573 1706/384/574 1707/375/566
f  1708/376/567 1709/383/573 1710/375/566
f  1711/384/574 1712/385/575 1713/374/565
f  1714/375/566 1715/384/574 1716/374/565
f  1717/385/575 1718/386/576 1719/373/564
f  1720/374/565 1721/385/575 1722/373/564
f  1723/386/576 1724/387/577 1725/372/563
f  1726/373/564 1727/386/576 1728/372/563
f  1729/388/570 1730/371/562 1731/372/563
f  1732/387/577 1733/388/570 1734/372/563
f  1735/317/578 1736/318/579 1737/319/580
f  1738/317/578 1739/320/581 1740/318/579
f  1741/321/582 1742/320/581 1743/317/578
f  1744/322/583 1745/321/582 1746/317/578
f  1747/323/584 1748/321/582 1749/322/583
f  1750/324/585 1751/323/584 1752/322/583
f  1753/320/581 1754/325/586 1755/318/579
f  1756/320/581 1757/326/587 1758/325/586
f  1759/327/588 1760/326/587 1761/320/581
f  1762/321/582 1763/327/588 1764/320/581
f  1765/328/589 1766/327/588 1767/321/582
f  1768/323/584 1769/328/589 1770/321/582
f  1771/326/587 1772/329/590 1773/325/586
f  1774/326/587 1775/330/591 1776/329/590
f  1777/331/592 1778/330/591 1779/326/587
f  1780/327/588 1781/331/592 1782/326/587
f  1783/332/593 1784/331/592 1785/327/588
f  1786/328/589 1787/332/593 1788/327/588
f  1789/330/591 1790/333/594 1791/329/590
f  1792/330/591 1793/334/595 1794/333/594
f  1795/335/596 1796/334/595 1797/330/591
f  1798/331/592 1799/335/596 1800/330/591
f  1801/336/597 1802/335/596 1803/331/592
f  1804/332/593 1805/336/597 1806/331/592
f  1807/337/598 1808/338/599 1809/333/594
f  1810/334/595 1811/337/598 1812/333/594
f  1813/339/600 1814/337/598 1815/334/595
f  1816/335/596 1817/339/600 1818/334/595
f  1819/336/597 1820/339/600 1821/335/596
f  1822/336/597 1823/340/601 1824/339/600
f  1825/341/602 1826/342/603 1827/338/599
f  1828/337/598 1829/341/602 1830/338/599
f  1831/343/604 1832/341/602 1833/337/598
f  1834/339/600 1835/343/604 1836/337/598
f  1837/340/601 1838/343/604 1839/339/600
f  1840/340/601 1841/344/605 1842/343/604
f  1843/345/606 1844/346/607 1845/342/603
f  1846/341/602 1847/345/606 1848/342/603
f  1849/347/608 1850/345/606 1851/341/602
f  1852/343/604 1853/347/608 1854/341/602
f  1855/344/605 1856/347/608 1857/343/604
f  1858/344/605 1859/348/609 1860/347/608
f  1861/346/607 1862/349/578 1863/350/580
f  1864/346/607 1865/345/606 1866/349/578
f  1867/347/608 1868/351/583 1869/349/578
f  1870/345/606 1871/347/608 1872/349/578
f  1873/348/609 1874/352/585 1875/351/583
f  1876/347/608 1877/348/609 1878/351/583
f  1879/353/610 1880/352/585 1881/348/609
f  1882/354/611 1883/353/610 1884/348/609
f  1885/355/612 1886/354/611 1887/348/609
f  1888/344/605 1889/355/612 1890/348/609
f  1891/356/613 1892/355/612 1893/344/605
f  1894/340/601 1895/356/613 1896/344/605
f  1897/357/614 1898/356/613 1899/340/601
f  1900/336/597 1901/357/614 1902/340/601
f  1903/358/615 1904/357/614 1905/336/597
f  1906/332/593 1907/358/615 1908/336/597
f  1909/359/616 1910/358/615 1911/332/593
f  1912/328/589 1913/359/616 1914/332/593
f  1915/360/617 1916/359/616 1917/328/589
f  1918/323/584 1919/360/617 1920/328/589
f  1921/361/610 1922/360/617 1923/323/584
f  1924/324/585 1925/361/610 1926/323/584
f  1927/362/618 1928/363/619 1929/360/617
f  1930/361/610 1931/362/618 1932/360/617
f  1933/363/619 1934/364/620 1935/359/616
f  1936/360/617 1937/363/619 1938/359/616
f  1939/364/620 1940/365/621 1941/358/615
f  1942/359/616 1943/364/620 1944/358/615
f  1945/365/621 1946/366/622 1947/357/614
f  1948/358/615 1949/365/621 1950/357/614
f  1951/357/614 1952/367/623 1953/356/613
f  1954/357/614 1955/366/622 1956/367/623
f  1957/356/613 1958/368/624 1959/355/612
f  1960/356/613 1961/367/623 1962/368/624
f  1963/355/612 1964/369/625 1965/354/611
f  1966/355/612 1967/368/624 1968/369/625
f  1969/370/618 1970/353/610 1971/354/611
f  1972/369/625 1973/370/618 1974/354/611
f  1975/371/626 1976/370/618 1977/369/625
f  1978/372/627 1979/371/626 1980/369/625
f  1981/373/628 1982/372/627 1983/369/625
f  1984/368/624 1985/373/628 1986/369/625
f  1987/374/629 1988/373/628 1989/368/624
f  1990/367/623 1991/374/629 1992/368/624
f  1993/375/630 1994/374/629 1995/367/623
f  1996/366/622 1997/375/630 1998/367/623
f  1999/365/621 2000/375/630 2001/366/622
f  2002/365/621 2003/376/631 2004/375/630
f  2005/364/620 2006/376/631 2007/365/621
f  2008/364/620 2009/377/632 2010/376/631
f  2011/378/633 2012/377/632 2013/364/620
f  2014/363/619 2015/378/633 2016/364/620
f  2017/379/626 2018/378/633 2019/363/619
f  2020/362/618 2021/379/626 2022/363/619
f  2023/380/634 2024/381/635 2025/378/633
f  2026/379/626 2027/380/634 2028/378/633
f  2029/381/635 2030/382/636 2031/377/632
f  2032/378/633 2033/381/635 2034/377/632
f  2035/382/636 2036/383/637 2037/376/631
f  2038/377/632 2039/382/636 2040/376/631
f  2041/383/637 2042/384/638 2043/375/630
f  2044/376/631 2045/383/637 2046/375/630
f  2047/384/638 2048/385/639 2049/374/629
f  2050/375/630 2051/384/638 2052/374/629
f  2053/385/639 2054/386/640 2055/373/628
f  2056/374/629 2057/385/639 2058/373/628
f  2059/386/640 2060/387/641 2061/372/627
f  2062/373/628 2063/386/640 2064/372/627
f  2065/388/634 2066/371/626 2067/372/627
f  2068/387/641 2069/388/634 2070/372/627
f  2071/317/642 2072/318/643 2073/319/644
f  2074/317/642 2075/320/645 2076/318/643
f  2077/321/646 2078/320/645 2079/317/642
f  2080/322/647 2081/321/646 2082/317/642
f  2083/323/648 2084/321/646 2085/322/647
f  2086/324/649 2087/323/648 2088/322/647
f  2089/320/645 2090/325/650 2091/318/643
f  2092/320/645 2093/326/651 2094/325/650
f  2095/327/652 2096/326/651 2097/320/645
f  2098/321/646 2099/327/652 2100/320/645
f  2101/328/653 2102/327/652 2103/321/646
f  2104/323/648 2105/328/653 2106/321/646
f  2107/326/651 2108/329/654 2109/325/650
f  2110/326/651 2111/330/655 2112/329/654
f  2113/331/656 2114/330/655 2115/326/651
f  2116/327/652 2117/331/656 2118/326/651
f  2119/332/657 2120/331/656 2121/327/652
f  2122/328/653 2123/332/657 2124/327/652
f  2125/330/655 2126/333/658 2127/329/654
f  2128/330/655 2129/334/659 2130/333/658
f  2131/335/660 2132/334/659 2133/330/655
f  2134/331/656 2135/335/660 2136/330/655
f  2137/336/661 2138/335/660 2139/331/656
f  2140/332/657 2141/336/661 2142/331/656
f  2143/337/662 2144/338/663 2145/333/658
f  2146/334/659 2147/337/662 2148/333/658
f  2149/339/664 2150/337/662 2151/334/659
f  2152/335/660 2153/339/664 2154/334/659
f  2155/336/661 2156/339/664 2157/335/660
f  2158/336/661 2159/340/665 2160/339/664
f  2161/341/666 2162/342/667 2163/338/663
f  2164/337/662 2165/341/666 2166/338/663
f  2167/343/668 2168/341/666 2169/337/662
f  2170/339/664 2171/343/668 2172/337/662
f  2173/340/665 2174/343/668 2175/339/664
f  2176/340/665 2177/344/669 2178/343/668
f  2179/345/670 2180/346/671 2181/342/667
f  2182/341/666 2183/345/670 2184/342/667
f  2185/347/672 2186/345/670 2187/341/666
f  2188/343/668 2189/347/672 2190/341/666
f  2191/344/669 2192/347/672 2193/343/668
f  2194/344/669 2195/348/673 2196/347/672
f  2197/346/671 2198/349/642 2199/350/644
f  2200/346/671 2201/345/670 2202/349/642
f  2203/347/672 2204/351/647 2205/349/642
f  2206/345/670 2207/347/672 2208/349/642
f  2209/348/673 2210/352/649 2211/351/647
f  2212/347/672 2213/348/673 2214/351/647
f  2215/353/674 2216/352/649 2217/348/673
f  2218/354/675 2219/353/674 2220/348/673
f  2221/355/676 2222/354/675 2223/348/673
f  2224/344/669 2225/355/676 2226/348/673
f  2227/356/677 2228/355/676 2229/344/669
f  2230/340/665 2231/356/677 2232/344/669
f  2233/357/678 2234/356/677 2235/340/665
f  2236/336/661 2237/357/678 2238/340/665
f  2239/358/679 2240/357/678 2241/336/661
f  2242/332/657 2243/358/679 2244/336/661
f  2245/359/680 2246/358/679 2247/332/657
f  2248/328/653 2249/359/680 2250/332/657
f  2251/360/681 2252/359/680 2253/328/653
f  2254/323/648 2255/360/681 2256/328/653
f  2257/361/674 2258/360/681 2259/323/648
f  2260/324/649 2261/361/674 2262/323/648
f  2263/362/682 2264/363/683 2265/360/681
f  2266/361/674 2267/362/682 2268/360/681
f  2269/363/683 2270/364/684 2271/359/680
f  2272/360/681 2273/363/683 2274/359/680
f  2275/364/684 2276/365/685 2277/358/679
f  2278/359/680 2279/364/684 2280/358/679
f  2281/365/685 2282/366/686 2283/357/678
f  2284/358/679 2285/365/685 2286/357/678
f  2287/357/678 2288/367/687 2289/356/677
f  2290/357/678 2291/366/686 2292/367/687
f  2293/356/677 2294/368/688 2295/355/676
f  2296/356/677 2297/367/687 2298/368/688
f  2299/355/676 2300/369/689 2301/354/675
f  2302/355/676 2303/368/688 2304/369/689
f  2305/370/682 2306/353/674 2307/354/675
f  2308/369/689 2309/370/682 2310/354/675
f  2311/371/690 2312/370/682 2313/369/689
f  2314/372/691 2315/371/690 2316/369/689
f  2317/373/692 2318/372/691 2319/369/689
f  2320/368/688 2321/373/692 2322/369/689
f  2323/374/693 2324/373/692 2325/368/688
f  2326/367/687 2327/374/693 2328/368/688
f  2329/375/694 2330/374/693 2331/367/687
f  2332/366/686 2333/375/694 2334/367/687
f  2335/365/685 2336/375/694 2337/366/686
f  2338/365/685 2339/376/695 2340/375/694
f  2341/364/684 2342/376/695 2343/365/685
f  2344/364/684 2345/377/696 2346/376/695
f  2347/378/697 2348/377/696 2349/364/684
f  2350/363/683 2351/378/697 2352/364/684
f  2353/379/690 2354/378/697 2355/363/683
f  2356/362/682 2357/379/690 2358/363/683
f  2359/380/698 2360/381/699 2361/378/697
f  2362/379/690 2363/380/698 2364/378/697
f  2365/381/699 2366/382/700 2367/377/696
f  2368/378/697 2369/381/699 2370/377/696
f  2371/382/700 2372/383/701 2373/376/695
f  2374/377/696 2375/382/700 2376/376/695
f  2377/383/701 2378/384/702 2379/375/694
f  2380/376/695 2381/383/701 2382/375/694
f  2383/384/702 2384/385/703 2385/374/693
f  2386/375/694 2387/384/702 2388/374/693
f  2389/385/703 2390/386/704 2391/373/692
f  2392/374/693 2393/385/703 2394/373/692
f  2395/386/704 2396/387/705 2397/372/691
f  2398/373/692 2399/386/704 2400/372/691
f  2401/388/698 2402/371/690 2403/372/691
f  2404/387/705 2405/388/698 2406/372/691
f  2407/317/706 2408/318/707 2409/319/708
f  2410/317/706 2411/320/709 2412/318/707
f  2413/321/710 2414/320/709 2415/317/706
f  2416/322/711 2417/321/710 2418/317/706
f  2419/323/712 2420/321/710 2421/322/711
f  2422/324/713 2423/323/712 2424/322/711
f  2425/320/709 2426/325/714 2427/318/707
f  2428/320/709 2429/326/715 2430/325/714
f  2431/327/716 2432/326/715 2433/320/709
f  2434/321/710 2435/327/716 2436/320/709
f  2437/328/717 2438/327/716 2439/321/710
f  2440/323/712 2441/328/717 2442/321/710
f  2443/326/715 2444/329/718 2445/325/714
f  2446/326/715 2447/330/719 2448/329/718
f  2449/331/720 2450/330/719 2451/326/715
f  2452/327/716 2453/331/720 2454/326/715
f  2455/332/721 2456/331/720 2457/327/716
f  2458/328/717 2459/332/721 2460/327/716
f  2461/330/719 2462/333/722 2463/329/718
f  2464/330/719 2465/334/723 2466/333/722
f  2467/335/724 2468/334/723 2469/330/719
f  2470/331/720 2471/335/724 2472/330/719
f  2473/336/725 2474/335/724 2475/331/720
f  2476/332/721 2477/336/725 2478/331/720
f  2479/337/726 2480/338/727 2481/333/722
f  2482/334/723 2483/337/726 2484/333/722
f  2485/339/728 2486/337/726 2487/334/723
f  2488/335/724 2489/339/728 2490/334/723
f  2491/336/725 2492/339/728 2493/335/724
f  2494/336/725 2495/340/729 2496/339/728
f  2497/341/730 2498/342/731 2499/338/727
f  2500/337/726 2501/341/730 2502/338/727
f  2503/343/732 2504/341/730 2505/337/726
f  2506/339/728 2507/343/732 2508/337/726
f  2509/340/729 2510/343/732 2511/339/728
f  2512/340/729 2513/344/733 2514/343/732
f  2515/345/734 2516/346/735 2517/342/731
f  2518/341/730 2519/345/734 2520/342/731
f  2521/347/736 2522/345/734 2523/341/730
f  2524/343/732 2525/347/736 2526/341/730
f  2527/344/733 2528/347/736 2529/343/732
f  2530/344/733 2531/348/737 2532/347/736
f  2533/346/735 2534/349/706 2535/350/708
f  2536/346/735 2537/345/734 2538/349/706
f  2539/347/736 2540/351/711 2541/349/706
f  2542/345/734 2543/347/736 2544/349/706
f  2545/348/737 2546/352/713 2547/351/711
f  2548/347/736 2549/348/737 2550/351/711
f  2551/353/738 2552/352/713 2553/348/737
f  2554/354/739 2555/353/738 2556/348/737
f  2557/355/740 2558/354/739 2559/348/737
f  2560/344/733 2561/355/740 2562/348/737
f  2563/356/741 2564/355/740 2565/344/733
f  2566/340/729 2567/356/741 2568/344/733
f  2569/357/742 2570/356/741 2571/340/729
f  2572/336/725 2573/357/742 2574/340/729
f  2575/358/743 2576/357/742 2577/336/725
f  2578/332/721 2579/358/743 2580/336/725
f  2581/359/744 2582/358/743 2583/332/721
f  2584/328/717 2585/359/744 2586/332/721
f  2587/360/745 2588/359/744 2589/328/717
f  2590/323/712 2591/360/745 2592/328/717
f  2593/361/738 2594/360/745 2595/323/712
f  2596/324/713 2597/361/738 2598/323/712
f  2599/362/746 2600/363/747 2601/360/745
f  2602/361/738 2603/362/746 2604/360/745
f  2605/363/747 2606/364/748 2607/359/744
f  2608/360/745 2609/363/747 2610/359/744
f  2611/364/748 2612/365/749 2613/358/743
f  2614/359/744 2615/364/748 2616/358/743
f  2617/365/749 2618/366/750 2619/357/742
f  2620/358/743 2621/365/749 2622/357/742
f  2623/357/742 2624/367/751 2625/356/741
f  2626/357/742 2627/366/750 2628/367/751
f  2629/356/741 2630/368/752 2631/355/740
f  2632/356/741 2633/367/751 2634/368/752
f  2635/355/740 2636/369/753 2637/354/739
f  2638/355/740 2639/368/752 2640/369/753
f  2641/370/746 2642/353/738 2643/354/739
f  2644/369/753 2645/370/746 2646/354/739
f  2647/371/754 2648/370/746 2649/369/753
f  2650/372/755 2651/371/754 2652/369/753
f  2653/373/756 2654/372/755 2655/369/753
f  2656/368/752 2657/373/756 2658/369/753
f  2659/374/757 2660/373/756 2661/368/752
f  2662/367/751 2663/374/757 2664/368/752
f  2665/375/758 2666/374/757 2667/367/751
f  2668/366/750 2669/375/758 2670/367/751
f  2671/365/749 2672/375/758 2673/366/750
f  2674/365/749 2675/376/759 2676/375/758
f  2677/364/748 2678/376/759 2679/365/749
f  2680/364/748 2681/377/760 2682/376/759
f  2683/378/761 2684/377/760 2685/364/748
f  2686/363/747 2687/378/761 2688/364/748
f  2689/379/754 2690/378/761 2691/363/747
f  2692/362/746 2693/379/754 2694/363/747
f  2695/380/762 2696/381/763 2697/378/761
f  2698/379/754 2699/380/762 2700/378/761
f  2701/381/763 2702/382/764 2703/377/760
f  2704/378/761 2705/381/763 2706/377/760
f  2707/382/764 2708/383/765 2709/376/759
f  2710/377/760 2711/382/764 2712/376/759
f  2713/383/765 2714/384/766 2715/375/758
f  2716/376/759 2717/383/765 2718/375/758
f  2719/384/766 2720/385/767 2721/374/757
f  2722/375/758 2723/384/766 2724/374/757
f  2725/385/767 2726/386/768 2727/373/756
f  2728/374/757 2729/385/767 2730/373/756
f  2731/386/768 2732/387/769 2733/372/755
f  2734/373/756 2735/386/768 2736/372/755
f  2737/388/762 2738/371/754 2739/372/755
f  2740/387/769 2741/388/762 2742/372/755
f  2743/317/770 2744/318/771 2745/319/772
f  2746/317/770 2747/320/773 2748/318/771
f  2749/321/774 2750/320/773 2751/317/770
f  2752/322/775 2753/321/774 2754/317/770
f  2755/323/776 2756/321/774 2757/322/775
f  2758/324/777 2759/323/776 2760/322/775
f  2761/320/773 2762/325/778 2763/318/771
f  2764/320/773 2765/326/779 2766/325/778
f  2767/327/780 2768/326/779 2769/320/773
f  2770/321/774 2771/327/780 2772/320/773
f  2773/328/781 2774/327/780 2775/321/774
f  2776/323/776 2777/328/781 2778/321/774
f  2779/326/779 2780/329/782 2781/325/778
f  2782/326/779 2783/330/783 2784/329/782
f  2785/331/784 2786/330/783 2787/326/779
f  2788/327/780 2789/331/784 2790/326/779
f  2791/332/785 2792/331/784 2793/327/780
f  2794/328/781 2795/332/785 2796/327/780
f  2797/330/783 2798/333/786 2799/329/782
f  2800/330/783 2801/334/787 2802/333/786
f  2803/335/788 2804/334/787 2805/330/783
f  2806/331/784 2807/335/788 2808/330/783
f  2809/336/789 2810/335/788 2811/331/784
f  2812/332/785 2813/336/789 2814/331/784
f  2815/337/790 2816/338/791 2817/333/786
f  2818/334/787 2819/337/790 2820/333/786
f  2821/339/792 2822/337/790 2823/334/787
f  2824/335/788 2825/339/792 2826/334/787
f  2827/336/789 2828/339/792 2829/335/788
f  2830/336/789 2831/340/793 2832/339/792
f  2833/341/794 2834/342/795 2835/338/791
f  2836/337/790 2837/341/794 2838/338/791
f  2839/343/796 2840/341/794 2841/337/790
f  2842/339/792 2843/343/796 2844/337/790
f  2845/340/793 2846/343/796 2847/339/792
f  2848/340/793 2849/344/797 2850/343/796
f  2851/345/798 2852/346/799 2853/342/795
f  2854/341/794 2855/345/798 2856/342/795
f  2857/347/800 2858/345/798 2859/341/794
f  2860/343/796 2861/347/800 2862/341/794
f  2863/344/797 2864/347/800 2865/343/796
f  2866/344/797 2867/348/801 2868/347/800
f  2869/346/799 2870/349/770 2871/350/772
f  2872/346/799 2873/345/798 2874/349/770
f  2875/347/800 2876/351/775 2877/349/770
f  2878/345/798 2879/347/800 2880/349/770
f  2881/348/801 2882/352/777 2883/351/775
f  2884/347/800 2885/348/801 2886/351/775
f  2887/353/802 2888/352/777 2889/348/801
f  2890/354/803 2891/353/802 2892/348/801
f  2893/355/804 2894/354/803 2895/348/801
f  2896/344/797 2897/355/804 2898/348/801
f  2899/356/805 2900/355/804 2901/344/797
f  2902/340/793 2903/356/805 2904/344/797
f  2905/357/806 2906/356/805 2907/340/793
f  2908/336/789 2909/357/806 2910/340/793
f  2911/358/807 2912/357/806 2913/336/789
f  2914/332/785 2915/358/807 2916/336/789
f  2917/359/808 2918/358/807 2919/332/785
f  2920/328/781 2921/359/808 2922/332/785
f  2923/360/809 2924/359/808 2925/328/781
f  2926/323/776 2927/360/809 2928/328/781
f  2929/361/802 2930/360/809 2931/323/776
f  2932/324/777 2933/361/802 2934/323/776
f  2935/362/810 2936/363/811 2937/360/809
f  2938/361/802 2939/362/810 2940/360/809
f  2941/363/811 2942/364/812 2943/359/808
f  2944/360/809 2945/363/811 2946/359/808
f  2947/364/812 2948/365/813 2949/358/807
f  2950/359/808 2951/364/812 2952/358/807
f  2953/365/813 2954/366/814 2955/357/806
f  2956/358/807 2957/365/813 2958/357/806
f  2959/357/806 2960/367/815 2961/356/805
f  2962/357/806 2963/366/814 2964/367/815
f  2965/356/805 2966/368/816 2967/355/804
f  2968/356/805 2969/367/815 2970/368/816
f  2971/355/804 2972/369/817 2973/354/803
f  2974/355/804 2975/368/816 2976/369/817
f  2977/370/810 2978/353/802 2979/354/803
f  2980/369/817 2981/370/810 2982/354/803
f  2983/371/818 2984/370/810 2985/369/817
f  2986/372/819 2987/371/818 2988/369/817
f  2989/373/820 2990/372/819 2991/369/817
f  2992/368/816 2993/373/820 2994/369/817
f  2995/374/821 2996/373/820 2997/368/816
f  2998/367/815 2999/374/821 3000/368/816
f  3001/375/822 3002/374/821 3003/367/815
f  3004/366/814 3005/375/822 3006/367/815
f  3007/365/813 3008/375/822 3009/366/814
f  3010/365/813 3011/376/823 3012/375/822
f  3013/364/812 3014/376/823 3015/365/813
f  3016/364/812 3017/377/824 3018/376/823
f  3019/378/825 3020/377/824 3021/364/812
f  3022/363/811 3023/378/825 3024/364/812
f  3025/379/818 3026/378/825 3027/363/811
f  3028/362/810 3029/379/818 3030/363/811
f  3031/380/826 3032/381/827 3033/378/825
f  3034/379/818 3035/380/826 3036/378/825
f  3037/381/827 3038/382/828 3039/377/824
f  3040/378/825 3041/381/827 3042/377/824
f  3043/382/828 3044/383/829 3045/376/823
f  3046/377/824 3047/382/828 3048/376/823
f  3049/383/829 3050/384/830 3051/375/822
f  3052/376/823 3053/383/829 3054/375/822
f  3055/384/830 3056/385/831 3057/374/821
f  3058/375/822 3059/384/830 3060/374/821
f  3061/385/831 3062/386/832 3063/373/820
f  3064/374/821 3065/385/831 3066/373/820
f  3067/386/832 3068/387/833 3069/372/819
f  3070/373/820 3071/386/832 3072/372/819
f  3073/388/826 3074/371/818 3075/372/819
f  3076/387/833 3077/388/826 3078/372/819
f  3079/317/834 3080/318/835 3081/319/836
f  3082/317/834 3083/320/837 3084/318/835
f  3085/321/838 3086/320/837 3087/317/834
f  3088/322/839 3089/321/838 3090/317/834
f  3091/323/840 3092/321/838 3093/322/839
f  3094/324/841 3095/323/840 3096/322/839
f  3097/320/837 3098/325/842 3099/318/835
f  3100/320/837 3101/326/843 3102/325/842
f  3103/327/844 3104/326/843 3105/320/837
f  3106/321/838 3107/327/844 3108/320/837
f  3109/328/845 3110/327/844 3111/321/838
f  3112/323/840 3113/328/845 3114/321/838
f  3115/326/843 3116/329/846 3117/325/842
f  3118/326/843 3119/330/847 3120/329/846
f  3121/331/848 3122/330/847 3123/326/843
f  3124/327/844 3125/331/848 3126/326/843
f  3127/332/849 3128/331/848 3129/327/844
f  3130/328/845 3131/332/849 3132/327/844
f  3133/330/847 3134/333/850 3135/329/846
f  3136/330/847 3137/334/851 3138/333/850
f  3139/335/852 3140/334/851 3141/330/847
f  3142/331/848 3143/335/852 3144/330/847
f  3145/336/853 3146/335/852 3147/331/848
f  3148/332/849 3149/336/853 3150/331/848
f  3151/337/854 3152/338/855 3153/333/850
f  3154/334/851 3155/337/854 3156/333/850
f  3157/339/856 3158/337/854 3159/334/851
f  3160/335/852 3161/339/856 3162/334/851
f  3163/336/853 3164/339/856 3165/335/852
f  3166/336/853 3167/340/857 3168/339/856
f  3169/341/858 3170/342/859 3171/338/855
f  3172/337/854 3173/341/858 3174/338/855
f  3175/343/860 3176/341/858 3177/337/854
f  3178/339/856 3179/343/860 3180/337/854
f  3181/340/857 3182/343/860 3183/339/856
f  3184/340/857 3185/344/861 3186/343/860
f  3187/345/862 3188/346/863 3189/342/859
f  3190/341/858 3191/345/862 3192/342/859
f  3193/347/864 3194/345/862 3195/341/858
f  3196/343/860 3197/347/864 3198/341/858
f  3199/344/861 3200/347/864 3201/343/860
f  3202/344/861 3203/348/865 3204/347/864
f  3205/346/863 3206/349/834 3207/350/836
f  3208/346/863 3209/345/862 3210/349/834
f  3211/347/864 3212/351/839 3213/349/834
f  3214/345/862 3215/347/864 3216/349/834
f  3217/348/865 3218/352/841 3219/351/839
f  3220/347/864 3221/348/865 3222/351/839
f  3223/353/866 3224/352/841 3225/348/865
f  3226/354/867 3227/353/866 3228/348/865
f  3229/355/868 3230/354/867 3231/348/865
f  3232/344/861 3233/355/868 3234/348/865
f  3235/356/869 3236/355/868 3237/344/861
f  3238/340/857 3239/356/869 3240/344/861
f  3241/357/870 3242/356/869 3243/340/857
f  3244/336/853 3245/357/870 3246/340/857
f  3247/358/871 3248/357/870 3249/336/853
f  3250/332/849 3251/358/871 3252/336/853
f  3253/359/872 3254/358/871 3255/332/849
f  3256/328/845 3257/359/872 3258/332/849
f  3259/360/873 3260/359/872 3261/328/845
f  3262/323/840 3263/360/873 3264/328/845
f  3265/361/866 3266/360/873 3267/323/840
f  3268/324/841 3269/361/866 3270/323/840
f  3271/362/874 3272/363/875 3273/360/873
f  3274/361/866 3275/362/874 3276/360/873
f  3277/363/875 3278/364/876 3279/359/872
f  3280/360/873 3281/363/875 3282/359/872
f  3283/364/876 3284/365/877 3285/358/871
f  3286/359/872 3287/364/876 3288/358/871
f  3289/365/877 3290/366/878 3291/357/870
f  3292/358/871 3293/365/877 3294/357/870
f  3295/357/870 3296/367/879 3297/356/869
f  3298/357/870 3299/366/878 3300/367/879
f  3301/356/869 3302/368/880 3303/355/868
f  3304/356/869 3305/367/879 3306/368/880
f  3307/355/868 3308/369/881 3309/354/867
f  3310/355/868 3311/368/880 3312/369/881
f  3313/370/874 3314/353/866 3315/354/867
f  3316/369/881 3317/370/874 3318/354/867
f  3319/371/882 3320/370/874 3321/369/881
f  3322/372/883 3323/371/882 3324/369/881
f  3325/373/884 3326/372/883 3327/369/881
f  3328/368/880 3329/373/884 3330/369/881
f  3331/374/885 3332/373/884 3333/368/880
f  3334/367/879 3335/374/885 3336/368/880
f  3337/375/886 3338/374/885 3339/367/879
f  3340/366/878 3341/375/886 3342/367/879
f  3343/365/877 3344/375/886 3345/366/878
f  3346/365/877 3347/376/887 3348/375/886
f  3349/364/876 3350/376/887 3351/365/877
f  3352/364/876 3353/377/888 3354/376/887
f  3355/378/889 3356/377/888 3357/364/876
f  3358/363/875 3359/378/889 3360/364/876
f  3361/379/882 3362/378/889 3363/363/875
f  3364/362/874 3365/379/882 3366/363/875
f  3367/380/378 3368/381/379 3369/378/889
f  3370/379/882 3371/380/378 3372/378/889
f  3373/381/379 3374/382/380 3375/377/888
f  3376/378/889 3377/381/379 3378/377/888
f  3379/382/380 3380/383/381 3381/376/887
f  3382/377/888 3383/382/380 3384/376/887
f  3385/383/381 3386/384/382 3387/375/886
f  3388/376/887 3389/383/381 3390/375/886
f  3391/384/382 3392/385/383 3393/374/885
f  3394/375/886 3395/384/382 3396/374/885
f  3397/385/383 3398/386/384 3399/373/884
f  3400/374/885 3401/385/383 3402/373/884
f  3403/386/384 3404/387/385 3405/372/883
f  3406/373/884 3407/386/384 3408/372/883
f  3409/388/378 3410/371/882 3411/372/883
f  3412/387/385 3413/388/378 3414/372/883
f  3415/317/834 3416/318/835 3417/319/890
f  3418/317/834 3419/320/837 3420/318/835
f  3421/321/838 3422/320/837 3423/317/834
f  3424/322/839 3425/321/838 3426/317/834
f  3427/323/840 3428/321/838 3429/322/839
f  3430/324/841 3431/323/840 3432/322/839
f  3433/320/837 3434/325/891 3435/318/835
f  3436/320/837 3437/326/843 3438/325/891
f  3439/327/844 3440/326/843 3441/320/837
f  3442/321/838 3443/327/844 3444/320/837
f  3445/328/845 3446/327/844 3447/321/838
f  3448/323/840 3449/328/845 3450/321/838
f  3451/326/843 3452/329/892 3453/325/891
f  3454/326/843 3455/330/847 3456/329/892
f  3457/331/848 3458/330/847 3459/326/843
f  3460/327/844 3461/331/848 3462/326/843
f  3463/332/849 3464/331/848 3465/327/844
f  3466/328/845 3467/332/849 3468/327/844
f  3469/330/847 3470/333/893 3471/329/892
f  3472/330/847 3473/334/851 3474/333/893
f  3475/335/894 3476/334/851 3477/330/847
f  3478/331/848 3479/335/894 3480/330/847
f  3481/336/853 3482/335/894 3483/331/848
f  3484/332/849 3485/336/853 3486/331/848
f  3487/337/854 3488/338/855 3489/333/893
f  3490/334/851 3491/337/854 3492/333/893
f  3493/339/856 3494/337/854 3495/334/851
f  3496/335/894 3497/339/856 3498/334/851
f  3499/336/853 3500/339/856 3501/335/894
f  3502/336/853 3503/340/857 3504/339/856
f  3505/341/858 3506/342/895 3507/338/855
f  3508/337/854 3509/341/858 3510/338/855
f  3511/343/896 3512/341/858 3513/337/854
f  3514/339/856 3515/343/896 3516/337/854
f  3517/340/857 3518/343/896 3519/339/856
f  3520/340/857 3521/344/861 3522/343/896
f  3523/345/862 3524/346/897 3525/342/895
f  3526/341/858 3527/345/862 3528/342/895
f  3529/347/898 3530/345/862 3531/341/858
f  3532/343/896 3533/347/898 3534/341/858
f  3535/344/861 3536/347/898 3537/343/896
f  3538/344/861 3539/348/865 3540/347/898
f  3541/346/897 3542/349/834 3543/350/890
f  3544/346/897 3545/345/862 3546/349/834
f  3547/347/898 3548/351/839 3549/349/834
f  3550/345/862 3551/347/898 3552/349/834
f  3553/348/865 3554/352/841 3555/351/839
f  3556/347/898 3557/348/865 3558/351/839
f  3559/353/866 3560/352/841 3561/348/865
f  3562/354/867 3563/353/866 3564/348/865
f  3565/355/868 3566/354/867 3567/348/865
f  3568/344/861 3569/355/868 3570/348/865
f  3571/356/869 3572/355/868 3573/344/861
f  3574/340/857 3575/356/869 3576/344/861
f  3577/357/870 3578/356/869 3579/340/857
f  3580/336/853 3581/357/870 3582/340/857
f  3583/358/871 3584/357/870 3585/336/853
f  3586/332/849 3587/358/871 3588/336/853
f  3589/359/872 3590/358/871 3591/332/849
f  3592/328/845 3593/359/872 3594/332/849
f  3595/360/873 3596/359/872 3597/328/845
f  3598/323/840 3599/360/873 3600/328/845
f  3601/361/866 3602/360/873 3603/323/840
f  3604/324/841 3605/361/866 3606/323/840
f  3607/362/899 3608/363/875 3609/360/873
f  3610/361/866 3611/362/899 3612/360/873
f  3613/363/875 3614/364/876 3615/359/872
f  3616/360/873 3617/363/875 3618/359/872
f  3619/364/876 3620/365/900 3621/358/871
f  3622/359/872 3623/364/876 3624/358/871
f  3625/365/900 3626/366/878 3627/357/870
f  3628/358/871 3629/365/900 3630/357/870
f  3631/357/870 3632/367/879 3633/356/869
f  3634/357/870 3635/366/878 3636/367/879
f  3637/356/869 3638/368/901 3639/355/868
f  3640/356/869 3641/367/879 3642/368/901
f  3643/355/868 3644/369/902 3645/354/867
f  3646/355/868 3647/368/901 3648/369/902
f  3649/370/899 3650/353/866 3651/354/867
f  3652/369/902 3653/370/899 3654/354/867
f  3655/371/903 3656/370/899 3657/369/902
f  3658/372/883 3659/371/903 3660/369/902
f  3661/373/904 3662/372/883 3663/369/902
f  3664/368/901 3665/373/904 3666/369/902
f  3667/374/885 3668/373/904 3669/368/901
f  3670/367/879 3671/374/885 3672/368/901
f  3673/375/886 3674/374/885 3675/367/879
f  3676/366/878 3677/375/886 3678/367/879
f  3679/365/900 3680/375/886 3681/366/878
f  3682/365/900 3683/376/905 3684/375/886
f  3685/364/876 3686/376/905 3687/365/900
f  3688/364/876 3689/377/906 3690/376/905
f  3691/378/889 3692/377/906 3693/364/876
f  3694/363/875 3695/378/889 3696/364/876
f  3697/379/903 3698/378/889 3699/363/875
f  3700/362/899 3701/379/903 3702/363/875
f  3703/380/378 3704/381/379 3705/378/889
f  3706/379/903 3707/380/378 3708/378/889
f  3709/381/379 3710/382/380 3711/377/906
f  3712/378/889 3713/381/379 3714/377/906
f  3715/382/380 3716/383/381 3717/376/905
f  3718/377/906 3719/382/380 3720/376/905
f  3721/383/381 3722/384/382 3723/375/886
f  3724/376/905 3725/383/381 3726/375/886
f  3727/384/382 3728/385/383 3729/374/885
f  3730/375/886 3731/384/382 3732/374/885
f  3733/385/383 3734/386/384 3735/373/904
f  3736/374/885 3737/385/383 3738/373/904
f  3739/386/384 3740/387/385 3741/372/883
f  3742/373/904 3743/386/384 3744/372/883
f  3745/388/378 3746/371/903 3747/372/883
f  3748/387/385 3749/388/378 3750/372/883
f  3751/317/834 3752/318/835 3753/319/890
f  3754/317/834 3755/320/837 3756/318/835
f  3757/321/838 3758/320/837 3759/317/834
f  3760/322/907 3761/321/838 3762/317/834
f  3763/323/840 3764/321/838 3765/322/907
f  3766/324/908 3767/323/840 3768/322/907
f  3769/320/837 3770/325/891 3771/318/835
f  3772/320/837 3773/326/843 3774/325/891
f  3775/327/844 3776/326/843 3777/320/837
f  3778/321/838 3779/327/844 3780/320/837
f  3781/328/845 3782/327/844 3783/321/838
f  3784/323/840 3785/328/845 3786/321/838
f  3787/326/843 3788/329/892 3789/325/891
f  3790/326/843 3791/330/847 3792/329/892
f  3793/331/848 3794/330/847 3795/326/843
f  3796/327/844 3797/331/848 3798/326/843
f  3799/332/849 3800/331/848 3801/327/844
f  3802/328/845 3803/332/849 3804/327/844
f  3805/330/847 3806/333/893 3807/329/892
f  3808/330/847 3809/334/851 3810/333/893
f  3811/335/852 3812/334/851 3813/330/847
f  3814/331/848 3815/335/852 3816/330/847
f  3817/336/853 3818/335/852 3819/331/848
f  3820/332/849 3821/336/853 3822/331/848
f  3823/337/854 3824/338/855 3825/333/893
f  3826/334/851 3827/337/854 3828/333/893
f  3829/339/856 3830/337/854 3831/334/851
f  3832/335/852 3833/339/856 3834/334/851
f  3835/336/853 3836/339/856 3837/335/852
f  3838/336/853 3839/340/857 3840/339/856
f  3841/341/858 3842/342/895 3843/338/855
f  3844/337/854 3845/341/858 3846/338/855
f  3847/343/860 3848/341/858 3849/337/854
f  3850/339/856 3851/343/860 3852/337/854
f  3853/340/857 3854/343/860 3855/339/856
f  3856/340/857 3857/344/861 3858/343/860
f  3859/345/862 3860/346/909 3861/342/895
f  3862/341/858 3863/345/862 3864/342/895
f  3865/347/898 3866/345/862 3867/341/858
f  3868/343/860 3869/347/898 3870/341/858
f  3871/344/861 3872/347/898 3873/343/860
f  3874/344/861 3875/348/865 3876/347/898
f  3877/346/909 3878/349/834 3879/350/890
f  3880/346/909 3881/345/862 3882/349/834
f  3883/347/898 3884/351/907 3885/349/834
f  3886/345/862 3887/347/898 3888/349/834
f  3889/348/865 3890/352/908 3891/351/907
f  3892/347/898 3893/348/865 3894/351/907
f  3895/353/866 3896/352/908 3897/348/865
f  3898/354/867 3899/353/866 3900/348/865
f  3901/355/868 3902/354/867 3903/348/865
f  3904/344/861 3905/355/868 3906/348/865
f  3907/356/869 3908/355/868 3909/344/861
f  3910/340/857 3911/356/869 3912/344/861
f  3913/357/870 3914/356/869 3915/340/857
f  3916/336/853 3917/357/870 3918/340/857
f  3919/358/871 3920/357/870 3921/336/853
f  3922/332/849 3923/358/871 3924/336/853
f  3925/359/872 3926/358/871 3927/332/849
f  3928/328/845 3929/359/872 3930/332/849
f  3931/360/873 3932/359/872 3933/328/845
f  3934/323/840 3935/360/873 3936/328/845
f  3937/361/866 3938/360/873 3939/323/840
f  3940/324/908 3941/361/866 3942/323/840
f  3943/362/899 3944/363/875 3945/360/873
f  3946/361/866 3947/362/899 3948/360/873
f  3949/363/875 3950/364/876 3951/359/872
f  3952/360/873 3953/363/875 3954/359/872
f  3955/364/876 3956/365/900 3957/358/871
f  3958/359/872 3959/364/876 3960/358/871
f  3961/365/900 3962/366/878 3963/357/870
f  3964/358/871 3965/365/900 3966/357/870
f  3967/357/870 3968/367/879 3969/356/869
f  3970/357/870 3971/366/878 3972/367/879
f  3973/356/869 3974/368/910 3975/355/868
f  3976/356/869 3977/367/879 3978/368/910
f  3979/355/868 3980/369/911 3981/354/867
f  3982/355/868 3983/368/910 3984/369/911
f  3985/370/899 3986/353/866 3987/354/867
f  3988/369/911 3989/370/899 3990/354/867
f  3991/371/903 3992/370/899 3993/369/911
f  3994/372/883 3995/371/903 3996/369/911
f  3997/373/884 3998/372/883 3999/369/911
f  4000/368/910 4001/373/884 4002/369/911
f  4003/374/885 4004/373/884 4005/368/910
f  4006/367/879 4007/374/885 4008/368/910
f  4009/375/912 4010/374/885 4011/367/879
f  4012/366/878 4013/375/912 4014/367/879
f  4015/365/900 4016/375/912 4017/366/878
f  4018/365/900 4019/376/887 4020/375/912
f  4021/364/876 4022/376/887 4023/365/900
f  4024/364/876 4025/377/913 4026/376/887
f  4027/378/914 4028/377/913 4029/364/876
f  4030/363/875 4031/378/914 4032/364/876
f  4033/379/903 4034/378/914 4035/363/875
f  4036/362/899 4037/379/903 4038/363/875
f  4039/380/378 4040/381/379 4041/378/914
f  4042/379/903 4043/380/378 4044/378/914
f  4045/381/379 4046/382/380 4047/377/913
f  4048/378/914 4049/381/379 4050/377/913
f  4051/382/380 4052/383/381 4053/376/887
f  4054/377/913 4055/382/380 4056/376/887
f  4057/383/381 4058/384/382 4059/375/912
f  4060/376/887 4061/383/381 4062/375/912
f  4063/384/382 4064/385/383 4065/374/885
f  4066/375/912 4067/384/382 4068/374/885
f  4069/385/383 4070/386/384 4071/373/884
f  4072/374/885 4073/385/383 4074/373/884
f  4075/386/384 4076/387/385 4077/372/883
f  4078/373/884 4079/386/384 4080/372/883
f  4081/388/378 4082/371/903 4083/372/883
f  4084/387/385 4085/388/378 4086/372/883
f  4087/317/834 4088/318/835 4089/319/890
f  4090/317/834 4091/320/837 4092/318/835
f  4093/321/838 4094/320/837 4095/317/834
f  4096/322/839 4097/321/838 4098/317/834
f  4099/323/840 4100/321/838 4101/322/839
f  4102/324/841 4103/323/840 4104/322/839
f  4105/320/837 4106/325/891 4107/318/835
f  4108/320/837 4109/326/843 4110/325/891
f  4111/327/844 4112/326/843 4113/320/837
f  4114/321/838 4115/327/844 4116/320/837
f  4117/328/845 4118/327/844 4119/321/838
f  4120/323/840 4121/328/845 4122/321/838
f  4123/326/843 4124/329/892 4125/325/891
f  4126/326/843 4127/330/847 4128/329/892
f  4129/331/848 4130/330/847 4131/326/843
f  4132/327/844 4133/331/848 4134/326/843
f  4135/332/849 4136/331/848 4137/327/844
f  4138/328/845 4139/332/849 4140/327/844
f  4141/330/847 4142/333/893 4143/329/892
f  4144/330/847 4145/334/851 4146/333/893
f  4147/335/894 4148/334/851 4149/330/847
f  4150/331/848 4151/335/894 4152/330/847
f  4153/336/853 4154/335/894 4155/331/848
f  4156/332/849 4157/336/853 4158/331/848
f  4159/337/854 4160/338/855 4161/333/893
f  4162/334/851 4163/337/854 4164/333/893
f  4165/339/856 4166/337/854 4167/334/851
f  4168/335/894 4169/339/856 4170/334/851
f  4171/336/853 4172/339/856 4173/335/894
f  4174/336/853 4175/340/857 4176/339/856
f  4177/341/858 4178/342/895 4179/338/855
f  4180/337/854 4181/341/858 4182/338/855
f  4183/343/896 4184/341/858 4185/337/854
f  4186/339/856 4187/343/896 4188/337/854
f  4189/340/857 4190/343/896 4191/339/856
f  4192/340/857 4193/344/861 4194/343/896
f  4195/345/862 4196/346/909 4197/342/895
f  4198/341/858 4199/345/862 4200/342/895
f  4201/347/898 4202/345/862 4203/341/858
f  4204/343/896 4205/347/898 4206/341/858
f  4207/344/861 4208/347/898 4209/343/896
f  4210/344/861 4211/348/865 4212/347/898
f  4213/346/909 4214/349/834 4215/350/890
f  4216/346/909 4217/345/862 4218/349/834
f  4219/347/898 4220/351/839 4221/349/834
f  4222/345/862 4223/347/898 4224/349/834
f  4225/348/865 4226/352/841 4227/351/839
f  4228/347/898 4229/348/865 4230/351/839
f  4231/353/866 4232/352/841 4233/348/865
f  4234/354/867 4235/353/866 4236/348/865
f  4237/355/868 4238/354/867 4239/348/865
f  4240/344/861 4241/355/868 4242/348/865
f  4243/356/869 4244/355/868 4245/344/861
f  4246/340/857 4247/356/869 4248/344/861
f  4249/357/870 4250/356/869 4251/340/857
f  4252/336/853 4253/357/870 4254/340/857
f  4255/358/871 4256/357/870 4257/336/853
f  4258/332/849 4259/358/871 4260/336/853
f  4261/359/872 4262/358/871 4263/332/849
f  4264/328/845 4265/359/872 4266/332/849
f  4267/360/873 4268/359/872 4269/328/845
f  4270/323/840 4271/360/873 4272/328/845
f  4273/361/866 4274/360/873 4275/323/840
f  4276/324/841 4277/361/866 4278/323/840
f  4279/362/899 4280/363/875 4281/360/873
f  4282/361/866 4283/362/899 4284/360/873
f  4285/363/875 4286/364/876 4287/359/872
f  4288/360/873 4289/363/875 4290/359/872
f  4291/364/876 4292/365/900 4293/358/871
f  4294/359/872 4295/364/876 4296/358/871
f  4297/365/900 4298/366/878 4299/357/870
f  4300/358/871 4301/365/900 4302/357/870
f  4303/357/870 4304/367/879 4305/356/869
f  4306/357/870 4307/366/878 4308/367/879
f  4309/356/869 4310/368/910 4311/355/868
f  4312/356/869 4313/367/879 4314/368/910
f  4315/355/868 4316/369/902 4317/354/867
f  4318/355/868 4319/368/910 4320/369/902
f  4321/370/899 4322/353/866 4323/354/867
f  4324/369/902 4325/370/899 4326/354/867
f  4327/371/903 4328/370/899 4329/369/902
f  4330/372/883 4331/371/903 4332/369/902
f  4333/373/884 4334/372/883 4335/369/902
f  4336/368/910 4337/373/884 4338/369/902
f  4339/374/885 4340/373/884 4341/368/910
f  4342/367/879 4343/374/885 4344/368/910
f  4345/375/912 4346/374/885 4347/367/879
f  4348/366/878 4349/375/912 4350/367/879
f  4351/365/900 4352/375/912 4353/366/878
f  4354/365/900 4355/376/905 4356/375/912
f  4357/364/876 4358/376/905 4359/365/900
f  4360/364/876 4361/377/913 4362/376/905
f  4363/378/914 4364/377/913 4365/364/876
f  4366/363/875 4367/378/914 4368/364/876
f  4369/379/903 4370/378/914 4371/363/875
f  4372/362/899 4373/379/903 4374/363/875
f  4375/380/378 4376/381/379 4377/378/914
f  4378/379/903 4379/380/378 4380/378/914
f  4381/381/379 4382/382/380 4383/377/913
f  4384/378/914 4385/381/379 4386/377/913
f  4387/382/380 4388/383/381 4389/376/905
f  4390/377/913 4391/382/380 4392/376/905
f  4393/383/381 4394/384/382 4395/375/912
f  4396/376/905 4397/383/381 4398/375/912
f  4399/384/382 4400/385/383 4401/374/885
f  4402/375/912 4403/384/382 4404/374/885
f  4405/385/383 4406/386/384 4407/373/884
f  4408/374/885 4409/385/383 4410/373/884
f  4411/386/384 4412/387/385 4413/372/883
f  4414/373/884 4415/386/384 4416/372/883
f  4417/388/378 4418/371/903 4419/372/883
f  4420/387/385 4421/388/378 4422/372/883
f  4423/317/834 4424/318/835 4425/319/890
f  4426/317/834 4427/320/837 4428/318/835
f  4429/321/838 4430/320/837 4431/317/834
f  4432/322/839 4433/321/838 4434/317/834
f  4435/323/840 4436/321/838 4437/322/839
f  4438/324/841 4439/323/840 4440/322/839
f  4441/320/837 4442/325/891 4443/318/835
f  4444/320/837 4445/326/843 4446/325/891
f  4447/327/844 4448/326/843 4449/320/837
f  4450/321/838 4451/327/844 4452/320/837
f  4453/328/845 4454/327/844 4455/321/838
f  4456/323/840 4457/328/845 4458/321/838
f  4459/326/843 4460/329/892 4461/325/891
f  4462/326/843 4463/330/847 4464/329/892
f  4465/331/848 4466/330/847 4467/326/843
f  4468/327/844 4469/331/848 4470/326/843
f  4471/332/849 4472/331/848 4473/327/844
f  4474/328/845 4475/332/849 4476/327/844
f  4477/330/847 4478/333/893 4479/329/892
f  4480/330/847 4481/334/851 4482/333/893
f  4483/335/852 4484/334/851 4485/330/847
f  4486/331/848 4487/335/852 4488/330/847
f  4489/336/853 4490/335/852 4491/331/848
f  4492/332/849 4493/336/853 4494/331/848
f  4495/337/854 4496/338/855 4497/333/893
f  4498/334/851 4499/337/854 4500/333/893
f  4501/339/856 4502/337/854 4503/334/851
f  4504/335/852 4505/339/856 4506/334/851
f  4507/336/853 4508/339/856 4509/335/852
f  4510/336/853 4511/340/857 4512/339/856
f  4513/341/858 4514/342/895 4515/338/855
f  4516/337/854 4517/341/858 4518/338/855
f  4519/343/896 4520/341/858 4521/337/854
f  4522/339/856 4523/343/896 4524/337/854
f  4525/340/857 4526/343/896 4527/339/856
f  4528/340/857 4529/344/861 4530/343/896
f  4531/345/862 4532/346/909 4533/342/895
f  4534/341/858 4535/345/862 4536/342/895
f  4537/347/915 4538/345/862 4539/341/858
f  4540/343/896 4541/347/915 4542/341/858
f  4543/344/861 4544/347/915 4545/343/896
f  4546/344/861 4547/348/916 4548/347/915
f  4549/346/909 4550/349/834 4551/350/890
f  4552/346/909 4553/345/862 4554/349/834
f  4555/347/915 4556/351/839 4557/349/834
f  4558/345/862 4559/347/915 4560/349/834
f  4561/348/916 4562/352/841 4563/351/839
f  4564/347/915 4565/348/916 4566/351/839
f  4567/353/866 4568/352/841 4569/348/916
f  4570/354/867 4571/353/866 4572/348/916
f  4573/355/868 4574/354/867 4575/348/916
f  4576/344/861 4577/355/868 4578/348/916
f  4579/356/869 4580/355/868 4581/344/861
f  4582/340/857 4583/356/869 4584/344/861
f  4585/357/870 4586/356/869 4587/340/857
f  4588/336/853 4589/357/870 4590/340/857
f  4591/358/871 4592/357/870 4593/336/853
f  4594/332/849 4595/358/871 4596/336/853
f  4597/359/872 4598/358/871 4599/332/849
f  4600/328/845 4601/359/872 4602/332/849
f  4603/360/873 4604/359/872 4605/328/845
f  4606/323/840 4607/360/873 4608/328/845
f  4609/361/866 4610/360/873 4611/323/840
f  4612/324/841 4613/361/866 4614/323/840
f  4615/362/899 4616/363/875 4617/360/873
f  4618/361/866 4619/362/899 4620/360/873
f  4621/363/875 4622/364/876 4623/359/872
f  4624/360/873 4625/363/875 4626/359/872
f  4627/364/876 4628/365/900 4629/358/871
f  4630/359/872 4631/364/876 4632/358/871
f  4633/365/900 4634/366/878 4635/357/870
f  4636/358/871 4637/365/900 4638/357/870
f  4639/357/870 4640/367/879 4641/356/869
f  4642/357/870 4643/366/878 4644/367/879
f  4645/356/869 4646/368/910 4647/355/868
f  4648/356/869 4649/367/879 4650/368/910
f  4651/355/868 4652/369/902 4653/354/867
f  4654/355/868 4655/368/910 4656/369/902
f  4657/370/899 4658/353/866 4659/354/867
f  4660/369/902 4661/370/899 4662/354/867
f  4663/371/903 4664/370/899 4665/369/902
f  4666/372/883 4667/371/903 4668/369/902
f  4669/373/884 4670/372/883 4671/369/902
f  4672/368/910 4673/373/884 4674/369/902
f  4675/374/885 4676/373/884 4677/368/910
f  4678/367/879 4679/374/885 4680/368/910
f  4681/375/912 4682/374/885 4683/367/879
f  4684/366/878 4685/375/912 4686/367/879
f  4687/365/900 4688/375/912 4689/366/878
f  4690/365/900 4691/376/887 4692/375/912
f  4693/364/876 4694/376/887 4695/365/900
f  4696/364/876 4697/377/913 4698/376/887
f  4699/378/914 4700/377/913 4701/364/876
f  4702/363/875 4703/378/914 4704/364/876
f  4705/379/903 4706/378/914 4707/363/875
f  4708/362/899 4709/379/903 4710/363/875
f  4711/380/378 4712/381/379 4713/378/914
f  4714/379/903 4715/380/378 4716/378/914
f  4717/381/379 4718/382/380 4719/377/913
f  4720/378/914 4721/381/379 4722/377/913
f  4723/382/380 4724/383/381 4725/376/887
f  4726/377/913 4727/382/380 4728/376/887
f  4729/383/381 4730/384/382 4731/375/912
f  4732/376/887 4733/383/381 4734/375/912
f  4735/384/382 4736/385/383 4737/374/885
f  4738/375/912 4739/384/382 4740/374/885
f  4741/385/383 4742/386/384 4743/373/884
f  4744/374/885 4745/385/383 4746/373/884
f  4747/386/384 4748/387/385 4749/372/883
f  4750/373/884 4751/386/384 4752/372/883
f  4753/388/378 4754/371/903 4755/372/883
f  4756/387/385 4757/388/378 4758/372/883
f  4759/317/834 4760/318/835 4761/319/836
f  4762/317/834 4763/320/837 4764/318/835
f  4765/321/838 4766/320/837 4767/317/834
f  4768/322/907 4769/321/838 4770/317/834
f  4771/323/840 4772/321/838 4773/322/907
f  4774/324/908 4775/323/840 4776/322/907
f  4777/320/837 4778/325/891 4779/318/835
f  4780/320/837 4781/326/917 4782/325/891
f  4783/327/844 4784/326/917 4785/320/837
f  4786/321/838 4787/327/844 4788/320/837
f  4789/328/845 4790/327/844 4791/321/838
f  4792/323/840 4793/328/845 4794/321/838
f  4795/326/917 4796/329/892 4797/325/891
f  4798/326/917 4799/330/847 4800/329/892
f  4801/331/848 4802/330/847 4803/326/917
f  4804/327/844 4805/331/848 4806/326/917
f  4807/332/849 4808/331/848 4809/327/844
f  4810/328/845 4811/332/849 4812/327/844
f  4813/330/847 4814/333/893 4815/329/892
f  4816/330/847 4817/334/851 4818/333/893
f  4819/335/894 4820/334/851 4821/330/847
f  4822/331/848 4823/335/894 4824/330/847
f  4825/336/853 4826/335/894 4827/331/848
f  4828/332/849 4829/336/853 4830/331/848
f  4831/337/854 4832/338/855 4833/333/893
f  4834/334/851 4835/337/854 4836/333/893
f  4837/339/856 4838/337/854 4839/334/851
f  4840/335/894 4841/339/856 4842/334/851
f  4843/336/853 4844/339/856 4845/335/894
f  4846/336/853 4847/340/857 4848/339/856
f  4849/341/858 4850/342/859 4851/338/855
f  4852/337/854 4853/341/858 4854/338/855
f  4855/343/860 4856/341/858 4857/337/854
f  4858/339/856 4859/343/860 4860/337/854
f  4861/340/857 4862/343/860 4863/339/856
f  4864/340/857 4865/344/861 4866/343/860
f  4867/345/862 4868/346/909 4869/342/859
f  4870/341/858 4871/345/862 4872/342/859
f  4873/347/898 4874/345/862 4875/341/858
f  4876/343/860 4877/347/898 4878/341/858
f  4879/344/861 4880/347/898 4881/343/860
f  4882/344/861 4883/348/865 4884/347/898
f  4885/346/909 4886/349/834 4887/350/836
f  4888/346/909 4889/345/862 4890/349/834
f  4891/347/898 4892/351/907 4893/349/834
f  4894/345/862 4895/347/898 4896/349/834
f  4897/348/865 4898/352/908 4899/351/907
f  4900/347/898 4901/348/865 4902/351/907
f  4903/353/866 4904/352/908 4905/348/865
f  4906/354/867 4907/353/866 4908/348/865
f  4909/355/868 4910/354/867 4911/348/865
f  4912/344/861 4913/355/868 4914/348/865
f  4915/356/869 4916/355/868 4917/344/861
f  4918/340/857 4919/356/869 4920/344/861
f  4921/357/870 4922/356/869 4923/340/857
f  4924/336/853 4925/357/870 4926/340/857
f  4927/358/871 4928/357/870 4929/336/853
f  4930/332/849 4931/358/871 4932/336/853
f  4933/359/872 4934/358/871 4935/332/849
f  4936/328/845 4937/359/872 4938/332/849
f  4939/360/873 4940/359/872 4941/328/845
f  4942/323/840 4943/360/873 4944/328/845
f  4945/361/866 4946/360/873 4947/323/840
f  4948/324/908 4949/361/866 4950/323/840
f  4951/362/899 4952/363/875 4953/360/873
f  4954/361/866 4955/362/899 4956/360/873
f  4957/363/875 4958/364/876 4959/359/872
f  4960/360/873 4961/363/875 4962/359/872
f  4963/364/876 4964/365/900 4965/358/871
f  4966/359/872 4967/364/876 4968/358/871
f  4969/365/900 4970/366/878 4971/357/870
f  4972/358/871 4973/365/900 4974/357/870
f  4975/357/870 4976/367/879 4977/356/869
f  4978/357/870 4979/366/878 4980/367/879
f  4981/356/869 4982/368/910 4983/355/868
f  4984/356/869 4985/367/879 4986/368/910
f  4987/355/868 4988/369/902 4989/354/867
f  4990/355/868 4991/368/910 4992/369/902
f  4993/370/899 4994/353/866 4995/354/867
f  4996/369/902 4997/370/899 4998/354/867
f  4999/371/903 5000/370/899 5001/369/902
f  5002/372/883 5003/371/903 5004/369/902
f  5005/373/884 5006/372/883 5007/369/902
f  5008/368/910 5009/373/884 5010/369/902
f  5011/374/885 5012/373/884 5013/368/910
f  5014/367/879 5015/374/885 5016/368/910
f  5017/375/912 5018/374/885 5019/367/879
f  5020/366/878 5021/375/912 5022/367/879
f  5023/365/900 5024/375/912 5025/366/878
f  5026/365/900 5027/376/887 5028/375/912
f  5029/364/876 5030/376/887 5031/365/900
f  5032/364/876 5033/377/918 5034/376/887
f  5035/378/914 5036/377/918 5037/364/876
f  5038/363/875 5039/378/914 5040/364/876
f  5041/379/903 5042/378/914 5043/363/875
f  5044/362/899 5045/379/903 5046/363/875
f  5047/380/378 5048/381/379 5049/378/914
f  5050/379/903 5051/380/378 5052/378/914
f  5053/381/379 5054/382/380 5055/377/918
f  5056/378/914 5057/381/379 5058/377/918
f  5059/382/380 5060/383/381 5061/376/887
f  5062/377/918 5063/382/380 5064/376/887
f  5065/383/381 5066/384/382 5067/375/912
f  5068/376/887 5069/383/381 5070/375/912
f  5071/384/382 5072/385/383 5073/374/885
f  5074/375/912 5075/384/382 5076/374/885
f  5077/385/383 5078/386/384 5079/373/884
f  5080/374/885 5081/385/383 5082/373/884
f  5083/386/384 5084/387/385 5085/372/883
f  5086/373/884 5087/386/384 5088/372/883
f  5089/388/378 5090/371/903 5091/372/883
f  5092/387/385 5093/388/378 5094/372/883
f  5095/317/834 5096/318/835 5097/319/836
f  5098/317/834 5099/320/837 5100/318/835
f  5101/321/838 5102/320/837 5103/317/834
f  5104/322/907 5105/321/838 5106/317/834
f  5107/323/840 5108/321/838 5109/322/907
f  5110/324/908 5111/323/840 5112/322/907
f  5113/320/837 5114/325/891 5115/318/835
f  5116/320/837 5117/326/843 5118/325/891
f  5119/327/844 5120/326/843 5121/320/837
f  5122/321/838 5123/327/844 5124/320/837
f  5125/328/845 5126/327/844 5127/321/838
f  5128/323/840 5129/328/845 5130/321/838
f  5131/326/843 5132/329/892 5133/325/891
f  5134/326/843 5135/330/847 5136/329/892
f  5137/331/848 5138/330/847 5139/326/843
f  5140/327/844 5141/331/848 5142/326/843
f  5143/332/849 5144/331/848 5145/327/844
f  5146/328/845 5147/332/849 5148/327/844
f  5149/330/847 5150/333/893 5151/329/892
f  5152/330/847 5153/334/851 5154/333/893
f  5155/335/894 5156/334/851 5157/330/847
f  5158/331/848 5159/335/894 5160/330/847
f  5161/336/919 5162/335/894 5163/331/848
f  5164/332/849 5165/336/919 5166/331/848
f  5167/337/854 5168/338/855 5169/333/893
f  5170/334/851 5171/337/854 5172/333/893
f  5173/339/856 5174/337/854 5175/334/851
f  5176/335/894 5177/339/856 5178/334/851
f  5179/336/919 5180/339/856 5181/335/894
f  5182/336/919 5183/340/857 5184/339/856
f  5185/341/858 5186/342/859 5187/338/855
f  5188/337/854 5189/341/858 5190/338/855
f  5191/343/860 5192/341/858 5193/337/854
f  5194/339/856 5195/343/860 5196/337/854
f  5197/340/857 5198/343/860 5199/339/856
f  5200/340/857 5201/344/861 5202/343/860
f  5203/345/862 5204/346/909 5205/342/859
f  5206/341/858 5207/345/862 5208/342/859
f  5209/347/864 5210/345/862 5211/341/858
f  5212/343/860 5213/347/864 5214/341/858
f  5215/344/861 5216/347/864 5217/343/860
f  5218/344/861 5219/348/865 5220/347/864
f  5221/346/909 5222/349/834 5223/350/836
f  5224/346/909 5225/345/862 5226/349/834
f  5227/347/864 5228/351/907 5229/349/834
f  5230/345/862 5231/347/864 5232/349/834
f  5233/348/865 5234/352/908 5235/351/907
f  5236/347/864 5237/348/865 5238/351/907
f  5239/353/866 5240/352/908 5241/348/865
f  5242/354/867 5243/353/866 5244/348/865
f  5245/355/868 5246/354/867 5247/348/865
f  5248/344/861 5249/355/868 5250/348/865
f  5251/356/869 5252/355/868 5253/344/861
f  5254/340/857 5255/356/869 5256/344/861
f  5257/357/870 5258/356/869 5259/340/857
f  5260/336/919 5261/357/870 5262/340/857
f  5263/358/871 5264/357/870 5265/336/919
f  5266/332/849 5267/358/871 5268/336/919
f  5269/359/872 5270/358/871 5271/332/849
f  5272/328/845 5273/359/872 5274/332/849
f  5275/360/873 5276/359/872 5277/328/845
f  5278/323/840 5279/360/873 5280/328/845
f  5281/361/866 5282/360/873 5283/323/840
f  5284/324/908 5285/361/866 5286/323/840
f  5287/362/899 5288/363/875 5289/360/873
f  5290/361/866 5291/362/899 5292/360/873
f  5293/363/875 5294/364/876 5295/359/872
f  5296/360/873 5297/363/875 5298/359/872
f  5299/364/876 5300/365/900 5301/358/871
f  5302/359/872 5303/364/876 5304/358/871
f  5305/365/900 5306/366/878 5307/357/870
f  5308/358/871 5309/365/900 5310/357/870
f  5311/357/870 5312/367/879 5313/356/869
f  5314/357/870 5315/366/878 5316/367/879
f  5317/356/869 5318/368/910 5319/355/868
f  5320/356/869 5321/367/879 5322/368/910
f  5323/355/868 5324/369/881 5325/354/867
f  5326/355/868 5327/368/910 5328/369/881
f  5329/370/899 5330/353/866 5331/354/867
f  5332/369/881 5333/370/899 5334/354/867
f  5335/371/903 5336/370/899 5337/369/881
f  5338/372/883 5339/371/903 5340/369/881
f  5341/373/920 5342/372/883 5343/369/881
f  5344/368/910 5345/373/920 5346/369/881
f  5347/374/885 5348/373/920 5349/368/910
f  5350/367/879 5351/374/885 5352/368/910
f  5353/375/912 5354/374/885 5355/367/879
f  5356/366/878 5357/375/912 5358/367/879
f  5359/365/900 5360/375/912 5361/366/878
f  5362/365/900 5363/376/887 5364/375/912
f  5365/364/876 5366/376/887 5367/365/900
f  5368/364/876 5369/377/913 5370/376/887
f  5371/378/889 5372/377/913 5373/364/876
f  5374/363/875 5375/378/889 5376/364/876
f  5377/379/903 5378/378/889 5379/363/875
f  5380/362/899 5381/379/903 5382/363/875
f  5383/380/378 5384/381/379 5385/378/889
f  5386/379/903 5387/380/378 5388/378/889
f  5389/381/379 5390/382/380 5391/377/913
f  5392/378/889 5393/381/379 5394/377/913
f  5395/382/380 5396/383/381 5397/376/887
f  5398/377/913 5399/382/380 5400/376/887
f  5401/383/381 5402/384/382 5403/375/912
f  5404/376/887 5405/383/381 5406/375/912
f  5407/384/382 5408/385/383 5409/374/885
f  5410/375/912 5411/384/382 5412/374/885
f  5413/385/383 5414/386/384 5415/373/920
f  5416/374/885 5417/385/383 5418/373/920
f  5419/386/384 5420/387/385 5421/372/883
f  5422/373/920 5423/386/384 5424/372/883
f  5425/388/378 5426/371/903 5427/372/883
f  5428/387/385 5429/388/378 5430/372/883
f  5431/317/834 5432/318/835 5433/319/836
f  5434/317/834 5435/320/837 5436/318/835
f  5437/321/838 5438/320/837 5439/317/834
f  5440/322/839 5441/321/838 5442/317/834
f  5443/323/840 5444/321/838 5445/322/839
f  5446/324/841 5447/323/840 5448/322/839
f  5449/320/837 5450/325/921 5451/318/835
f  5452/320/837 5453/326/917 5454/325/921
f  5455/327/844 5456/326/917 5457/320/837
f  5458/321/838 5459/327/844 5460/320/837
f  5461/328/845 5462/327/844 5463/321/838
f  5464/323/840 5465/328/845 5466/321/838
f  5467/326/917 5468/329/892 5469/325/921
f  5470/326/917 5471/330/847 5472/329/892
f  5473/331/922 5474/330/847 5475/326/917
f  5476/327/844 5477/331/922 5478/326/917
f  5479/332/849 5480/331/922 5481/327/844
f  5482/328/845 5483/332/849 5484/327/844
f  5485/330/847 5486/333/893 5487/329/892
f  5488/330/847 5489/334/851 5490/333/893
f  5491/335/894 5492/334/851 5493/330/847
f  5494/331/922 5495/335/894 5496/330/847
f  5497/336/853 5498/335/894 5499/331/922
f  5500/332/849 5501/336/853 5502/331/922
f  5503/337/854 5504/338/855 5505/333/893
f  5506/334/851 5507/337/854 5508/333/893
f  5509/339/856 5510/337/854 5511/334/851
f  5512/335/894 5513/339/856 5514/334/851
f  5515/336/853 5516/339/856 5517/335/894
f  5518/336/853 5519/340/857 5520/339/856
f  5521/341/858 5522/342/859 5523/338/855
f  5524/337/854 5525/341/858 5526/338/855
f  5527/343/896 5528/341/858 5529/337/854
f  5530/339/856 5531/343/896 5532/337/854
f  5533/340/857 5534/343/896 5535/339/856
f  5536/340/857 5537/344/861 5538/343/896
f  5539/345/862 5540/346/909 5541/342/859
f  5542/341/858 5543/345/862 5544/342/859
f  5545/347/864 5546/345/862 5547/341/858
f  5548/343/896 5549/347/864 5550/341/858
f  5551/344/861 5552/347/864 5553/343/896
f  5554/344/861 5555/348/865 5556/347/864
f  5557/346/909 5558/349/834 5559/350/836
f  5560/346/909 5561/345/862 5562/349/834
f  5563/347/864 5564/351/839 5565/349/834
f  5566/345/862 5567/347/864 5568/349/834
f  5569/348/865 5570/352/841 5571/351/839
f  5572/347/864 5573/348/865 5574/351/839
f  5575/353/866 5576/352/841 5577/348/865
f  5578/354/867 5579/353/866 5580/348/865
f  5581/355/868 5582/354/867 5583/348/865
f  5584/344/861 5585/355/868 5586/348/865
f  5587/356/869 5588/355/868 5589/344/861
f  5590/340/857 5591/356/869 5592/344/861
f  5593/357/870 5594/356/869 5595/340/857
f  5596/336/853 5597/357/870 5598/340/857
f  5599/358/871 5600/357/870 5601/336/853
f  5602/332/849 5603/358/871 5604/336/853
f  5605/359/872 5606/358/871 5607/332/849
f  5608/328/845 5609/359/872 5610/332/849
f  5611/360/873 5612/359/872 5613/328/845
f  5614/323/840 5615/360/873 5616/328/845
f  5617/361/866 5618/360/873 5619/323/840
f  5620/324/841 5621/361/866 5622/323/840
f  5623/362/923 5624/363/875 5625/360/873
f  5626/361/866 5627/362/923 5628/360/873
f  5629/363/875 5630/364/876 5631/359/872
f  5632/360/873 5633/363/875 5634/359/872
f  5635/364/876 5636/365/900 5637/358/871
f  5638/359/872 5639/364/876 5640/358/871
f  5641/365/900 5642/366/878 5643/357/870
f  5644/358/871 5645/365/900 5646/357/870
f  5647/357/870 5648/367/879 5649/356/869
f  5650/357/870 5651/366/878 5652/367/879
f  5653/356/869 5654/368/910 5655/355/868
f  5656/356/869 5657/367/879 5658/368/910
f  5659/355/868 5660/369/911 5661/354/867
f  5662/355/868 5663/368/910 5664/369/911
f  5665/370/923 5666/353/866 5667/354/867
f  5668/369/911 5669/370/923 5670/354/867
f  5671/371/924 5672/370/923 5673/369/911
f  5674/372/883 5675/371/924 5676/369/911
f  5677/373/904 5678/372/883 5679/369/911
f  5680/368/910 5681/373/904 5682/369/911
f  5683/374/885 5684/373/904 5685/368/910
f  5686/367/879 5687/374/885 5688/368/910
f  5689/375/912 5690/374/885 5691/367/879
f  5692/366/878 5693/375/912 5694/367/879
f  5695/365/900 5696/375/912 5697/366/878
f  5698/365/900 5699/376/887 5700/375/912
f  5701/364/876 5702/376/887 5703/365/900
f  5704/364/876 5705/377/888 5706/376/887
f  5707/378/889 5708/377/888 5709/364/876
f  5710/363/875 5711/378/889 5712/364/876
f  5713/379/924 5714/378/889 5715/363/875
f  5716/362/923 5717/379/924 5718/363/875
f  5719/380/378 5720/381/379 5721/378/889
f  5722/379/924 5723/380/378 5724/378/889
f  5725/381/379 5726/382/380 5727/377/888
f  5728/378/889 5729/381/379 5730/377/888
f  5731/382/380 5732/383/381 5733/376/887
f  5734/377/888 5735/382/380 5736/376/887
f  5737/383/381 5738/384/382 5739/375/912
f  5740/376/887 5741/383/381 5742/375/912
f  5743/384/382 5744/385/383 5745/374/885
f  5746/375/912 5747/384/382 5748/374/885
f  5749/385/383 5750/386/384 5751/373/904
f  5752/374/885 5753/385/383 5754/373/904
f  5755/386/384 5756/387/385 5757/372/883
f  5758/373/904 5759/386/384 5760/372/883
f  5761/388/378 5762/371/924 5763/372/883
f  5764/387/385 5765/388/378 5766/372/883
f  5767/317/834 5768/318/835 5769/319/890
f  5770/317/834 5771/320/837 5772/318/835
f  5773/321/838 5774/320/837 5775/317/834
f  5776/322/839 5777/321/838 5778/317/834
f  5779/323/840 5780/321/838 5781/322/839
f  5782/324/841 5783/323/840 5784/322/839
f  5785/320/837 5786/325/842 5787/318/835
f  5788/320/837 5789/326/843 5790/325/842
f  5791/327/844 5792/326/843 5793/320/837
f  5794/321/838 5795/327/844 5796/320/837
f  5797/328/845 5798/327/844 5799/321/838
f  5800/323/840 5801/328/845 5802/321/838
f  5803/326/843 5804/329/925 5805/325/842
f  5806/326/843 5807/330/926 5808/329/925
f  5809/331/848 5810/330/926 5811/326/843
f  5812/327/844 5813/331/848 5814/326/843
f  5815/332/849 5816/331/848 5817/327/844
f  5818/328/845 5819/332/849 5820/327/844
f  5821/330/926 5822/333/850 5823/329/925
f  5824/330/926 5825/334/851 5826/333/850
f  5827/335/852 5828/334/851 5829/330/926
f  5830/331/848 5831/335/852 5832/330/926
f  5833/336/853 5834/335/852 5835/331/848
f  5836/332/849 5837/336/853 5838/331/848
f  5839/337/854 5840/338/855 5841/333/850
f  5842/334/851 5843/337/854 5844/333/850
f  5845/339/856 5846/337/854 5847/334/851
f  5848/335/852 5849/339/856 5850/334/851
f  5851/336/853 5852/339/856 5853/335/852
f  5854/336/853 5855/340/857 5856/339/856
f  5857/341/858 5858/342/859 5859/338/855
f  5860/337/854 5861/341/858 5862/338/855
f  5863/343/896 5864/341/858 5865/337/854
f  5866/339/856 5867/343/896 5868/337/854
f  5869/340/857 5870/343/896 5871/339/856
f  5872/340/857 5873/344/861 5874/343/896
f  5875/345/862 5876/346/863 5877/342/859
f  5878/341/858 5879/345/862 5880/342/859
f  5881/347/864 5882/345/862 5883/341/858
f  5884/343/896 5885/347/864 5886/341/858
f  5887/344/861 5888/347/864 5889/343/896
f  5890/344/861 5891/348/865 5892/347/864
f  5893/346/863 5894/349/834 5895/350/890
f  5896/346/863 5897/345/862 5898/349/834
f  5899/347/864 5900/351/839 5901/349/834
f  5902/345/862 5903/347/864 5904/349/834
f  5905/348/865 5906/352/841 5907/351/839
f  5908/347/864 5909/348/865 5910/351/839
f  5911/353/866 5912/352/841 5913/348/865
f  5914/354/867 5915/353/866 5916/348/865
f  5917/355/868 5918/354/867 5919/348/865
f  5920/344/861 5921/355/868 5922/348/865
f  5923/356/869 5924/355/868 5925/344/861
f  5926/340/857 5927/356/869 5928/344/861
f  5929/357/870 5930/356/869 5931/340/857
f  5932/336/853 5933/357/870 5934/340/857
f  5935/358/871 5936/357/870 5937/336/853
f  5938/332/849 5939/358/871 5940/336/853
f  5941/359/872 5942/358/871 5943/332/849
f  5944/328/845 5945/359/872 5946/332/849
f  5947/360/873 5948/359/872 5949/328/845
f  5950/323/840 5951/360/873 5952/328/845
f  5953/361/866 5954/360/873 5955/323/840
f  5956/324/841 5957/361/866 5958/323/840
f  5959/362/923 5960/363/875 5961/360/873
f  5962/361/866 5963/362/923 5964/360/873
f  5965/363/875 5966/364/876 5967/359/872
f  5968/360/873 5969/363/875 5970/359/872
f  5971/364/876 5972/365/927 5973/358/871
f  5974/359/872 5975/364/876 5976/358/871
f  5977/365/927 5978/366/878 5979/357/870
f  5980/358/871 5981/365/927 5982/357/870
f  5983/357/870 5984/367/879 5985/356/869
f  5986/357/870 5987/366/878 5988/367/879
f  5989/356/869 5990/368/910 5991/355/868
f  5992/356/869 5993/367/879 5994/368/910
f  5995/355/868 5996/369/881 5997/354/867
f  5998/355/868 5999/368/910 6000/369/881
f  6001/370/923 6002/353/866 6003/354/867
f  6004/369/881 6005/370/923 6006/354/867
f  6007/371/924 6008/370/923 6009/369/881
f  6010/372/883 6011/371/924 6012/369/881
f  6013/373/928 6014/372/883 6015/369/881
f  6016/368/910 6017/373/928 6018/369/881
f  6019/374/885 6020/373/928 6021/368/910
f  6022/367/879 6023/374/885 6024/368/910
f  6025/375/886 6026/374/885 6027/367/879
f  6028/366/878 6029/375/886 6030/367/879
f  6031/365/927 6032/375/886 6033/366/878
f  6034/365/927 6035/376/887 6036/375/886
f  6037/364/876 6038/376/887 6039/365/927
f  6040/364/876 6041/377/918 6042/376/887
f  6043/378/889 6044/377/918 6045/364/876
f  6046/363/875 6047/378/889 6048/364/876
f  6049/379/924 6050/378/889 6051/363/875
f  6052/362/923 6053/379/924 6054/363/875
f  6055/380/378 6056/381/379 6057/378/889
f  6058/379/924 6059/380/378 6060/378/889
f  6061/381/379 6062/382/380 6063/377/918
f  6064/378/889 6065/381/379 6066/377/918
f  6067/382/380 6068/383/381 6069/376/887
f  6070/377/918 6071/382/380 6072/376/887
f  6073/383/381 6074/384/382 6075/375/886
f  6076/376/887 6077/383/381 6078/375/886
f  6079/384/382 6080/385/383 6081/374/885
f  6082/375/886 6083/384/382 6084/374/885
f  6085/385/383 6086/386/384 6087/373/928
f  6088/374/885 6089/385/383 6090/373/928
f  6091/386/384 6092/387/385 6093/372/883
f  6094/373/928 6095/386/384 6096/372/883
f  6097/388/378 6098/371/924 6099/372/883
f  6100/387/385 6101/388/378 6102/372/883
f  6103/389/929 6104/390/929 6105/391/929
f  6106/392/930 6107/389/930 6108/391/930
f  6109/390/385 6110/393/385 6111/394/385
f  6112/395/385 6113/390/385 6114/394/385
f  6115/396/931 6116/397/931 6117/398/931
f  6118/396/932 6119/393/932 6120/397/932
f  6121/399/381 6122/389/381 6123/400/381
f  6124/399/381 6125/397/381 6126/389/381
f  6127/397/933 6128/390/933 6129/389/933
f  6130/397/934 6131/393/934 6132/390/934
f  6133/389/935 6134/390/935 6135/391/935
f  6136/392/936 6137/389/936 6138/391/936
f  6139/390/937 6140/393/937 6141/394/937
f  6142/395/938 6143/390/938 6144/394/938
f  6145/396/939 6146/397/939 6147/398/939
f  6148/396/940 6149/393/940 6150/397/940
f  6151/399/381 6152/389/381 6153/400/381
f  6154/399/941 6155/397/941 6156/389/941
f  6157/397/933 6158/390/933 6159/389/933
f  6160/397/934 6161/393/934 6162/390/934
f  6163/389/942 6164/390/942 6165/391/942
f  6166/392/936 6167/389/936 6168/391/936
f  6169/390/943 6170/393/943 6171/394/943
f  6172/395/944 6173/390/944 6174/394/944
f  6175/396/939 6176/397/939 6177/398/939
f  6178/396/940 6179/393/940 6180/397/940
f  6181/399/381 6182/389/381 6183/400/381
f  6184/399/945 6185/397/945 6186/389/945
f  6187/397/933 6188/390/933 6189/389/933
f  6190/397/934 6191/393/934 6192/390/934
f  6193/389/946 6194/390/946 6195/391/946
f  6196/392/936 6197/389/936 6198/391/936
f  6199/390/947 6200/393/947 6201/394/947
f  6202/395/948 6203/390/948 6204/394/948
f  6205/396/939 6206/397/939 6207/398/939
f  6208/396/940 6209/393/940 6210/397/940
f  6211/399/381 6212/389/381 6213/400/381
f  6214/399/949 6215/397/949 6216/389/949
f  6217/397/933 6218/390/933 6219/389/933
f  6220/397/934 6221/393/934 6222/390/934
f  6223/389/942 6224/390/942 6225/391/942
f  6226/392/936 6227/389/936 6228/391/936
f  6229/390/950 6230/393/950 6231/394/950
f  6232/395/944 6233/390/944 6234/394/944
f  6235/396/951 6236/397/951 6237/398/951
f  6238/396/940 6239/393/940 6240/397/940
f  6241/399/381 6242/389/381 6243/400/381
f  6244/399/952 6245/397/952 6246/389/952
f  6247/397/933 6248/390/933 6249/389/933
f  6250/397/934 6251/393/934 6252/390/934
f  6253/389/942 6254/390/942 6255/391/942
f  6256/392/936 6257/389/936 6258/391/936
f  6259/390/953 6260/393/953 6261/394/953
f  6262/395/944 6263/390/944 6264/394/944
f  6265/396/954 6266/397/954 6267/398/954
f  6268/396/940 6269/393/940 6270/397/940
f  6271/399/381 6272/389/381 6273/400/381
f  6274/399/955 6275/397/955 6276/389/955
f  6277/397/933 6278/390/933 6279/389/933
f  6280/397/934 6281/393/934 6282/390/934
f  6283/389/942 6284/390/942 6285/391/942
f  6286/392/936 6287/389/936 6288/391/936
f  6289/390/943 6290/393/943 6291/394/943
f  6292/395/944 6293/390/944 6294/394/944
f  6295/396/956 6296/397/956 6297/398/956
f  6298/396/940 6299/393/940 6300/397/940
f  6301/399/381 6302/389/381 6303/400/381
f  6304/399/957 6305/397/957 6306/389/957
f  6307/397/933 6308/390/933 6309/389/933
f  6310/397/934 6311/393/934 6312/390/934
f  6313/389/958 6314/390/958 6315/391/958
f  6316/392/936 6317/389/936 6318/391/936
f  6319/390/943 6320/393/943 6321/394/943
f  6322/395/944 6323/390/944 6324/394/944
f  6325/396/959 6326/397/959 6327/398/959
f  6328/396/940 6329/393/940 6330/397/940
f  6331/399/381 6332/389/381 6333/400/381
f  6334/399/960 6335/397/960 6336/389/960
f  6337/397/933 6338/390/933 6339/389/933
f  6340/397/934 6341/393/934 6342/390/934
f  6343/389/961 6344/390/961 6345/391/961
f  6346/392/936 6347/389/936 6348/391/936
f  6349/390/385 6350/393/385 6351/394/385
f  6352/395/385 6353/390/385 6354/394/385
f  6355/396/962 6356/397/962 6357/398/962
f  6358/396/932 6359/393/932 6360/397/932
f  6361/399/381 6362/389/381 6363/400/381
f  6364/399/963 6365/397/963 6366/389/963
f  6367/397/933 6368/390/933 6369/389/933
f  6370/397/934 6371/393/934 6372/390/934
f  6373/401/964 6374/402/964 6375/403/964
f  6376/404/965 6377/405/965 6378/402/965
f  6379/406/966 6380/407/966 6381/402/966
f  6382/407/967 6383/406/967 6384/408/967
f  6385/401/383 6386/409/383 6387/404/383
f  6388/402/385 6389/410/385 6390/411/385
f  6391/412/381 6392/408/381 6393/403/381
f  6394/413/933 6395/403/933 6396/409/933
f  6397/414/933 6398/415/933 6399/405/933
f  6400/416/381 6401/407/381 6402/417/381
f  6403/416/385 6404/417/385 6405/407/385
f  6406/404/964 6407/418/964 6408/415/964
f  6409/401/964 6410/402/964 6411/403/964
f  6412/404/968 6413/405/968 6414/402/968
f  6415/406/383 6416/407/383 6417/402/383
f  6418/407/383 6419/406/383 6420/408/383
f  6421/401/969 6422/409/969 6423/418/969
f  6424/402/385 6425/410/385 6426/411/385
f  6427/412/381 6428/408/381 6429/413/381
f  6430/413/933 6431/403/933 6432/409/933
f  6433/414/933 6434/415/933 6435/405/933
f  6436/417/381 6437/416/381 6438/407/381
f  6439/416/385 6440/417/385 6441/406/385
f  6442/404/964 6443/418/964 6444/415/964
f  6445/419/970 6446/420/970 6447/421/970
f  6448/422/971 6449/423/971 6450/424/971
f  6451/425/972 6452/426/972 6453/427/972
f  6454/428/973 6455/429/973 6456/430/973
f  6457/431/974 6458/425/974 6459/432/974
f  6460/433/975 6461/434/975 6462/429/975
f  6463/435/976 6464/431/976 6465/436/976
f  6466/437/977 6467/433/977 6468/438/977
f  6469/423/978 6470/435/978 6471/439/978
f  6472/420/979 6473/437/979 6474/440/979
f  6475/441/980 6476/442/980 6477/438/980
f  6478/442/933 6479/443/933 6480/438/933
f  6481/443/981 6482/444/981 6483/445/981
f  6484/444/933 6485/446/933 6486/445/933
f  6487/447/933 6488/448/933 6489/425/933
f  6490/449/933 6491/447/933 6492/431/933
f  6493/450/933 6494/449/933 6495/435/933
f  6496/451/982 6497/450/982 6498/435/982
f  6499/452/933 6500/451/933 6501/422/933
f  6502/453/933 6503/441/933 6504/429/933
f  6505/454/983 6506/455/983 6507/449/983
f  6508/442/984 6509/441/984 6510/456/984
f  6511/457/985 6512/454/985 6513/450/985
f  6514/443/986 6515/442/986 6516/458/986
f  6517/459/987 6518/457/987 6519/450/987
f  6520/444/988 6521/443/988 6522/460/988
f  6523/461/989 6524/459/989 6525/451/989
f  6526/446/990 6527/444/990 6528/462/990
f  6529/463/991 6530/456/991 6531/453/991
f  6532/455/992 6533/464/992 6534/448/992
f  6535/419/993 6536/420/993 6537/421/993
f  6538/422/994 6539/423/994 6540/424/994
f  6541/425/995 6542/426/995 6543/432/995
f  6544/428/996 6545/429/996 6546/434/996
f  6547/431/997 6548/425/997 6549/432/997
f  6550/433/998 6551/434/998 6552/429/998
f  6553/435/999 6554/431/999 6555/436/999
f  6556/437/1000 6557/433/1000 6558/438/1000
f  6559/423/1001 6560/435/1001 6561/439/1001
f  6562/420/1002 6563/437/1002 6564/445/1002
f  6565/441/1003 6566/442/1003 6567/438/1003
f  6568/442/933 6569/443/933 6570/438/933
f  6571/443/1004 6572/444/1004 6573/445/1004
f  6574/444/1005 6575/446/1005 6576/445/1005
f  6577/447/1006 6578/448/1006 6579/425/1006
f  6580/449/933 6581/447/933 6582/431/933
f  6583/450/933 6584/449/933 6585/435/933
f  6586/451/1007 6587/450/1007 6588/435/1007
f  6589/452/933 6590/451/933 6591/422/933
f  6592/453/933 6593/441/933 6594/429/933
f  6595/454/1008 6596/455/1008 6597/449/1008
f  6598/442/1009 6599/441/1009 6600/458/1009
f  6601/457/1010 6602/454/1010 6603/450/1010
f  6604/443/1011 6605/442/1011 6606/458/1011
f  6607/459/1012 6608/457/1012 6609/450/1012
f  6610/444/1013 6611/443/1013 6612/465/1013
f  6613/461/1014 6614/459/1014 6615/451/1014
f  6616/446/1015 6617/444/1015 6618/462/1015
f  6619/463/1016 6620/456/1016 6621/453/1016
f  6622/455/1017 6623/464/1017 6624/448/1017
f  6625/419/1018 6626/420/1018 6627/445/1018
f  6628/422/1019 6629/423/1019 6630/424/1019
f  6631/425/1020 6632/426/1020 6633/432/1020
f  6634/428/1021 6635/429/1021 6636/434/1021
f  6637/431/1022 6638/425/1022 6639/436/1022
f  6640/433/1023 6641/434/1023 6642/438/1023
f  6643/435/1024 6644/431/1024 6645/439/1024
f  6646/437/1025 6647/433/1025 6648/438/1025
f  6649/423/1026 6650/435/1026 6651/439/1026
f  6652/420/1027 6653/437/1027 6654/445/1027
f  6655/441/933 6656/442/933 6657/438/933
f  6658/442/1028 6659/443/1028 6660/438/1028
f  6661/443/1029 6662/444/1029 6663/445/1029
f  6664/444/933 6665/446/933 6666/445/933
f  6667/447/933 6668/448/933 6669/425/933
f  6670/449/1030 6671/447/1030 6672/425/1030
f  6673/450/933 6674/449/933 6675/431/933
f  6676/451/1031 6677/450/1031 6678/435/1031
f  6679/452/933 6680/451/933 6681/422/933
f  6682/453/933 6683/441/933 6684/429/933
f  6685/454/1032 6686/455/1032 6687/449/1032
f  6688/442/1033 6689/441/1033 6690/456/1033
f  6691/457/1034 6692/454/1034 6693/450/1034
f  6694/443/1035 6695/442/1035 6696/458/1035
f  6697/459/1036 6698/457/1036 6699/450/1036
f  6700/444/1037 6701/443/1037 6702/465/1037
f  6703/461/1038 6704/459/1038 6705/452/1038
f  6706/446/1039 6707/444/1039 6708/462/1039
f  6709/463/1040 6710/456/1040 6711/441/1040
f  6712/455/1041 6713/464/1041 6714/447/1041
f  6715/419/1042 6716/420/1042 6717/445/1042
f  6718/422/1043 6719/423/1043 6720/424/1043
f  6721/425/1044 6722/426/1044 6723/432/1044
f  6724/428/1040 6725/429/1040 6726/434/1040
f  6727/431/1045 6728/425/1045 6729/436/1045
f  6730/433/1046 6731/434/1046 6732/429/1046
f  6733/435/1047 6734/431/1047 6735/436/1047
f  6736/437/1035 6737/433/1035 6738/438/1035
f  6739/423/1048 6740/435/1048 6741/439/1048
f  6742/420/1049 6743/437/1049 6744/440/1049
f  6745/441/1050 6746/442/1050 6747/438/1050
f  6748/442/933 6749/443/933 6750/438/933
f  6751/443/933 6752/444/933 6753/440/933
f  6754/444/933 6755/446/933 6756/445/933
f  6757/447/1051 6758/448/1051 6759/425/1051
f  6760/449/1052 6761/447/1052 6762/425/1052
f  6763/450/1053 6764/449/1053 6765/435/1053
f  6766/451/1054 6767/450/1054 6768/435/1054
f  6769/452/933 6770/451/933 6771/422/933
f  6772/453/933 6773/441/933 6774/429/933
f  6775/454/1055 6776/455/1055 6777/447/1055
f  6778/442/1056 6779/441/1056 6780/458/1056
f  6781/457/1057 6782/454/1057 6783/450/1057
f  6784/443/1058 6785/442/1058 6786/458/1058
f  6787/459/1059 6788/457/1059 6789/451/1059
f  6790/444/1060 6791/443/1060 6792/460/1060
f  6793/461/1061 6794/459/1061 6795/451/1061
f  6796/446/1062 6797/444/1062 6798/460/1062
f  6799/463/1063 6800/456/1063 6801/441/1063
f  6802/455/1064 6803/464/1064 6804/447/1064
f  6805/466/1065 6806/467/1066 6807/468/1066
f  6808/466/1065 6809/468/1066 6810/469/1067
f  6811/470/1066 6812/471/1068 6813/472/1068
f  6814/470/1066 6815/472/1068 6816/473/1066
f  6817/471/1068 6818/474/1069 6819/475/1070
f  6820/471/1068 6821/475/1070 6822/472/1068
f  6823/474/1069 6824/476/1071 6825/477/1071
f  6826/474/1069 6827/477/1071 6828/475/1070
f  6829/476/1071 6830/478/1072 6831/479/1072
f  6832/476/1071 6833/479/1072 6834/477/1071
f  6835/478/1072 6836/467/1073 6837/468/1074
f  6838/478/1072 6839/468/1074 6840/479/1072
f  6841/480/1073 6842/481/1075 6843/482/1076
f  6844/480/1073 6845/482/1076 6846/483/1074
f  6847/481/1075 6848/484/1077 6849/485/1078
f  6850/481/1075 6851/485/1078 6852/482/1076
f  6853/484/1077 6854/486/1079 6855/487/1079
f  6856/484/1077 6857/487/1079 6858/485/1078
f  6859/486/1079 6860/488/1080 6861/489/1081
f  6862/486/1079 6863/489/1081 6864/487/1079
f  6865/488/1080 6866/490/1082 6867/491/1082
f  6868/488/1080 6869/491/1082 6870/489/1081
f  6871/480/1082 6872/481/1083 6873/482/1083
f  6874/480/1082 6875/482/1083 6876/483/1082
f  6877/481/1083 6878/484/1084 6879/485/1085
f  6880/481/1083 6881/485/1085 6882/482/1083
f  6883/484/1084 6884/486/1086 6885/487/1087
f  6886/484/1084 6887/487/1087 6888/485/1085
f  6889/486/1086 6890/488/1088 6891/489/1088
f  6892/486/1086 6893/489/1088 6894/487/1087
f  6895/488/1088 6896/490/1089 6897/491/1090
f  6898/488/1088 6899/491/1090 6900/489/1088
f  6901/492/1089 6902/471/1091 6903/472/1092
f  6904/492/1089 6905/472/1092 6906/493/1090
f  6907/471/1091 6908/494/1093 6909/495/1094
f  6910/471/1091 6911/495/1094 6912/472/1092
f  6913/494/1093 6914/476/1095 6915/477/1095
f  6916/494/1093 6917/477/1095 6918/495/1094
f  6919/476/1095 6920/466/1065 6921/469/1067
f  6922/476/1095 6923/469/1067 6924/477/1095
f  6925/496/1096 6926/497/1097 6927/498/1098
f  6928/496/1096 6929/498/1098 6930/499/1096
f  6931/500/1097 6932/501/1099 6933/502/1100
f  6934/500/1097 6935/502/1100 6936/503/1098
f  6937/501/1099 6938/504/1101 6939/505/1102
f  6940/501/1099 6941/505/1102 6942/502/1100
f  6943/504/1101 6944/506/1103 6945/507/1104
f  6946/504/1101 6947/507/1104 6948/505/1102
f  6949/506/1103 6950/508/1105 6951/509/1105
f  6952/506/1103 6953/509/1105 6954/507/1104
f  6955/508/1105 6956/497/1106 6957/498/1107
f  6958/508/1105 6959/498/1107 6960/509/1105
f  6961/510/1106 6962/511/1108 6963/512/1109
f  6964/510/1106 6965/512/1109 6966/513/1107
f  6967/511/1108 6968/514/1110 6969/515/1110
f  6970/511/1108 6971/515/1110 6972/512/1109
f  6973/514/1110 6974/516/1111 6975/517/1112
f  6976/514/1110 6977/517/1112 6978/515/1110
f  6979/516/1111 6980/518/1113 6981/519/1113
f  6982/516/1111 6983/519/1113 6984/517/1112
f  6985/518/1113 6986/520/1114 6987/521/1115
f  6988/518/1113 6989/521/1115 6990/519/1113
f  6991/510/1114 6992/511/1116 6993/512/1117
f  6994/510/1114 6995/512/1117 6996/513/1115
f  6997/511/1116 6998/514/1118 6999/515/1119
f  7000/511/1116 7001/515/1119 7002/512/1117
f  7003/514/1118 7004/516/1120 7005/517/1121
f  7006/514/1118 7007/517/1121 7008/515/1119
f  7009/516/1120 7010/518/1122 7011/519/1122
f  7012/516/1120 7013/519/1122 7014/517/1121
f  7015/518/1122 7016/520/1123 7017/521/1124
f  7018/518/1122 7019/521/1124 7020/519/1122
f  7021/522/1123 7022/501/1125 7023/502/1126
f  7024/522/1123 7025/502/1126 7026/523/1124
f  7027/501/1125 7028/524/1127 7029/525/1127
f  7030/501/1125 7031/525/1127 7032/502/1126
f  7033/524/1127 7034/506/1128 7035/507/1129
f  7036/524/1127 7037/507/1129 7038/525/1127
f  7039/506/1128 7040/496/1096 7041/499/1096
f  7042/506/1128 7043/499/1096 7044/507/1129
f  7045/526/385 7046/527/1130 7047/528/1130
f  7048/526/385 7049/528/1130 7050/529/385
f  7051/530/1130 7052/531/1131 7053/532/1131
f  7054/530/1130 7055/532/1131 7056/533/1130
f  7057/531/1131 7058/534/1132 7059/535/1132
f  7060/531/1131 7061/535/1132 7062/532/1131
f  7063/534/1132 7064/536/1133 7065/537/1133
f  7066/534/1132 7067/537/1133 7068/535/1132
f  7069/536/1133 7070/538/379 7071/539/379
f  7072/536/1133 7073/539/379 7074/537/1133
f  7075/538/379 7076/527/1134 7077/528/1134
f  7078/538/379 7079/528/1134 7080/539/379
f  7081/540/1134 7082/541/1135 7083/542/1135
f  7084/540/1134 7085/542/1135 7086/543/1134
f  7087/541/1135 7088/544/1136 7089/545/1136
f  7090/541/1135 7091/545/1136 7092/542/1135
f  7093/544/1136 7094/546/1137 7095/547/1137
f  7096/544/1136 7097/547/1137 7098/545/1136
f  7099/546/1137 7100/548/381 7101/549/381
f  7102/546/1137 7103/549/381 7104/547/1137
f  7105/548/381 7106/550/1138 7107/551/1138
f  7108/548/381 7109/551/1138 7110/549/381
f  7111/540/1138 7112/541/1139 7113/542/1139
f  7114/540/1138 7115/542/1139 7116/543/1138
f  7117/541/1139 7118/544/1140 7119/545/1140
f  7120/541/1139 7121/545/1140 7122/542/1139
f  7123/544/1140 7124/546/1141 7125/547/1141
f  7126/544/1140 7127/547/1141 7128/545/1140
f  7129/546/1141 7130/548/383 7131/549/383
f  7132/546/1141 7133/549/383 7134/547/1141
f  7135/548/383 7136/550/1142 7137/551/1142
f  7138/548/383 7139/551/1142 7140/549/383
f  7141/552/1142 7142/531/1143 7143/532/1143
f  7144/552/1142 7145/532/1143 7146/553/1142
f  7147/531/1143 7148/554/1144 7149/555/1144
f  7150/531/1143 7151/555/1144 7152/532/1143
f  7153/554/1144 7154/536/1145 7155/537/1145
f  7156/554/1144 7157/537/1145 7158/555/1144
f  7159/536/1145 7160/526/385 7161/529/385
f  7162/536/1145 7163/529/385 7164/537/1145
f  7165/556/1146 7166/557/379 7167/558/379
f  7168/556/1146 7169/558/379 7170/559/1146
f  7171/557/379 7172/560/1147 7173/558/379
f  7174/561/1147 7175/562/1148 7176/563/1148
f  7177/562/1148 7178/564/381 7179/563/1148
f  7180/565/381 7181/566/1149 7182/567/1149
f  7183/568/1150 7184/569/383 7185/570/383
f  7186/568/1150 7187/570/383 7188/571/1150
f  7189/572/1151 7190/573/385 7191/574/385
f  7192/572/1151 7193/574/385 7194/575/1151
f  7195/576/1152 7196/577/1152 7197/578/1152
f  7198/577/933 7199/579/933 7200/580/933
f  7201/577/933 7202/580/933 7203/578/933
f  7204/579/933 7205/581/933 7206/582/933
f  7207/579/933 7208/582/933 7209/580/933
f  7210/581/933 7211/583/933 7212/582/933
f  7213/583/1153 7214/584/1153 7215/585/1153
f  7216/583/933 7217/585/933 7218/582/933
f  7219/584/933 7220/586/933 7221/587/933
f  7222/584/1154 7223/587/1154 7224/585/1154
f  7225/586/1155 7226/588/1155 7227/587/1155
f  7228/588/933 7229/589/933 7230/590/933
f  7231/588/1156 7232/590/1156 7233/587/1156
f  7234/589/1157 7235/591/1157 7236/592/1157
f  7237/589/933 7238/592/933 7239/590/933
f  7240/591/1158 7241/593/1158 7242/592/1158
f  7243/593/933 7244/594/933 7245/595/933
f  7246/593/933 7247/595/933 7248/592/933
f  7249/594/933 7250/576/933 7251/578/933
f  7252/594/933 7253/578/933 7254/595/933
f  7255/596/1159 7256/597/1159 7257/598/1159
f  7258/596/1160 7259/598/1160 7260/599/1160
f  7261/597/1161 7262/600/1161 7263/601/1161
f  7264/597/1162 7265/601/1162 7266/598/1162
f  7267/600/1163 7268/602/1163 7269/603/1163
f  7270/600/1163 7271/603/1163 7272/601/1163
f  7273/602/1164 7274/604/1164 7275/605/1164
f  7276/602/1165 7277/605/1165 7278/603/1165
f  7279/604/1166 7280/606/1166 7281/607/1166
f  7282/604/1167 7283/607/1167 7284/605/1167
f  7285/606/1168 7286/608/1168 7287/609/1168
f  7288/606/1169 7289/609/1169 7290/607/1169
f  7291/608/1170 7292/610/1170 7293/611/1170
f  7294/608/1171 7295/611/1171 7296/609/1171
f  7297/610/1172 7298/612/1172 7299/613/1172
f  7300/610/1172 7301/613/1172 7302/611/1172
f  7303/614/1173 7304/615/1174 7305/616/1175
f  7306/617/1176 7307/616/1175 7308/615/1174
f  7309/617/1176 7310/615/1174 7311/618/1177
f  7312/618/1177 7313/619/1178 7314/617/1176
f  7315/620/1179 7316/617/1176 7317/619/1178
f  7318/620/1179 7319/619/1178 7320/621/1180
f  7321/621/1180 7322/622/1181 7323/620/1179
f  7324/622/1181 7325/623/1182 7326/620/1179
f  7327/624/1183 7328/625/1179 7329/626/1182
f  7330/624/1183 7331/626/1182 7332/627/1184
f  7333/627/1184 7334/628/1185 7335/624/1183
f  7336/629/1186 7337/624/1183 7338/628/1185
f  7339/629/1186 7340/628/1185 7341/630/1187
f  7342/630/1187 7343/631/1188 7344/629/1186
f  7345/631/1188 7346/632/1189 7347/629/1186
f  7348/633/1190 7349/629/1186 7350/632/1189
f  7351/633/1190 7352/632/1189 7353/634/1191
f  7354/634/1191 7355/635/1192 7356/633/1190
f  7357/636/1193 7358/633/1190 7359/635/1192
f  7360/636/1193 7361/635/1192 7362/637/1194
f  7363/637/1194 7364/638/1195 7365/636/1193
f  7366/638/1195 7367/639/1196 7368/636/1193
f  7369/640/1197 7370/636/1193 7371/639/1196
f  7372/640/1197 7373/639/1196 7374/641/1198
f  7375/641/1198 7376/642/1199 7377/640/1197
f  7378/616/1175 7379/640/1197 7380/642/1199
f  7381/616/1175 7382/642/1199 7383/643/1200
f  7384/643/1200 7385/614/1173 7386/616/1175
f  7387/644/1201 7388/645/1202 7389/646/1203
f  7390/644/1201 7391/646/1203 7392/647/1204
f  7393/644/1205 7394/645/1201 7395/646/1204
f  7396/644/1205 7397/646/1204 7398/647/1206
f  7399/648/1207 7400/649/1205 7401/650/1206
f  7402/648/1207 7403/650/1206 7404/651/1208
f  7405/652/1209 7406/653/1207 7407/654/1208
f  7408/652/1209 7409/654/1208 7410/655/1209
f  7411/644/1210 7412/656/1209 7413/646/1209
f  7414/644/1210 7415/646/1209 7416/657/1211
f  7417/644/1212 7418/653/1210 7419/646/1211
f  7420/644/1212 7421/646/1211 7422/657/1213
f  7423/648/1214 7424/649/1212 7425/658/1213
f  7426/648/1214 7427/658/1213 7428/651/1215
f  7429/652/1202 7430/659/1214 7431/660/1215
f  7432/652/1202 7433/660/1215 7434/655/1203
f  7435/661/933 7436/662/933 7437/663/933
f  7438/661/933 7439/663/933 7440/664/933
f  7441/665/1216 7442/666/1216 7443/667/1216
f  7444/668/1217 7445/667/1218 7446/666/1219
f  7447/668/1217 7448/666/1219 7449/669/1220
f  7450/670/1221 7451/671/1221 7452/672/1221
f  7453/673/1222 7454/672/1223 7455/671/1224
f  7456/673/1222 7457/671/1224 7458/674/1225
f  7459/674/1226 7460/675/1226 7461/673/1226
f  7462/676/1227 7463/673/1228 7464/675/1229
f  7465/676/1227 7466/675/1229 7467/677/1230
f  7468/677/1231 7469/678/1231 7470/676/1231
f  7471/667/1232 7472/676/1233 7473/678/1234
f  7474/667/1232 7475/678/1234 7476/665/1235
f  7477/679/385 7478/680/385 7479/681/385
f  7480/679/385 7481/681/385 7482/682/385
f  7483/683/379 7484/680/379 7485/681/379
f  7486/683/379 7487/681/379 7488/684/379
f  7489/685/381 7490/680/381 7491/681/381
f  7492/685/381 7493/681/381 7494/686/381
f  7495/685/383 7496/680/383 7497/681/383
f  7498/685/383 7499/681/383 7500/686/383
f  7501/685/385 7502/679/385 7503/682/385
f  7504/685/385 7505/682/385 7506/686/385
f  7507/685/379 7508/683/379 7509/684/379
f  7510/685/379 7511/684/379 7512/686/379
f  7513/687/385 7514/688/385 7515/689/385
f  7516/687/385 7517/689/385 7518/690/385
f  7519/691/379 7520/688/379 7521/689/379
f  7522/691/379 7523/689/379 7524/692/379
f  7525/693/381 7526/688/381 7527/689/381
f  7528/693/381 7529/689/381 7530/694/381
f  7531/687/385 7532/690/385 7533/694/385
f  7534/687/385 7535/694/385 7536/693/385
f  7537/691/379 7538/692/379 7539/694/379
f  7540/691/379 7541/694/379 7542/693/379
f  7543/694/383 7544/693/383 7545/688/383
f  7546/694/383 7547/688/383 7548/689/383
f  7549/695/933 7550/696/933 7551/697/933
f  7552/695/933 7553/697/933 7554/698/933
f  7555/696/933 7556/699/933 7557/700/933
f  7558/696/933 7559/700/933 7560/697/933
f  7561/679/381 7562/682/381 7563/681/381
f  7564/679/381 7565/681/381 7566/680/381
f  7567/683/379 7568/684/379 7569/681/379
f  7570/683/379 7571/681/379 7572/680/379
f  7573/685/385 7574/686/385 7575/681/385
f  7576/685/385 7577/681/385 7578/680/385
f  7579/685/383 7580/686/383 7581/681/383
f  7582/685/383 7583/681/383 7584/680/383
f  7585/685/381 7586/686/381 7587/682/381
f  7588/685/381 7589/682/381 7590/679/381
f  7591/685/379 7592/686/379 7593/684/379
f  7594/685/379 7595/684/379 7596/683/379
f  7597/687/381 7598/690/381 7599/689/381
f  7600/687/381 7601/689/381 7602/688/381
f  7603/691/379 7604/692/379 7605/689/379
f  7606/691/379 7607/689/379 7608/688/379
f  7609/693/385 7610/694/385 7611/689/385
f  7612/693/385 7613/689/385 7614/688/385
f  7615/687/381 7616/693/381 7617/694/381
f  7618/687/381 7619/694/381 7620/690/381
f  7621/691/379 7622/693/379 7623/694/379
f  7624/691/379 7625/694/379 7626/692/379
f  7627/694/383 7628/689/383 7629/688/383
f  7630/694/383 7631/688/383 7632/693/383
f  7633/695/933 7634/698/933 7635/697/933
f  7636/695/933 7637/697/933 7638/696/933
f  7639/696/933 7640/697/933 7641/700/933
f  7642/696/933 7643/700/933 7644/699/933
f  7645/701/933 7646/702/933 7647/703/933
f  7648/701/933 7649/703/933 7650/704/933
f  7651/705/1236 7652/706/1236 7653/707/381
f  7654/705/1236 7655/707/381 7656/708/381
f  7657/705/1237 7658/706/1237 7659/707/383
f  7660/705/1237 7661/707/383 7662/708/383
f  7663/705/1238 7664/706/1238 7665/707/385
f  7666/705/1238 7667/707/385 7668/708/385
f  7669/705/1239 7670/706/1239 7671/707/379
f  7672/705/1239 7673/707/379 7674/708/379
f  7675/709/1240 7676/710/1240 7677/711/1236
f  7678/709/1240 7679/711/1236 7680/712/1236
f  7681/709/1241 7682/710/1241 7683/711/1237
f  7684/709/1241 7685/711/1237 7686/712/1237
f  7687/709/1242 7688/710/1242 7689/711/1238
f  7690/709/1242 7691/711/1238 7692/712/1238
f  7693/709/1243 7694/710/1243 7695/711/1239
f  7696/709/1243 7697/711/1239 7698/712/1239
f  7699/701/933 7700/704/933 7701/703/933
f  7702/701/933 7703/703/933 7704/702/933
f  7705/705/1238 7706/708/385 7707/707/385
f  7708/705/1238 7709/707/385 7710/706/1238
f  7711/705/1237 7712/708/383 7713/707/383
f  7714/705/1237 7715/707/383 7716/706/1237
f  7717/705/1236 7718/708/381 7719/707/381
f  7720/705/1236 7721/707/381 7722/706/1236
f  7723/705/1239 7724/708/379 7725/707/379
f  7726/705/1239 7727/707/379 7728/706/1239
f  7729/709/1242 7730/712/1238 7731/711/1238
f  7732/709/1242 7733/711/1238 7734/710/1242
f  7735/709/1241 7736/712/1237 7737/711/1237
f  7738/709/1241 7739/711/1237 7740/710/1241
f  7741/709/1240 7742/712/1236 7743/711/1236
f  7744/709/1240 7745/711/1236 7746/710/1240
f  7747/709/1243 7748/712/1239 7749/711/1239
f  7750/709/1243 7751/711/1239 7752/710/1243
f  7753/713/385 7754/714/385 7755/715/385
f  7756/713/385 7757/715/385 7758/716/385
f  7759/717/379 7760/718/379 7761/719/379
f  7762/717/379 7763/719/379 7764/720/379
f  7765/721/381 7766/722/381 7767/723/381
f  7768/721/381 7769/723/381 7770/724/381
f  7771/725/381 7772/726/381 7773/727/381
f  7774/725/381 7775/727/381 7776/728/381
f  7777/729/385 7778/730/385 7779/731/385
f  7780/729/385 7781/731/385 7782/732/385
f  7783/717/383 7784/718/383 7785/733/383
f  7786/717/383 7787/733/383 7788/734/383
f  7789/719/383 7790/720/383 7791/735/383
f  7792/719/383 7793/735/383 7794/736/383
f  7795/737/1244 7796/738/1244 7797/739/1245
f  7798/737/1244 7799/739/1245 7800/740/1245
f  7801/741/1246 7802/742/1247 7803/743/1248
f  7804/741/1246 7805/743/1248 7806/744/1249
f  7807/745/1250 7808/746/1251 7809/747/1251
f  7810/745/1250 7811/747/1251 7812/748/1250
f  7813/749/381 7814/750/1252 7815/751/1252
f  7816/749/381 7817/751/1252 7818/752/381
f  7819/753/933 7820/754/933 7821/755/933
f  7822/753/933 7823/755/933 7824/756/933
f  7825/757/933 7826/758/933 7827/759/933
f  7828/757/933 7829/759/933 7830/760/933
f  7831/761/933 7832/762/933 7833/763/933
f  7834/761/933 7835/763/933 7836/764/933
f  7837/765/933 7838/766/933 7839/767/933
f  7840/765/933 7841/767/933 7842/768/933
f  7843/769/1253 7844/770/1253 7845/771/1254
f  7846/769/1253 7847/771/1254 7848/772/1254
f  7849/773/1253 7850/774/1253 7851/775/1255
f  7852/773/1253 7853/775/1255 7854/776/1255
f  7855/769/1256 7856/770/1256 7857/771/1257
f  7858/769/1256 7859/771/1257 7860/772/1257
f  7861/777/1256 7862/778/1256 7863/779/1258
f  7864/777/1256 7865/779/1258 7866/780/1258
f  7867/781/1259 7868/782/1259 7869/783/1260
f  7870/781/1259 7871/783/1260 7872/784/1260
f  7873/785/385 7874/786/385 7875/787/1261
f  7876/785/385 7877/787/1261 7878/788/1261
f  7879/789/1259 7880/790/1259 7881/791/1260
f  7882/789/1259 7883/791/1260 7884/792/1260
f  7885/793/1249 7886/794/1248 7887/795/1246
f  7888/793/1249 7889/795/1246 7890/796/1246
f  7891/793/1245 7892/794/1245 7893/795/1244
f  7894/793/1245 7895/795/1244 7896/796/1244
f  7897/789/1250 7898/790/1250 7899/791/1251
f  7900/789/1250 7901/791/1251 7902/792/1251
f  7903/797/385 7904/798/385 7905/799/1261
f  7906/797/385 7907/799/1261 7908/800/1261
f  7909/797/381 7910/798/381 7911/799/1252
f  7912/797/381 7913/799/1252 7914/800/1252
f  7915/801/1250 7916/802/1250 7917/803/1262
f  7918/801/1250 7919/803/1262 7920/804/1262
f  7921/802/1259 7922/805/1259 7923/806/1263
f  7924/802/1259 7925/806/1263 7926/807/1264
f  7927/801/1259 7928/802/1259 7929/803/1264
f  7930/801/1259 7931/803/1264 7932/804/1264
f  7933/808/1253 7934/809/1253 7935/810/1265
f  7936/808/1253 7937/810/1265 7938/811/1265
f  7939/802/1248 7940/805/1249 7941/806/1266
f  7942/802/1248 7943/806/1266 7944/807/1266
f  7945/809/1253 7946/808/1253 7947/812/1265
f  7948/809/1253 7949/812/1265 7950/810/1265
f  7951/801/1245 7952/802/1245 7953/803/1267
f  7954/801/1245 7955/803/1267 7956/804/1267
f  7957/808/1256 7958/809/1256 7959/810/1268
f  7960/808/1256 7961/810/1268 7962/811/1268
f  7963/802/1245 7964/805/1245 7965/806/1267
f  7966/802/1245 7967/806/1267 7968/807/1267
f  7969/809/1256 7970/808/1256 7971/812/1268
f  7972/809/1256 7973/812/1268 7974/810/1268
f  7975/801/1249 7976/802/1248 7977/803/1266
f  7978/801/1249 7979/803/1266 7980/804/1266
f  7981/802/1250 7982/805/1250 7983/806/1262
f  7984/802/1250 7985/806/1262 7986/807/1262
f  7987/813/1269 7988/814/1254 7989/815/1254
f  7990/813/1269 7991/815/1254 7992/816/1269
f  7993/817/1269 7994/815/1255 7995/814/1255
f  7996/817/1269 7997/814/1255 7998/818/1269
f  7999/813/1270 8000/814/1257 8001/815/1257
f  8002/813/1270 8003/815/1257 8004/816/1270
f  8005/817/1270 8006/815/1258 8007/814/1258
f  8008/817/1270 8009/814/1258 8010/818/1270
f  8011/819/1271 8012/820/1260 8013/821/1260
f  8014/819/1271 8015/821/1260 8016/822/1272
f  8017/813/1273 8018/814/1261 8019/815/1261
f  8020/813/1273 8021/815/1261 8022/816/1273
f  8023/823/1272 8024/824/1260 8025/820/1260
f  8026/823/1272 8027/820/1260 8028/819/1272
f  8029/820/1246 8030/821/1246 8031/822/1274
f  8032/820/1246 8033/822/1274 8034/819/1274
f  8035/820/1244 8036/821/1244 8037/822/1275
f  8038/820/1244 8039/822/1275 8040/819/1275
f  8041/823/1276 8042/824/1251 8043/820/1251
f  8044/823/1276 8045/820/1251 8046/819/1276
f  8047/817/1273 8048/815/1261 8049/814/1261
f  8050/817/1273 8051/814/1261 8052/818/1273
f  8053/817/1277 8054/815/1252 8055/814/1252
f  8056/817/1277 8057/814/1252 8058/818/1277
f  8059/819/1275 8060/823/1275 8061/824/1244
f  8062/819/1275 8063/824/1244 8064/820/1244
f  8065/819/1274 8066/823/1274 8067/824/1247
f  8068/819/1274 8069/824/1247 8070/820/1246
f  8071/822/1276 8072/819/1278 8073/820/1251
f  8074/822/1276 8075/820/1251 8076/821/1251
f  8077/816/1277 8078/813/1277 8079/814/1252
f  8080/816/1277 8081/814/1252 8082/815/1252
f  8083/825/383 8084/826/383 8085/827/383
f  8086/825/383 8087/827/383 8088/828/383
f  8089/829/379 8090/830/379 8091/831/379
f  8092/829/379 8093/831/379 8094/832/379
f  8095/826/1279 8096/833/1279 8097/834/1279
f  8098/826/1280 8099/834/1280 8100/827/1280
f  8101/830/1281 8102/834/1281 8103/833/1281
f  8104/830/1282 8105/833/1282 8106/831/1282
f  8107/835/383 8108/836/1283 8109/827/383
f  8110/835/383 8111/827/383 8112/828/383
f  8113/827/1283 8114/828/383 8115/825/383
f  8116/827/1283 8117/825/383 8118/826/383
f  8119/829/379 8120/830/1284 8121/831/379
f  8122/829/379 8123/831/379 8124/832/379
f  8125/837/1284 8126/838/379 8127/829/379
f  8128/837/1284 8129/829/379 8130/830/379
f  8131/836/1285 8132/839/1285 8133/834/1285
f  8134/836/1280 8135/834/1280 8136/827/1280
f  8137/834/1279 8138/827/1279 8139/826/1279
f  8140/834/1279 8141/826/1279 8142/833/1279
f  8143/830/1286 8144/834/1286 8145/833/1286
f  8146/830/1287 8147/833/1287 8148/831/1287
f  8149/839/1282 8150/837/1282 8151/830/1282
f  8152/839/1281 8153/830/1281 8154/834/1281
f  8155/840/1288 8156/841/1288 8157/842/1288
f  8158/840/1288 8159/842/1288 8160/843/1288
f  8161/843/1289 8162/842/1289 8163/841/1289
f  8164/843/1290 8165/841/1290 8166/840/1290
f  8167/844/1291 8168/845/1291 8169/846/1291
f  8170/844/1292 8171/846/1292 8172/847/1292
f  8173/847/1293 8174/846/1293 8175/845/1293
f  8176/847/1294 8177/845/1294 8178/844/1294
f  8179/848/383 8180/849/383 8181/850/383
f  8182/848/383 8183/850/383 8184/851/383
f  8185/851/1295 8186/852/1295 8187/853/1295
f  8188/851/1296 8189/853/1296 8190/848/1296
f  8191/854/1297 8192/855/1297 8193/856/1297
f  8194/854/1298 8195/856/1298 8196/857/1298
f  8197/858/1299 8198/859/1299 8199/860/1299
f  8200/858/1300 8201/860/1300 8202/861/1300
f  8203/860/1301 8204/859/1301 8205/858/1301
f  8206/860/1302 8207/858/1302 8208/861/1302
f  8209/856/1303 8210/855/1303 8211/854/1303
f  8212/856/1304 8213/854/1304 8214/857/1304
f  8215/862/1305 8216/863/1305 8217/864/1305
f  8218/862/1306 8219/864/1306 8220/865/1306
f  8221/866/1307 8222/867/1307 8223/868/1307
f  8224/866/1308 8225/868/1308 8226/869/1308
f  8227/868/1309 8228/867/1309 8229/866/1309
f  8230/868/1310 8231/866/1310 8232/869/1310
f  8233/864/1311 8234/870/1311 8235/862/1311
f  8236/864/1312 8237/862/1312 8238/865/1312
f  8239/871/383 8240/872/383 8241/873/383
f  8242/871/383 8243/873/383 8244/874/383
f  8245/875/383 8246/876/383 8247/877/383
f  8248/875/383 8249/877/383 8250/878/383
f  8251/876/1295 8252/875/1295 8253/879/1295
f  8254/876/1296 8255/879/1296 8256/877/1296
f  8257/872/1313 8258/871/1313 8259/874/1313
f  8260/872/1314 8261/874/1314 8262/880/1314
f  8263/881/383 8264/882/1315 8265/883/1283
f  8266/881/383 8267/883/1283 8268/884/383
f  8269/885/1315 8270/886/383 8271/887/383
f  8272/885/1315 8273/887/383 8274/888/1283
f  8275/889/379 8276/890/1316 8277/891/1284
f  8278/889/379 8279/891/1284 8280/892/379
f  8281/893/1316 8282/894/379 8283/895/379
f  8284/893/1316 8285/895/379 8286/896/1284
f  8287/897/1317 8288/898/1317 8289/899/1317
f  8290/897/1318 8291/899/1318 8292/900/1318
f  8293/901/1318 8294/902/1318 8295/903/1318
f  8296/901/1319 8297/903/1319 8298/904/1319
f  8299/905/1320 8300/901/1320 8301/904/1320
f  8302/905/1321 8303/904/1321 8304/906/1321
f  8305/898/1322 8306/907/1322 8307/908/1322
f  8308/898/1320 8309/908/1320 8310/899/1320
f  8311/893/1316 8312/896/1284 8313/908/1323
f  8314/893/1316 8315/908/1323 8316/907/1323
f  8317/883/1283 8318/882/1315 8319/897/1324
f  8320/883/1283 8321/897/1324 8322/900/1324
f  8323/885/1315 8324/888/1283 8325/903/1324
f  8326/885/1315 8327/903/1324 8328/902/1324
f  8329/891/1284 8330/890/1316 8331/905/1323
f  8332/891/1284 8333/905/1323 8334/906/1323
f  8335/909/933 8336/910/933 8337/911/933
f  8338/909/933 8339/911/933 8340/912/933
f  8341/913/933 8342/914/933 8343/915/933
f  8344/913/933 8345/915/933 8346/916/933
f  8347/917/385 8348/918/385 8349/919/385
f  8350/918/381 8351/917/381 8352/919/381
f  8353/920/385 8354/921/385 8355/922/385
f  8356/920/385 8357/922/385 8358/923/385
f  8359/921/381 8360/920/381 8361/923/381
f  8362/921/381 8363/923/381 8364/922/381
f  8365/924/381 8366/925/381 8367/926/381
f  8368/924/381 8369/926/381 8370/927/381
f  8371/925/1325 8372/928/1325 8373/929/1325
f  8374/925/381 8375/929/381 8376/926/381
f  8377/928/1326 8378/925/1326 8379/926/1326
f  8380/928/1327 8381/926/1327 8382/929/1327
f  8383/925/1328 8384/924/1328 8385/927/1328
f  8386/925/385 8387/927/385 8388/926/385
f  8389/928/1329 8390/925/1329 8391/926/1329
f  8392/928/385 8393/926/385 8394/929/385
f  8395/925/1330 8396/924/1330 8397/927/1330
f  8398/925/385 8399/927/385 8400/926/385
f  8401/924/1331 8402/925/1331 8403/926/1331
f  8404/924/381 8405/926/381 8406/927/381
f  8407/925/1332 8408/928/1332 8409/929/1332
f  8410/925/1333 8411/929/1333 8412/926/1333
f  8413/930/1334 8414/931/1334 8415/932/1334
f  8416/930/1335 8417/932/1335 8418/933/1335
f  8419/931/1336 8420/930/1336 8421/933/1336
f  8422/931/1337 8423/933/1337 8424/932/1337
f  8425/934/1338 8426/935/1338 8427/936/1338
f  8428/934/1339 8429/936/1339 8430/937/1339
f  8431/935/1340 8432/934/1340 8433/937/1340
f  8434/935/1341 8435/937/1341 8436/936/1341
f  8437/938/385 8438/939/385 8439/940/385
f  8440/938/385 8441/940/385 8442/941/385
f  8443/939/381 8444/938/381 8445/941/381
f  8446/939/381 8447/941/381 8448/940/381
f  8449/801/1342 8450/802/1342 8451/803/1342
f  8452/801/1343 8453/803/1343 8454/804/1343
f  8455/801/1344 8456/802/1344 8457/803/1344
f  8458/801/1345 8459/803/1345 8460/804/1345
f  8461/413/964 8462/401/964 8463/403/964
f  8464/401/383 8465/404/383 8466/402/383
f  8467/407/1346 8468/410/1346 8469/402/1346
f  8470/412/1347 8471/407/1347 8472/408/1347
f  8473/409/383 8474/418/383 8475/404/383
f  8476/403/385 8477/402/385 8478/411/385
f  8479/413/381 8480/412/381 8481/403/381
f  8482/401/933 8483/413/933 8484/409/933
f  8485/404/933 8486/414/933 8487/405/933
f  8488/417/381 8489/407/381 8490/406/381
f  8491/417/385 8492/406/385 8493/407/385
f  8494/942/964 8495/404/964 8496/415/964
f  8497/413/964 8498/401/964 8499/403/964
f  8500/401/383 8501/404/383 8502/402/383
f  8503/407/383 8504/410/383 8505/402/383
f  8506/412/383 8507/407/383 8508/408/383
f  8509/404/1348 8510/401/1348 8511/418/1348
f  8512/403/385 8513/402/385 8514/411/385
f  8515/408/381 8516/403/381 8517/413/381
f  8518/401/933 8519/413/933 8520/409/933
f  8521/404/933 8522/414/933 8523/405/933
f  8524/406/381 8525/417/381 8526/407/381
f  8527/407/385 8528/416/385 8529/406/385
f  8530/942/964 8531/404/964 8532/415/964
f  8533/420/1349 8534/445/1349 8535/421/1349
f  8536/943/1350 8537/422/1350 8538/424/1350
f  8539/432/1351 8540/425/1351 8541/427/1351
f  8542/429/973 8543/434/973 8544/430/973
f  8545/436/1352 8546/431/1352 8547/432/1352
f  8548/438/1353 8549/433/1353 8550/429/1353
f  8551/439/1354 8552/435/1354 8553/436/1354
f  8554/440/1355 8555/437/1355 8556/438/1355
f  8557/424/1356 8558/423/1356 8559/439/1356
f  8560/445/1013 8561/420/1013 8562/440/1013
f  8563/429/933 8564/441/933 8565/438/933
f  8566/443/933 8567/440/933 8568/438/933
f  8569/440/1357 8570/443/1357 8571/445/1357
f  8572/446/933 8573/421/933 8574/445/933
f  8575/448/1358 8576/426/1358 8577/425/1358
f  8578/447/1359 8579/425/1359 8580/431/1359
f  8581/449/933 8582/431/933 8583/435/933
f  8584/423/1360 8585/451/1360 8586/435/1360
f  8587/451/933 8588/423/933 8589/422/933
f  8590/428/933 8591/453/933 8592/429/933
f  8593/455/977 8594/447/977 8595/449/977
f  8596/458/1361 8597/442/1361 8598/456/1361
f  8599/454/985 8600/449/985 8601/450/985
f  8602/465/1362 8603/443/1362 8604/458/1362
f  8605/451/1363 8606/459/1363 8607/450/1363
f  8608/443/1364 8609/465/1364 8610/460/1364
f  8611/452/1365 8612/461/1365 8613/451/1365
f  8614/444/1366 8615/460/1366 8616/462/1366
f  8617/456/1367 8618/441/1367 8619/453/1367
f  8620/447/1368 8621/455/1368 8622/448/1368
f  8623/420/1369 8624/445/1369 8625/421/1369
f  8626/943/1370 8627/422/1370 8628/424/1370
f  8629/426/1009 8630/427/1009 8631/432/1009
f  8632/430/1371 8633/428/1371 8634/434/1371
f  8635/436/1372 8636/431/1372 8637/432/1372
f  8638/438/1373 8639/433/1373 8640/429/1373
f  8641/439/1374 8642/435/1374 8643/436/1374
f  8644/440/1375 8645/437/1375 8646/438/1375
f  8647/424/1376 8648/423/1376 8649/439/1376
f  8650/437/1377 8651/440/1377 8652/445/1377
f  8653/429/933 8654/441/933 8655/438/933
f  8656/443/933 8657/440/933 8658/438/933
f  8659/440/933 8660/443/933 8661/445/933
f  8662/446/933 8663/421/933 8664/445/933
f  8665/448/933 8666/426/933 8667/425/933
f  8668/447/933 8669/425/933 8670/431/933
f  8671/449/933 8672/431/933 8673/435/933
f  8674/423/933 8675/451/933 8676/435/933
f  8677/451/933 8678/423/933 8679/422/933
f  8680/428/1378 8681/453/1378 8682/429/1378
f  8683/455/1379 8684/447/1379 8685/449/1379
f  8686/441/1380 8687/456/1380 8688/458/1380
f  8689/454/1381 8690/449/1381 8691/450/1381
f  8692/465/1011 8693/443/1011 8694/458/1011
f  8695/451/1382 8696/459/1382 8697/450/1382
f  8698/460/1383 8699/444/1383 8700/465/1383
f  8701/452/1384 8702/461/1384 8703/451/1384
f  8704/444/1385 8705/460/1385 8706/462/1385
f  8707/456/1386 8708/441/1386 8709/453/1386
f  8710/447/1387 8711/455/1387 8712/448/1387
f  8713/421/1018 8714/419/1018 8715/445/1018
f  8716/943/1388 8717/422/1388 8718/424/1388
f  8719/426/1389 8720/427/1389 8721/432/1389
f  8722/430/1021 8723/428/1021 8724/434/1021
f  8725/425/1390 8726/432/1390 8727/436/1390
f  8728/434/1391 8729/429/1391 8730/438/1391
f  8731/431/1024 8732/436/1024 8733/439/1024
f  8734/440/1392 8735/437/1392 8736/438/1392
f  8737/424/1026 8738/423/1026 8739/439/1026
f  8740/437/1393 8741/440/1393 8742/445/1393
f  8743/429/933 8744/441/933 8745/438/933
f  8746/443/1394 8747/440/1394 8748/438/1394
f  8749/440/933 8750/443/933 8751/445/933
f  8752/446/933 8753/421/933 8754/445/933
f  8755/448/933 8756/426/933 8757/425/933
f  8758/431/933 8759/449/933 8760/425/933
f  8761/435/933 8762/450/933 8763/431/933
f  8764/423/933 8765/451/933 8766/435/933
f  8767/451/1395 8768/423/1395 8769/422/1395
f  8770/428/933 8771/453/933 8772/429/933
f  8773/455/1032 8774/447/1032 8775/449/1032
f  8776/458/1396 8777/442/1396 8778/456/1396
f  8779/454/1027 8780/449/1027 8781/450/1027
f  8782/465/1397 8783/443/1397 8784/458/1397
f  8785/451/1398 8786/459/1398 8787/450/1398
f  8788/460/1399 8789/444/1399 8790/465/1399
f  8791/459/1400 8792/451/1400 8793/452/1400
f  8794/444/1401 8795/460/1401 8796/462/1401
f  8797/453/1040 8798/463/1040 8799/441/1040
f  8800/464/1402 8801/448/1402 8802/447/1402
f  8803/421/1403 8804/419/1403 8805/445/1403
f  8806/943/1404 8807/422/1404 8808/424/1404
f  8809/426/1405 8810/427/1405 8811/432/1405
f  8812/430/1406 8813/428/1406 8814/434/1406
f  8815/425/1407 8816/432/1407 8817/436/1407
f  8818/438/1408 8819/433/1408 8820/429/1408
f  8821/439/1409 8822/435/1409 8823/436/1409
f  8824/440/1410 8825/437/1410 8826/438/1410
f  8827/424/1411 8828/423/1411 8829/439/1411
f  8830/445/1412 8831/420/1412 8832/440/1412
f  8833/429/1413 8834/441/1413 8835/438/1413
f  8836/443/933 8837/440/933 8838/438/933
f  8839/444/933 8840/445/933 8841/440/933
f  8842/446/933 8843/421/933 8844/445/933
f  8845/448/1414 8846/426/1414 8847/425/1414
f  8848/431/933 8849/449/933 8850/425/933
f  8851/449/1415 8852/431/1415 8853/435/1415
f  8854/423/933 8855/451/933 8856/435/933
f  8857/451/933 8858/423/933 8859/422/933
f  8860/428/933 8861/453/933 8862/429/933
f  8863/449/1416 8864/454/1416 8865/447/1416
f  8866/441/1417 8867/456/1417 8868/458/1417
f  8869/454/1418 8870/449/1418 8871/450/1418
f  8872/465/1419 8873/443/1419 8874/458/1419
f  8875/457/1420 8876/450/1420 8877/451/1420
f  8878/443/1421 8879/465/1421 8880/460/1421
f  8881/452/1422 8882/461/1422 8883/451/1422
f  8884/462/1423 8885/446/1423 8886/460/1423
f  8887/453/1424 8888/463/1424 8889/441/1424
f  8890/464/1425 8891/448/1425 8892/447/1425
f  8893/944/1426 8894/945/1426 8895/946/1426
f  8896/947/383 8897/948/383 8898/949/383
f  8899/950/383 8900/951/383 8901/952/383
f  8902/953/381 8903/954/381 8904/955/381
f  8905/956/383 8906/957/383 8907/958/383
f  8908/953/381 8909/954/381 8910/955/381
f  8911/954/385 8912/953/385 8913/959/385
f  8914/957/379 8915/956/379 8916/960/379
f  8917/961/381 8918/962/381 8919/963/381
f  8920/962/385 8921/961/385 8922/964/385
f  8923/948/379 8924/965/379 8925/966/379
f  8926/967/383 8927/968/383 8928/969/383
f  8929/961/381 8930/970/381 8931/971/381
f  8932/954/385 8933/953/385 8934/959/385
f  8935/968/379 8936/967/379 8937/972/379
f  8938/962/381 8939/970/381 8940/971/381
f  8941/970/385 8942/962/385 8943/963/385
f  8944/970/385 8945/961/385 8946/964/385
f  8947/973/1427 8948/974/1427 8949/975/1427
f  8950/976/379 8951/950/379 8952/977/379
f  8953/5/5 8954/1/1 8955/3/3
f  8956/978/1428 8957/4/4 8958/5/5
f  8959/10/10 8960/6/6 8961/8/8
f  8962/979/1429 8963/9/9 8964/10/10
f  8965/15/15 8966/11/11 8967/13/13
f  8968/980/1430 8969/14/14 8970/15/15
f  8971/20/20 8972/16/16 8973/18/18
f  8974/981/1431 8975/19/19 8976/20/20
f  8977/25/25 8978/21/21 8979/23/23
f  8980/982/1432 8981/24/24 8982/25/25
f  8983/30/30 8984/26/26 8985/28/28
f  8986/983/1433 8987/29/29 8988/30/30
f  8989/35/35 8990/31/31 8991/33/33
f  8992/984/1434 8993/34/34 8994/35/35
f  8995/40/40 8996/36/36 8997/38/38
f  8998/985/1435 8999/39/39 9000/40/40
f  9001/45/45 9002/41/41 9003/43/43
f  9004/986/1436 9005/44/44 9006/45/45
f  9007/50/50 9008/46/46 9009/48/48
f  9010/987/1437 9011/49/49 9012/50/50
f  9013/55/55 9014/51/51 9015/53/53
f  9016/988/1438 9017/54/54 9018/55/55
f  9019/60/60 9020/56/56 9021/58/58
f  9022/989/1439 9023/59/59 9024/60/60
f  9025/65/65 9026/61/61 9027/63/63
f  9028/990/1440 9029/64/64 9030/65/65
f  9031/70/70 9032/66/66 9033/68/68
f  9034/991/1441 9035/69/69 9036/70/70
f  9037/75/75 9038/71/71 9039/73/73
f  9040/992/1442 9041/74/74 9042/75/75
f  9043/80/80 9044/76/76 9045/78/78
f  9046/993/1443 9047/79/79 9048/80/80
f  9049/85/85 9050/81/81 9051/83/83
f  9052/994/1444 9053/84/84 9054/85/85
f  9055/90/90 9056/86/86 9057/88/88
f  9058/995/1445 9059/89/89 9060/90/90
f  9061/95/95 9062/91/91 9063/93/93
f  9064/996/1446 9065/94/94 9066/95/95
f  9067/100/100 9068/96/96 9069/98/98
f  9070/997/1447 9071/99/99 9072/100/100
f  9073/105/105 9074/101/101 9075/103/103
f  9076/992/1448 9077/104/104 9078/105/105
f  9079/110/110 9080/106/106 9081/108/108
f  9082/998/1449 9083/109/109 9084/110/110
f  9085/115/115 9086/111/111 9087/113/113
f  9088/999/1450 9089/114/114 9090/115/115
f  9091/120/120 9092/116/116 9093/118/118
f  9094/1000/1451 9095/119/119 9096/120/120
f  9097/125/125 9098/121/121 9099/123/123
f  9100/1001/1452 9101/124/124 9102/125/125
f  9103/130/130 9104/126/126 9105/128/128
f  9106/1002/1453 9107/129/129 9108/130/130
f  9109/135/135 9110/131/131 9111/133/133
f  9112/1003/1454 9113/134/134 9114/135/135
f  9115/140/140 9116/136/136 9117/138/138
f  9118/1004/1455 9119/139/139 9120/140/140
f  9121/145/145 9122/141/141 9123/143/143
f  9124/992/1456 9125/144/144 9126/145/145
f  9127/150/150 9128/146/146 9129/148/148
f  9130/1005/1457 9131/149/149 9132/150/150
f  9133/155/155 9134/151/151 9135/153/153
f  9136/1006/1458 9137/154/154 9138/155/155
f  9139/160/160 9140/156/156 9141/158/158
f  9142/1007/1459 9143/159/159 9144/160/160
f  9145/165/165 9146/161/161 9147/163/163
f  9148/1008/1460 9149/164/164 9150/165/165
f  9151/170/170 9152/166/166 9153/168/168
f  9154/1009/1461 9155/169/169 9156/170/170
f  9157/175/175 9158/171/171 9159/173/173
f  9160/1010/1462 9161/174/174 9162/175/175
f  9163/180/180 9164/176/176 9165/178/178
f  9166/1002/1463 9167/179/179 9168/180/180
f  9169/185/185 9170/181/181 9171/183/183
f  9172/1011/1464 9173/184/184 9174/185/185
f  9175/190/190 9176/186/186 9177/188/188
f  9178/1012/1465 9179/189/189 9180/190/190
f  9181/194/195 9182/191/191 9183/53/193
f  9184/988/1466 9185/193/194 9186/194/195
f  9187/199/200 9188/195/196 9189/197/198
f  9190/1013/1467 9191/198/199 9192/199/200
f  9193/204/205 9194/200/201 9195/202/203
f  9196/1014/1468 9197/203/204 9198/204/205
f  9199/5/210 9200/205/206 9201/3/208
f  9202/978/1469 9203/207/209 9204/5/210
f  9205/212/215 9206/208/211 9207/210/213
f  9208/1015/1470 9209/211/214 9210/212/215
f  9211/217/220 9212/213/216 9213/215/218
f  9214/1016/1471 9215/216/219 9216/217/220
f  9217/222/225 9218/218/221 9219/220/223
f  9220/1017/1472 9221/221/224 9222/222/225
f  9223/227/230 9224/223/226 9225/225/228
f  9226/1018/1473 9227/226/229 9228/227/230
f  9229/232/235 9230/228/231 9231/230/233
f  9232/1019/1474 9233/231/234 9234/232/235
f  9235/237/240 9236/233/236 9237/235/238
f  9238/1020/1475 9239/236/239 9240/237/240
f  9241/1021/1476 9242/310/314 9243/271/315
f  9244/271/315 9245/307/311 9246/309/313
f  9247/247/250 9248/243/246 9249/245/248
f  9250/1022/1477 9251/246/249 9252/247/250
f  9253/252/255 9254/248/251 9255/250/253
f  9256/1023/1478 9257/251/254 9258/252/255
f  9259/256/260 9260/21/256 9261/254/258
f  9262/1024/1479 9263/255/259 9264/256/260
f  9265/261/265 9266/257/261 9267/259/263
f  9268/1025/1480 9269/260/264 9270/261/265
f  9271/266/270 9272/262/266 9273/264/268
f  9274/1026/1481 9275/265/269 9276/266/270
f  9277/271/275 9278/267/271 9279/269/273
f  9280/1027/1482 9281/270/274 9282/271/275
f  9283/276/280 9284/272/276 9285/274/278
f  9286/1028/1483 9287/275/279 9288/276/280
f  9289/281/285 9290/277/281 9291/279/283
f  9292/1020/1484 9293/280/284 9294/281/285
f  9295/286/290 9296/282/286 9297/284/288
f  9298/1029/1485 9299/285/289 9300/286/290
f  9301/291/295 9302/287/291 9303/289/293
f  9304/1030/1486 9305/290/294 9306/291/295
f  9307/296/300 9308/292/296 9309/294/298
f  9310/1031/1487 9311/295/299 9312/296/300
f  9313/301/305 9314/297/301 9315/299/303
f  9316/1032/1488 9317/300/304 9318/301/305
f  9319/306/310 9320/302/306 9321/304/308
f  9322/1033/1489 9323/305/309 9324/306/310
f  9325/316/321 9326/312/317 9327/314/319
f  9328/1034/1490 9329/315/320 9330/316/321
f  9331/1035/379 9332/944/379 9333/946/379
f  9334/1036/383 9335/947/383 9336/949/383
f  9337/1037/383 9338/950/383 9339/952/383
f  9340/959/381 9341/953/381 9342/955/381
f  9343/1038/383 9344/956/383 9345/958/383
f  9346/959/381 9347/953/381 9348/955/381
f  9349/955/385 9350/954/385 9351/959/385
f  9352/1039/379 9353/957/379 9354/960/379
f  9355/964/381 9356/961/381 9357/963/381
f  9358/963/385 9359/962/385 9360/964/385
f  9361/1040/379 9362/948/379 9363/966/379
f  9364/1041/383 9365/967/383 9366/969/383
f  9367/964/381 9368/961/381 9369/971/381
f  9370/955/385 9371/954/385 9372/959/385
f  9373/1042/379 9374/968/379 9375/972/379
f  9376/963/381 9377/962/381 9378/971/381
f  9379/971/385 9380/970/385 9381/963/385
f  9382/971/385 9383/970/385 9384/964/385
f  9385/966/379 9386/973/379 9387/975/379
f  9388/946/379 9389/976/379 9390/977/379
f  9391/573/385 9392/1043/1491 9393/1044/1491
f  9394/573/385 9395/1044/1491 9396/574/385
f  9397/1043/1491 9398/556/1146 9399/559/1146
f  9400/1043/1491 9401/559/1146 9402/1044/1491
f  9403/557/379 9404/1045/1147 9405/560/1147
f  9406/561/1147 9407/563/1148 9408/1046/1147
f  9409/562/1148 9410/565/381 9411/564/381
f  9412/565/381 9413/567/1149 9414/564/381
f  9415/566/1149 9416/568/1150 9417/571/1150
f  9418/566/1149 9419/571/1150 9420/567/1149
f  9421/569/383 9422/1047/1492 9423/1048/1492
f  9424/569/383 9425/1048/1492 9426/570/383
f  9427/1047/1492 9428/572/1151 9429/575/1151
f  9430/1047/1492 9431/575/1151 9432/1048/1492

