# File produced by Open Asset Import Library (http://www.assimp.sf.net)
# (assimp v6.0.0)

mtllib athen_barracks_struct.mtl

# 7914 vertex positions
v 0.254672587 0.161240757 -0.0677046031
v 0.244179353 0.161240757 -0.0677046031
v 0.246055081 0.1646346 -0.0677046031
v 0.248046145 0.154937878 -0.0677046031
v 0.237552747 0.154937878 -0.0677046031
v 0.241810739 0.161240757 -0.0677046031
v -0.254672587 0.161240757 -0.0677046031
v -0.256548375 0.1646346 -0.0677046031
v -0.246055081 0.1646346 -0.0677046031
v -0.248046145 0.154937878 -0.0677046031
v -0.252304137 0.161240757 -0.0677046031
v -0.241810739 0.161240757 -0.0677046031
v -0.254710943 0.0216952879 -0.0670157745
v -0.256171435 0.0228583906 -0.0602679029
v -0.253767312 0.0228583887 -0.0660718828
v -0.254710943 0.0216952879 -0.0670157745
v -0.257506192 0.0216952898 -0.0602677278
v -0.256171435 0.0228583906 -0.0602679029
v -0.257506192 0.0205321237 -0.0602677278
v -0.257506192 0.0216952898 -0.0602677278
v -0.254710943 0.0216952879 -0.0670157745
v -0.254710943 0.0205321237 -0.0670157745
v -0.257506192 0.0205321237 -0.0602677278
v -0.254710943 0.0216952879 -0.0670157745
v -0.256379724 0.0193689689 -0.0602677278
v -0.257506192 0.0205321237 -0.0602677278
v -0.254710943 0.0205321237 -0.0670157745
v -0.253914446 0.0193689708 -0.0662190989
v -0.256379724 0.0193689689 -0.0602677278
v -0.254710943 0.0205321237 -0.0670157745
v -0.257506192 0.0216952898 -0.0602677278
v -0.253767312 0.022858385 -0.0544637255
v -0.256171435 0.0228583906 -0.0602679029
v -0.257506192 0.0216952898 -0.0602677278
v -0.254710943 0.0216952879 -0.0535198599
v -0.253767312 0.022858385 -0.0544637255
v -0.254710943 0.0205321237 -0.0535198599
v -0.254710943 0.0216952879 -0.0535198599
v -0.257506192 0.0216952898 -0.0602677278
v -0.257506192 0.0205321237 -0.0602677278
v -0.254710943 0.0205321237 -0.0535198599
v -0.257506192 0.0216952898 -0.0602677278
v -0.253914446 0.019368967 -0.0543165356
v -0.254710943 0.0205321237 -0.0535198599
v -0.257506192 0.0205321237 -0.0602677278
v -0.256379724 0.0193689689 -0.0602677278
v -0.253914446 0.019368967 -0.0543165356
v -0.257506192 0.0205321237 -0.0602677278
v -0.254710943 0.0216952879 -0.0535198599
v -0.247963205 0.0228583869 -0.0520596877
v -0.253767312 0.022858385 -0.0544637255
v -0.254710943 0.0216952879 -0.0535198599
v -0.247963205 0.0216952879 -0.050724797
v -0.247963205 0.0228583869 -0.0520596877
v -0.247963205 0.0205321237 -0.050724797
v -0.247963205 0.0216952879 -0.050724797
v -0.254710943 0.0216952879 -0.0535198599
v -0.254710943 0.0205321237 -0.0535198599
v -0.247963205 0.0205321237 -0.050724797
v -0.254710943 0.0216952879 -0.0535198599
v -0.247963205 0.019368967 -0.051851362
v -0.247963205 0.0205321237 -0.050724797
v -0.254710943 0.0205321237 -0.0535198599
v -0.253914446 0.019368967 -0.0543165356
v -0.247963205 0.019368967 -0.051851362
v -0.254710943 0.0205321237 -0.0535198599
v -0.247963205 0.0228583887 -0.068475917
v -0.254710943 0.0216952879 -0.0670157745
v -0.253767312 0.0228583887 -0.0660718828
v -0.247963205 0.0228583887 -0.068475917
v -0.247963205 0.0216952879 -0.0698108152
v -0.254710943 0.0216952879 -0.0670157745
v -0.247963205 0.0205321275 -0.0698108152
v -0.254710943 0.0205321237 -0.0670157745
v -0.254710943 0.0216952879 -0.0670157745
v -0.247963205 0.0216952879 -0.0698108152
v -0.247963205 0.0205321275 -0.0698108152
v -0.254710943 0.0216952879 -0.0670157745
v -0.247963205 0.0193689689 -0.0686842725
v -0.253914446 0.0193689708 -0.0662190989
v -0.254710943 0.0205321237 -0.0670157745
v -0.247963205 0.0205321275 -0.0698108152
v -0.247963205 0.0193689689 -0.0686842725
v -0.254710943 0.0205321237 -0.0670157745
v -0.253914446 0.0173334572 -0.0662190989
v -0.253914446 0.0193689708 -0.0662190989
v -0.247963205 0.0193689689 -0.0686842725
v -0.247963205 0.0173334572 -0.0686842725
v -0.253914446 0.0173334572 -0.0662190989
v -0.247963205 0.0193689689 -0.0686842725
v -0.253914446 0.0173334554 -0.0543165356
v -0.247963205 0.0173334554 -0.051851362
v -0.247963205 0.019368967 -0.051851362
v -0.253914446 0.019368967 -0.0543165356
v -0.253914446 0.0173334554 -0.0543165356
v -0.247963205 0.019368967 -0.051851362
v -0.256379724 0.0173334554 -0.0602677278
v -0.253914446 0.0173334554 -0.0543165356
v -0.253914446 0.019368967 -0.0543165356
v -0.256379724 0.0193689689 -0.0602677278
v -0.256379724 0.0173334554 -0.0602677278
v -0.253914446 0.019368967 -0.0543165356
v -0.253914446 0.0173334572 -0.0662190989
v -0.256379724 0.0173334554 -0.0602677278
v -0.256379724 0.0193689689 -0.0602677278
v -0.253914446 0.0193689708 -0.0662190989
v -0.253914446 0.0173334572 -0.0662190989
v -0.256379724 0.0193689689 -0.0602677278
v -0.255360156 0.0168689564 -0.0676648468
v -0.258423895 0.0168689564 -0.0602677278
v -0.256379724 0.0173334554 -0.0602677278
v -0.253914446 0.0173334572 -0.0662190989
v -0.255360156 0.0168689564 -0.0676648468
v -0.256379724 0.0173334554 -0.0602677278
v -0.258423895 0.0168689564 -0.0602677278
v -0.255360156 0.0168689545 -0.0528707653
v -0.253914446 0.0173334554 -0.0543165356
v -0.256379724 0.0173334554 -0.0602677278
v -0.258423895 0.0168689564 -0.0602677278
v -0.253914446 0.0173334554 -0.0543165356
v -0.255360156 0.0168689545 -0.0528707653
v -0.247963205 0.0168689527 -0.0498069637
v -0.247963205 0.0173334554 -0.051851362
v -0.253914446 0.0173334554 -0.0543165356
v -0.255360156 0.0168689545 -0.0528707653
v -0.247963205 0.0173334554 -0.051851362
v -0.255360156 0.0168689564 -0.0676648468
v -0.253914446 0.0173334572 -0.0662190989
v -0.247963205 0.0173334572 -0.0686842725
v -0.247963205 0.0168689545 -0.0707286447
v -0.255360156 0.0168689564 -0.0676648468
v -0.247963205 0.0173334572 -0.0686842725
v -0.255860031 0.0160249304 -0.0681647435
v -0.255360156 0.0168689564 -0.0676648468
v -0.247963205 0.0168689545 -0.0707286447
v -0.247963205 0.0160249304 -0.0714356527
v -0.255860031 0.0160249304 -0.0681647435
v -0.247963205 0.0168689545 -0.0707286447
v -0.255360156 0.0168689545 -0.0528707653
v -0.247963205 0.0160249285 -0.0490997806
v -0.247963205 0.0168689527 -0.0498069637
v -0.255360156 0.0168689545 -0.0528707653
v -0.255860031 0.0160249304 -0.0523708686
v -0.247963205 0.0160249285 -0.0490997806
v -0.259131044 0.0160249323 -0.0602677278
v -0.255860031 0.0160249304 -0.0523708686
v -0.255360156 0.0168689545 -0.0528707653
v -0.258423895 0.0168689564 -0.0602677278
v -0.259131044 0.0160249323 -0.0602677278
v -0.255360156 0.0168689545 -0.0528707653
v -0.255860031 0.0160249304 -0.0681647435
v -0.259131044 0.0160249323 -0.0602677278
v -0.258423895 0.0168689564 -0.0602677278
v -0.255360156 0.0168689564 -0.0676648468
v -0.255860031 0.0160249304 -0.0681647435
v -0.258423895 0.0168689564 -0.0602677278
v -0.255860031 0.0138439937 -0.068164736
v -0.259131044 0.0138439946 -0.0602677278
v -0.259131044 0.0160249323 -0.0602677278
v -0.255860031 0.0160249304 -0.0681647435
v -0.255860031 0.0138439937 -0.068164736
v -0.259131044 0.0160249323 -0.0602677278
v -0.259131044 0.0138439946 -0.0602677278
v -0.255860031 0.0138439899 -0.0523708686
v -0.255860031 0.0160249304 -0.0523708686
v -0.259131044 0.0160249323 -0.0602677278
v -0.259131044 0.0138439946 -0.0602677278
v -0.255860031 0.0160249304 -0.0523708686
v -0.255860031 0.0138439899 -0.0523708686
v -0.247963205 0.0138439909 -0.0490997806
v -0.247963205 0.0160249285 -0.0490997806
v -0.255860031 0.0160249304 -0.0523708686
v -0.255860031 0.0138439899 -0.0523708686
v -0.247963205 0.0160249285 -0.0490997806
v -0.255860031 0.0138439937 -0.068164736
v -0.255860031 0.0160249304 -0.0681647435
v -0.247963205 0.0160249304 -0.0714356527
v -0.247963205 0.0138439927 -0.0714356452
v -0.255860031 0.0138439937 -0.068164736
v -0.247963205 0.0160249304 -0.0714356527
v -0.0932094157 0.0311678965 -0.0454545803
v -0.0864615738 0.0323309898 -0.0439942554
v -0.0922655538 0.0323309898 -0.046398364
v -0.0932094157 0.0311678965 -0.0454545803
v -0.0864613727 0.0311678965 -0.0426594839
v -0.0864615738 0.0323309898 -0.0439942554
v -0.0864613727 0.0300047286 -0.0426594839
v -0.0864613727 0.0311678965 -0.0426594839
v -0.0932094157 0.0311678965 -0.0454545803
v -0.0932094157 0.0300047286 -0.0454545803
v -0.0864613727 0.0300047286 -0.0426594839
v -0.0932094157 0.0311678965 -0.0454545803
v -0.0864613727 0.0288415886 -0.0437860265
v -0.0864613727 0.0300047286 -0.0426594839
v -0.0932094157 0.0300047286 -0.0454545803
v -0.0924127698 0.0288415868 -0.0462512001
v -0.0864613727 0.0288415886 -0.0437860265
v -0.0932094157 0.0300047286 -0.0454545803
v -0.0864613727 0.0311678965 -0.0426594839
v -0.0806573927 0.0323309898 -0.046398364
v -0.0864615738 0.0323309898 -0.0439942554
v -0.0864613727 0.0311678965 -0.0426594839
v -0.0797135308 0.0311678965 -0.0454545803
v -0.0806573927 0.0323309898 -0.046398364
v -0.0797135308 0.0300047286 -0.0454545803
v -0.0797135308 0.0311678965 -0.0454545803
v -0.0864613727 0.0311678965 -0.0426594839
v -0.0864613727 0.0300047286 -0.0426594839
v -0.0797135308 0.0300047286 -0.0454545803
v -0.0864613727 0.0311678965 -0.0426594839
v -0.0805101767 0.0288415868 -0.0462512001
v -0.0797135308 0.0300047286 -0.0454545803
v -0.0864613727 0.0300047286 -0.0426594839
v -0.0864613727 0.0288415886 -0.0437860265
v -0.0805101767 0.0288415868 -0.0462512001
v -0.0864613727 0.0300047286 -0.0426594839
v -0.0797135308 0.0311678965 -0.0454545803
v -0.0782533586 0.0323309861 -0.0522024632
v -0.0806573927 0.0323309898 -0.046398364
v -0.0797135308 0.0311678965 -0.0454545803
v -0.0769184604 0.0311678946 -0.0522024967
v -0.0782533586 0.0323309861 -0.0522024632
v -0.0769184604 0.0300047267 -0.0522024967
v -0.0769184604 0.0311678946 -0.0522024967
v -0.0797135308 0.0311678965 -0.0454545803
v -0.0797135308 0.0300047286 -0.0454545803
v -0.0769184604 0.0300047267 -0.0522024967
v -0.0797135308 0.0311678965 -0.0454545803
v -0.0780450031 0.0288415868 -0.0522024632
v -0.0769184604 0.0300047267 -0.0522024967
v -0.0797135308 0.0300047286 -0.0454545803
v -0.0805101767 0.0288415868 -0.0462512001
v -0.0780450031 0.0288415868 -0.0522024632
v -0.0797135308 0.0300047286 -0.0454545803
v -0.0769184604 0.0311678946 -0.0522024967
v -0.0806573927 0.0323310122 -0.058006566
v -0.0782533586 0.0323309861 -0.0522024632
v -0.0769184604 0.0311678946 -0.0522024967
v -0.0797135308 0.0311678927 -0.058950413
v -0.0806573927 0.0323310122 -0.058006566
v -0.0797135308 0.0300047249 -0.058950413
v -0.0797135308 0.0311678927 -0.058950413
v -0.0769184604 0.0311678946 -0.0522024967
v -0.0769184604 0.0300047267 -0.0522024967
v -0.0797135308 0.0300047249 -0.058950413
v -0.0769184604 0.0311678946 -0.0522024967
v -0.0805101767 0.0288415849 -0.0581538379
v -0.0797135308 0.0300047249 -0.058950413
v -0.0769184604 0.0300047267 -0.0522024967
v -0.0780450031 0.0288415868 -0.0522024632
v -0.0805101767 0.0288415849 -0.0581538379
v -0.0769184604 0.0300047267 -0.0522024967
v -0.0864615738 0.0311678927 -0.061745476
v -0.0864615738 0.0323310122 -0.0604107082
v -0.0806573927 0.0323310122 -0.058006566
v -0.0797135308 0.0311678927 -0.058950413
v -0.0864615738 0.0311678927 -0.061745476
v -0.0806573927 0.0323310122 -0.058006566
v -0.0864615738 0.0300047249 -0.061745476
v -0.0864615738 0.0311678927 -0.061745476
v -0.0797135308 0.0311678927 -0.058950413
v -0.0797135308 0.0300047249 -0.058950413
v -0.0864615738 0.0300047249 -0.061745476
v -0.0797135308 0.0311678927 -0.058950413
v -0.0805101767 0.0288415849 -0.0581538379
v -0.0864615738 0.0300047249 -0.061745476
v -0.0797135308 0.0300047249 -0.058950413
v -0.0805101767 0.0288415849 -0.0581538379
v -0.0864615738 0.0288415849 -0.0606189072
v -0.0864615738 0.0300047249 -0.061745476
v -0.0932094157 0.0311678927 -0.058950413
v -0.0922655538 0.0323310122 -0.0580065995
v -0.0864615738 0.0323310122 -0.0604107082
v -0.0864615738 0.0311678927 -0.061745476
v -0.0932094157 0.0311678927 -0.058950413
v -0.0864615738 0.0323310122 -0.0604107082
v -0.0932094157 0.0300047249 -0.058950413
v -0.0932094157 0.0311678927 -0.058950413
v -0.0864615738 0.0311678927 -0.061745476
v -0.0864615738 0.0300047249 -0.061745476
v -0.0932094157 0.0300047249 -0.058950413
v -0.0864615738 0.0311678927 -0.061745476
v -0.0864615738 0.0288415849 -0.0606189072
v -0.0932094157 0.0300047249 -0.058950413
v -0.0864615738 0.0300047249 -0.061745476
v -0.0864615738 0.0288415849 -0.0606189072
v -0.0924127698 0.0288415849 -0.0581538379
v -0.0932094157 0.0300047249 -0.058950413
v -0.0960044861 0.0311678946 -0.0522024967
v -0.0946695805 0.0323309861 -0.0522024632
v -0.0922655538 0.0323310122 -0.0580065995
v -0.0932094157 0.0311678927 -0.058950413
v -0.0960044861 0.0311678946 -0.0522024967
v -0.0922655538 0.0323310122 -0.0580065995
v -0.0960044861 0.0300047267 -0.0522024967
v -0.0960044861 0.0311678946 -0.0522024967
v -0.0932094157 0.0311678927 -0.058950413
v -0.0932094157 0.0300047249 -0.058950413
v -0.0960044861 0.0300047267 -0.0522024967
v -0.0932094157 0.0311678927 -0.058950413
v -0.0924127698 0.0288415849 -0.0581538379
v -0.0960044861 0.0300047267 -0.0522024967
v -0.0932094157 0.0300047249 -0.058950413
v -0.0924127698 0.0288415849 -0.0581538379
v -0.0948779434 0.0288415868 -0.0522024632
v -0.0960044861 0.0300047267 -0.0522024967
v -0.0946695805 0.0323309861 -0.0522024632
v -0.0932094157 0.0311678965 -0.0454545803
v -0.0922655538 0.0323309898 -0.046398364
v -0.0946695805 0.0323309861 -0.0522024632
v -0.0960044861 0.0311678946 -0.0522024967
v -0.0932094157 0.0311678965 -0.0454545803
v -0.0960044861 0.0300047267 -0.0522024967
v -0.0932094157 0.0300047286 -0.0454545803
v -0.0932094157 0.0311678965 -0.0454545803
v -0.0960044861 0.0311678946 -0.0522024967
v -0.0960044861 0.0300047267 -0.0522024967
v -0.0932094157 0.0311678965 -0.0454545803
v -0.0948779434 0.0288415868 -0.0522024632
v -0.0924127698 0.0288415868 -0.0462512001
v -0.0932094157 0.0300047286 -0.0454545803
v -0.0960044861 0.0300047267 -0.0522024967
v -0.0948779434 0.0288415868 -0.0522024632
v -0.0932094157 0.0300047286 -0.0454545803
v -0.0924127698 0.0268060565 -0.0462512001
v -0.0924127698 0.0288415868 -0.0462512001
v -0.0948779434 0.0288415868 -0.0522024632
v -0.0948779434 0.0268060546 -0.0522024632
v -0.0924127698 0.0268060565 -0.0462512001
v -0.0948779434 0.0288415868 -0.0522024632
v -0.0924127698 0.0268060528 -0.0581538156
v -0.0948779434 0.0268060546 -0.0522024632
v -0.0948779434 0.0288415868 -0.0522024632
v -0.0924127698 0.0288415849 -0.0581538379
v -0.0924127698 0.0268060528 -0.0581538156
v -0.0948779434 0.0288415868 -0.0522024632
v -0.0864615738 0.0268060528 -0.0606189333
v -0.0924127698 0.0268060528 -0.0581538156
v -0.0924127698 0.0288415849 -0.0581538379
v -0.0864615738 0.0288415849 -0.0606189072
v -0.0864615738 0.0268060528 -0.0606189333
v -0.0924127698 0.0288415849 -0.0581538379
v -0.0805101767 0.0268060528 -0.0581538379
v -0.0864615738 0.0268060528 -0.0606189333
v -0.0864615738 0.0288415849 -0.0606189072
v -0.0805101767 0.0288415849 -0.0581538379
v -0.0805101767 0.0268060528 -0.0581538379
v -0.0864615738 0.0288415849 -0.0606189072
v -0.0780450031 0.0268060546 -0.0522024632
v -0.0805101767 0.0268060528 -0.0581538379
v -0.0805101767 0.0288415849 -0.0581538379
v -0.0780450031 0.0288415868 -0.0522024632
v -0.0780450031 0.0268060546 -0.0522024632
v -0.0805101767 0.0288415849 -0.0581538379
v -0.0805101767 0.0268060565 -0.0462512001
v -0.0780450031 0.0268060546 -0.0522024632
v -0.0780450031 0.0288415868 -0.0522024632
v -0.0805101767 0.0288415868 -0.0462512001
v -0.0805101767 0.0268060565 -0.0462512001
v -0.0780450031 0.0288415868 -0.0522024632
v -0.0864613727 0.0268060565 -0.0437860265
v -0.0805101767 0.0268060565 -0.0462512001
v -0.0805101767 0.0288415868 -0.0462512001
v -0.0864613727 0.0288415886 -0.0437860265
v -0.0864613727 0.0268060565 -0.0437860265
v -0.0805101767 0.0288415868 -0.0462512001
v -0.0924127698 0.0268060565 -0.0462512001
v -0.0864613727 0.0268060565 -0.0437860265
v -0.0864613727 0.0288415886 -0.0437860265
v -0.0924127698 0.0288415868 -0.0462512001
v -0.0924127698 0.0268060565 -0.0462512001
v -0.0864613727 0.0288415886 -0.0437860265
v -0.0938585177 0.0263415687 -0.0448055044
v -0.0864613727 0.0263415687 -0.0417416021
v -0.0864613727 0.0268060565 -0.0437860265
v -0.0924127698 0.0268060565 -0.0462512001
v -0.0938585177 0.0263415687 -0.0448055044
v -0.0864613727 0.0268060565 -0.0437860265
v -0.0864613727 0.0263415687 -0.0417416021
v -0.0790644288 0.0263415687 -0.0448055044
v -0.0805101767 0.0268060565 -0.0462512001
v -0.0864613727 0.0268060565 -0.0437860265
v -0.0864613727 0.0263415687 -0.0417416021
v -0.0805101767 0.0268060565 -0.0462512001
v -0.0790644288 0.0263415687 -0.0448055044
v -0.0760006383 0.0263415668 -0.0522024967
v -0.0780450031 0.0268060546 -0.0522024632
v -0.0805101767 0.0268060565 -0.0462512001
v -0.0790644288 0.0263415687 -0.0448055044
v -0.0780450031 0.0268060546 -0.0522024632
v -0.0760006383 0.0263415668 -0.0522024967
v -0.0790644288 0.026341565 -0.05959953
v -0.0805101767 0.0268060528 -0.0581538379
v -0.0780450031 0.0268060546 -0.0522024632
v -0.0760006383 0.0263415668 -0.0522024967
v -0.0805101767 0.0268060528 -0.0581538379
v -0.0805101767 0.0268060528 -0.0581538379
v -0.0864615738 0.0263415631 -0.0626634285
v -0.0864615738 0.0268060528 -0.0606189333
v -0.0805101767 0.0268060528 -0.0581538379
v -0.0790644288 0.026341565 -0.05959953
v -0.0864615738 0.0263415631 -0.0626634285
v -0.0864615738 0.0268060528 -0.0606189333
v -0.0938585177 0.026341565 -0.0595994815
v -0.0924127698 0.0268060528 -0.0581538156
v -0.0864615738 0.0268060528 -0.0606189333
v -0.0864615738 0.0263415631 -0.0626634285
v -0.0938585177 0.026341565 -0.0595994815
v -0.0924127698 0.0268060528 -0.0581538156
v -0.096922338 0.0263415668 -0.0522024967
v -0.0948779434 0.0268060546 -0.0522024632
v -0.0924127698 0.0268060528 -0.0581538156
v -0.0938585177 0.026341565 -0.0595994815
v -0.096922338 0.0263415668 -0.0522024967
v -0.0938585177 0.0263415687 -0.0448055044
v -0.0924127698 0.0268060565 -0.0462512001
v -0.0948779434 0.0268060546 -0.0522024632
v -0.096922338 0.0263415668 -0.0522024967
v -0.0938585177 0.0263415687 -0.0448055044
v -0.0948779434 0.0268060546 -0.0522024632
v -0.0943584144 0.0254975241 -0.0443055816
v -0.0938585177 0.0263415687 -0.0448055044
v -0.096922338 0.0263415668 -0.0522024967
v -0.0976293162 0.0254975501 -0.0522024967
v -0.0943584144 0.0254975241 -0.0443055816
v -0.096922338 0.0263415668 -0.0522024967
v -0.0943584144 0.0254975483 -0.0600994043
v -0.0976293162 0.0254975501 -0.0522024967
v -0.096922338 0.0263415668 -0.0522024967
v -0.0938585177 0.026341565 -0.0595994815
v -0.0943584144 0.0254975483 -0.0600994043
v -0.096922338 0.0263415668 -0.0522024967
v -0.0864615738 0.0254975464 -0.0633704662
v -0.0943584144 0.0254975483 -0.0600994043
v -0.0938585177 0.026341565 -0.0595994815
v -0.0864615738 0.0263415631 -0.0626634285
v -0.0864615738 0.0254975464 -0.0633704662
v -0.0938585177 0.026341565 -0.0595994815
v -0.0785645321 0.0254975483 -0.0600994267
v -0.0864615738 0.0254975464 -0.0633704662
v -0.0864615738 0.0263415631 -0.0626634285
v -0.0790644288 0.026341565 -0.05959953
v -0.0785645321 0.0254975483 -0.0600994267
v -0.0864615738 0.0263415631 -0.0626634285
v -0.0760006383 0.0263415668 -0.0522024967
v -0.0785645321 0.0254975483 -0.0600994267
v -0.0790644288 0.026341565 -0.05959953
v -0.0760006383 0.0263415668 -0.0522024967
v -0.0752934441 0.0254975501 -0.0522024632
v -0.0785645321 0.0254975483 -0.0600994267
v -0.0790644288 0.0263415687 -0.0448055044
v -0.0752934441 0.0254975501 -0.0522024632
v -0.0760006383 0.0263415668 -0.0522024967
v -0.0790644288 0.0263415687 -0.0448055044
v -0.0785645321 0.0254975241 -0.0443055555
v -0.0752934441 0.0254975501 -0.0522024632
v -0.0864613727 0.0254975259 -0.0410345159
v -0.0785645321 0.0254975241 -0.0443055555
v -0.0790644288 0.0263415687 -0.0448055044
v -0.0864613727 0.0263415687 -0.0417416021
v -0.0864613727 0.0254975259 -0.0410345159
v -0.0790644288 0.0263415687 -0.0448055044
v -0.0943584144 0.0254975241 -0.0443055816
v -0.0864613727 0.0254975259 -0.0410345159
v -0.0864613727 0.0263415687 -0.0417416021
v -0.0938585177 0.0263415687 -0.0448055044
v -0.0943584144 0.0254975241 -0.0443055816
v -0.0864613727 0.0263415687 -0.0417416021
v -0.0943584144 0.0233165994 -0.0443055779
v -0.0864613727 0.0233166013 -0.0410345122
v -0.0864613727 0.0254975259 -0.0410345159
v -0.0943584144 0.0254975241 -0.0443055816
v -0.0943584144 0.0233165994 -0.0443055779
v -0.0864613727 0.0254975259 -0.0410345159
v -0.0864613727 0.0233166013 -0.0410345122
v -0.0785645321 0.0233165994 -0.0443055779
v -0.0785645321 0.0254975241 -0.0443055555
v -0.0864613727 0.0254975259 -0.0410345159
v -0.0864613727 0.0233166013 -0.0410345122
v -0.0785645321 0.0254975241 -0.0443055555
v -0.0785645321 0.0233165994 -0.0443055779
v -0.0752934441 0.0233166013 -0.0522024594
v -0.0752934441 0.0254975501 -0.0522024632
v -0.0785645321 0.0254975241 -0.0443055555
v -0.0785645321 0.0233165994 -0.0443055779
v -0.0752934441 0.0254975501 -0.0522024632
v -0.0752934441 0.0233166013 -0.0522024594
v -0.0785645321 0.0233166013 -0.0600994229
v -0.0785645321 0.0254975483 -0.0600994267
v -0.0752934441 0.0254975501 -0.0522024632
v -0.0752934441 0.0233166013 -0.0522024594
v -0.0785645321 0.0254975483 -0.0600994267
v -0.0785645321 0.0233166013 -0.0600994229
v -0.0864615738 0.0233165994 -0.0633704662
v -0.0864615738 0.0254975464 -0.0633704662
v -0.0785645321 0.0254975483 -0.0600994267
v -0.0785645321 0.0233166013 -0.0600994229
v -0.0864615738 0.0254975464 -0.0633704662
v -0.0864615738 0.0233165994 -0.0633704662
v -0.0943584144 0.0233166013 -0.0600994006
v -0.0943584144 0.0254975483 -0.0600994043
v -0.0864615738 0.0254975464 -0.0633704662
v -0.0864615738 0.0233165994 -0.0633704662
v -0.0943584144 0.0254975483 -0.0600994043
v -0.0943584144 0.0233166013 -0.0600994006
v -0.0976293162 0.0233166013 -0.0522025153
v -0.0976293162 0.0254975501 -0.0522024967
v -0.0943584144 0.0254975483 -0.0600994043
v -0.0943584144 0.0233166013 -0.0600994006
v -0.0976293162 0.0254975501 -0.0522024967
v -0.0943584144 0.0233165994 -0.0443055779
v -0.0943584144 0.0254975241 -0.0443055816
v -0.0976293162 0.0254975501 -0.0522024967
v -0.0976293162 0.0233166013 -0.0522025153
v -0.0943584144 0.0233165994 -0.0443055779
v -0.0976293162 0.0254975501 -0.0522024967
v -0.0380383283 0.0311678853 0.0097148167
v -0.0312904604 0.032331001 0.0111751389
v -0.0370944664 0.032331001 0.00877101067
v -0.0380383283 0.0311678853 0.0097148167
v -0.0312902853 0.0311678853 0.0125098992
v -0.0312904604 0.032331001 0.0111751389
v -0.0312902853 0.0300047416 0.0125098992
v -0.0312902853 0.0311678853 0.0125098992
v -0.0380383283 0.0311678853 0.0097148167
v -0.0380383283 0.0300047416 0.0097148167
v -0.0312902853 0.0300047416 0.0125098992
v -0.0380383283 0.0311678853 0.0097148167
v -0.0312902853 0.0288415737 0.0113833742
v -0.0312902853 0.0300047416 0.0125098992
v -0.0380383283 0.0300047416 0.0097148167
v -0.0372416563 0.0288415737 0.00891820248
v -0.0312902853 0.0288415737 0.0113833742
v -0.0380383283 0.0300047416 0.0097148167
v -0.0312902853 0.0311678853 0.0125098992
v -0.0254863072 0.032331001 0.0087710144
v -0.0312904604 0.032331001 0.0111751389
v -0.0312902853 0.0311678853 0.0125098992
v -0.0245424267 0.0311678853 0.00971481949
v -0.0254863072 0.032331001 0.0087710144
v -0.0245424267 0.0300047416 0.00971481949
v -0.0245424267 0.0311678853 0.00971481949
v -0.0312902853 0.0311678853 0.0125098992
v -0.0312902853 0.0300047416 0.0125098992
v -0.0245424267 0.0300047416 0.00971481949
v -0.0312902853 0.0311678853 0.0125098992
v -0.0253390931 0.0288415737 0.00891820528
v -0.0245424267 0.0300047416 0.00971481949
v -0.0312902853 0.0300047416 0.0125098992
v -0.0312902853 0.0288415737 0.0113833742
v -0.0253390931 0.0288415737 0.00891820528
v -0.0312902853 0.0300047416 0.0125098992
v -0.0245424267 0.0311678853 0.00971481949
v -0.0230822656 0.032331001 0.00296692806
v -0.0254863072 0.032331001 0.0087710144
v -0.0245424267 0.0311678853 0.00971481949
v -0.0217473693 0.0311679076 0.00296689291
v -0.0230822656 0.032331001 0.00296692806
v -0.0217473693 0.0300047398 0.00296689314
v -0.0217473693 0.0311679076 0.00296689291
v -0.0245424267 0.0311678853 0.00971481949
v -0.0245424267 0.0300047416 0.00971481949
v -0.0217473693 0.0300047398 0.00296689314
v -0.0245424267 0.0311678853 0.00971481949
v -0.0228739213 0.0288415719 0.00296692643
v -0.0217473693 0.0300047398 0.00296689314
v -0.0245424267 0.0300047416 0.00971481949
v -0.0253390931 0.0288415737 0.00891820528
v -0.0228739213 0.0288415719 0.00296692643
v -0.0245424267 0.0300047416 0.00971481949
v -0.0217473693 0.0311679076 0.00296689291
v -0.0254863072 0.0323309973 -0.00283718249
v -0.0230822656 0.032331001 0.00296692806
v -0.0217473693 0.0311679076 0.00296689291
v -0.0245424267 0.0311679058 -0.00378101342
v -0.0254863072 0.0323309973 -0.00283718249
v -0.0245424267 0.0300047379 -0.00378101575
v -0.0245424267 0.0311679058 -0.00378101342
v -0.0217473693 0.0311679076 0.00296689291
v -0.0217473693 0.0300047398 0.00296689314
v -0.0245424267 0.0300047379 -0.00378101575
v -0.0217473693 0.0311679076 0.00296689291
v -0.0253390893 0.02884157 -0.00298445113
v -0.0245424267 0.0300047379 -0.00378101575
v -0.0217473693 0.0300047398 0.00296689314
v -0.0228739213 0.0288415719 0.00296692643
v -0.0253390893 0.02884157 -0.00298445113
v -0.0217473693 0.0300047398 0.00296689314
v -0.0312904604 0.0311679058 -0.00657609291
v -0.0312904604 0.0323309973 -0.00524131302
v -0.0254863072 0.0323309973 -0.00283718249
v -0.0245424267 0.0311679058 -0.00378101342
v -0.0312904604 0.0311679058 -0.00657609291
v -0.0254863072 0.0323309973 -0.00283718249
v -0.0312904604 0.0300047379 -0.00657609245
v -0.0312904604 0.0311679058 -0.00657609291
v -0.0245424267 0.0311679058 -0.00378101342
v -0.0245424267 0.0300047379 -0.00378101575
v -0.0312904604 0.0300047379 -0.00657609245
v -0.0245424267 0.0311679058 -0.00378101342
v -0.0253390893 0.02884157 -0.00298445113
v -0.0312904604 0.0300047379 -0.00657609245
v -0.0245424267 0.0300047379 -0.00378101575
v -0.0253390893 0.02884157 -0.00298445113
v -0.0312904604 0.02884157 -0.00544952834
v -0.0312904604 0.0300047379 -0.00657609245
v -0.0380383283 0.0311679058 -0.00378101598
v -0.0370944664 0.0323309973 -0.00283720018
v -0.0312904604 0.0323309973 -0.00524131302
v -0.0312904604 0.0311679058 -0.00657609291
v -0.0380383283 0.0311679058 -0.00378101598
v -0.0312904604 0.0323309973 -0.00524131302
v -0.0380383283 0.0300047379 -0.00378101575
v -0.0380383283 0.0311679058 -0.00378101598
v -0.0312904604 0.0311679058 -0.00657609291
v -0.0312904604 0.0300047379 -0.00657609245
v -0.0380383283 0.0300047379 -0.00378101575
v -0.0312904604 0.0311679058 -0.00657609291
v -0.0312904604 0.02884157 -0.00544952834
v -0.0380383283 0.0300047379 -0.00378101575
v -0.0312904604 0.0300047379 -0.00657609245
v -0.0312904604 0.02884157 -0.00544952834
v -0.0372416563 0.02884157 -0.00298445346
v -0.0380383283 0.0300047379 -0.00378101575
v -0.040833395 0.0311679076 0.00296689034
v -0.0394984968 0.032331001 0.00296692573
v -0.0370944664 0.0323309973 -0.00283720018
v -0.0380383283 0.0311679058 -0.00378101598
v -0.040833395 0.0311679076 0.00296689034
v -0.0370944664 0.0323309973 -0.00283720018
v -0.040833395 0.0300047398 0.00296689058
v -0.040833395 0.0311679076 0.00296689034
v -0.0380383283 0.0311679058 -0.00378101598
v -0.0380383283 0.0300047379 -0.00378101575
v -0.040833395 0.0300047398 0.00296689058
v -0.0380383283 0.0311679058 -0.00378101598
v -0.0372416563 0.02884157 -0.00298445346
v -0.040833395 0.0300047398 0.00296689058
v -0.0380383283 0.0300047379 -0.00378101575
v -0.0372416563 0.02884157 -0.00298445346
v -0.0397068299 0.0288415719 0.00296692387
v -0.040833395 0.0300047398 0.00296689058
v -0.0394984968 0.032331001 0.00296692573
v -0.0380383283 0.0311678853 0.0097148167
v -0.0370944664 0.032331001 0.00877101067
v -0.0394984968 0.032331001 0.00296692573
v -0.040833395 0.0311679076 0.00296689034
v -0.0380383283 0.0311678853 0.0097148167
v -0.040833395 0.0300047398 0.00296689058
v -0.0380383283 0.0300047416 0.0097148167
v -0.0380383283 0.0311678853 0.0097148167
v -0.040833395 0.0311679076 0.00296689034
v -0.040833395 0.0300047398 0.00296689058
v -0.0380383283 0.0311678853 0.0097148167
v -0.0397068299 0.0288415719 0.00296692387
v -0.0372416563 0.0288415737 0.00891820248
v -0.0380383283 0.0300047416 0.0097148167
v -0.040833395 0.0300047398 0.00296689058
v -0.0397068299 0.0288415719 0.00296692387
v -0.0380383283 0.0300047416 0.0097148167
v -0.0372416563 0.0268060695 0.00891819969
v -0.0372416563 0.0288415737 0.00891820248
v -0.0397068299 0.0288415719 0.00296692387
v -0.0397068299 0.0268060677 0.00296692457
v -0.0372416563 0.0268060695 0.00891819969
v -0.0397068299 0.0288415719 0.00296692387
v -0.0372416563 0.0268060658 -0.00298442761
v -0.0397068299 0.0268060677 0.00296692457
v -0.0397068299 0.0288415719 0.00296692387
v -0.0372416563 0.02884157 -0.00298445346
v -0.0372416563 0.0268060658 -0.00298442761
v -0.0397068299 0.0288415719 0.00296692387
v -0.0312904604 0.0268060658 -0.00544952787
v -0.0372416563 0.0268060658 -0.00298442761
v -0.0372416563 0.02884157 -0.00298445346
v -0.0312904604 0.02884157 -0.00544952834
v -0.0312904604 0.0268060658 -0.00544952787
v -0.0372416563 0.02884157 -0.00298445346
v -0.0253390893 0.0268060658 -0.00298445043
v -0.0312904604 0.0268060658 -0.00544952787
v -0.0312904604 0.02884157 -0.00544952834
v -0.0253390893 0.02884157 -0.00298445113
v -0.0253390893 0.0268060658 -0.00298445043
v -0.0312904604 0.02884157 -0.00544952834
v -0.0228739213 0.0268060677 0.00296692713
v -0.0253390893 0.0268060658 -0.00298445043
v -0.0253390893 0.02884157 -0.00298445113
v -0.0228739213 0.0288415719 0.00296692643
v -0.0228739213 0.0268060677 0.00296692713
v -0.0253390893 0.02884157 -0.00298445113
v -0.0253390931 0.0268060695 0.00891820248
v -0.0228739213 0.0268060677 0.00296692713
v -0.0228739213 0.0288415719 0.00296692643
v -0.0253390931 0.0288415737 0.00891820528
v -0.0253390931 0.0268060695 0.00891820248
v -0.0228739213 0.0288415719 0.00296692643
v -0.0312902853 0.0268060695 0.0113833714
v -0.0253390931 0.0268060695 0.00891820248
v -0.0253390931 0.0288415737 0.00891820528
v -0.0312902853 0.0288415737 0.0113833742
v -0.0312902853 0.0268060695 0.0113833714
v -0.0253390931 0.0288415737 0.00891820528
v -0.0372416563 0.0268060695 0.00891819969
v -0.0312902853 0.0268060695 0.0113833714
v -0.0312902853 0.0288415737 0.0113833742
v -0.0372416563 0.0288415737 0.00891820248
v -0.0372416563 0.0268060695 0.00891819969
v -0.0312902853 0.0288415737 0.0113833742
v -0.0386874005 0.0263415538 0.0103638899
v -0.0312902853 0.0263415538 0.0134277744
v -0.0312902853 0.0268060695 0.0113833714
v -0.0372416563 0.0268060695 0.00891819969
v -0.0386874005 0.0263415538 0.0103638899
v -0.0312902853 0.0268060695 0.0113833714
v -0.0312902853 0.0263415538 0.0134277744
v -0.0238933451 0.0263415538 0.0103638917
v -0.0253390931 0.0268060695 0.00891820248
v -0.0312902853 0.0268060695 0.0113833714
v -0.0312902853 0.0263415538 0.0134277744
v -0.0253390931 0.0268060695 0.00891820248
v -0.0238933451 0.0263415538 0.0103638917
v -0.0208295323 0.0263415519 0.00296689407
v -0.0228739213 0.0268060677 0.00296692713
v -0.0253390931 0.0268060695 0.00891820248
v -0.0238933451 0.0263415538 0.0103638917
v -0.0228739213 0.0268060677 0.00296692713
v -0.0208295323 0.0263415519 0.00296689407
v -0.0238933433 0.026341578 -0.00443012919
v -0.0253390893 0.0268060658 -0.00298445043
v -0.0228739213 0.0268060677 0.00296692713
v -0.0208295323 0.0263415519 0.00296689407
v -0.0253390893 0.0268060658 -0.00298445043
v -0.0253390893 0.0268060658 -0.00298445043
v -0.0312904604 0.0263415761 -0.00749404496
v -0.0312904604 0.0268060658 -0.00544952787
v -0.0253390893 0.0268060658 -0.00298445043
v -0.0238933433 0.026341578 -0.00443012919
v -0.0312904604 0.0263415761 -0.00749404496
v -0.0312904604 0.0268060658 -0.00544952787
v -0.0386874005 0.026341578 -0.00443008076
v -0.0372416563 0.0268060658 -0.00298442761
v -0.0312904604 0.0268060658 -0.00544952787
v -0.0312904604 0.0263415761 -0.00749404496
v -0.0386874005 0.026341578 -0.00443008076
v -0.0372416563 0.0268060658 -0.00298442761
v -0.0417512245 0.0263415519 0.00296688895
v -0.0397068299 0.0268060677 0.00296692457
v -0.0372416563 0.0268060658 -0.00298442761
v -0.0386874005 0.026341578 -0.00443008076
v -0.0417512245 0.0263415519 0.00296688895
v -0.0386874005 0.0263415538 0.0103638899
v -0.0372416563 0.0268060695 0.00891819969
v -0.0397068299 0.0268060677 0.00296692457
v -0.0417512245 0.0263415519 0.00296688895
v -0.0386874005 0.0263415538 0.0103638899
v -0.0397068299 0.0268060677 0.00296692457
v -0.0391873233 0.0254975371 0.0108638201
v -0.0386874005 0.0263415538 0.0103638899
v -0.0417512245 0.0263415519 0.00296688895
v -0.0424582325 0.0254975352 0.00296688918
v -0.0391873233 0.0254975371 0.0108638201
v -0.0417512245 0.0263415519 0.00296688895
v -0.0391873233 0.0254975334 -0.00493001146
v -0.0424582325 0.0254975352 0.00296688918
v -0.0417512245 0.0263415519 0.00296688895
v -0.0386874005 0.026341578 -0.00443008076
v -0.0391873233 0.0254975334 -0.00493001146
v -0.0417512245 0.0263415519 0.00296688895
v -0.0312904604 0.0254975334 -0.00820107013
v -0.0391873233 0.0254975334 -0.00493001146
v -0.0386874005 0.026341578 -0.00443008076
v -0.0312904604 0.0263415761 -0.00749404496
v -0.0312904604 0.0254975334 -0.00820107013
v -0.0386874005 0.026341578 -0.00443008076
v -0.0233934373 0.0254975334 -0.00493002636
v -0.0312904604 0.0254975334 -0.00820107013
v -0.0312904604 0.0263415761 -0.00749404496
v -0.0238933433 0.026341578 -0.00443012919
v -0.0233934373 0.0254975334 -0.00493002636
v -0.0312904604 0.0263415761 -0.00749404496
v -0.0208295323 0.0263415519 0.00296689407
v -0.0233934373 0.0254975334 -0.00493002636
v -0.0238933433 0.026341578 -0.00443012919
v -0.0208295323 0.0263415519 0.00296689407
v -0.0201223418 0.0254975352 0.00296692736
v -0.0233934373 0.0254975334 -0.00493002636
v -0.0238933451 0.0263415538 0.0103638917
v -0.0201223418 0.0254975352 0.00296692736
v -0.0208295323 0.0263415519 0.00296689407
v -0.0238933451 0.0263415538 0.0103638917
v -0.023393441 0.0254975371 0.010863822
v -0.0201223418 0.0254975352 0.00296692736
v -0.0312902853 0.025497539 0.0141348746
v -0.023393441 0.0254975371 0.010863822
v -0.0238933451 0.0263415538 0.0103638917
v -0.0312902853 0.0263415538 0.0134277744
v -0.0312902853 0.025497539 0.0141348746
v -0.0238933451 0.0263415538 0.0103638917
v -0.0391873233 0.0254975371 0.0108638201
v -0.0312902853 0.025497539 0.0141348746
v -0.0312902853 0.0263415538 0.0134277744
v -0.0386874005 0.0263415538 0.0103638899
v -0.0391873233 0.0254975371 0.0108638201
v -0.0312902853 0.0263415538 0.0134277744
v -0.0391873233 0.0233166032 0.0108638182
v -0.0312902853 0.0233166013 0.0141348755
v -0.0312902853 0.025497539 0.0141348746
v -0.0391873233 0.0254975371 0.0108638201
v -0.0391873233 0.0233166032 0.0108638182
v -0.0312902853 0.025497539 0.0141348746
v -0.0312902853 0.0233166013 0.0141348755
v -0.023393441 0.0233166032 0.0108638229
v -0.023393441 0.0254975371 0.010863822
v -0.0312902853 0.025497539 0.0141348746
v -0.0312902853 0.0233166013 0.0141348755
v -0.023393441 0.0254975371 0.010863822
v -0.023393441 0.0233166032 0.0108638229
v -0.0201223418 0.0233166013 0.00296692783
v -0.0201223418 0.0254975352 0.00296692736
v -0.023393441 0.0254975371 0.010863822
v -0.023393441 0.0233166032 0.0108638229
v -0.0201223418 0.0254975352 0.00296692736
v -0.0201223418 0.0233166013 0.00296692783
v -0.0233934373 0.023316605 -0.0049300259
v -0.0233934373 0.0254975334 -0.00493002636
v -0.0201223418 0.0254975352 0.00296692736
v -0.0201223418 0.0233166013 0.00296692783
v -0.0233934373 0.0254975334 -0.00493002636
v -0.0233934373 0.023316605 -0.0049300259
v -0.0312904604 0.023316605 -0.0082010692
v -0.0312904604 0.0254975334 -0.00820107013
v -0.0233934373 0.0254975334 -0.00493002636
v -0.0233934373 0.023316605 -0.0049300259
v -0.0312904604 0.0254975334 -0.00820107013
v -0.0312904604 0.023316605 -0.0082010692
v -0.0391873233 0.023316605 -0.00493001379
v -0.0391873233 0.0254975334 -0.00493001146
v -0.0312904604 0.0254975334 -0.00820107013
v -0.0312904604 0.023316605 -0.0082010692
v -0.0391873233 0.0254975334 -0.00493001146
v -0.0391873233 0.023316605 -0.00493001379
v -0.0424582325 0.0233166013 0.00296688965
v -0.0424582325 0.0254975352 0.00296688918
v -0.0391873233 0.0254975334 -0.00493001146
v -0.0391873233 0.023316605 -0.00493001379
v -0.0424582325 0.0254975352 0.00296688918
v -0.0391873233 0.0233166032 0.0108638182
v -0.0391873233 0.0254975371 0.0108638201
v -0.0424582325 0.0254975352 0.00296688918
v -0.0424582325 0.0233166013 0.00296688965
v -0.0391873233 0.0233166032 0.0108638182
v -0.0424582325 0.0254975352 0.00296688918
v -0.0932094157 0.0311679095 0.00976522826
v -0.0864615738 0.032331001 0.0112255551
v -0.0922655538 0.032331001 0.00882142503
v -0.0932094157 0.0311679095 0.00976522826
v -0.0864613727 0.0311679095 0.0125603126
v -0.0864615738 0.032331001 0.0112255551
v -0.0864613727 0.0300047416 0.0125603126
v -0.0864613727 0.0311679095 0.0125603126
v -0.0932094157 0.0311679095 0.00976522826
v -0.0932094157 0.0300047416 0.00976522826
v -0.0864613727 0.0300047416 0.0125603126
v -0.0932094157 0.0311679095 0.00976522826
v -0.0864613727 0.0288416017 0.0114337876
v -0.0864613727 0.0300047416 0.0125603126
v -0.0932094157 0.0300047416 0.00976522826
v -0.0924127698 0.0288415998 0.00896861684
v -0.0864613727 0.0288416017 0.0114337876
v -0.0932094157 0.0300047416 0.00976522826
v -0.0864613727 0.0311679095 0.0125603126
v -0.0806573927 0.032331001 0.00882142782
v -0.0864615738 0.032331001 0.0112255551
v -0.0864613727 0.0311679095 0.0125603126
v -0.0797135308 0.0311679095 0.00976523291
v -0.0806573927 0.032331001 0.00882142782
v -0.0797135308 0.0300047416 0.00976523291
v -0.0797135308 0.0311679095 0.00976523291
v -0.0864613727 0.0311679095 0.0125603126
v -0.0864613727 0.0300047416 0.0125603126
v -0.0797135308 0.0300047416 0.00976523291
v -0.0864613727 0.0311679095 0.0125603126
v -0.0805101767 0.0288415998 0.00896861684
v -0.0797135308 0.0300047416 0.00976523291
v -0.0864613727 0.0300047416 0.0125603126
v -0.0864613727 0.0288416017 0.0114337876
v -0.0805101767 0.0288415998 0.00896861684
v -0.0864613727 0.0300047416 0.0125603126
v -0.0797135308 0.0311679095 0.00976523291
v -0.0782533586 0.032331001 0.00301733939
v -0.0806573927 0.032331001 0.00882142782
v -0.0797135308 0.0311679095 0.00976523291
v -0.0769184604 0.0311679076 0.00301730679
v -0.0782533586 0.032331001 0.00301733939
v -0.0769184604 0.0300047398 0.00301730447
v -0.0769184604 0.0311679076 0.00301730679
v -0.0797135308 0.0311679095 0.00976523291
v -0.0797135308 0.0300047416 0.00976523291
v -0.0769184604 0.0300047398 0.00301730447
v -0.0797135308 0.0311679095 0.00976523291
v -0.0780450031 0.0288415998 0.00301734009
v -0.0769184604 0.0300047398 0.00301730447
v -0.0797135308 0.0300047416 0.00976523291
v -0.0805101767 0.0288415998 0.00896861684
v -0.0780450031 0.0288415998 0.00301734009
v -0.0797135308 0.0300047416 0.00976523291
v -0.0769184604 0.0311679076 0.00301730679
v -0.0806573927 0.0323309973 -0.00278677116
v -0.0782533586 0.032331001 0.00301733939
v -0.0769184604 0.0311679076 0.00301730679
v -0.0797135308 0.0311679058 -0.0037305993
v -0.0806573927 0.0323309973 -0.00278677116
v -0.0797135308 0.0300047379 -0.00373060163
v -0.0797135308 0.0311679058 -0.0037305993
v -0.0769184604 0.0311679076 0.00301730679
v -0.0769184604 0.0300047398 0.00301730447
v -0.0797135308 0.0300047379 -0.00373060163
v -0.0769184604 0.0311679076 0.00301730679
v -0.0805101767 0.028841598 -0.00293403701
v -0.0797135308 0.0300047379 -0.00373060163
v -0.0769184604 0.0300047398 0.00301730447
v -0.0780450031 0.0288415998 0.00301734009
v -0.0805101767 0.028841598 -0.00293403701
v -0.0769184604 0.0300047398 0.00301730447
v -0.0864615738 0.0311679058 -0.00652567856
v -0.0864615738 0.0323310234 -0.00519089913
v -0.0806573927 0.0323309973 -0.00278677116
v -0.0797135308 0.0311679058 -0.0037305993
v -0.0864615738 0.0311679058 -0.00652567856
v -0.0806573927 0.0323309973 -0.00278677116
v -0.0864615738 0.0300047379 -0.00652567809
v -0.0864615738 0.0311679058 -0.00652567856
v -0.0797135308 0.0311679058 -0.0037305993
v -0.0797135308 0.0300047379 -0.00373060163
v -0.0864615738 0.0300047379 -0.00652567809
v -0.0797135308 0.0311679058 -0.0037305993
v -0.0805101767 0.028841598 -0.00293403701
v -0.0864615738 0.0300047379 -0.00652567809
v -0.0797135308 0.0300047379 -0.00373060163
v -0.0805101767 0.028841598 -0.00293403701
v -0.0864615738 0.028841598 -0.00539911492
v -0.0864615738 0.0300047379 -0.00652567809
v -0.0932094157 0.0311679058 -0.00373060186
v -0.0922655538 0.0323309973 -0.00278678886
v -0.0864615738 0.0323310234 -0.00519089913
v -0.0864615738 0.0311679058 -0.00652567856
v -0.0932094157 0.0311679058 -0.00373060186
v -0.0864615738 0.0323310234 -0.00519089913
v -0.0932094157 0.0300047379 -0.00373060163
v -0.0932094157 0.0311679058 -0.00373060186
v -0.0864615738 0.0311679058 -0.00652567856
v -0.0864615738 0.0300047379 -0.00652567809
v -0.0932094157 0.0300047379 -0.00373060163
v -0.0864615738 0.0311679058 -0.00652567856
v -0.0864615738 0.028841598 -0.00539911492
v -0.0932094157 0.0300047379 -0.00373060163
v -0.0864615738 0.0300047379 -0.00652567809
v -0.0864615738 0.028841598 -0.00539911492
v -0.0924127698 0.028841598 -0.0029340398
v -0.0932094157 0.0300047379 -0.00373060163
v -0.0960044861 0.0311679076 0.00301730423
v -0.0946695805 0.032331001 0.00301733706
v -0.0922655538 0.0323309973 -0.00278678886
v -0.0932094157 0.0311679058 -0.00373060186
v -0.0960044861 0.0311679076 0.00301730423
v -0.0922655538 0.0323309973 -0.00278678886
v -0.0960044861 0.0300047398 0.00301730447
v -0.0960044861 0.0311679076 0.00301730423
v -0.0932094157 0.0311679058 -0.00373060186
v -0.0932094157 0.0300047379 -0.00373060163
v -0.0960044861 0.0300047398 0.00301730447
v -0.0932094157 0.0311679058 -0.00373060186
v -0.0924127698 0.028841598 -0.0029340398
v -0.0960044861 0.0300047398 0.00301730447
v -0.0932094157 0.0300047379 -0.00373060163
v -0.0924127698 0.028841598 -0.0029340398
v -0.0948779434 0.0288415998 0.00301733776
v -0.0960044861 0.0300047398 0.00301730447
v -0.0946695805 0.032331001 0.00301733706
v -0.0932094157 0.0311679095 0.00976522826
v -0.0922655538 0.032331001 0.00882142503
v -0.0946695805 0.032331001 0.00301733706
v -0.0960044861 0.0311679076 0.00301730423
v -0.0932094157 0.0311679095 0.00976522826
v -0.0960044861 0.0300047398 0.00301730447
v -0.0932094157 0.0300047416 0.00976522826
v -0.0932094157 0.0311679095 0.00976522826
v -0.0960044861 0.0311679076 0.00301730423
v -0.0960044861 0.0300047398 0.00301730447
v -0.0932094157 0.0311679095 0.00976522826
v -0.0948779434 0.0288415998 0.00301733776
v -0.0924127698 0.0288415998 0.00896861684
v -0.0932094157 0.0300047416 0.00976522826
v -0.0960044861 0.0300047398 0.00301730447
v -0.0948779434 0.0288415998 0.00301733776
v -0.0932094157 0.0300047416 0.00976522826
v -0.0924127698 0.0268060695 0.00896861684
v -0.0924127698 0.0288415998 0.00896861684
v -0.0948779434 0.0288415998 0.00301733776
v -0.0948779434 0.0268060677 0.00301733846
v -0.0924127698 0.0268060695 0.00896861684
v -0.0948779434 0.0288415998 0.00301733776
v -0.0924127698 0.0268060658 -0.00293401373
v -0.0948779434 0.0268060677 0.00301733846
v -0.0948779434 0.0288415998 0.00301733776
v -0.0924127698 0.028841598 -0.0029340398
v -0.0924127698 0.0268060658 -0.00293401373
v -0.0948779434 0.0288415998 0.00301733776
v -0.0864615738 0.0268060658 -0.00539911445
v -0.0924127698 0.0268060658 -0.00293401373
v -0.0924127698 0.028841598 -0.0029340398
v -0.0864615738 0.028841598 -0.00539911492
v -0.0864615738 0.0268060658 -0.00539911445
v -0.0924127698 0.028841598 -0.0029340398
v -0.0805101767 0.0268060658 -0.00293403631
v -0.0864615738 0.0268060658 -0.00539911445
v -0.0864615738 0.028841598 -0.00539911492
v -0.0805101767 0.028841598 -0.00293403701
v -0.0805101767 0.0268060658 -0.00293403631
v -0.0864615738 0.028841598 -0.00539911492
v -0.0780450031 0.0268060677 0.00301733846
v -0.0805101767 0.0268060658 -0.00293403631
v -0.0805101767 0.028841598 -0.00293403701
v -0.0780450031 0.0288415998 0.00301734009
v -0.0780450031 0.0268060677 0.00301733846
v -0.0805101767 0.028841598 -0.00293403701
v -0.0805101767 0.0268060695 0.00896861684
v -0.0780450031 0.0268060677 0.00301733846
v -0.0780450031 0.0288415998 0.00301734009
v -0.0805101767 0.0288415998 0.00896861684
v -0.0805101767 0.0268060695 0.00896861684
v -0.0780450031 0.0288415998 0.00301734009
v -0.0864613727 0.0268060695 0.0114337876
v -0.0805101767 0.0268060695 0.00896861684
v -0.0805101767 0.0288415998 0.00896861684
v -0.0864613727 0.0288416017 0.0114337876
v -0.0864613727 0.0268060695 0.0114337876
v -0.0805101767 0.0288415998 0.00896861684
v -0.0924127698 0.0268060695 0.00896861684
v -0.0864613727 0.0268060695 0.0114337876
v -0.0864613727 0.0288416017 0.0114337876
v -0.0924127698 0.0288415998 0.00896861684
v -0.0924127698 0.0268060695 0.00896861684
v -0.0864613727 0.0288416017 0.0114337876
v -0.0938585177 0.0263415817 0.0104143033
v -0.0864613727 0.0263415817 0.0134781888
v -0.0864613727 0.0268060695 0.0114337876
v -0.0924127698 0.0268060695 0.00896861684
v -0.0938585177 0.0263415817 0.0104143033
v -0.0864613727 0.0268060695 0.0114337876
v -0.0864613727 0.0263415817 0.0134781888
v -0.0790644288 0.0263415817 0.0104143061
v -0.0805101767 0.0268060695 0.00896861684
v -0.0864613727 0.0268060695 0.0114337876
v -0.0864613727 0.0263415817 0.0134781888
v -0.0805101767 0.0268060695 0.00896861684
v -0.0790644288 0.0263415817 0.0104143061
v -0.0760006383 0.0263415799 0.0030173054
v -0.0780450031 0.0268060677 0.00301733846
v -0.0805101767 0.0268060695 0.00896861684
v -0.0790644288 0.0263415817 0.0104143061
v -0.0780450031 0.0268060677 0.00301733846
v -0.0760006383 0.0263415799 0.0030173054
v -0.0790644288 0.026341578 -0.0043797181
v -0.0805101767 0.0268060658 -0.00293403631
v -0.0780450031 0.0268060677 0.00301733846
v -0.0760006383 0.0263415799 0.0030173054
v -0.0805101767 0.0268060658 -0.00293403631
v -0.0805101767 0.0268060658 -0.00293403631
v -0.0864615738 0.0263415761 -0.00744363107
v -0.0864615738 0.0268060658 -0.00539911445
v -0.0805101767 0.0268060658 -0.00293403631
v -0.0790644288 0.026341578 -0.0043797181
v -0.0864615738 0.0263415761 -0.00744363107
v -0.0864615738 0.0268060658 -0.00539911445
v -0.0938585177 0.026341578 -0.00437966967
v -0.0924127698 0.0268060658 -0.00293401373
v -0.0864615738 0.0268060658 -0.00539911445
v -0.0864615738 0.0263415761 -0.00744363107
v -0.0938585177 0.026341578 -0.00437966967
v -0.0924127698 0.0268060658 -0.00293401373
v -0.0969223082 0.0263415799 0.00301730027
v -0.0948779434 0.0268060677 0.00301733846
v -0.0924127698 0.0268060658 -0.00293401373
v -0.0938585177 0.026341578 -0.00437966967
v -0.0969223082 0.0263415799 0.00301730027
v -0.0938585177 0.0263415817 0.0104143033
v -0.0924127698 0.0268060695 0.00896861684
v -0.0948779434 0.0268060677 0.00301733846
v -0.0969223082 0.0263415799 0.00301730027
v -0.0938585177 0.0263415817 0.0104143033
v -0.0948779434 0.0268060677 0.00301733846
v -0.0943584144 0.0254975371 0.0109142335
v -0.0938585177 0.0263415817 0.0104143033
v -0.0969223082 0.0263415799 0.00301730027
v -0.0976293162 0.0254975352 0.00301730051
v -0.0943584144 0.0254975371 0.0109142335
v -0.0969223082 0.0263415799 0.00301730027
v -0.0943584144 0.0254975613 -0.0048795999
v -0.0976293162 0.0254975352 0.00301730051
v -0.0969223082 0.0263415799 0.00301730027
v -0.0938585177 0.026341578 -0.00437966967
v -0.0943584144 0.0254975613 -0.0048795999
v -0.0969223082 0.0263415799 0.00301730027
v -0.0864615738 0.0254975595 -0.00815065578
v -0.0943584144 0.0254975613 -0.0048795999
v -0.0938585177 0.026341578 -0.00437966967
v -0.0864615738 0.0263415761 -0.00744363107
v -0.0864615738 0.0254975595 -0.00815065578
v -0.0938585177 0.026341578 -0.00437966967
v -0.0785645321 0.0254975613 -0.00487961248
v -0.0864615738 0.0254975595 -0.00815065578
v -0.0864615738 0.0263415761 -0.00744363107
v -0.0790644288 0.026341578 -0.0043797181
v -0.0785645321 0.0254975613 -0.00487961248
v -0.0864615738 0.0263415761 -0.00744363107
v -0.0760006383 0.0263415799 0.0030173054
v -0.0785645321 0.0254975613 -0.00487961248
v -0.0790644288 0.026341578 -0.0043797181
v -0.0760006383 0.0263415799 0.0030173054
v -0.0752934217 0.0254975352 0.00301733869
v -0.0785645321 0.0254975613 -0.00487961248
v -0.0790644288 0.0263415817 0.0104143061
v -0.0752934217 0.0254975352 0.00301733869
v -0.0760006383 0.0263415799 0.0030173054
v -0.0790644288 0.0263415817 0.0104143061
v -0.0785645321 0.0254975371 0.0109142335
v -0.0752934217 0.0254975352 0.00301733869
v -0.0864613727 0.025497539 0.0141852917
v -0.0785645321 0.0254975371 0.0109142335
v -0.0790644288 0.0263415817 0.0104143061
v -0.0864613727 0.0263415817 0.0134781888
v -0.0864613727 0.025497539 0.0141852917
v -0.0790644288 0.0263415817 0.0104143061
v -0.0943584144 0.0254975371 0.0109142335
v -0.0864613727 0.025497539 0.0141852917
v -0.0864613727 0.0263415817 0.0134781888
v -0.0938585177 0.0263415817 0.0104143033
v -0.0943584144 0.0254975371 0.0109142335
v -0.0864613727 0.0263415817 0.0134781888
v -0.0943584144 0.0233166106 0.0109142326
v -0.0864613727 0.0233166106 0.0141852899
v -0.0864613727 0.025497539 0.0141852917
v -0.0943584144 0.0254975371 0.0109142335
v -0.0943584144 0.0233166106 0.0109142326
v -0.0864613727 0.025497539 0.0141852917
v -0.0864613727 0.0233166106 0.0141852899
v -0.0785645321 0.0233166106 0.0109142344
v -0.0785645321 0.0254975371 0.0109142335
v -0.0864613727 0.025497539 0.0141852917
v -0.0864613727 0.0233166106 0.0141852899
v -0.0785645321 0.0254975371 0.0109142335
v -0.0785645321 0.0233166106 0.0109142344
v -0.0752934217 0.0233166106 0.00301733916
v -0.0752934217 0.0254975352 0.00301733869
v -0.0785645321 0.0254975371 0.0109142335
v -0.0785645321 0.0233166106 0.0109142344
v -0.0752934217 0.0254975352 0.00301733869
v -0.0752934217 0.0233166106 0.00301733916
v -0.0785645321 0.0233166125 -0.00487961201
v -0.0785645321 0.0254975613 -0.00487961248
v -0.0752934217 0.0254975352 0.00301733869
v -0.0752934217 0.0233166106 0.00301733916
v -0.0785645321 0.0254975613 -0.00487961248
v -0.0785645321 0.0233166125 -0.00487961201
v -0.0864615738 0.0233166125 -0.00815065484
v -0.0864615738 0.0254975595 -0.00815065578
v -0.0785645321 0.0254975613 -0.00487961248
v -0.0785645321 0.0233166125 -0.00487961201
v -0.0864615738 0.0254975595 -0.00815065578
v -0.0864615738 0.0233166125 -0.00815065484
v -0.0943584144 0.0233166125 -0.00487959944
v -0.0943584144 0.0254975613 -0.0048795999
v -0.0864615738 0.0254975595 -0.00815065578
v -0.0864615738 0.0233166125 -0.00815065484
v -0.0943584144 0.0254975613 -0.0048795999
v -0.0943584144 0.0233166125 -0.00487959944
v -0.0976293162 0.0233166106 0.00301730097
v -0.0976293162 0.0254975352 0.00301730051
v -0.0943584144 0.0254975613 -0.0048795999
v -0.0943584144 0.0233166125 -0.00487959944
v -0.0976293162 0.0254975352 0.00301730051
v -0.0943584144 0.0233166106 0.0109142326
v -0.0943584144 0.0254975371 0.0109142335
v -0.0976293162 0.0254975352 0.00301730051
v -0.0976293162 0.0233166106 0.00301730097
v -0.0943584144 0.0233166106 0.0109142326
v -0.0976293162 0.0254975352 0.00301730051
v -0.121765569 0.0216952898 0.0530730151
v -0.123225883 0.0228583906 0.0598208606
v -0.120821752 0.0228583943 0.054016877
v -0.121765569 0.0216952898 0.0530730151
v -0.124560639 0.0216952898 0.0598210581
v -0.123225883 0.0228583906 0.0598208606
v -0.124560639 0.0205321275 0.0598210581
v -0.124560639 0.0216952898 0.0598210581
v -0.121765569 0.0216952898 0.0530730151
v -0.121765569 0.0205321275 0.0530730151
v -0.124560639 0.0205321275 0.0598210581
v -0.121765569 0.0216952898 0.0530730151
v -0.123434119 0.0193689708 0.0598210581
v -0.124560639 0.0205321275 0.0598210581
v -0.121765569 0.0205321275 0.0530730151
v -0.120968945 0.0193689726 0.0538696833
v -0.123434119 0.0193689708 0.0598210581
v -0.121765569 0.0205321275 0.0530730151
v -0.124560639 0.0216952898 0.0598210581
v -0.120821752 0.0228583906 0.0656250343
v -0.123225883 0.0228583906 0.0598208606
v -0.124560639 0.0216952898 0.0598210581
v -0.121765547 0.0216952879 0.0665688962
v -0.120821752 0.0228583906 0.0656250343
v -0.121765547 0.0205321256 0.0665688962
v -0.121765547 0.0216952879 0.0665688962
v -0.124560639 0.0216952898 0.0598210581
v -0.124560639 0.0205321275 0.0598210581
v -0.121765547 0.0205321256 0.0665688962
v -0.124560639 0.0216952898 0.0598210581
v -0.120968945 0.0193689708 0.0657722279
v -0.121765547 0.0205321256 0.0665688962
v -0.124560639 0.0205321275 0.0598210581
v -0.123434119 0.0193689708 0.0598210581
v -0.120968945 0.0193689708 0.0657722279
v -0.124560639 0.0205321275 0.0598210581
v -0.121765547 0.0216952879 0.0665688962
v -0.115017653 0.0228583906 0.068029061
v -0.120821752 0.0228583906 0.0656250343
v -0.121765547 0.0216952879 0.0665688962
v -0.11501763 0.0216952879 0.0693639591
v -0.115017653 0.0228583906 0.068029061
v -0.11501763 0.0205321275 0.0693639591
v -0.11501763 0.0216952879 0.0693639591
v -0.121765547 0.0216952879 0.0665688962
v -0.121765547 0.0205321256 0.0665688962
v -0.11501763 0.0205321275 0.0693639591
v -0.121765547 0.0216952879 0.0665688962
v -0.115017653 0.0193689726 0.0682373941
v -0.11501763 0.0205321275 0.0693639591
v -0.121765547 0.0205321256 0.0665688962
v -0.120968945 0.0193689708 0.0657722279
v -0.115017653 0.0193689726 0.0682373941
v -0.121765547 0.0205321256 0.0665688962
v -0.11501763 0.0216952879 0.0693639591
v -0.109213546 0.0228583906 0.0656250343
v -0.115017653 0.0228583906 0.068029061
v -0.11501763 0.0216952879 0.0693639591
v -0.108269714 0.0216952879 0.0665689185
v -0.109213546 0.0228583906 0.0656250343
v -0.108269714 0.0205321256 0.0665689185
v -0.108269714 0.0216952879 0.0665689185
v -0.11501763 0.0216952879 0.0693639591
v -0.11501763 0.0205321275 0.0693639591
v -0.108269714 0.0205321256 0.0665689185
v -0.11501763 0.0216952879 0.0693639591
v -0.109066285 0.0193689708 0.0657722503
v -0.108269714 0.0205321256 0.0665689185
v -0.11501763 0.0205321275 0.0693639591
v -0.115017653 0.0193689726 0.0682373941
v -0.109066285 0.0193689708 0.0657722503
v -0.11501763 0.0205321275 0.0693639591
v -0.105474614 0.0216952898 0.0598208606
v -0.106809407 0.0228583906 0.0598208606
v -0.109213546 0.0228583906 0.0656250343
v -0.108269714 0.0216952879 0.0665689185
v -0.105474614 0.0216952898 0.0598208606
v -0.109213546 0.0228583906 0.0656250343
v -0.105474614 0.0205321275 0.0598208606
v -0.105474614 0.0216952898 0.0598208606
v -0.108269714 0.0216952879 0.0665689185
v -0.108269714 0.0205321256 0.0665689185
v -0.105474614 0.0205321275 0.0598208606
v -0.108269714 0.0216952879 0.0665689185
v -0.109066285 0.0193689708 0.0657722503
v -0.105474614 0.0205321275 0.0598208606
v -0.108269714 0.0205321256 0.0665689185
v -0.109066285 0.0193689708 0.0657722503
v -0.106601186 0.0193689708 0.0598208606
v -0.105474614 0.0205321275 0.0598208606
v -0.108269714 0.0216952898 0.0530730151
v -0.109213524 0.0228583943 0.054016877
v -0.106809407 0.0228583906 0.0598208606
v -0.105474614 0.0216952898 0.0598208606
v -0.108269714 0.0216952898 0.0530730151
v -0.106809407 0.0228583906 0.0598208606
v -0.108269714 0.0205321275 0.0530730151
v -0.108269714 0.0216952898 0.0530730151
v -0.105474614 0.0216952898 0.0598208606
v -0.105474614 0.0205321275 0.0598208606
v -0.108269714 0.0205321275 0.0530730151
v -0.105474614 0.0216952898 0.0598208606
v -0.106601186 0.0193689708 0.0598208606
v -0.108269714 0.0205321275 0.0530730151
v -0.105474614 0.0205321275 0.0598208606
v -0.106601186 0.0193689708 0.0598208606
v -0.109066285 0.0193689726 0.0538696609
v -0.108269714 0.0205321275 0.0530730151
v -0.11501763 0.0216952898 0.0502779484
v -0.115017653 0.0228583943 0.0516128466
v -0.109213524 0.0228583943 0.054016877
v -0.108269714 0.0216952898 0.0530730151
v -0.11501763 0.0216952898 0.0502779484
v -0.109213524 0.0228583943 0.054016877
v -0.11501763 0.0205321275 0.0502779484
v -0.11501763 0.0216952898 0.0502779484
v -0.108269714 0.0216952898 0.0530730151
v -0.108269714 0.0205321275 0.0530730151
v -0.11501763 0.0205321275 0.0502779484
v -0.108269714 0.0216952898 0.0530730151
v -0.109066285 0.0193689726 0.0538696609
v -0.11501763 0.0205321275 0.0502779484
v -0.108269714 0.0205321275 0.0530730151
v -0.109066285 0.0193689726 0.0538696609
v -0.115017653 0.0193689726 0.0514044873
v -0.11501763 0.0205321275 0.0502779484
v -0.115017653 0.0228583943 0.0516128466
v -0.121765569 0.0216952898 0.0530730151
v -0.120821752 0.0228583943 0.054016877
v -0.115017653 0.0228583943 0.0516128466
v -0.11501763 0.0216952898 0.0502779484
v -0.121765569 0.0216952898 0.0530730151
v -0.11501763 0.0205321275 0.0502779484
v -0.121765569 0.0205321275 0.0530730151
v -0.121765569 0.0216952898 0.0530730151
v -0.11501763 0.0216952898 0.0502779484
v -0.11501763 0.0205321275 0.0502779484
v -0.121765569 0.0216952898 0.0530730151
v -0.115017653 0.0193689726 0.0514044873
v -0.120968945 0.0193689726 0.0538696833
v -0.121765569 0.0205321275 0.0530730151
v -0.11501763 0.0205321275 0.0502779484
v -0.115017653 0.0193689726 0.0514044873
v -0.121765569 0.0205321275 0.0530730151
v -0.120968945 0.0173334591 0.0538696833
v -0.120968945 0.0193689726 0.0538696833
v -0.115017653 0.0193689726 0.0514044873
v -0.115017653 0.0173334591 0.0514045134
v -0.120968945 0.0173334591 0.0538696833
v -0.115017653 0.0193689726 0.0514044873
v -0.109066308 0.0173334591 0.0538696609
v -0.115017653 0.0173334591 0.0514045134
v -0.115017653 0.0193689726 0.0514044873
v -0.109066285 0.0193689726 0.0538696609
v -0.109066308 0.0173334591 0.0538696609
v -0.115017653 0.0193689726 0.0514044873
v -0.106601186 0.0173334591 0.0598208606
v -0.109066308 0.0173334591 0.0538696609
v -0.109066285 0.0193689726 0.0538696609
v -0.106601186 0.0193689708 0.0598208606
v -0.106601186 0.0173334591 0.0598208606
v -0.109066285 0.0193689726 0.0538696609
v -0.109066285 0.0173334572 0.0657722503
v -0.106601186 0.0173334591 0.0598208606
v -0.106601186 0.0193689708 0.0598208606
v -0.109066285 0.0193689708 0.0657722503
v -0.109066285 0.0173334572 0.0657722503
v -0.106601186 0.0193689708 0.0598208606
v -0.115017653 0.0173334591 0.0682374239
v -0.109066285 0.0173334572 0.0657722503
v -0.109066285 0.0193689708 0.0657722503
v -0.115017653 0.0193689726 0.0682373941
v -0.115017653 0.0173334591 0.0682374239
v -0.109066285 0.0193689708 0.0657722503
v -0.120968945 0.0173334572 0.0657722279
v -0.115017653 0.0173334591 0.0682374239
v -0.115017653 0.0193689726 0.0682373941
v -0.120968945 0.0193689708 0.0657722279
v -0.120968945 0.0173334572 0.0657722279
v -0.115017653 0.0193689726 0.0682373941
v -0.123434097 0.0173334591 0.0598210581
v -0.120968945 0.0173334572 0.0657722279
v -0.120968945 0.0193689708 0.0657722279
v -0.123434119 0.0193689708 0.0598210581
v -0.123434097 0.0173334591 0.0598210581
v -0.120968945 0.0193689708 0.0657722279
v -0.120968945 0.0173334591 0.0538696833
v -0.123434097 0.0173334591 0.0598210581
v -0.123434119 0.0193689708 0.0598210581
v -0.120968945 0.0193689726 0.0538696833
v -0.120968945 0.0173334591 0.0538696833
v -0.123434119 0.0193689708 0.0598210581
v -0.122414619 0.0168689601 0.0524239205
v -0.125478506 0.0168689601 0.0598210581
v -0.123434097 0.0173334591 0.0598210581
v -0.120968945 0.0173334591 0.0538696833
v -0.122414619 0.0168689601 0.0524239205
v -0.123434097 0.0173334591 0.0598210581
v -0.125478506 0.0168689601 0.0598210581
v -0.122414619 0.0168689582 0.0672179908
v -0.120968945 0.0173334572 0.0657722279
v -0.123434097 0.0173334591 0.0598210581
v -0.125478506 0.0168689601 0.0598210581
v -0.120968945 0.0173334572 0.0657722279
v -0.122414619 0.0168689582 0.0672179908
v -0.11501763 0.0168689564 0.0702817887
v -0.115017653 0.0173334591 0.0682374239
v -0.120968945 0.0173334572 0.0657722279
v -0.122414619 0.0168689582 0.0672179908
v -0.115017653 0.0173334591 0.0682374239
v -0.11501763 0.0168689564 0.0702817887
v -0.107620582 0.0168689582 0.0672179908
v -0.109066285 0.0173334572 0.0657722503
v -0.115017653 0.0173334591 0.0682374239
v -0.11501763 0.0168689564 0.0702817887
v -0.109066285 0.0173334572 0.0657722503
v -0.109066285 0.0173334572 0.0657722503
v -0.104556687 0.0168689601 0.0598208606
v -0.106601186 0.0173334591 0.0598208606
v -0.109066285 0.0173334572 0.0657722503
v -0.107620582 0.0168689582 0.0672179908
v -0.104556687 0.0168689601 0.0598208606
v -0.106601186 0.0173334591 0.0598208606
v -0.107620634 0.0168689601 0.0524239205
v -0.109066308 0.0173334591 0.0538696609
v -0.106601186 0.0173334591 0.0598208606
v -0.104556687 0.0168689601 0.0598208606
v -0.107620634 0.0168689601 0.0524239205
v -0.109066308 0.0173334591 0.0538696609
v -0.11501763 0.016868962 0.0493601188
v -0.115017653 0.0173334591 0.0514045134
v -0.109066308 0.0173334591 0.0538696609
v -0.107620634 0.0168689601 0.0524239205
v -0.11501763 0.016868962 0.0493601188
v -0.122414619 0.0168689601 0.0524239205
v -0.120968945 0.0173334591 0.0538696833
v -0.115017653 0.0173334591 0.0514045134
v -0.11501763 0.016868962 0.0493601188
v -0.122414619 0.0168689601 0.0524239205
v -0.115017653 0.0173334591 0.0514045134
v -0.122914568 0.0160249341 0.0519240238
v -0.122414619 0.0168689601 0.0524239205
v -0.11501763 0.016868962 0.0493601188
v -0.11501763 0.016024936 0.0486531109
v -0.122914568 0.0160249341 0.0519240238
v -0.11501763 0.016868962 0.0493601188
v -0.107120715 0.0160249341 0.0519240238
v -0.11501763 0.016024936 0.0486531109
v -0.11501763 0.016868962 0.0493601188
v -0.107620634 0.0168689601 0.0524239205
v -0.107120715 0.0160249341 0.0519240238
v -0.11501763 0.016868962 0.0493601188
v -0.103849657 0.0160249323 0.0598208606
v -0.107120715 0.0160249341 0.0519240238
v -0.107620634 0.0168689601 0.0524239205
v -0.104556687 0.0168689601 0.0598208606
v -0.103849657 0.0160249323 0.0598208606
v -0.107620634 0.0168689601 0.0524239205
v -0.107120685 0.0160249304 0.0677178875
v -0.103849657 0.0160249323 0.0598208606
v -0.104556687 0.0168689601 0.0598208606
v -0.107620582 0.0168689582 0.0672179908
v -0.107120685 0.0160249304 0.0677178875
v -0.104556687 0.0168689601 0.0598208606
v -0.11501763 0.0168689564 0.0702817887
v -0.107120685 0.0160249304 0.0677178875
v -0.107620582 0.0168689582 0.0672179908
v -0.11501763 0.0168689564 0.0702817887
v -0.115017653 0.0160249323 0.0709889755
v -0.107120685 0.0160249304 0.0677178875
v -0.122414619 0.0168689582 0.0672179908
v -0.115017653 0.0160249323 0.0709889755
v -0.11501763 0.0168689564 0.0702817887
v -0.122414619 0.0168689582 0.0672179908
v -0.122914568 0.0160249304 0.0677178875
v -0.115017653 0.0160249323 0.0709889755
v -0.126185626 0.0160249323 0.0598210581
v -0.122914568 0.0160249304 0.0677178875
v -0.122414619 0.0168689582 0.0672179908
v -0.125478506 0.0168689601 0.0598210581
v -0.126185626 0.0160249323 0.0598210581
v -0.122414619 0.0168689582 0.0672179908
v -0.122914568 0.0160249341 0.0519240238
v -0.126185626 0.0160249323 0.0598210581
v -0.125478506 0.0168689601 0.0598210581
v -0.122414619 0.0168689601 0.0524239205
v -0.122914568 0.0160249341 0.0519240238
v -0.125478506 0.0168689601 0.0598210581
v -0.122914568 0.0138439983 0.0519240238
v -0.126185596 0.0138439974 0.0598210581
v -0.126185626 0.0160249323 0.0598210581
v -0.122914568 0.0160249341 0.0519240238
v -0.122914568 0.0138439983 0.0519240238
v -0.126185626 0.0160249323 0.0598210581
v -0.126185596 0.0138439974 0.0598210581
v -0.122914568 0.0138439946 0.0677178949
v -0.122914568 0.0160249304 0.0677178875
v -0.126185626 0.0160249323 0.0598210581
v -0.126185596 0.0138439974 0.0598210581
v -0.122914568 0.0160249304 0.0677178875
v -0.122914568 0.0138439946 0.0677178949
v -0.115017653 0.0138439955 0.0709889829
v -0.115017653 0.0160249323 0.0709889755
v -0.122914568 0.0160249304 0.0677178875
v -0.122914568 0.0138439946 0.0677178949
v -0.115017653 0.0160249323 0.0709889755
v -0.115017653 0.0138439955 0.0709889829
v -0.107120685 0.0138439946 0.0677178949
v -0.107120685 0.0160249304 0.0677178875
v -0.115017653 0.0160249323 0.0709889755
v -0.115017653 0.0138439955 0.0709889829
v -0.107120685 0.0160249304 0.0677178875
v -0.107120685 0.0138439946 0.0677178949
v -0.103849657 0.0138439974 0.0598208606
v -0.103849657 0.0160249323 0.0598208606
v -0.107120685 0.0160249304 0.0677178875
v -0.107120685 0.0138439946 0.0677178949
v -0.103849657 0.0160249323 0.0598208606
v -0.103849657 0.0138439974 0.0598208606
v -0.107120715 0.0138439983 0.0519240238
v -0.107120715 0.0160249341 0.0519240238
v -0.103849657 0.0160249323 0.0598208606
v -0.103849657 0.0138439974 0.0598208606
v -0.107120715 0.0160249341 0.0519240238
v -0.107120715 0.0138439983 0.0519240238
v -0.11501763 0.0138439974 0.0486531109
v -0.11501763 0.016024936 0.0486531109
v -0.107120715 0.0160249341 0.0519240238
v -0.107120715 0.0138439983 0.0519240238
v -0.11501763 0.016024936 0.0486531109
v -0.122914568 0.0138439983 0.0519240238
v -0.122914568 0.0160249341 0.0519240238
v -0.11501763 0.016024936 0.0486531109
v -0.11501763 0.0138439974 0.0486531109
v -0.122914568 0.0138439983 0.0519240238
v -0.11501763 0.016024936 0.0486531109
v -0.121765569 0.0216953196 0.108193748
v -0.12322592 0.0228584185 0.114941619
v -0.120821781 0.0228584204 0.109137625
v -0.121765569 0.0216953196 0.108193748
v -0.124560684 0.0216953177 0.114941828
v -0.12322592 0.0228584185 0.114941619
v -0.124560684 0.0205321554 0.114941828
v -0.124560684 0.0216953177 0.114941828
v -0.121765569 0.0216953196 0.108193748
v -0.121765569 0.0205321535 0.108193748
v -0.124560684 0.0205321554 0.114941828
v -0.121765569 0.0216953196 0.108193748
v -0.123434141 0.0193690006 0.114941828
v -0.124560684 0.0205321554 0.114941828
v -0.121765569 0.0205321535 0.108193748
v -0.120968968 0.0193690024 0.108990431
v -0.123434141 0.0193690006 0.114941828
v -0.121765569 0.0205321535 0.108193748
v -0.124560684 0.0216953177 0.114941828
v -0.120821781 0.0228584185 0.120745793
v -0.12322592 0.0228584185 0.114941619
v -0.124560684 0.0216953177 0.114941828
v -0.121765569 0.0216953177 0.12168967
v -0.120821781 0.0228584185 0.120745793
v -0.121765569 0.0205321517 0.12168967
v -0.121765569 0.0216953177 0.12168967
v -0.124560684 0.0216953177 0.114941828
v -0.124560684 0.0205321554 0.114941828
v -0.121765569 0.0205321517 0.12168967
v -0.124560684 0.0216953177 0.114941828
v -0.120968968 0.0193690006 0.120893002
v -0.121765569 0.0205321517 0.12168967
v -0.124560684 0.0205321554 0.114941828
v -0.123434141 0.0193690006 0.114941828
v -0.120968968 0.0193690006 0.120893002
v -0.124560684 0.0205321554 0.114941828
v -0.121765569 0.0216953177 0.12168967
v -0.115017675 0.0228584185 0.123149842
v -0.120821781 0.0228584185 0.120745793
v -0.121765569 0.0216953177 0.12168967
v -0.115017653 0.0216953177 0.124484725
v -0.115017675 0.0228584185 0.123149842
v -0.115017653 0.0205321517 0.124484725
v -0.115017653 0.0216953177 0.124484725
v -0.121765569 0.0216953177 0.12168967
v -0.121765569 0.0205321517 0.12168967
v -0.115017653 0.0205321517 0.124484725
v -0.121765569 0.0216953177 0.12168967
v -0.115017675 0.0193689968 0.12335816
v -0.115017653 0.0205321517 0.124484725
v -0.121765569 0.0205321517 0.12168967
v -0.120968968 0.0193690006 0.120893002
v -0.115017675 0.0193689968 0.12335816
v -0.121765569 0.0205321517 0.12168967
v -0.115017653 0.0216953177 0.124484725
v -0.109213598 0.0228584185 0.120745793
v -0.115017675 0.0228584185 0.123149842
v -0.115017653 0.0216953177 0.124484725
v -0.108269759 0.0216953177 0.12168967
v -0.109213598 0.0228584185 0.120745793
v -0.108269759 0.0205321517 0.12168967
v -0.108269759 0.0216953177 0.12168967
v -0.115017653 0.0216953177 0.124484725
v -0.115017653 0.0205321517 0.124484725
v -0.108269759 0.0205321517 0.12168967
v -0.115017653 0.0216953177 0.124484725
v -0.10906633 0.0193690006 0.120893002
v -0.108269759 0.0205321517 0.12168967
v -0.115017653 0.0205321517 0.124484725
v -0.115017675 0.0193689968 0.12335816
v -0.10906633 0.0193690006 0.120893002
v -0.115017653 0.0205321517 0.124484725
v -0.105474666 0.0216953177 0.114941619
v -0.106809467 0.0228584185 0.114941619
v -0.109213598 0.0228584185 0.120745793
v -0.108269759 0.0216953177 0.12168967
v -0.105474666 0.0216953177 0.114941619
v -0.109213598 0.0228584185 0.120745793
v -0.105474666 0.0205321554 0.114941619
v -0.105474666 0.0216953177 0.114941619
v -0.108269759 0.0216953177 0.12168967
v -0.108269759 0.0205321517 0.12168967
v -0.105474666 0.0205321554 0.114941619
v -0.108269759 0.0216953177 0.12168967
v -0.10906633 0.0193690006 0.120893002
v -0.105474666 0.0205321554 0.114941619
v -0.108269759 0.0205321517 0.12168967
v -0.10906633 0.0193690006 0.120893002
v -0.106601231 0.0193690006 0.114941619
v -0.105474666 0.0205321554 0.114941619
v -0.108269759 0.0216953196 0.108193748
v -0.109213576 0.0228584204 0.109137647
v -0.106809467 0.0228584185 0.114941619
v -0.105474666 0.0216953177 0.114941619
v -0.108269759 0.0216953196 0.108193748
v -0.106809467 0.0228584185 0.114941619
v -0.108269759 0.0205321535 0.108193748
v -0.108269759 0.0216953196 0.108193748
v -0.105474666 0.0216953177 0.114941619
v -0.105474666 0.0205321554 0.114941619
v -0.108269759 0.0205321535 0.108193748
v -0.105474666 0.0216953177 0.114941619
v -0.106601231 0.0193690006 0.114941619
v -0.108269759 0.0205321535 0.108193748
v -0.105474666 0.0205321554 0.114941619
v -0.106601231 0.0193690006 0.114941619
v -0.10906633 0.0193690024 0.108990431
v -0.108269759 0.0205321535 0.108193748
v -0.115017653 0.0216953177 0.105398692
v -0.115017697 0.0228584222 0.106733583
v -0.109213576 0.0228584204 0.109137647
v -0.108269759 0.0216953196 0.108193748
v -0.115017653 0.0216953177 0.105398692
v -0.109213576 0.0228584204 0.109137647
v -0.115017653 0.0205321554 0.105398692
v -0.115017653 0.0216953177 0.105398692
v -0.108269759 0.0216953196 0.108193748
v -0.108269759 0.0205321535 0.108193748
v -0.115017653 0.0205321554 0.105398692
v -0.108269759 0.0216953196 0.108193748
v -0.10906633 0.0193690024 0.108990431
v -0.115017653 0.0205321554 0.105398692
v -0.108269759 0.0205321535 0.108193748
v -0.10906633 0.0193690024 0.108990431
v -0.115017697 0.0193690006 0.106525257
v -0.115017653 0.0205321554 0.105398692
v -0.115017697 0.0228584222 0.106733583
v -0.121765569 0.0216953196 0.108193748
v -0.120821781 0.0228584204 0.109137625
v -0.115017697 0.0228584222 0.106733583
v -0.115017653 0.0216953177 0.105398692
v -0.121765569 0.0216953196 0.108193748
v -0.115017653 0.0205321554 0.105398692
v -0.121765569 0.0205321535 0.108193748
v -0.121765569 0.0216953196 0.108193748
v -0.115017653 0.0216953177 0.105398692
v -0.115017653 0.0205321554 0.105398692
v -0.121765569 0.0216953196 0.108193748
v -0.115017697 0.0193690006 0.106525257
v -0.120968968 0.0193690024 0.108990431
v -0.121765569 0.0205321535 0.108193748
v -0.115017653 0.0205321554 0.105398692
v -0.115017697 0.0193690006 0.106525257
v -0.121765569 0.0205321535 0.108193748
v -0.120968968 0.017333487 0.108990431
v -0.120968968 0.0193690024 0.108990431
v -0.115017697 0.0193690006 0.106525257
v -0.115017697 0.017333487 0.106525257
v -0.120968968 0.017333487 0.108990431
v -0.115017697 0.0193690006 0.106525257
v -0.109066352 0.017333487 0.108990431
v -0.115017697 0.017333487 0.106525257
v -0.115017697 0.0193690006 0.106525257
v -0.10906633 0.0193690024 0.108990431
v -0.109066352 0.017333487 0.108990431
v -0.115017697 0.0193690006 0.106525257
v -0.106601231 0.0173334889 0.114941597
v -0.109066352 0.017333487 0.108990431
v -0.10906633 0.0193690024 0.108990431
v -0.106601231 0.0193690006 0.114941619
v -0.106601231 0.0173334889 0.114941597
v -0.10906633 0.0193690024 0.108990431
v -0.10906633 0.017333487 0.120893002
v -0.106601231 0.0173334889 0.114941597
v -0.106601231 0.0193690006 0.114941619
v -0.10906633 0.0193690006 0.120893002
v -0.10906633 0.017333487 0.120893002
v -0.106601231 0.0193690006 0.114941619
v -0.115017675 0.0173334833 0.12335816
v -0.10906633 0.017333487 0.120893002
v -0.10906633 0.0193690006 0.120893002
v -0.115017675 0.0193689968 0.12335816
v -0.115017675 0.0173334833 0.12335816
v -0.10906633 0.0193690006 0.120893002
v -0.120968968 0.017333487 0.120893002
v -0.115017675 0.0173334833 0.12335816
v -0.115017675 0.0193689968 0.12335816
v -0.120968968 0.0193690006 0.120893002
v -0.120968968 0.017333487 0.120893002
v -0.115017675 0.0193689968 0.12335816
v -0.123434141 0.0173334889 0.114941798
v -0.120968968 0.017333487 0.120893002
v -0.120968968 0.0193690006 0.120893002
v -0.123434141 0.0193690006 0.114941828
v -0.123434141 0.0173334889 0.114941798
v -0.120968968 0.0193690006 0.120893002
v -0.120968968 0.017333487 0.108990431
v -0.123434141 0.0173334889 0.114941798
v -0.123434141 0.0193690006 0.114941828
v -0.120968968 0.0193690024 0.108990431
v -0.120968968 0.017333487 0.108990431
v -0.123434141 0.0193690006 0.114941828
v -0.122414671 0.0168689862 0.107544683
v -0.125478551 0.0168689843 0.114941798
v -0.123434141 0.0173334889 0.114941798
v -0.120968968 0.017333487 0.108990431
v -0.122414671 0.0168689862 0.107544683
v -0.123434141 0.0173334889 0.114941798
v -0.125478551 0.0168689843 0.114941798
v -0.122414671 0.0168689843 0.122338735
v -0.120968968 0.017333487 0.120893002
v -0.123434141 0.0173334889 0.114941798
v -0.125478551 0.0168689843 0.114941798
v -0.120968968 0.017333487 0.120893002
v -0.122414671 0.0168689843 0.122338735
v -0.115017653 0.0168689862 0.12540254
v -0.115017675 0.0173334833 0.12335816
v -0.120968968 0.017333487 0.120893002
v -0.122414671 0.0168689843 0.122338735
v -0.115017675 0.0173334833 0.12335816
v -0.115017653 0.0168689862 0.12540254
v -0.107620634 0.0168689843 0.122338735
v -0.10906633 0.017333487 0.120893002
v -0.115017675 0.0173334833 0.12335816
v -0.115017653 0.0168689862 0.12540254
v -0.10906633 0.017333487 0.120893002
v -0.10906633 0.017333487 0.120893002
v -0.10455671 0.0168689843 0.114941597
v -0.106601231 0.0173334889 0.114941597
v -0.10906633 0.017333487 0.120893002
v -0.107620634 0.0168689843 0.122338735
v -0.10455671 0.0168689843 0.114941597
v -0.106601231 0.0173334889 0.114941597
v -0.107620679 0.0168689862 0.107544683
v -0.109066352 0.017333487 0.108990431
v -0.106601231 0.0173334889 0.114941597
v -0.10455671 0.0168689843 0.114941597
v -0.107620679 0.0168689862 0.107544683
v -0.109066352 0.017333487 0.108990431
v -0.115017653 0.0168689881 0.104480863
v -0.115017697 0.017333487 0.106525257
v -0.109066352 0.017333487 0.108990431
v -0.107620679 0.0168689862 0.107544683
v -0.115017653 0.0168689881 0.104480863
v -0.122414671 0.0168689862 0.107544683
v -0.120968968 0.017333487 0.108990431
v -0.115017697 0.017333487 0.106525257
v -0.115017653 0.0168689881 0.104480863
v -0.122414671 0.0168689862 0.107544683
v -0.115017697 0.017333487 0.106525257
v -0.12291459 0.0160249621 0.107044764
v -0.122414671 0.0168689862 0.107544683
v -0.115017653 0.0168689881 0.104480863
v -0.115017653 0.0160249602 0.103773855
v -0.12291459 0.0160249621 0.107044764
v -0.115017653 0.0168689881 0.104480863
v -0.10712076 0.0160249621 0.107044786
v -0.115017653 0.0160249602 0.103773855
v -0.115017653 0.0168689881 0.104480863
v -0.107620679 0.0168689862 0.107544683
v -0.10712076 0.0160249621 0.107044786
v -0.115017653 0.0168689881 0.104480863
v -0.103849702 0.0160249583 0.114941597
v -0.10712076 0.0160249621 0.107044786
v -0.107620679 0.0168689862 0.107544683
v -0.10455671 0.0168689843 0.114941597
v -0.103849702 0.0160249583 0.114941597
v -0.107620679 0.0168689862 0.107544683
v -0.107120737 0.0160249583 0.122838631
v -0.103849702 0.0160249583 0.114941597
v -0.10455671 0.0168689843 0.114941597
v -0.107620634 0.0168689843 0.122338735
v -0.107120737 0.0160249583 0.122838631
v -0.10455671 0.0168689843 0.114941597
v -0.115017653 0.0168689862 0.12540254
v -0.107120737 0.0160249583 0.122838631
v -0.107620634 0.0168689843 0.122338735
v -0.115017653 0.0168689862 0.12540254
v -0.115017675 0.0160249583 0.126109749
v -0.107120737 0.0160249583 0.122838631
v -0.122414671 0.0168689843 0.122338735
v -0.115017675 0.0160249583 0.126109749
v -0.115017653 0.0168689862 0.12540254
v -0.122414671 0.0168689843 0.122338735
v -0.12291459 0.0160249583 0.122838631
v -0.115017675 0.0160249583 0.126109749
v -0.126185641 0.0160249583 0.114941798
v -0.12291459 0.0160249583 0.122838631
v -0.122414671 0.0168689843 0.122338735
v -0.125478551 0.0168689843 0.114941798
v -0.126185641 0.0160249583 0.114941798
v -0.122414671 0.0168689843 0.122338735
v -0.12291459 0.0160249621 0.107044764
v -0.126185641 0.0160249583 0.114941798
v -0.125478551 0.0168689843 0.114941798
v -0.122414671 0.0168689862 0.107544683
v -0.12291459 0.0160249621 0.107044764
v -0.125478551 0.0168689843 0.114941798
v -0.12291459 0.0138440235 0.107044771
v -0.126185641 0.0138440225 0.114941806
v -0.126185641 0.0160249583 0.114941798
v -0.12291459 0.0160249621 0.107044764
v -0.12291459 0.0138440235 0.107044771
v -0.126185641 0.0160249583 0.114941798
v -0.126185641 0.0138440225 0.114941806
v -0.12291459 0.0138440225 0.122838639
v -0.12291459 0.0160249583 0.122838631
v -0.126185641 0.0160249583 0.114941798
v -0.126185641 0.0138440225 0.114941806
v -0.12291459 0.0160249583 0.122838631
v -0.12291459 0.0138440225 0.122838639
v -0.115017675 0.0138440235 0.126109749
v -0.115017675 0.0160249583 0.126109749
v -0.12291459 0.0160249583 0.122838631
v -0.12291459 0.0138440225 0.122838639
v -0.115017675 0.0160249583 0.126109749
v -0.115017675 0.0138440235 0.126109749
v -0.107120737 0.0138440225 0.122838639
v -0.107120737 0.0160249583 0.122838631
v -0.115017675 0.0160249583 0.126109749
v -0.115017675 0.0138440235 0.126109749
v -0.107120737 0.0160249583 0.122838631
v -0.107120737 0.0138440225 0.122838639
v -0.103849702 0.0138440225 0.114941604
v -0.103849702 0.0160249583 0.114941597
v -0.107120737 0.0160249583 0.122838631
v -0.107120737 0.0138440225 0.122838639
v -0.103849702 0.0160249583 0.114941597
v -0.103849702 0.0138440225 0.114941604
v -0.10712076 0.0138440235 0.107044794
v -0.10712076 0.0160249621 0.107044786
v -0.103849702 0.0160249583 0.114941597
v -0.103849702 0.0138440225 0.114941604
v -0.10712076 0.0160249621 0.107044786
v -0.10712076 0.0138440235 0.107044794
v -0.115017653 0.0138440253 0.103773862
v -0.115017653 0.0160249602 0.103773855
v -0.10712076 0.0160249621 0.107044786
v -0.10712076 0.0138440235 0.107044794
v -0.115017653 0.0160249602 0.103773855
v -0.12291459 0.0138440235 0.107044771
v -0.12291459 0.0160249621 0.107044764
v -0.115017653 0.0160249602 0.103773855
v -0.115017653 0.0138440253 0.103773862
v -0.12291459 0.0138440235 0.107044771
v -0.115017653 0.0160249602 0.103773855
v -0.121765591 0.0216953289 0.170773312
v -0.12322592 0.0228584297 0.177521169
v -0.120821781 0.0228584316 0.171717182
v -0.121765591 0.0216953289 0.170773312
v -0.124560662 0.021695327 0.177521333
v -0.12322592 0.0228584297 0.177521169
v -0.124560662 0.0205321647 0.177521333
v -0.124560662 0.021695327 0.177521333
v -0.121765591 0.0216953289 0.170773312
v -0.121765591 0.0205321629 0.170773312
v -0.124560662 0.0205321647 0.177521333
v -0.121765591 0.0216953289 0.170773312
v -0.123434141 0.0193690099 0.177521333
v -0.124560662 0.0205321647 0.177521333
v -0.121765591 0.0205321629 0.170773312
v -0.120968968 0.019369008 0.171569988
v -0.123434141 0.0193690099 0.177521333
v -0.121765591 0.0205321629 0.170773312
v -0.124560662 0.021695327 0.177521333
v -0.120821781 0.0228584278 0.183325335
v -0.12322592 0.0228584297 0.177521169
v -0.124560662 0.021695327 0.177521333
v -0.121765591 0.0216953233 0.184269205
v -0.120821781 0.0228584278 0.183325335
v -0.121765591 0.020532161 0.184269205
v -0.121765591 0.0216953233 0.184269205
v -0.124560662 0.021695327 0.177521333
v -0.124560662 0.0205321647 0.177521333
v -0.121765591 0.020532161 0.184269205
v -0.124560662 0.021695327 0.177521333
v -0.120968968 0.019369008 0.183472559
v -0.121765591 0.020532161 0.184269205
v -0.124560662 0.0205321647 0.177521333
v -0.123434141 0.0193690099 0.177521333
v -0.120968968 0.019369008 0.183472559
v -0.124560662 0.0205321647 0.177521333
v -0.121765591 0.0216953233 0.184269205
v -0.115017697 0.0228584278 0.18572937
v -0.120821781 0.0228584278 0.183325335
v -0.121765591 0.0216953233 0.184269205
v -0.115017653 0.0216953233 0.187064275
v -0.115017697 0.0228584278 0.18572937
v -0.115017653 0.0205321629 0.187064275
v -0.115017653 0.0216953233 0.187064275
v -0.121765591 0.0216953233 0.184269205
v -0.121765591 0.020532161 0.184269205
v -0.115017653 0.0205321629 0.187064275
v -0.121765591 0.0216953233 0.184269205
v -0.115017697 0.019369008 0.185937732
v -0.115017653 0.0205321629 0.187064275
v -0.121765591 0.020532161 0.184269205
v -0.120968968 0.019369008 0.183472559
v -0.115017697 0.019369008 0.185937732
v -0.121765591 0.020532161 0.184269205
v -0.115017653 0.0216953233 0.187064275
v -0.109213598 0.0228584278 0.183325335
v -0.115017697 0.0228584278 0.18572937
v -0.115017653 0.0216953233 0.187064275
v -0.108269759 0.0216953233 0.184269205
v -0.109213598 0.0228584278 0.183325335
v -0.108269759 0.020532161 0.184269205
v -0.108269759 0.0216953233 0.184269205
v -0.115017653 0.0216953233 0.187064275
v -0.115017653 0.0205321629 0.187064275
v -0.108269759 0.020532161 0.184269205
v -0.115017653 0.0216953233 0.187064275
v -0.10906633 0.019369008 0.183472559
v -0.108269759 0.020532161 0.184269205
v -0.115017653 0.0205321629 0.187064275
v -0.115017697 0.019369008 0.185937732
v -0.10906633 0.019369008 0.183472559
v -0.115017653 0.0205321629 0.187064275
v -0.105474688 0.021695327 0.177521169
v -0.106809467 0.0228584297 0.177521169
v -0.109213598 0.0228584278 0.183325335
v -0.108269759 0.0216953233 0.184269205
v -0.105474688 0.021695327 0.177521169
v -0.109213598 0.0228584278 0.183325335
v -0.105474688 0.0205321647 0.177521169
v -0.105474688 0.021695327 0.177521169
v -0.108269759 0.0216953233 0.184269205
v -0.108269759 0.020532161 0.184269205
v -0.105474688 0.0205321647 0.177521169
v -0.108269759 0.0216953233 0.184269205
v -0.10906633 0.019369008 0.183472559
v -0.105474688 0.0205321647 0.177521169
v -0.108269759 0.020532161 0.184269205
v -0.10906633 0.019369008 0.183472559
v -0.106601231 0.0193690099 0.177521169
v -0.105474688 0.0205321647 0.177521169
v -0.108269759 0.0216953289 0.170773312
v -0.109213576 0.0228584316 0.171717182
v -0.106809467 0.0228584297 0.177521169
v -0.105474688 0.021695327 0.177521169
v -0.108269759 0.0216953289 0.170773312
v -0.106809467 0.0228584297 0.177521169
v -0.108269759 0.0205321629 0.170773312
v -0.108269759 0.0216953289 0.170773312
v -0.105474688 0.021695327 0.177521169
v -0.105474688 0.0205321647 0.177521169
v -0.108269759 0.0205321629 0.170773312
v -0.105474688 0.021695327 0.177521169
v -0.106601231 0.0193690099 0.177521169
v -0.108269759 0.0205321629 0.170773312
v -0.105474688 0.0205321647 0.177521169
v -0.106601231 0.0193690099 0.177521169
v -0.10906633 0.019369008 0.171569988
v -0.108269759 0.0205321629 0.170773312
v -0.115017675 0.0216953289 0.167978257
v -0.115017697 0.0228584297 0.169313148
v -0.109213576 0.0228584316 0.171717182
v -0.108269759 0.0216953289 0.170773312
v -0.115017675 0.0216953289 0.167978257
v -0.109213576 0.0228584316 0.171717182
v -0.115017675 0.0205321647 0.167978257
v -0.115017675 0.0216953289 0.167978257
v -0.108269759 0.0216953289 0.170773312
v -0.108269759 0.0205321629 0.170773312
v -0.115017675 0.0205321647 0.167978257
v -0.108269759 0.0216953289 0.170773312
v -0.10906633 0.019369008 0.171569988
v -0.115017675 0.0205321647 0.167978257
v -0.108269759 0.0205321629 0.170773312
v -0.10906633 0.019369008 0.171569988
v -0.115017697 0.0193690117 0.1691048
v -0.115017675 0.0205321647 0.167978257
v -0.115017697 0.0228584297 0.169313148
v -0.121765591 0.0216953289 0.170773312
v -0.120821781 0.0228584316 0.171717182
v -0.115017697 0.0228584297 0.169313148
v -0.115017675 0.0216953289 0.167978257
v -0.121765591 0.0216953289 0.170773312
v -0.115017675 0.0205321647 0.167978257
v -0.121765591 0.0205321629 0.170773312
v -0.121765591 0.0216953289 0.170773312
v -0.115017675 0.0216953289 0.167978257
v -0.115017675 0.0205321647 0.167978257
v -0.121765591 0.0216953289 0.170773312
v -0.115017697 0.0193690117 0.1691048
v -0.120968968 0.019369008 0.171569988
v -0.121765591 0.0205321629 0.170773312
v -0.115017675 0.0205321647 0.167978257
v -0.115017697 0.0193690117 0.1691048
v -0.121765591 0.0205321629 0.170773312
v -0.120968968 0.0173334964 0.171569958
v -0.120968968 0.019369008 0.171569988
v -0.115017697 0.0193690117 0.1691048
v -0.115017697 0.0173334982 0.1691048
v -0.120968968 0.0173334964 0.171569958
v -0.115017697 0.0193690117 0.1691048
v -0.109066352 0.0173334964 0.171569958
v -0.115017697 0.0173334982 0.1691048
v -0.115017697 0.0193690117 0.1691048
v -0.10906633 0.019369008 0.171569988
v -0.109066352 0.0173334964 0.171569958
v -0.115017697 0.0193690117 0.1691048
v -0.106601231 0.0173334964 0.177521169
v -0.109066352 0.0173334964 0.171569958
v -0.10906633 0.019369008 0.171569988
v -0.106601231 0.0193690099 0.177521169
v -0.106601231 0.0173334964 0.177521169
v -0.10906633 0.019369008 0.171569988
v -0.10906633 0.0173334964 0.183472529
v -0.106601231 0.0173334964 0.177521169
v -0.106601231 0.0193690099 0.177521169
v -0.10906633 0.019369008 0.183472559
v -0.10906633 0.0173334964 0.183472529
v -0.106601231 0.0193690099 0.177521169
v -0.115017697 0.0173334982 0.185937703
v -0.10906633 0.0173334964 0.183472529
v -0.10906633 0.019369008 0.183472559
v -0.115017697 0.019369008 0.185937732
v -0.115017697 0.0173334982 0.185937703
v -0.10906633 0.019369008 0.183472559
v -0.120968968 0.0173334964 0.183472529
v -0.115017697 0.0173334982 0.185937703
v -0.115017697 0.019369008 0.185937732
v -0.120968968 0.019369008 0.183472559
v -0.120968968 0.0173334964 0.183472529
v -0.115017697 0.019369008 0.185937732
v -0.123434141 0.0173334964 0.177521303
v -0.120968968 0.0173334964 0.183472529
v -0.120968968 0.019369008 0.183472559
v -0.123434141 0.0193690099 0.177521333
v -0.123434141 0.0173334964 0.177521303
v -0.120968968 0.019369008 0.183472559
v -0.120968968 0.0173334964 0.171569958
v -0.123434141 0.0173334964 0.177521303
v -0.123434141 0.0193690099 0.177521333
v -0.120968968 0.019369008 0.171569988
v -0.120968968 0.0173334964 0.171569958
v -0.123434141 0.0193690099 0.177521333
v -0.122414671 0.0168689955 0.170124188
v -0.125478566 0.0168689974 0.177521303
v -0.123434141 0.0173334964 0.177521303
v -0.120968968 0.0173334964 0.171569958
v -0.122414671 0.0168689955 0.170124188
v -0.123434141 0.0173334964 0.177521303
v -0.125478566 0.0168689974 0.177521303
v -0.122414671 0.0168689936 0.18491827
v -0.120968968 0.0173334964 0.183472529
v -0.123434141 0.0173334964 0.177521303
v -0.125478566 0.0168689974 0.177521303
v -0.120968968 0.0173334964 0.183472529
v -0.122414671 0.0168689936 0.18491827
v -0.115017653 0.0168689936 0.187982067
v -0.115017697 0.0173334982 0.185937703
v -0.120968968 0.0173334964 0.183472529
v -0.122414671 0.0168689936 0.18491827
v -0.115017697 0.0173334982 0.185937703
v -0.115017653 0.0168689936 0.187982067
v -0.107620634 0.0168689936 0.18491827
v -0.10906633 0.0173334964 0.183472529
v -0.115017697 0.0173334982 0.185937703
v -0.115017653 0.0168689936 0.187982067
v -0.10906633 0.0173334964 0.183472529
v -0.10906633 0.0173334964 0.183472529
v -0.104556732 0.0168689974 0.177521169
v -0.106601231 0.0173334964 0.177521169
v -0.10906633 0.0173334964 0.183472529
v -0.107620634 0.0168689936 0.18491827
v -0.104556732 0.0168689974 0.177521169
v -0.106601231 0.0173334964 0.177521169
v -0.107620679 0.0168689955 0.170124188
v -0.109066352 0.0173334964 0.171569958
v -0.106601231 0.0173334964 0.177521169
v -0.104556732 0.0168689974 0.177521169
v -0.107620679 0.0168689955 0.170124188
v -0.109066352 0.0173334964 0.171569958
v -0.115017675 0.0168689974 0.16706039
v -0.115017697 0.0173334982 0.1691048
v -0.109066352 0.0173334964 0.171569958
v -0.107620679 0.0168689955 0.170124188
v -0.115017675 0.0168689974 0.16706039
v -0.122414671 0.0168689955 0.170124188
v -0.120968968 0.0173334964 0.171569958
v -0.115017697 0.0173334982 0.1691048
v -0.115017675 0.0168689974 0.16706039
v -0.122414671 0.0168689955 0.170124188
v -0.115017697 0.0173334982 0.1691048
v -0.12291459 0.0160249695 0.169624299
v -0.122414671 0.0168689955 0.170124188
v -0.115017675 0.0168689974 0.16706039
v -0.115017675 0.0160249714 0.16635339
v -0.12291459 0.0160249695 0.169624299
v -0.115017675 0.0168689974 0.16706039
v -0.10712076 0.0160249695 0.169624299
v -0.115017675 0.0160249714 0.16635339
v -0.115017675 0.0168689974 0.16706039
v -0.107620679 0.0168689955 0.170124188
v -0.10712076 0.0160249695 0.169624299
v -0.115017675 0.0168689974 0.16706039
v -0.103849702 0.0160249714 0.177521169
v -0.10712076 0.0160249695 0.169624299
v -0.107620679 0.0168689955 0.170124188
v -0.104556732 0.0168689974 0.177521169
v -0.103849702 0.0160249714 0.177521169
v -0.107620679 0.0168689955 0.170124188
v -0.107120737 0.0160249677 0.185418174
v -0.103849702 0.0160249714 0.177521169
v -0.104556732 0.0168689974 0.177521169
v -0.107620634 0.0168689936 0.18491827
v -0.107120737 0.0160249677 0.185418174
v -0.104556732 0.0168689974 0.177521169
v -0.115017653 0.0168689936 0.187982067
v -0.107120737 0.0160249677 0.185418174
v -0.107620634 0.0168689936 0.18491827
v -0.115017653 0.0168689936 0.187982067
v -0.115017697 0.0160249658 0.188689262
v -0.107120737 0.0160249677 0.185418174
v -0.122414671 0.0168689936 0.18491827
v -0.115017697 0.0160249658 0.188689262
v -0.115017653 0.0168689936 0.187982067
v -0.122414671 0.0168689936 0.18491827
v -0.12291459 0.0160249677 0.185418174
v -0.115017697 0.0160249658 0.188689262
v -0.126185641 0.0160249714 0.177521303
v -0.12291459 0.0160249677 0.185418174
v -0.122414671 0.0168689936 0.18491827
v -0.125478566 0.0168689974 0.177521303
v -0.126185641 0.0160249714 0.177521303
v -0.122414671 0.0168689936 0.18491827
v -0.12291459 0.0160249695 0.169624299
v -0.126185641 0.0160249714 0.177521303
v -0.125478566 0.0168689974 0.177521303
v -0.122414671 0.0168689955 0.170124188
v -0.12291459 0.0160249695 0.169624299
v -0.125478566 0.0168689974 0.177521303
v -0.12291459 0.0138440337 0.169624299
v -0.126185641 0.0138440328 0.177521303
v -0.126185641 0.0160249714 0.177521303
v -0.12291459 0.0160249695 0.169624299
v -0.12291459 0.0138440337 0.169624299
v -0.126185641 0.0160249714 0.177521303
v -0.126185641 0.0138440328 0.177521303
v -0.12291459 0.0138440318 0.185418174
v -0.12291459 0.0160249677 0.185418174
v -0.126185641 0.0160249714 0.177521303
v -0.126185641 0.0138440328 0.177521303
v -0.12291459 0.0160249677 0.185418174
v -0.12291459 0.0138440318 0.185418174
v -0.115017697 0.0138440309 0.188689262
v -0.115017697 0.0160249658 0.188689262
v -0.12291459 0.0160249677 0.185418174
v -0.12291459 0.0138440318 0.185418174
v -0.115017697 0.0160249658 0.188689262
v -0.115017697 0.0138440309 0.188689262
v -0.107120737 0.0138440318 0.185418174
v -0.107120737 0.0160249677 0.185418174
v -0.115017697 0.0160249658 0.188689262
v -0.115017697 0.0138440309 0.188689262
v -0.107120737 0.0160249677 0.185418174
v -0.107120737 0.0138440318 0.185418174
v -0.103849702 0.0138440328 0.177521169
v -0.103849702 0.0160249714 0.177521169
v -0.107120737 0.0160249677 0.185418174
v -0.107120737 0.0138440318 0.185418174
v -0.103849702 0.0160249714 0.177521169
v -0.103849702 0.0138440328 0.177521169
v -0.10712076 0.0138440337 0.169624299
v -0.10712076 0.0160249695 0.169624299
v -0.103849702 0.0160249714 0.177521169
v -0.103849702 0.0138440328 0.177521169
v -0.10712076 0.0160249695 0.169624299
v -0.10712076 0.0138440337 0.169624299
v -0.115017675 0.0138440346 0.16635339
v -0.115017675 0.0160249714 0.16635339
v -0.10712076 0.0160249695 0.169624299
v -0.10712076 0.0138440337 0.169624299
v -0.115017675 0.0160249714 0.16635339
v -0.12291459 0.0138440337 0.169624299
v -0.12291459 0.0160249695 0.169624299
v -0.115017675 0.0160249714 0.16635339
v -0.115017675 0.0138440346 0.16635339
v -0.12291459 0.0138440337 0.169624299
v -0.115017675 0.0160249714 0.16635339
v -0.108218759 0.0216953568 0.225945175
v -0.114966623 0.0228584576 0.224484816
v -0.109162621 0.0228584558 0.226888984
v -0.108218759 0.0216953568 0.225945175
v -0.114966772 0.0216953568 0.223150045
v -0.114966623 0.0228584576 0.224484816
v -0.114966772 0.0205321908 0.223150045
v -0.114966772 0.0216953568 0.223150045
v -0.108218759 0.0216953568 0.225945175
v -0.108218759 0.0205321908 0.225945175
v -0.114966772 0.0205321908 0.223150045
v -0.108218759 0.0216953568 0.225945175
v -0.114966772 0.019369036 0.224276617
v -0.114966772 0.0205321908 0.223150045
v -0.108218759 0.0205321908 0.225945175
v -0.109015428 0.0193690378 0.226741746
v -0.114966772 0.019369036 0.224276617
v -0.108218759 0.0205321908 0.225945175
v -0.114966772 0.0216953568 0.223150045
v -0.120770775 0.0228584558 0.226888984
v -0.114966623 0.0228584576 0.224484816
v -0.114966772 0.0216953568 0.223150045
v -0.121714659 0.0216953568 0.225945175
v -0.120770775 0.0228584558 0.226888984
v -0.121714659 0.0205321908 0.225945175
v -0.121714659 0.0216953568 0.225945175
v -0.114966772 0.0216953568 0.223150045
v -0.114966772 0.0205321908 0.223150045
v -0.121714659 0.0205321908 0.225945175
v -0.114966772 0.0216953568 0.223150045
v -0.120917991 0.0193690378 0.226741746
v -0.121714659 0.0205321908 0.225945175
v -0.114966772 0.0205321908 0.223150045
v -0.114966772 0.019369036 0.224276617
v -0.120917991 0.0193690378 0.226741746
v -0.114966772 0.0205321908 0.223150045
v -0.121714659 0.0216953568 0.225945175
v -0.123174809 0.0228584539 0.232693031
v -0.120770775 0.0228584558 0.226888984
v -0.121714659 0.0216953568 0.225945175
v -0.124509707 0.0216953568 0.232693091
v -0.123174809 0.0228584539 0.232693031
v -0.124509707 0.0205321908 0.232693091
v -0.124509707 0.0216953568 0.232693091
v -0.121714659 0.0216953568 0.225945175
v -0.121714659 0.0205321908 0.225945175
v -0.124509707 0.0205321908 0.232693091
v -0.121714659 0.0216953568 0.225945175
v -0.123383164 0.019369036 0.232693031
v -0.124509707 0.0205321908 0.232693091
v -0.121714659 0.0205321908 0.225945175
v -0.120917991 0.0193690378 0.226741746
v -0.123383164 0.019369036 0.232693031
v -0.121714659 0.0205321908 0.225945175
v -0.124509707 0.0216953568 0.232693091
v -0.120770775 0.0228584558 0.238497123
v -0.123174809 0.0228584539 0.232693031
v -0.124509707 0.0216953568 0.232693091
v -0.121714659 0.0216953531 0.239440978
v -0.120770775 0.0228584558 0.238497123
v -0.121714659 0.0205321908 0.239440978
v -0.121714659 0.0216953531 0.239440978
v -0.124509707 0.0216953568 0.232693091
v -0.124509707 0.0205321908 0.232693091
v -0.121714659 0.0205321908 0.239440978
v -0.124509707 0.0216953568 0.232693091
v -0.120917991 0.019369036 0.238644376
v -0.121714659 0.0205321908 0.239440978
v -0.124509707 0.0205321908 0.232693091
v -0.123383164 0.019369036 0.232693031
v -0.120917991 0.019369036 0.238644376
v -0.124509707 0.0205321908 0.232693091
v -0.114966623 0.0216953531 0.242236003
v -0.114966623 0.0228584539 0.240901262
v -0.120770775 0.0228584558 0.238497123
v -0.121714659 0.0216953531 0.239440978
v -0.114966623 0.0216953531 0.242236003
v -0.120770775 0.0228584558 0.238497123
v -0.114966623 0.0205321871 0.242236003
v -0.114966623 0.0216953531 0.242236003
v -0.121714659 0.0216953531 0.239440978
v -0.121714659 0.0205321908 0.239440978
v -0.114966623 0.0205321871 0.242236003
v -0.121714659 0.0216953531 0.239440978
v -0.120917991 0.019369036 0.238644376
v -0.114966623 0.0205321871 0.242236003
v -0.121714659 0.0205321908 0.239440978
v -0.120917991 0.019369036 0.238644376
v -0.114966623 0.019369036 0.241109505
v -0.114966623 0.0205321871 0.242236003
v -0.108218759 0.0216953531 0.239440978
v -0.109162621 0.0228584558 0.238497168
v -0.114966623 0.0228584539 0.240901262
v -0.114966623 0.0216953531 0.242236003
v -0.108218759 0.0216953531 0.239440978
v -0.114966623 0.0228584539 0.240901262
v -0.108218759 0.0205321908 0.239440978
v -0.108218759 0.0216953531 0.239440978
v -0.114966623 0.0216953531 0.242236003
v -0.114966623 0.0205321871 0.242236003
v -0.108218759 0.0205321908 0.239440978
v -0.114966623 0.0216953531 0.242236003
v -0.114966623 0.019369036 0.241109505
v -0.108218759 0.0205321908 0.239440978
v -0.114966623 0.0205321871 0.242236003
v -0.114966623 0.019369036 0.241109505
v -0.109015428 0.019369036 0.238644376
v -0.108218759 0.0205321908 0.239440978
v -0.105423689 0.0216953568 0.232693091
v -0.106758587 0.0228584539 0.232693017
v -0.109162621 0.0228584558 0.238497168
v -0.108218759 0.0216953531 0.239440978
v -0.105423689 0.0216953568 0.232693091
v -0.109162621 0.0228584558 0.238497168
v -0.105423689 0.0205321908 0.232693091
v -0.105423689 0.0216953568 0.232693091
v -0.108218759 0.0216953531 0.239440978
v -0.108218759 0.0205321908 0.239440978
v -0.105423689 0.0205321908 0.232693091
v -0.108218759 0.0216953531 0.239440978
v -0.109015428 0.019369036 0.238644376
v -0.105423689 0.0205321908 0.232693091
v -0.108218759 0.0205321908 0.239440978
v -0.109015428 0.019369036 0.238644376
v -0.106550232 0.019369036 0.232693031
v -0.105423689 0.0205321908 0.232693091
v -0.106758587 0.0228584539 0.232693017
v -0.108218759 0.0216953568 0.225945175
v -0.109162621 0.0228584558 0.226888984
v -0.106758587 0.0228584539 0.232693017
v -0.105423689 0.0216953568 0.232693091
v -0.108218759 0.0216953568 0.225945175
v -0.105423689 0.0205321908 0.232693091
v -0.108218759 0.0205321908 0.225945175
v -0.108218759 0.0216953568 0.225945175
v -0.105423689 0.0216953568 0.232693091
v -0.105423689 0.0205321908 0.232693091
v -0.108218759 0.0216953568 0.225945175
v -0.106550232 0.019369036 0.232693031
v -0.109015428 0.0193690378 0.226741746
v -0.108218759 0.0205321908 0.225945175
v -0.105423689 0.0205321908 0.232693091
v -0.106550232 0.019369036 0.232693031
v -0.108218759 0.0205321908 0.225945175
v -0.109015428 0.0173335224 0.226741746
v -0.109015428 0.0193690378 0.226741746
v -0.106550232 0.019369036 0.232693031
v -0.106550232 0.0173335243 0.232693031
v -0.109015428 0.0173335224 0.226741746
v -0.106550232 0.019369036 0.232693031
v -0.109015428 0.0173335224 0.238644347
v -0.106550232 0.0173335243 0.232693031
v -0.106550232 0.019369036 0.232693031
v -0.109015428 0.019369036 0.238644376
v -0.109015428 0.0173335224 0.238644347
v -0.106550232 0.019369036 0.232693031
v -0.114966623 0.0173335187 0.241109505
v -0.109015428 0.0173335224 0.238644347
v -0.109015428 0.019369036 0.238644376
v -0.114966623 0.019369036 0.241109505
v -0.114966623 0.0173335187 0.241109505
v -0.109015428 0.019369036 0.238644376
v -0.120917991 0.0173335224 0.238644376
v -0.114966623 0.0173335187 0.241109505
v -0.114966623 0.019369036 0.241109505
v -0.120917991 0.019369036 0.238644376
v -0.120917991 0.0173335224 0.238644376
v -0.114966623 0.019369036 0.241109505
v -0.123383164 0.0173335243 0.232693031
v -0.120917991 0.0173335224 0.238644376
v -0.120917991 0.019369036 0.238644376
v -0.123383164 0.019369036 0.232693031
v -0.123383164 0.0173335243 0.232693031
v -0.120917991 0.019369036 0.238644376
v -0.120917991 0.0173335224 0.226741746
v -0.123383164 0.0173335243 0.232693031
v -0.123383164 0.019369036 0.232693031
v -0.120917991 0.0193690378 0.226741746
v -0.120917991 0.0173335224 0.226741746
v -0.123383164 0.019369036 0.232693031
v -0.114966772 0.0173335224 0.224276617
v -0.120917991 0.0173335224 0.226741746
v -0.120917991 0.0193690378 0.226741746
v -0.114966772 0.019369036 0.224276617
v -0.114966772 0.0173335224 0.224276617
v -0.120917991 0.0193690378 0.226741746
v -0.109015428 0.0173335224 0.226741746
v -0.114966772 0.0173335224 0.224276617
v -0.114966772 0.019369036 0.224276617
v -0.109015428 0.0193690378 0.226741746
v -0.109015428 0.0173335224 0.226741746
v -0.114966772 0.019369036 0.224276617
v -0.107569657 0.0168690253 0.225296035
v -0.114966772 0.0168690234 0.222232223
v -0.114966772 0.0173335224 0.224276617
v -0.109015428 0.0173335224 0.226741746
v -0.107569657 0.0168690253 0.225296035
v -0.114966772 0.0173335224 0.224276617
v -0.114966772 0.0168690234 0.222232223
v -0.122363739 0.0168690253 0.225296035
v -0.120917991 0.0173335224 0.226741746
v -0.114966772 0.0173335224 0.224276617
v -0.114966772 0.0168690234 0.222232223
v -0.120917991 0.0173335224 0.226741746
v -0.122363739 0.0168690253 0.225296035
v -0.125427559 0.0168690234 0.232693091
v -0.123383164 0.0173335243 0.232693031
v -0.120917991 0.0173335224 0.226741746
v -0.122363739 0.0168690253 0.225296035
v -0.123383164 0.0173335243 0.232693031
v -0.125427559 0.0168690234 0.232693091
v -0.122363739 0.0168690216 0.240090042
v -0.120917991 0.0173335224 0.238644376
v -0.123383164 0.0173335243 0.232693031
v -0.125427559 0.0168690234 0.232693091
v -0.120917991 0.0173335224 0.238644376
v -0.120917991 0.0173335224 0.238644376
v -0.114966623 0.0168690234 0.243154019
v -0.114966623 0.0173335187 0.241109505
v -0.120917991 0.0173335224 0.238644376
v -0.122363739 0.0168690216 0.240090042
v -0.114966623 0.0168690234 0.243154019
v -0.114966623 0.0173335187 0.241109505
v -0.107569657 0.0168690216 0.240090013
v -0.109015428 0.0173335224 0.238644347
v -0.114966623 0.0173335187 0.241109505
v -0.114966623 0.0168690234 0.243154019
v -0.107569657 0.0168690216 0.240090013
v -0.109015428 0.0173335224 0.238644347
v -0.104505867 0.0168690234 0.232693091
v -0.106550232 0.0173335243 0.232693031
v -0.109015428 0.0173335224 0.238644347
v -0.107569657 0.0168690216 0.240090013
v -0.104505867 0.0168690234 0.232693091
v -0.107569657 0.0168690253 0.225296035
v -0.109015428 0.0173335224 0.226741746
v -0.106550232 0.0173335243 0.232693031
v -0.104505867 0.0168690234 0.232693091
v -0.107569657 0.0168690253 0.225296035
v -0.106550232 0.0173335243 0.232693031
v -0.107069761 0.0160249975 0.224796116
v -0.107569657 0.0168690253 0.225296035
v -0.104505867 0.0168690234 0.232693091
v -0.103798844 0.0160249956 0.232693091
v -0.107069761 0.0160249975 0.224796116
v -0.104505867 0.0168690234 0.232693091
v -0.107069761 0.0160249975 0.240589932
v -0.103798844 0.0160249956 0.232693091
v -0.104505867 0.0168690234 0.232693091
v -0.107569657 0.0168690216 0.240090013
v -0.107069761 0.0160249975 0.240589932
v -0.104505867 0.0168690234 0.232693091
v -0.114966623 0.0160249937 0.243861049
v -0.107069761 0.0160249975 0.240589932
v -0.107569657 0.0168690216 0.240090013
v -0.114966623 0.0168690234 0.243154019
v -0.114966623 0.0160249937 0.243861049
v -0.107569657 0.0168690216 0.240090013
v -0.122863658 0.0160249975 0.240589932
v -0.114966623 0.0160249937 0.243861049
v -0.114966623 0.0168690234 0.243154019
v -0.122363739 0.0168690216 0.240090042
v -0.122863658 0.0160249975 0.240589932
v -0.114966623 0.0168690234 0.243154019
v -0.125427559 0.0168690234 0.232693091
v -0.122863658 0.0160249975 0.240589932
v -0.122363739 0.0168690216 0.240090042
v -0.125427559 0.0168690234 0.232693091
v -0.126134738 0.0160249956 0.232693031
v -0.122863658 0.0160249975 0.240589932
v -0.122363739 0.0168690253 0.225296035
v -0.126134738 0.0160249956 0.232693031
v -0.125427559 0.0168690234 0.232693091
v -0.122363739 0.0168690253 0.225296035
v -0.122863635 0.0160249975 0.224796116
v -0.126134738 0.0160249956 0.232693031
v -0.114966772 0.0160249993 0.221525088
v -0.122863635 0.0160249975 0.224796116
v -0.122363739 0.0168690253 0.225296035
v -0.114966772 0.0168690234 0.222232223
v -0.114966772 0.0160249993 0.221525088
v -0.122363739 0.0168690253 0.225296035
v -0.107069761 0.0160249975 0.224796116
v -0.114966772 0.0160249993 0.221525088
v -0.114966772 0.0168690234 0.222232223
v -0.107569657 0.0168690253 0.225296035
v -0.107069761 0.0160249975 0.224796116
v -0.114966772 0.0168690234 0.222232223
v -0.107069761 0.0138440626 0.224796116
v -0.114966772 0.0138440616 0.221525088
v -0.114966772 0.0160249993 0.221525088
v -0.107069761 0.0160249975 0.224796116
v -0.107069761 0.0138440626 0.224796116
v -0.114966772 0.0160249993 0.221525088
v -0.114966772 0.0138440616 0.221525088
v -0.122863635 0.0138440626 0.224796116
v -0.122863635 0.0160249975 0.224796116
v -0.114966772 0.0160249993 0.221525088
v -0.114966772 0.0138440616 0.221525088
v -0.122863635 0.0160249975 0.224796116
v -0.122863635 0.0138440626 0.224796116
v -0.126134738 0.0138440579 0.232693031
v -0.126134738 0.0160249956 0.232693031
v -0.122863635 0.0160249975 0.224796116
v -0.122863635 0.0138440626 0.224796116
v -0.126134738 0.0160249956 0.232693031
v -0.126134738 0.0138440579 0.232693031
v -0.122863658 0.0138440598 0.240589932
v -0.122863658 0.0160249975 0.240589932
v -0.126134738 0.0160249956 0.232693031
v -0.126134738 0.0138440579 0.232693031
v -0.122863658 0.0160249975 0.240589932
v -0.122863658 0.0138440598 0.240589932
v -0.114966623 0.0138440588 0.243861049
v -0.114966623 0.0160249937 0.243861049
v -0.122863658 0.0160249975 0.240589932
v -0.122863658 0.0138440598 0.240589932
v -0.114966623 0.0160249937 0.243861049
v -0.114966623 0.0138440588 0.243861049
v -0.107069761 0.0138440598 0.240589932
v -0.107069761 0.0160249975 0.240589932
v -0.114966623 0.0160249937 0.243861049
v -0.114966623 0.0138440588 0.243861049
v -0.107069761 0.0160249975 0.240589932
v -0.107069761 0.0138440598 0.240589932
v -0.103798844 0.0138440579 0.232693091
v -0.103798844 0.0160249956 0.232693091
v -0.107069761 0.0160249975 0.240589932
v -0.107069761 0.0138440598 0.240589932
v -0.103798844 0.0160249956 0.232693091
v -0.107069761 0.0138440626 0.224796116
v -0.107069761 0.0160249975 0.224796116
v -0.103798844 0.0160249956 0.232693091
v -0.103798844 0.0138440579 0.232693091
v -0.107069761 0.0138440626 0.224796116
v -0.103798844 0.0160249956 0.232693091
v -0.165341139 0.0216953568 0.225945264
v -0.172088981 0.0228584576 0.224484891
v -0.166285008 0.0228584558 0.226889074
v -0.165341139 0.0216953568 0.225945264
v -0.172089159 0.0216953568 0.223150134
v -0.172088981 0.0228584576 0.224484891
v -0.172089159 0.0205321908 0.223150134
v -0.172089159 0.0216953568 0.223150134
v -0.165341139 0.0216953568 0.225945264
v -0.165341139 0.0205321908 0.225945264
v -0.172089159 0.0205321908 0.223150134
v -0.165341139 0.0216953568 0.225945264
v -0.172089159 0.019369036 0.224276721
v -0.172089159 0.0205321908 0.223150134
v -0.165341139 0.0205321908 0.225945264
v -0.166137829 0.0193690378 0.226741821
v -0.172089159 0.019369036 0.224276721
v -0.165341139 0.0205321908 0.225945264
v -0.172089159 0.0216953568 0.223150134
v -0.177893162 0.0228584558 0.226889074
v -0.172088981 0.0228584576 0.224484891
v -0.172089159 0.0216953568 0.223150134
v -0.178837031 0.0216953568 0.225945264
v -0.177893162 0.0228584558 0.226889074
v -0.178837031 0.0205321908 0.225945264
v -0.178837031 0.0216953568 0.225945264
v -0.172089159 0.0216953568 0.223150134
v -0.172089159 0.0205321908 0.223150134
v -0.178837031 0.0205321908 0.225945264
v -0.172089159 0.0216953568 0.223150134
v -0.178040385 0.0193690378 0.226741821
v -0.178837031 0.0205321908 0.225945264
v -0.172089159 0.0205321908 0.223150134
v -0.172089159 0.019369036 0.224276721
v -0.178040385 0.0193690378 0.226741821
v -0.172089159 0.0205321908 0.223150134
v -0.178837031 0.0216953568 0.225945264
v -0.180297211 0.0228584539 0.232693166
v -0.177893162 0.0228584558 0.226889074
v -0.178837031 0.0216953568 0.225945264
v -0.181632072 0.0216953568 0.23269318
v -0.180297211 0.0228584539 0.232693166
v -0.181632072 0.0205321908 0.23269318
v -0.181632072 0.0216953568 0.23269318
v -0.178837031 0.0216953568 0.225945264
v -0.178837031 0.0205321908 0.225945264
v -0.181632072 0.0205321908 0.23269318
v -0.178837031 0.0216953568 0.225945264
v -0.180505544 0.019369036 0.232693166
v -0.181632072 0.0205321908 0.23269318
v -0.178837031 0.0205321908 0.225945264
v -0.178040385 0.0193690378 0.226741821
v -0.180505544 0.019369036 0.232693166
v -0.178837031 0.0205321908 0.225945264
v -0.181632072 0.0216953568 0.23269318
v -0.177893132 0.0228584558 0.238497257
v -0.180297211 0.0228584539 0.232693166
v -0.181632072 0.0216953568 0.23269318
v -0.178837031 0.0216953531 0.239441097
v -0.177893132 0.0228584558 0.238497257
v -0.178837031 0.0205321908 0.239441097
v -0.178837031 0.0216953531 0.239441097
v -0.181632072 0.0216953568 0.23269318
v -0.181632072 0.0205321908 0.23269318
v -0.178837031 0.0205321908 0.239441097
v -0.181632072 0.0216953568 0.23269318
v -0.178040355 0.019369036 0.23864454
v -0.178837031 0.0205321908 0.239441097
v -0.181632072 0.0205321908 0.23269318
v -0.180505544 0.019369036 0.232693166
v -0.178040355 0.019369036 0.23864454
v -0.181632072 0.0205321908 0.23269318
v -0.172088981 0.0216953531 0.242236108
v -0.172088981 0.0228584539 0.240901381
v -0.177893132 0.0228584558 0.238497257
v -0.178837031 0.0216953531 0.239441097
v -0.172088981 0.0216953531 0.242236108
v -0.177893132 0.0228584558 0.238497257
v -0.172088981 0.0205321871 0.242236108
v -0.172088981 0.0216953531 0.242236108
v -0.178837031 0.0216953531 0.239441097
v -0.178837031 0.0205321908 0.239441097
v -0.172088981 0.0205321871 0.242236108
v -0.178837031 0.0216953531 0.239441097
v -0.178040355 0.019369036 0.23864454
v -0.172088981 0.0205321871 0.242236108
v -0.178837031 0.0205321908 0.239441097
v -0.178040355 0.019369036 0.23864454
v -0.172088981 0.019369036 0.24110958
v -0.172088981 0.0205321871 0.242236108
v -0.165341139 0.0216953531 0.239441097
v -0.166285008 0.0228584558 0.238497287
v -0.172088981 0.0228584539 0.240901381
v -0.172088981 0.0216953531 0.242236108
v -0.165341139 0.0216953531 0.239441097
v -0.172088981 0.0228584539 0.240901381
v -0.165341139 0.0205321908 0.239441097
v -0.165341139 0.0216953531 0.239441097
v -0.172088981 0.0216953531 0.242236108
v -0.172088981 0.0205321871 0.242236108
v -0.165341139 0.0205321908 0.239441097
v -0.172088981 0.0216953531 0.242236108
v -0.172088981 0.019369036 0.24110958
v -0.165341139 0.0205321908 0.239441097
v -0.172088981 0.0205321871 0.242236108
v -0.172088981 0.019369036 0.24110958
v -0.166137829 0.019369036 0.23864454
v -0.165341139 0.0205321908 0.239441097
v -0.162546083 0.0216953568 0.232693166
v -0.163880974 0.0228584539 0.232693136
v -0.166285008 0.0228584558 0.238497287
v -0.165341139 0.0216953531 0.239441097
v -0.162546083 0.0216953568 0.232693166
v -0.166285008 0.0228584558 0.238497287
v -0.162546083 0.0205321908 0.232693166
v -0.162546083 0.0216953568 0.232693166
v -0.165341139 0.0216953531 0.239441097
v -0.165341139 0.0205321908 0.239441097
v -0.162546083 0.0205321908 0.232693166
v -0.165341139 0.0216953531 0.239441097
v -0.166137829 0.019369036 0.23864454
v -0.162546083 0.0205321908 0.232693166
v -0.165341139 0.0205321908 0.239441097
v -0.166137829 0.019369036 0.23864454
v -0.163672611 0.019369036 0.232693166
v -0.162546083 0.0205321908 0.232693166
v -0.163880974 0.0228584539 0.232693136
v -0.165341139 0.0216953568 0.225945264
v -0.166285008 0.0228584558 0.226889074
v -0.163880974 0.0228584539 0.232693136
v -0.162546083 0.0216953568 0.232693166
v -0.165341139 0.0216953568 0.225945264
v -0.162546083 0.0205321908 0.232693166
v -0.165341139 0.0205321908 0.225945264
v -0.165341139 0.0216953568 0.225945264
v -0.162546083 0.0216953568 0.232693166
v -0.162546083 0.0205321908 0.232693166
v -0.165341139 0.0216953568 0.225945264
v -0.163672611 0.019369036 0.232693166
v -0.166137829 0.0193690378 0.226741821
v -0.165341139 0.0205321908 0.225945264
v -0.162546083 0.0205321908 0.232693166
v -0.163672611 0.019369036 0.232693166
v -0.165341139 0.0205321908 0.225945264
v -0.166137829 0.0173335224 0.226741821
v -0.166137829 0.0193690378 0.226741821
v -0.163672611 0.019369036 0.232693166
v -0.163672611 0.0173335243 0.232693166
v -0.166137829 0.0173335224 0.226741821
v -0.163672611 0.019369036 0.232693166
v -0.166137829 0.0173335224 0.238644436
v -0.163672611 0.0173335243 0.232693166
v -0.163672611 0.019369036 0.232693166
v -0.166137829 0.019369036 0.23864454
v -0.166137829 0.0173335224 0.238644436
v -0.163672611 0.019369036 0.232693166
v -0.172088981 0.0173335187 0.24110958
v -0.166137829 0.0173335224 0.238644436
v -0.166137829 0.019369036 0.23864454
v -0.172088981 0.019369036 0.24110958
v -0.172088981 0.0173335187 0.24110958
v -0.166137829 0.019369036 0.23864454
v -0.178040355 0.0173335224 0.23864454
v -0.172088981 0.0173335187 0.24110958
v -0.172088981 0.019369036 0.24110958
v -0.178040355 0.019369036 0.23864454
v -0.178040355 0.0173335224 0.23864454
v -0.172088981 0.019369036 0.24110958
v -0.180505544 0.0173335243 0.232693166
v -0.178040355 0.0173335224 0.23864454
v -0.178040355 0.019369036 0.23864454
v -0.180505544 0.019369036 0.232693166
v -0.180505544 0.0173335243 0.232693166
v -0.178040355 0.019369036 0.23864454
v -0.178040385 0.0173335224 0.226741821
v -0.180505544 0.0173335243 0.232693166
v -0.180505544 0.019369036 0.232693166
v -0.178040385 0.0193690378 0.226741821
v -0.178040385 0.0173335224 0.226741821
v -0.180505544 0.019369036 0.232693166
v -0.172089159 0.0173335224 0.224276721
v -0.178040385 0.0173335224 0.226741821
v -0.178040385 0.0193690378 0.226741821
v -0.172089159 0.019369036 0.224276721
v -0.172089159 0.0173335224 0.224276721
v -0.178040385 0.0193690378 0.226741821
v -0.166137829 0.0173335224 0.226741821
v -0.172089159 0.0173335224 0.224276721
v -0.172089159 0.019369036 0.224276721
v -0.166137829 0.0193690378 0.226741821
v -0.166137829 0.0173335224 0.226741821
v -0.172089159 0.019369036 0.224276721
v -0.164692059 0.0168690253 0.225296184
v -0.172089159 0.0168690234 0.222232237
v -0.172089159 0.0173335224 0.224276721
v -0.166137829 0.0173335224 0.226741821
v -0.164692059 0.0168690253 0.225296184
v -0.172089159 0.0173335224 0.224276721
v -0.172089159 0.0168690234 0.222232237
v -0.179486126 0.0168690253 0.225296184
v -0.178040385 0.0173335224 0.226741821
v -0.172089159 0.0173335224 0.224276721
v -0.172089159 0.0168690234 0.222232237
v -0.178040385 0.0173335224 0.226741821
v -0.179486126 0.0168690253 0.225296184
v -0.182549924 0.0168690234 0.23269318
v -0.180505544 0.0173335243 0.232693166
v -0.178040385 0.0173335224 0.226741821
v -0.179486126 0.0168690253 0.225296184
v -0.180505544 0.0173335243 0.232693166
v -0.182549924 0.0168690234 0.23269318
v -0.179486096 0.0168690216 0.240090162
v -0.178040355 0.0173335224 0.23864454
v -0.180505544 0.0173335243 0.232693166
v -0.182549924 0.0168690234 0.23269318
v -0.178040355 0.0173335224 0.23864454
v -0.178040355 0.0173335224 0.23864454
v -0.172088981 0.0168690234 0.243154123
v -0.172088981 0.0173335187 0.24110958
v -0.178040355 0.0173335224 0.23864454
v -0.179486096 0.0168690216 0.240090162
v -0.172088981 0.0168690234 0.243154123
v -0.172088981 0.0173335187 0.24110958
v -0.164692059 0.0168690216 0.240090087
v -0.166137829 0.0173335224 0.238644436
v -0.172088981 0.0173335187 0.24110958
v -0.172088981 0.0168690234 0.243154123
v -0.164692059 0.0168690216 0.240090087
v -0.166137829 0.0173335224 0.238644436
v -0.161628246 0.0168690234 0.23269318
v -0.163672611 0.0173335243 0.232693166
v -0.166137829 0.0173335224 0.238644436
v -0.164692059 0.0168690216 0.240090087
v -0.161628246 0.0168690234 0.23269318
v -0.164692059 0.0168690253 0.225296184
v -0.166137829 0.0173335224 0.226741821
v -0.163672611 0.0173335243 0.232693166
v -0.161628246 0.0168690234 0.23269318
v -0.164692059 0.0168690253 0.225296184
v -0.163672611 0.0173335243 0.232693166
v -0.164192155 0.0160249975 0.224796206
v -0.164692059 0.0168690253 0.225296184
v -0.161628246 0.0168690234 0.23269318
v -0.160921246 0.0160249956 0.23269318
v -0.164192155 0.0160249975 0.224796206
v -0.161628246 0.0168690234 0.23269318
v -0.164192155 0.0160249975 0.240590036
v -0.160921246 0.0160249956 0.23269318
v -0.161628246 0.0168690234 0.23269318
v -0.164692059 0.0168690216 0.240090087
v -0.164192155 0.0160249975 0.240590036
v -0.161628246 0.0168690234 0.23269318
v -0.172088981 0.0160249937 0.243861109
v -0.164192155 0.0160249975 0.240590036
v -0.164692059 0.0168690216 0.240090087
v -0.172088981 0.0168690234 0.243154123
v -0.172088981 0.0160249937 0.243861109
v -0.164692059 0.0168690216 0.240090087
v -0.179986015 0.0160249975 0.240590036
v -0.172088981 0.0160249937 0.243861109
v -0.172088981 0.0168690234 0.243154123
v -0.179486096 0.0168690216 0.240090162
v -0.179986015 0.0160249975 0.240590036
v -0.172088981 0.0168690234 0.243154123
v -0.182549924 0.0168690234 0.23269318
v -0.179986015 0.0160249975 0.240590036
v -0.179486096 0.0168690216 0.240090162
v -0.182549924 0.0168690234 0.23269318
v -0.183257133 0.0160249956 0.232693166
v -0.179986015 0.0160249975 0.240590036
v -0.179486126 0.0168690253 0.225296184
v -0.183257133 0.0160249956 0.232693166
v -0.182549924 0.0168690234 0.23269318
v -0.179486126 0.0168690253 0.225296184
v -0.179986015 0.0160249975 0.224796206
v -0.183257133 0.0160249956 0.232693166
v -0.172089159 0.0160249993 0.221525192
v -0.179986015 0.0160249975 0.224796206
v -0.179486126 0.0168690253 0.225296184
v -0.172089159 0.0168690234 0.222232237
v -0.172089159 0.0160249993 0.221525192
v -0.179486126 0.0168690253 0.225296184
v -0.164192155 0.0160249975 0.224796206
v -0.172089159 0.0160249993 0.221525192
v -0.172089159 0.0168690234 0.222232237
v -0.164692059 0.0168690253 0.225296184
v -0.164192155 0.0160249975 0.224796206
v -0.172089159 0.0168690234 0.222232237
v -0.164192155 0.0138440626 0.224796206
v -0.172089159 0.0138440616 0.221525192
v -0.172089159 0.0160249993 0.221525192
v -0.164192155 0.0160249975 0.224796206
v -0.164192155 0.0138440626 0.224796206
v -0.172089159 0.0160249993 0.221525192
v -0.172089159 0.0138440616 0.221525192
v -0.179986015 0.0138440626 0.224796206
v -0.179986015 0.0160249975 0.224796206
v -0.172089159 0.0160249993 0.221525192
v -0.172089159 0.0138440616 0.221525192
v -0.179986015 0.0160249975 0.224796206
v -0.179986015 0.0138440626 0.224796206
v -0.183257133 0.0138440579 0.232693166
v -0.183257133 0.0160249956 0.232693166
v -0.179986015 0.0160249975 0.224796206
v -0.179986015 0.0138440626 0.224796206
v -0.183257133 0.0160249956 0.232693166
v -0.183257133 0.0138440579 0.232693166
v -0.179986015 0.0138440598 0.240590036
v -0.179986015 0.0160249975 0.240590036
v -0.183257133 0.0160249956 0.232693166
v -0.183257133 0.0138440579 0.232693166
v -0.179986015 0.0160249975 0.240590036
v -0.179986015 0.0138440598 0.240590036
v -0.172088981 0.0138440588 0.243861109
v -0.172088981 0.0160249937 0.243861109
v -0.179986015 0.0160249975 0.240590036
v -0.179986015 0.0138440598 0.240590036
v -0.172088981 0.0160249937 0.243861109
v -0.172088981 0.0138440588 0.243861109
v -0.164192155 0.0138440598 0.240590036
v -0.164192155 0.0160249975 0.240590036
v -0.172088981 0.0160249937 0.243861109
v -0.172088981 0.0138440588 0.243861109
v -0.164192155 0.0160249975 0.240590036
v -0.164192155 0.0138440598 0.240590036
v -0.160921246 0.0138440579 0.23269318
v -0.160921246 0.0160249956 0.23269318
v -0.164192155 0.0160249975 0.240590036
v -0.164192155 0.0138440598 0.240590036
v -0.160921246 0.0160249956 0.23269318
v -0.164192155 0.0138440626 0.224796206
v -0.164192155 0.0160249975 0.224796206
v -0.160921246 0.0160249956 0.23269318
v -0.160921246 0.0138440579 0.23269318
v -0.164192155 0.0138440626 0.224796206
v -0.160921246 0.0160249956 0.23269318
v -0.229350537 0.0216953568 0.225945175
v -0.236098394 0.0228584576 0.224484816
v -0.230294436 0.0228584558 0.226888955
v -0.229350537 0.0216953568 0.225945175
v -0.236098647 0.0216953568 0.223150045
v -0.236098394 0.0228584576 0.224484816
v -0.236098647 0.0205321908 0.223150045
v -0.236098647 0.0216953568 0.223150045
v -0.229350537 0.0216953568 0.225945175
v -0.229350537 0.0205321908 0.225945175
v -0.236098647 0.0205321908 0.223150045
v -0.229350537 0.0216953568 0.225945175
v -0.236098647 0.019369036 0.224276617
v -0.236098647 0.0205321908 0.223150045
v -0.229350537 0.0205321908 0.225945175
v -0.230147213 0.0193690378 0.226741746
v -0.236098647 0.019369036 0.224276617
v -0.229350537 0.0205321908 0.225945175
v -0.236098647 0.0216953568 0.223150045
v -0.241902575 0.0228584558 0.226888984
v -0.236098394 0.0228584576 0.224484816
v -0.236098647 0.0216953568 0.223150045
v -0.242846459 0.0216953568 0.225945175
v -0.241902575 0.0228584558 0.226888984
v -0.242846459 0.0205321908 0.225945175
v -0.242846459 0.0216953568 0.225945175
v -0.236098647 0.0216953568 0.223150045
v -0.236098647 0.0205321908 0.223150045
v -0.242846459 0.0205321908 0.225945175
v -0.236098647 0.0216953568 0.223150045
v -0.242049813 0.0193690378 0.226741746
v -0.242846459 0.0205321908 0.225945175
v -0.236098647 0.0205321908 0.223150045
v -0.236098647 0.019369036 0.224276617
v -0.242049813 0.0193690378 0.226741746
v -0.236098647 0.0205321908 0.223150045
v -0.242846459 0.0216953568 0.225945175
v -0.244306624 0.0228584539 0.232693091
v -0.241902575 0.0228584558 0.226888984
v -0.242846459 0.0216953568 0.225945175
v -0.245641544 0.0216953568 0.232693106
v -0.244306624 0.0228584539 0.232693091
v -0.245641544 0.0205321908 0.232693106
v -0.245641544 0.0216953568 0.232693106
v -0.242846459 0.0216953568 0.225945175
v -0.242846459 0.0205321908 0.225945175
v -0.245641544 0.0205321908 0.232693106
v -0.242846459 0.0216953568 0.225945175
v -0.244514942 0.019369036 0.232693091
v -0.245641544 0.0205321908 0.232693106
v -0.242846459 0.0205321908 0.225945175
v -0.242049813 0.0193690378 0.226741746
v -0.244514942 0.019369036 0.232693091
v -0.242846459 0.0205321908 0.225945175
v -0.245641544 0.0216953568 0.232693106
v -0.241902575 0.0228584558 0.238497168
v -0.244306624 0.0228584539 0.232693091
v -0.245641544 0.0216953568 0.232693106
v -0.242846459 0.0216953531 0.239440978
v -0.241902575 0.0228584558 0.238497168
v -0.242846459 0.0205321908 0.239440978
v -0.242846459 0.0216953531 0.239440978
v -0.245641544 0.0216953568 0.232693106
v -0.245641544 0.0205321908 0.232693106
v -0.242846459 0.0205321908 0.239440978
v -0.245641544 0.0216953568 0.232693106
v -0.242049813 0.019369036 0.238644421
v -0.242846459 0.0205321908 0.239440978
v -0.245641544 0.0205321908 0.232693106
v -0.244514942 0.019369036 0.232693091
v -0.242049813 0.019369036 0.238644421
v -0.245641544 0.0205321908 0.232693106
v -0.236098394 0.0216953531 0.242236033
v -0.236098394 0.0228584539 0.240901262
v -0.241902575 0.0228584558 0.238497168
v -0.242846459 0.0216953531 0.239440978
v -0.236098394 0.0216953531 0.242236033
v -0.241902575 0.0228584558 0.238497168
v -0.236098394 0.0205321871 0.242236033
v -0.236098394 0.0216953531 0.242236033
v -0.242846459 0.0216953531 0.239440978
v -0.242846459 0.0205321908 0.239440978
v -0.236098394 0.0205321871 0.242236033
v -0.242846459 0.0216953531 0.239440978
v -0.242049813 0.019369036 0.238644421
v -0.236098394 0.0205321871 0.242236033
v -0.242846459 0.0205321908 0.239440978
v -0.242049813 0.019369036 0.238644421
v -0.236098394 0.019369036 0.241109505
v -0.236098394 0.0205321871 0.242236033
v -0.229350537 0.0216953531 0.239440978
v -0.230294436 0.0228584558 0.238497183
v -0.236098394 0.0228584539 0.240901262
v -0.236098394 0.0216953531 0.242236033
v -0.229350537 0.0216953531 0.239440978
v -0.236098394 0.0228584539 0.240901262
v -0.229350537 0.0205321908 0.239440978
v -0.229350537 0.0216953531 0.239440978
v -0.236098394 0.0216953531 0.242236033
v -0.236098394 0.0205321871 0.242236033
v -0.229350537 0.0205321908 0.239440978
v -0.236098394 0.0216953531 0.242236033
v -0.236098394 0.019369036 0.241109505
v -0.229350537 0.0205321908 0.239440978
v -0.236098394 0.0205321871 0.242236033
v -0.236098394 0.019369036 0.241109505
v -0.230147213 0.019369036 0.238644421
v -0.229350537 0.0205321908 0.239440978
v -0.226555482 0.0216953568 0.232693091
v -0.227890417 0.0228584539 0.232693031
v -0.230294436 0.0228584558 0.238497183
v -0.229350537 0.0216953531 0.239440978
v -0.226555482 0.0216953568 0.232693091
v -0.230294436 0.0228584558 0.238497183
v -0.226555482 0.0205321908 0.232693091
v -0.226555482 0.0216953568 0.232693091
v -0.229350537 0.0216953531 0.239440978
v -0.229350537 0.0205321908 0.239440978
v -0.226555482 0.0205321908 0.232693091
v -0.229350537 0.0216953531 0.239440978
v -0.230147213 0.019369036 0.238644421
v -0.226555482 0.0205321908 0.232693091
v -0.229350537 0.0205321908 0.239440978
v -0.230147213 0.019369036 0.238644421
v -0.227682024 0.019369036 0.232693091
v -0.226555482 0.0205321908 0.232693091
v -0.227890417 0.0228584539 0.232693031
v -0.229350537 0.0216953568 0.225945175
v -0.230294436 0.0228584558 0.226888955
v -0.227890417 0.0228584539 0.232693031
v -0.226555482 0.0216953568 0.232693091
v -0.229350537 0.0216953568 0.225945175
v -0.226555482 0.0205321908 0.232693091
v -0.229350537 0.0205321908 0.225945175
v -0.229350537 0.0216953568 0.225945175
v -0.226555482 0.0216953568 0.232693091
v -0.226555482 0.0205321908 0.232693091
v -0.229350537 0.0216953568 0.225945175
v -0.227682024 0.019369036 0.232693091
v -0.230147213 0.0193690378 0.226741746
v -0.229350537 0.0205321908 0.225945175
v -0.226555482 0.0205321908 0.232693091
v -0.227682024 0.019369036 0.232693091
v -0.229350537 0.0205321908 0.225945175
v -0.230147213 0.0173335224 0.226741731
v -0.230147213 0.0193690378 0.226741746
v -0.227682024 0.019369036 0.232693091
v -0.227682024 0.0173335243 0.232693091
v -0.230147213 0.0173335224 0.226741731
v -0.227682024 0.019369036 0.232693091
v -0.230147213 0.0173335224 0.238644347
v -0.227682024 0.0173335243 0.232693091
v -0.227682024 0.019369036 0.232693091
v -0.230147213 0.019369036 0.238644421
v -0.230147213 0.0173335224 0.238644347
v -0.227682024 0.019369036 0.232693091
v -0.236098394 0.0173335187 0.241109505
v -0.230147213 0.0173335224 0.238644347
v -0.230147213 0.019369036 0.238644421
v -0.236098394 0.019369036 0.241109505
v -0.236098394 0.0173335187 0.241109505
v -0.230147213 0.019369036 0.238644421
v -0.242049813 0.0173335224 0.238644421
v -0.236098394 0.0173335187 0.241109505
v -0.236098394 0.019369036 0.241109505
v -0.242049813 0.019369036 0.238644421
v -0.242049813 0.0173335224 0.238644421
v -0.236098394 0.019369036 0.241109505
v -0.244514942 0.0173335243 0.232693091
v -0.242049813 0.0173335224 0.238644421
v -0.242049813 0.019369036 0.238644421
v -0.244514942 0.019369036 0.232693091
v -0.244514942 0.0173335243 0.232693091
v -0.242049813 0.019369036 0.238644421
v -0.242049813 0.0173335224 0.226741731
v -0.244514942 0.0173335243 0.232693091
v -0.244514942 0.019369036 0.232693091
v -0.242049813 0.0193690378 0.226741746
v -0.242049813 0.0173335224 0.226741731
v -0.244514942 0.019369036 0.232693091
v -0.236098647 0.0173335224 0.224276617
v -0.242049813 0.0173335224 0.226741731
v -0.242049813 0.0193690378 0.226741746
v -0.236098647 0.019369036 0.224276617
v -0.236098647 0.0173335224 0.224276617
v -0.242049813 0.0193690378 0.226741746
v -0.230147213 0.0173335224 0.226741731
v -0.236098647 0.0173335224 0.224276617
v -0.236098647 0.019369036 0.224276617
v -0.230147213 0.0193690378 0.226741746
v -0.230147213 0.0173335224 0.226741731
v -0.236098647 0.019369036 0.224276617
v -0.228701442 0.0168690253 0.225296035
v -0.236098647 0.0168690234 0.222232193
v -0.236098647 0.0173335224 0.224276617
v -0.230147213 0.0173335224 0.226741731
v -0.228701442 0.0168690253 0.225296035
v -0.236098647 0.0173335224 0.224276617
v -0.236098647 0.0168690234 0.222232193
v -0.243495569 0.0168690253 0.225296035
v -0.242049813 0.0173335224 0.226741731
v -0.236098647 0.0173335224 0.224276617
v -0.236098647 0.0168690234 0.222232193
v -0.242049813 0.0173335224 0.226741731
v -0.243495569 0.0168690253 0.225296035
v -0.246559337 0.0168690234 0.232693106
v -0.244514942 0.0173335243 0.232693091
v -0.242049813 0.0173335224 0.226741731
v -0.243495569 0.0168690253 0.225296035
v -0.244514942 0.0173335243 0.232693091
v -0.246559337 0.0168690234 0.232693106
v -0.243495569 0.0168690216 0.240090072
v -0.242049813 0.0173335224 0.238644421
v -0.244514942 0.0173335243 0.232693091
v -0.246559337 0.0168690234 0.232693106
v -0.242049813 0.0173335224 0.238644421
v -0.242049813 0.0173335224 0.238644421
v -0.236098394 0.0168690234 0.243154049
v -0.236098394 0.0173335187 0.241109505
v -0.242049813 0.0173335224 0.238644421
v -0.243495569 0.0168690216 0.240090072
v -0.236098394 0.0168690234 0.243154049
v -0.236098394 0.0173335187 0.241109505
v -0.228701472 0.0168690216 0.240090013
v -0.230147213 0.0173335224 0.238644347
v -0.236098394 0.0173335187 0.241109505
v -0.236098394 0.0168690234 0.243154049
v -0.228701472 0.0168690216 0.240090013
v -0.230147213 0.0173335224 0.238644347
v -0.225637704 0.0168690234 0.232693106
v -0.227682024 0.0173335243 0.232693091
v -0.230147213 0.0173335224 0.238644347
v -0.228701472 0.0168690216 0.240090013
v -0.225637704 0.0168690234 0.232693106
v -0.228701442 0.0168690253 0.225296035
v -0.230147213 0.0173335224 0.226741731
v -0.227682024 0.0173335243 0.232693091
v -0.225637704 0.0168690234 0.232693106
v -0.228701442 0.0168690253 0.225296035
v -0.227682024 0.0173335243 0.232693091
v -0.228201553 0.0160249975 0.224796116
v -0.228701442 0.0168690253 0.225296035
v -0.225637704 0.0168690234 0.232693106
v -0.224930689 0.0160249956 0.232693106
v -0.228201553 0.0160249975 0.224796116
v -0.225637704 0.0168690234 0.232693106
v -0.228201568 0.0160249975 0.240589932
v -0.224930689 0.0160249956 0.232693106
v -0.225637704 0.0168690234 0.232693106
v -0.228701472 0.0168690216 0.240090013
v -0.228201568 0.0160249975 0.240589932
v -0.225637704 0.0168690234 0.232693106
v -0.236098394 0.0160249937 0.243861049
v -0.228201568 0.0160249975 0.240589932
v -0.228701472 0.0168690216 0.240090013
v -0.236098394 0.0168690234 0.243154049
v -0.236098394 0.0160249937 0.243861049
v -0.228701472 0.0168690216 0.240090013
v -0.243995473 0.0160249975 0.240589961
v -0.236098394 0.0160249937 0.243861049
v -0.236098394 0.0168690234 0.243154049
v -0.243495569 0.0168690216 0.240090072
v -0.243995473 0.0160249975 0.240589961
v -0.236098394 0.0168690234 0.243154049
v -0.246559337 0.0168690234 0.232693106
v -0.243995473 0.0160249975 0.240589961
v -0.243495569 0.0168690216 0.240090072
v -0.246559337 0.0168690234 0.232693106
v -0.247266591 0.0160249956 0.232693091
v -0.243995473 0.0160249975 0.240589961
v -0.243495569 0.0168690253 0.225296035
v -0.247266591 0.0160249956 0.232693091
v -0.246559337 0.0168690234 0.232693106
v -0.243495569 0.0168690253 0.225296035
v -0.243995473 0.0160249975 0.224796116
v -0.247266591 0.0160249956 0.232693091
v -0.236098647 0.0160249993 0.221525088
v -0.243995473 0.0160249975 0.224796116
v -0.243495569 0.0168690253 0.225296035
v -0.236098647 0.0168690234 0.222232193
v -0.236098647 0.0160249993 0.221525088
v -0.243495569 0.0168690253 0.225296035
v -0.228201553 0.0160249975 0.224796116
v -0.236098647 0.0160249993 0.221525088
v -0.236098647 0.0168690234 0.222232193
v -0.228701442 0.0168690253 0.225296035
v -0.228201553 0.0160249975 0.224796116
v -0.236098647 0.0168690234 0.222232193
v -0.228201553 0.0138440626 0.224796116
v -0.236098647 0.0138440616 0.221525088
v -0.236098647 0.0160249993 0.221525088
v -0.228201553 0.0160249975 0.224796116
v -0.228201553 0.0138440626 0.224796116
v -0.236098647 0.0160249993 0.221525088
v -0.236098647 0.0138440616 0.221525088
v -0.243995473 0.0138440626 0.224796116
v -0.243995473 0.0160249975 0.224796116
v -0.236098647 0.0160249993 0.221525088
v -0.236098647 0.0138440616 0.221525088
v -0.243995473 0.0160249975 0.224796116
v -0.243995473 0.0138440626 0.224796116
v -0.247266591 0.0138440579 0.232693091
v -0.247266591 0.0160249956 0.232693091
v -0.243995473 0.0160249975 0.224796116
v -0.243995473 0.0138440626 0.224796116
v -0.247266591 0.0160249956 0.232693091
v -0.247266591 0.0138440579 0.232693091
v -0.243995473 0.0138440598 0.240589961
v -0.243995473 0.0160249975 0.240589961
v -0.247266591 0.0160249956 0.232693091
v -0.247266591 0.0138440579 0.232693091
v -0.243995473 0.0160249975 0.240589961
v -0.243995473 0.0138440598 0.240589961
v -0.236098394 0.0138440588 0.243861049
v -0.236098394 0.0160249937 0.243861049
v -0.243995473 0.0160249975 0.240589961
v -0.243995473 0.0138440598 0.240589961
v -0.236098394 0.0160249937 0.243861049
v -0.236098394 0.0138440588 0.243861049
v -0.228201568 0.0138440598 0.240589932
v -0.228201568 0.0160249975 0.240589932
v -0.236098394 0.0160249937 0.243861049
v -0.236098394 0.0138440588 0.243861049
v -0.228201568 0.0160249975 0.240589932
v -0.228201568 0.0138440598 0.240589932
v -0.224930689 0.0138440579 0.232693106
v -0.224930689 0.0160249956 0.232693106
v -0.228201568 0.0160249975 0.240589932
v -0.228201568 0.0138440598 0.240589932
v -0.224930689 0.0160249956 0.232693106
v -0.228201553 0.0138440626 0.224796116
v -0.228201553 0.0160249975 0.224796116
v -0.224930689 0.0160249956 0.232693106
v -0.224930689 0.0138440579 0.232693106
v -0.228201553 0.0138440626 0.224796116
v -0.224930689 0.0160249956 0.232693106
v 0.254710943 0.0216952879 -0.0670156702
v 0.253767312 0.0228583887 -0.0660718083
v 0.256171435 0.0228583906 -0.0602678284
v 0.254710943 0.0216952879 -0.0670156702
v 0.256171435 0.0228583906 -0.0602678284
v 0.257506192 0.0216952898 -0.0602676235
v 0.257506192 0.0205321237 -0.0602676235
v 0.254710943 0.0216952879 -0.0670156702
v 0.257506192 0.0216952898 -0.0602676235
v 0.254710943 0.0205321237 -0.0670156702
v 0.254710943 0.0216952879 -0.0670156702
v 0.257506192 0.0205321237 -0.0602676235
v 0.256379724 0.0193689689 -0.0602676235
v 0.254710943 0.0205321237 -0.0670156702
v 0.257506192 0.0205321237 -0.0602676235
v 0.253914446 0.0193689708 -0.0662190244
v 0.254710943 0.0205321237 -0.0670156702
v 0.256379724 0.0193689689 -0.0602676235
v 0.257506192 0.0216952898 -0.0602676235
v 0.256171435 0.0228583906 -0.0602678284
v 0.253767312 0.022858385 -0.0544636473
v 0.257506192 0.0216952898 -0.0602676235
v 0.253767312 0.022858385 -0.0544636473
v 0.254710943 0.0216952879 -0.0535197854
v 0.254710943 0.0205321237 -0.0535197854
v 0.257506192 0.0216952898 -0.0602676235
v 0.254710943 0.0216952879 -0.0535197854
v 0.257506192 0.0205321237 -0.0602676235
v 0.257506192 0.0216952898 -0.0602676235
v 0.254710943 0.0205321237 -0.0535197854
v 0.253914446 0.019368967 -0.0543164536
v 0.257506192 0.0205321237 -0.0602676235
v 0.254710943 0.0205321237 -0.0535197854
v 0.256379724 0.0193689689 -0.0602676235
v 0.257506192 0.0205321237 -0.0602676235
v 0.253914446 0.019368967 -0.0543164536
v 0.254710943 0.0216952879 -0.0535197854
v 0.253767312 0.022858385 -0.0544636473
v 0.247963205 0.0228583869 -0.0520596392
v 0.254710943 0.0216952879 -0.0535197854
v 0.247963205 0.0228583869 -0.0520596392
v 0.247963205 0.0216952879 -0.0507247187
v 0.247963205 0.0205321237 -0.0507247187
v 0.254710943 0.0216952879 -0.0535197854
v 0.247963205 0.0216952879 -0.0507247187
v 0.254710943 0.0205321237 -0.0535197854
v 0.254710943 0.0216952879 -0.0535197854
v 0.247963205 0.0205321237 -0.0507247187
v 0.247963205 0.019368967 -0.0518512838
v 0.254710943 0.0205321237 -0.0535197854
v 0.247963205 0.0205321237 -0.0507247187
v 0.253914446 0.019368967 -0.0543164536
v 0.254710943 0.0205321237 -0.0535197854
v 0.247963205 0.019368967 -0.0518512838
v 0.247963205 0.0228583887 -0.0684758425
v 0.253767312 0.0228583887 -0.0660718083
v 0.254710943 0.0216952879 -0.0670156702
v 0.247963205 0.0228583887 -0.0684758425
v 0.254710943 0.0216952879 -0.0670156702
v 0.247963205 0.0216952879 -0.069810763
v 0.247963205 0.0205321275 -0.069810763
v 0.254710943 0.0216952879 -0.0670156702
v 0.254710943 0.0205321237 -0.0670156702
v 0.247963205 0.0216952879 -0.069810763
v 0.254710943 0.0216952879 -0.0670156702
v 0.247963205 0.0205321275 -0.069810763
v 0.247963205 0.0193689689 -0.068684198
v 0.254710943 0.0205321237 -0.0670156702
v 0.253914446 0.0193689708 -0.0662190244
v 0.247963205 0.0205321275 -0.069810763
v 0.254710943 0.0205321237 -0.0670156702
v 0.247963205 0.0193689689 -0.068684198
v 0.253914446 0.0173334572 -0.0662190244
v 0.247963205 0.0193689689 -0.068684198
v 0.253914446 0.0193689708 -0.0662190244
v 0.247963205 0.0173334572 -0.068684198
v 0.247963205 0.0193689689 -0.068684198
v 0.253914446 0.0173334572 -0.0662190244
v 0.253914446 0.0173334554 -0.0543164536
v 0.247963205 0.019368967 -0.0518512838
v 0.247963205 0.0173334554 -0.0518512838
v 0.253914446 0.019368967 -0.0543164536
v 0.247963205 0.019368967 -0.0518512838
v 0.253914446 0.0173334554 -0.0543164536
v 0.256379724 0.0173334554 -0.0602676235
v 0.253914446 0.019368967 -0.0543164536
v 0.253914446 0.0173334554 -0.0543164536
v 0.256379724 0.0193689689 -0.0602676235
v 0.253914446 0.019368967 -0.0543164536
v 0.256379724 0.0173334554 -0.0602676235
v 0.253914446 0.0173334572 -0.0662190244
v 0.256379724 0.0193689689 -0.0602676235
v 0.256379724 0.0173334554 -0.0602676235
v 0.253914446 0.0193689708 -0.0662190244
v 0.256379724 0.0193689689 -0.0602676235
v 0.253914446 0.0173334572 -0.0662190244
v 0.255360156 0.0168689564 -0.0676647723
v 0.256379724 0.0173334554 -0.0602676235
v 0.258423895 0.0168689564 -0.0602676235
v 0.253914446 0.0173334572 -0.0662190244
v 0.256379724 0.0173334554 -0.0602676235
v 0.255360156 0.0168689564 -0.0676647723
v 0.258423895 0.0168689564 -0.0602676235
v 0.253914446 0.0173334554 -0.0543164536
v 0.255360156 0.0168689545 -0.0528707094
v 0.256379724 0.0173334554 -0.0602676235
v 0.253914446 0.0173334554 -0.0543164536
v 0.258423895 0.0168689564 -0.0602676235
v 0.255360156 0.0168689545 -0.0528707094
v 0.247963205 0.0173334554 -0.0518512838
v 0.247963205 0.0168689527 -0.0498068891
v 0.253914446 0.0173334554 -0.0543164536
v 0.247963205 0.0173334554 -0.0518512838
v 0.255360156 0.0168689545 -0.0528707094
v 0.255360156 0.0168689564 -0.0676647723
v 0.247963205 0.0173334572 -0.068684198
v 0.253914446 0.0173334572 -0.0662190244
v 0.247963205 0.0168689545 -0.0707285926
v 0.247963205 0.0173334572 -0.068684198
v 0.255360156 0.0168689564 -0.0676647723
v 0.255860031 0.0160249304 -0.068164669
v 0.247963205 0.0168689545 -0.0707285926
v 0.255360156 0.0168689564 -0.0676647723
v 0.247963205 0.0160249304 -0.071435608
v 0.247963205 0.0168689545 -0.0707285926
v 0.255860031 0.0160249304 -0.068164669
v 0.255360156 0.0168689545 -0.0528707094
v 0.247963205 0.0168689527 -0.0498068891
v 0.247963205 0.0160249285 -0.0490997024
v 0.255360156 0.0168689545 -0.0528707094
v 0.247963205 0.0160249285 -0.0490997024
v 0.255860031 0.0160249304 -0.0523707904
v 0.259131044 0.0160249323 -0.0602676235
v 0.255360156 0.0168689545 -0.0528707094
v 0.255860031 0.0160249304 -0.0523707904
v 0.258423895 0.0168689564 -0.0602676235
v 0.255360156 0.0168689545 -0.0528707094
v 0.259131044 0.0160249323 -0.0602676235
v 0.255860031 0.0160249304 -0.068164669
v 0.258423895 0.0168689564 -0.0602676235
v 0.259131044 0.0160249323 -0.0602676235
v 0.255360156 0.0168689564 -0.0676647723
v 0.258423895 0.0168689564 -0.0602676235
v 0.255860031 0.0160249304 -0.068164669
v 0.255860031 0.0138439937 -0.0681646615
v 0.259131044 0.0160249323 -0.0602676235
v 0.259131044 0.0138439946 -0.0602676235
v 0.255860031 0.0160249304 -0.068164669
v 0.259131044 0.0160249323 -0.0602676235
v 0.255860031 0.0138439937 -0.0681646615
v 0.259131044 0.0138439946 -0.0602676235
v 0.255860031 0.0160249304 -0.0523707904
v 0.255860031 0.0138439899 -0.0523707904
v 0.259131044 0.0160249323 -0.0602676235
v 0.255860031 0.0160249304 -0.0523707904
v 0.259131044 0.0138439946 -0.0602676235
v 0.255860031 0.0138439899 -0.0523707904
v 0.247963205 0.0160249285 -0.0490997024
v 0.247963205 0.0138439909 -0.0490997024
v 0.255860031 0.0160249304 -0.0523707904
v 0.247963205 0.0160249285 -0.0490997024
v 0.255860031 0.0138439899 -0.0523707904
v 0.255860031 0.0138439937 -0.0681646615
v 0.247963205 0.0160249304 -0.071435608
v 0.255860031 0.0160249304 -0.068164669
v 0.247963205 0.0138439927 -0.0714356005
v 0.247963205 0.0160249304 -0.071435608
v 0.255860031 0.0138439937 -0.0681646615
v 0.093209438 0.0311678965 -0.0454545505
v 0.0922655761 0.0323309898 -0.0463983379
v 0.0864615738 0.0323309898 -0.0439942293
v 0.093209438 0.0311678965 -0.0454545505
v 0.0864615738 0.0323309898 -0.0439942293
v 0.086461395 0.0311678965 -0.0426594615
v 0.086461395 0.0300047286 -0.0426594615
v 0.093209438 0.0311678965 -0.0454545505
v 0.086461395 0.0311678965 -0.0426594615
v 0.093209438 0.0300047286 -0.0454545505
v 0.093209438 0.0311678965 -0.0454545505
v 0.086461395 0.0300047286 -0.0426594615
v 0.086461395 0.0288415886 -0.0437860005
v 0.093209438 0.0300047286 -0.0454545505
v 0.086461395 0.0300047286 -0.0426594615
v 0.0924127698 0.0288415868 -0.0462511703
v 0.093209438 0.0300047286 -0.0454545505
v 0.086461395 0.0288415886 -0.0437860005
v 0.086461395 0.0311678965 -0.0426594615
v 0.0864615738 0.0323309898 -0.0439942293
v 0.0806574151 0.0323309898 -0.0463983379
v 0.086461395 0.0311678965 -0.0426594615
v 0.0806574151 0.0323309898 -0.0463983379
v 0.0797135308 0.0311678965 -0.0454545505
v 0.0797135308 0.0300047286 -0.0454545505
v 0.086461395 0.0311678965 -0.0426594615
v 0.0797135308 0.0311678965 -0.0454545505
v 0.086461395 0.0300047286 -0.0426594615
v 0.086461395 0.0311678965 -0.0426594615
v 0.0797135308 0.0300047286 -0.0454545505
v 0.0805101991 0.0288415868 -0.0462511703
v 0.086461395 0.0300047286 -0.0426594615
v 0.0797135308 0.0300047286 -0.0454545505
v 0.086461395 0.0288415886 -0.0437860005
v 0.086461395 0.0300047286 -0.0426594615
v 0.0805101991 0.0288415868 -0.0462511703
v 0.0797135308 0.0311678965 -0.0454545505
v 0.0806574151 0.0323309898 -0.0463983379
v 0.0782533884 0.0323309861 -0.0522024408
v 0.0797135308 0.0311678965 -0.0454545505
v 0.0782533884 0.0323309861 -0.0522024408
v 0.0769184902 0.0311678946 -0.0522024632
v 0.0769184902 0.0300047267 -0.0522024632
v 0.0797135308 0.0311678965 -0.0454545505
v 0.0769184902 0.0311678946 -0.0522024632
v 0.0797135308 0.0300047286 -0.0454545505
v 0.0797135308 0.0311678965 -0.0454545505
v 0.0769184902 0.0300047267 -0.0522024632
v 0.0780450329 0.0288415868 -0.0522024408
v 0.0797135308 0.0300047286 -0.0454545505
v 0.0769184902 0.0300047267 -0.0522024632
v 0.0805101991 0.0288415868 -0.0462511703
v 0.0797135308 0.0300047286 -0.0454545505
v 0.0780450329 0.0288415868 -0.0522024408
v 0.0769184902 0.0311678946 -0.0522024632
v 0.0782533884 0.0323309861 -0.0522024408
v 0.0806574151 0.0323310122 -0.0580065437
v 0.0769184902 0.0311678946 -0.0522024632
v 0.0806574151 0.0323310122 -0.0580065437
v 0.0797135308 0.0311678927 -0.0589503795
v 0.0797135308 0.0300047249 -0.0589503795
v 0.0769184902 0.0311678946 -0.0522024632
v 0.0797135308 0.0311678927 -0.0589503795
v 0.0769184902 0.0300047267 -0.0522024632
v 0.0769184902 0.0311678946 -0.0522024632
v 0.0797135308 0.0300047249 -0.0589503795
v 0.0805101991 0.0288415849 -0.0581538156
v 0.0769184902 0.0300047267 -0.0522024632
v 0.0797135308 0.0300047249 -0.0589503795
v 0.0780450329 0.0288415868 -0.0522024408
v 0.0769184902 0.0300047267 -0.0522024632
v 0.0805101991 0.0288415849 -0.0581538156
v 0.0864615738 0.0311678927 -0.0617454499
v 0.0806574151 0.0323310122 -0.0580065437
v 0.0864615738 0.0323310122 -0.0604106784
v 0.0797135308 0.0311678927 -0.0589503795
v 0.0806574151 0.0323310122 -0.0580065437
v 0.0864615738 0.0311678927 -0.0617454499
v 0.0864615738 0.0300047249 -0.0617454499
v 0.0797135308 0.0311678927 -0.0589503795
v 0.0864615738 0.0311678927 -0.0617454499
v 0.0797135308 0.0300047249 -0.0589503795
v 0.0797135308 0.0311678927 -0.0589503795
v 0.0864615738 0.0300047249 -0.0617454499
v 0.0805101991 0.0288415849 -0.0581538156
v 0.0797135308 0.0300047249 -0.0589503795
v 0.0864615738 0.0300047249 -0.0617454499
v 0.0805101991 0.0288415849 -0.0581538156
v 0.0864615738 0.0300047249 -0.0617454499
v 0.0864615738 0.0288415849 -0.0606188849
v 0.093209438 0.0311678927 -0.0589503795
v 0.0864615738 0.0323310122 -0.0604106784
v 0.0922655761 0.0323310122 -0.058006566
v 0.0864615738 0.0311678927 -0.0617454499
v 0.0864615738 0.0323310122 -0.0604106784
v 0.093209438 0.0311678927 -0.0589503795
v 0.093209438 0.0300047249 -0.0589503795
v 0.0864615738 0.0311678927 -0.0617454499
v 0.093209438 0.0311678927 -0.0589503795
v 0.0864615738 0.0300047249 -0.0617454499
v 0.0864615738 0.0311678927 -0.0617454499
v 0.093209438 0.0300047249 -0.0589503795
v 0.0864615738 0.0288415849 -0.0606188849
v 0.0864615738 0.0300047249 -0.0617454499
v 0.093209438 0.0300047249 -0.0589503795
v 0.0864615738 0.0288415849 -0.0606188849
v 0.093209438 0.0300047249 -0.0589503795
v 0.0924127698 0.0288415849 -0.0581538156
v 0.0960045084 0.0311678946 -0.0522024632
v 0.0922655761 0.0323310122 -0.058006566
v 0.0946695805 0.0323309861 -0.0522024408
v 0.093209438 0.0311678927 -0.0589503795
v 0.0922655761 0.0323310122 -0.058006566
v 0.0960045084 0.0311678946 -0.0522024632
v 0.0960045084 0.0300047267 -0.0522024632
v 0.093209438 0.0311678927 -0.0589503795
v 0.0960045084 0.0311678946 -0.0522024632
v 0.093209438 0.0300047249 -0.0589503795
v 0.093209438 0.0311678927 -0.0589503795
v 0.0960045084 0.0300047267 -0.0522024632
v 0.0924127698 0.0288415849 -0.0581538156
v 0.093209438 0.0300047249 -0.0589503795
v 0.0960045084 0.0300047267 -0.0522024632
v 0.0924127698 0.0288415849 -0.0581538156
v 0.0960045084 0.0300047267 -0.0522024632
v 0.0948779434 0.0288415868 -0.0522024408
v 0.0946695805 0.0323309861 -0.0522024408
v 0.0922655761 0.0323309898 -0.0463983379
v 0.093209438 0.0311678965 -0.0454545505
v 0.0946695805 0.0323309861 -0.0522024408
v 0.093209438 0.0311678965 -0.0454545505
v 0.0960045084 0.0311678946 -0.0522024632
v 0.0960045084 0.0300047267 -0.0522024632
v 0.093209438 0.0311678965 -0.0454545505
v 0.093209438 0.0300047286 -0.0454545505
v 0.0960045084 0.0311678946 -0.0522024632
v 0.093209438 0.0311678965 -0.0454545505
v 0.0960045084 0.0300047267 -0.0522024632
v 0.0948779434 0.0288415868 -0.0522024408
v 0.093209438 0.0300047286 -0.0454545505
v 0.0924127698 0.0288415868 -0.0462511703
v 0.0960045084 0.0300047267 -0.0522024632
v 0.093209438 0.0300047286 -0.0454545505
v 0.0948779434 0.0288415868 -0.0522024408
v 0.0924127698 0.0268060565 -0.0462511703
v 0.0948779434 0.0288415868 -0.0522024408
v 0.0924127698 0.0288415868 -0.0462511703
v 0.0948779434 0.0268060546 -0.0522024408
v 0.0948779434 0.0288415868 -0.0522024408
v 0.0924127698 0.0268060565 -0.0462511703
v 0.0924127698 0.0268060528 -0.0581537895
v 0.0948779434 0.0288415868 -0.0522024408
v 0.0948779434 0.0268060546 -0.0522024408
v 0.0924127698 0.0288415849 -0.0581538156
v 0.0948779434 0.0288415868 -0.0522024408
v 0.0924127698 0.0268060528 -0.0581537895
v 0.0864615738 0.0268060528 -0.0606189072
v 0.0924127698 0.0288415849 -0.0581538156
v 0.0924127698 0.0268060528 -0.0581537895
v 0.0864615738 0.0288415849 -0.0606188849
v 0.0924127698 0.0288415849 -0.0581538156
v 0.0864615738 0.0268060528 -0.0606189072
v 0.0805101991 0.0268060528 -0.0581538156
v 0.0864615738 0.0288415849 -0.0606188849
v 0.0864615738 0.0268060528 -0.0606189072
v 0.0805101991 0.0288415849 -0.0581538156
v 0.0864615738 0.0288415849 -0.0606188849
v 0.0805101991 0.0268060528 -0.0581538156
v 0.0780450329 0.0268060546 -0.0522024408
v 0.0805101991 0.0288415849 -0.0581538156
v 0.0805101991 0.0268060528 -0.0581538156
v 0.0780450329 0.0288415868 -0.0522024408
v 0.0805101991 0.0288415849 -0.0581538156
v 0.0780450329 0.0268060546 -0.0522024408
v 0.0805101991 0.0268060565 -0.0462511703
v 0.0780450329 0.0288415868 -0.0522024408
v 0.0780450329 0.0268060546 -0.0522024408
v 0.0805101991 0.0288415868 -0.0462511703
v 0.0780450329 0.0288415868 -0.0522024408
v 0.0805101991 0.0268060565 -0.0462511703
v 0.086461395 0.0268060565 -0.0437860005
v 0.0805101991 0.0288415868 -0.0462511703
v 0.0805101991 0.0268060565 -0.0462511703
v 0.086461395 0.0288415886 -0.0437860005
v 0.0805101991 0.0288415868 -0.0462511703
v 0.086461395 0.0268060565 -0.0437860005
v 0.0924127698 0.0268060565 -0.0462511703
v 0.086461395 0.0288415886 -0.0437860005
v 0.086461395 0.0268060565 -0.0437860005
v 0.0924127698 0.0288415868 -0.0462511703
v 0.086461395 0.0288415886 -0.0437860005
v 0.0924127698 0.0268060565 -0.0462511703
v 0.0938585177 0.0263415687 -0.0448054783
v 0.086461395 0.0268060565 -0.0437860005
v 0.086461395 0.0263415687 -0.0417415798
v 0.0924127698 0.0268060565 -0.0462511703
v 0.086461395 0.0268060565 -0.0437860005
v 0.0938585177 0.0263415687 -0.0448054783
v 0.086461395 0.0263415687 -0.0417415798
v 0.0805101991 0.0268060565 -0.0462511703
v 0.0790644586 0.0263415687 -0.0448054783
v 0.086461395 0.0268060565 -0.0437860005
v 0.0805101991 0.0268060565 -0.0462511703
v 0.086461395 0.0263415687 -0.0417415798
v 0.0790644586 0.0263415687 -0.0448054783
v 0.0780450329 0.0268060546 -0.0522024408
v 0.0760006383 0.0263415668 -0.0522024632
v 0.0805101991 0.0268060565 -0.0462511703
v 0.0780450329 0.0268060546 -0.0522024408
v 0.0790644586 0.0263415687 -0.0448054783
v 0.0760006383 0.0263415668 -0.0522024632
v 0.0805101991 0.0268060528 -0.0581538156
v 0.0790644586 0.026341565 -0.0595995076
v 0.0780450329 0.0268060546 -0.0522024408
v 0.0805101991 0.0268060528 -0.0581538156
v 0.0760006383 0.0263415668 -0.0522024632
v 0.0805101991 0.0268060528 -0.0581538156
v 0.0864615738 0.0268060528 -0.0606189072
v 0.0864615738 0.0263415631 -0.0626634061
v 0.0805101991 0.0268060528 -0.0581538156
v 0.0864615738 0.0263415631 -0.0626634061
v 0.0790644586 0.026341565 -0.0595995076
v 0.0864615738 0.0268060528 -0.0606189072
v 0.0924127698 0.0268060528 -0.0581537895
v 0.0938585177 0.026341565 -0.0595994592
v 0.0864615738 0.0268060528 -0.0606189072
v 0.0938585177 0.026341565 -0.0595994592
v 0.0864615738 0.0263415631 -0.0626634061
v 0.0924127698 0.0268060528 -0.0581537895
v 0.0948779434 0.0268060546 -0.0522024408
v 0.096922338 0.0263415668 -0.0522024632
v 0.0924127698 0.0268060528 -0.0581537895
v 0.096922338 0.0263415668 -0.0522024632
v 0.0938585177 0.026341565 -0.0595994592
v 0.0938585177 0.0263415687 -0.0448054783
v 0.0948779434 0.0268060546 -0.0522024408
v 0.0924127698 0.0268060565 -0.0462511703
v 0.096922338 0.0263415668 -0.0522024632
v 0.0948779434 0.0268060546 -0.0522024408
v 0.0938585177 0.0263415687 -0.0448054783
v 0.0943584368 0.0254975241 -0.0443055555
v 0.096922338 0.0263415668 -0.0522024632
v 0.0938585177 0.0263415687 -0.0448054783
v 0.097629346 0.0254975501 -0.0522024632
v 0.096922338 0.0263415668 -0.0522024632
v 0.0943584368 0.0254975241 -0.0443055555
v 0.0943584368 0.0254975483 -0.0600993782
v 0.096922338 0.0263415668 -0.0522024632
v 0.097629346 0.0254975501 -0.0522024632
v 0.0938585177 0.026341565 -0.0595994592
v 0.096922338 0.0263415668 -0.0522024632
v 0.0943584368 0.0254975483 -0.0600993782
v 0.0864615738 0.0254975464 -0.0633704439
v 0.0938585177 0.026341565 -0.0595994592
v 0.0943584368 0.0254975483 -0.0600993782
v 0.0864615738 0.0263415631 -0.0626634061
v 0.0938585177 0.026341565 -0.0595994592
v 0.0864615738 0.0254975464 -0.0633704439
v 0.0785645619 0.0254975483 -0.0600994043
v 0.0864615738 0.0263415631 -0.0626634061
v 0.0864615738 0.0254975464 -0.0633704439
v 0.0790644586 0.026341565 -0.0595995076
v 0.0864615738 0.0263415631 -0.0626634061
v 0.0785645619 0.0254975483 -0.0600994043
v 0.0760006383 0.0263415668 -0.0522024632
v 0.0790644586 0.026341565 -0.0595995076
v 0.0785645619 0.0254975483 -0.0600994043
v 0.0760006383 0.0263415668 -0.0522024632
v 0.0785645619 0.0254975483 -0.0600994043
v 0.0752934441 0.0254975501 -0.0522024408
v 0.0790644586 0.0263415687 -0.0448054783
v 0.0760006383 0.0263415668 -0.0522024632
v 0.0752934441 0.0254975501 -0.0522024408
v 0.0790644586 0.0263415687 -0.0448054783
v 0.0752934441 0.0254975501 -0.0522024408
v 0.0785645619 0.0254975241 -0.0443055555
v 0.086461395 0.0254975259 -0.0410344936
v 0.0790644586 0.0263415687 -0.0448054783
v 0.0785645619 0.0254975241 -0.0443055555
v 0.086461395 0.0263415687 -0.0417415798
v 0.0790644586 0.0263415687 -0.0448054783
v 0.086461395 0.0254975259 -0.0410344936
v 0.0943584368 0.0254975241 -0.0443055555
v 0.086461395 0.0263415687 -0.0417415798
v 0.086461395 0.0254975259 -0.0410344936
v 0.0938585177 0.0263415687 -0.0448054783
v 0.086461395 0.0263415687 -0.0417415798
v 0.0943584368 0.0254975241 -0.0443055555
v 0.0943584368 0.0233165994 -0.0443055518
v 0.086461395 0.0254975259 -0.0410344936
v 0.086461395 0.0233166013 -0.0410344899
v 0.0943584368 0.0254975241 -0.0443055555
v 0.086461395 0.0254975259 -0.0410344936
v 0.0943584368 0.0233165994 -0.0443055518
v 0.086461395 0.0233166013 -0.0410344899
v 0.0785645619 0.0254975241 -0.0443055555
v 0.0785645619 0.0233165994 -0.0443055518
v 0.086461395 0.0254975259 -0.0410344936
v 0.0785645619 0.0254975241 -0.0443055555
v 0.086461395 0.0233166013 -0.0410344899
v 0.0785645619 0.0233165994 -0.0443055518
v 0.0752934441 0.0254975501 -0.0522024408
v 0.0752934441 0.0233166013 -0.0522024371
v 0.0785645619 0.0254975241 -0.0443055555
v 0.0752934441 0.0254975501 -0.0522024408
v 0.0785645619 0.0233165994 -0.0443055518
v 0.0752934441 0.0233166013 -0.0522024371
v 0.0785645619 0.0254975483 -0.0600994043
v 0.0785645619 0.0233166013 -0.0600994006
v 0.0752934441 0.0254975501 -0.0522024408
v 0.0785645619 0.0254975483 -0.0600994043
v 0.0752934441 0.0233166013 -0.0522024371
v 0.0785645619 0.0233166013 -0.0600994006
v 0.0864615738 0.0254975464 -0.0633704439
v 0.0864615738 0.0233165994 -0.0633704439
v 0.0785645619 0.0254975483 -0.0600994043
v 0.0864615738 0.0254975464 -0.0633704439
v 0.0785645619 0.0233166013 -0.0600994006
v 0.0864615738 0.0233165994 -0.0633704439
v 0.0943584368 0.0254975483 -0.0600993782
v 0.0943584368 0.0233166013 -0.0600993745
v 0.0864615738 0.0254975464 -0.0633704439
v 0.0943584368 0.0254975483 -0.0600993782
v 0.0864615738 0.0233165994 -0.0633704439
v 0.0943584368 0.0233166013 -0.0600993745
v 0.097629346 0.0254975501 -0.0522024632
v 0.097629346 0.0233166013 -0.0522024594
v 0.0943584368 0.0254975483 -0.0600993782
v 0.097629346 0.0254975501 -0.0522024632
v 0.0943584368 0.0233166013 -0.0600993745
v 0.0943584368 0.0233165994 -0.0443055518
v 0.097629346 0.0254975501 -0.0522024632
v 0.0943584368 0.0254975241 -0.0443055555
v 0.097629346 0.0233166013 -0.0522024594
v 0.097629346 0.0254975501 -0.0522024632
v 0.0943584368 0.0233165994 -0.0443055518
v 0.0380383283 0.0311678853 0.00971482694
v 0.0370944664 0.032331001 0.00877102371
v 0.0312904604 0.032331001 0.011175151
v 0.0380383283 0.0311678853 0.00971482694
v 0.0312904604 0.032331001 0.011175151
v 0.0312902853 0.0311678853 0.0125099085
v 0.0312902853 0.0300047416 0.0125099085
v 0.0380383283 0.0311678853 0.00971482694
v 0.0312902853 0.0311678853 0.0125099085
v 0.0380383283 0.0300047416 0.00971482694
v 0.0380383283 0.0311678853 0.00971482694
v 0.0312902853 0.0300047416 0.0125099085
v 0.0312902853 0.0288415737 0.0113833845
v 0.0380383283 0.0300047416 0.00971482694
v 0.0312902853 0.0300047416 0.0125099085
v 0.0372416563 0.0288415737 0.00891821552
v 0.0380383283 0.0300047416 0.00971482694
v 0.0312902853 0.0288415737 0.0113833845
v 0.0312902853 0.0311678853 0.0125099085
v 0.0312904604 0.032331001 0.011175151
v 0.0254863072 0.032331001 0.00877102185
v 0.0312902853 0.0311678853 0.0125099085
v 0.0254863072 0.032331001 0.00877102185
v 0.0245424248 0.0311678853 0.00971482694
v 0.0245424248 0.0300047416 0.00971482694
v 0.0312902853 0.0311678853 0.0125099085
v 0.0245424248 0.0311678853 0.00971482694
v 0.0312902853 0.0300047416 0.0125099085
v 0.0312902853 0.0311678853 0.0125099085
v 0.0245424248 0.0300047416 0.00971482694
v 0.0253390893 0.0288415737 0.00891820993
v 0.0312902853 0.0300047416 0.0125099085
v 0.0245424248 0.0300047416 0.00971482694
v 0.0312902853 0.0288415737 0.0113833845
v 0.0312902853 0.0300047416 0.0125099085
v 0.0253390893 0.0288415737 0.00891820993
v 0.0245424248 0.0311678853 0.00971482694
v 0.0254863072 0.032331001 0.00877102185
v 0.0230822656 0.032331001 0.00296693319
v 0.0245424248 0.0311678853 0.00971482694
v 0.0230822656 0.032331001 0.00296693319
v 0.0217473693 0.0311679076 0.00296690059
v 0.0217473693 0.0300047398 0.00296690082
v 0.0245424248 0.0311678853 0.00971482694
v 0.0217473693 0.0311679076 0.00296690059
v 0.0245424248 0.0300047416 0.00971482694
v 0.0245424248 0.0311678853 0.00971482694
v 0.0217473693 0.0300047398 0.00296690082
v 0.0228739213 0.0288415719 0.00296693388
v 0.0245424248 0.0300047416 0.00971482694
v 0.0217473693 0.0300047398 0.00296690082
v 0.0253390893 0.0288415737 0.00891820993
v 0.0245424248 0.0300047416 0.00971482694
v 0.0228739213 0.0288415719 0.00296693388
v 0.0217473693 0.0311679076 0.00296690059
v 0.0230822656 0.032331001 0.00296693319
v 0.0254863072 0.0323309973 -0.00283717504
v 0.0217473693 0.0311679076 0.00296690059
v 0.0254863072 0.0323309973 -0.00283717504
v 0.0245424267 0.0311679058 -0.00378100574
v 0.0245424267 0.0300047379 -0.00378100551
v 0.0217473693 0.0311679076 0.00296690059
v 0.0245424267 0.0311679058 -0.00378100574
v 0.0217473693 0.0300047398 0.00296690082
v 0.0217473693 0.0311679076 0.00296690059
v 0.0245424267 0.0300047379 -0.00378100551
v 0.0253390893 0.02884157 -0.00298444345
v 0.0217473693 0.0300047398 0.00296690082
v 0.0245424267 0.0300047379 -0.00378100551
v 0.0228739213 0.0288415719 0.00296693388
v 0.0217473693 0.0300047398 0.00296690082
v 0.0253390893 0.02884157 -0.00298444345
v 0.0312904604 0.0311679058 -0.00657608313
v 0.0254863072 0.0323309973 -0.00283717504
v 0.0312904604 0.0323309973 -0.00524130324
v 0.0245424267 0.0311679058 -0.00378100574
v 0.0254863072 0.0323309973 -0.00283717504
v 0.0312904604 0.0311679058 -0.00657608313
v 0.0312904604 0.0300047379 -0.00657608267
v 0.0245424267 0.0311679058 -0.00378100574
v 0.0312904604 0.0311679058 -0.00657608313
v 0.0245424267 0.0300047379 -0.00378100551
v 0.0245424267 0.0311679058 -0.00378100574
v 0.0312904604 0.0300047379 -0.00657608267
v 0.0253390893 0.02884157 -0.00298444345
v 0.0245424267 0.0300047379 -0.00378100551
v 0.0312904604 0.0300047379 -0.00657608267
v 0.0253390893 0.02884157 -0.00298444345
v 0.0312904604 0.0300047379 -0.00657608267
v 0.0312904604 0.02884157 -0.00544952089
v 0.0380383283 0.0311679058 -0.00378100318
v 0.0312904604 0.0323309973 -0.00524130324
v 0.0370944664 0.0323309973 -0.00283719017
v 0.0312904604 0.0311679058 -0.00657608313
v 0.0312904604 0.0323309973 -0.00524130324
v 0.0380383283 0.0311679058 -0.00378100318
v 0.0380383283 0.0300047379 -0.00378100295
v 0.0312904604 0.0311679058 -0.00657608313
v 0.0380383283 0.0311679058 -0.00378100318
v 0.0312904604 0.0300047379 -0.00657608267
v 0.0312904604 0.0311679058 -0.00657608313
v 0.0380383283 0.0300047379 -0.00378100295
v 0.0312904604 0.02884157 -0.00544952089
v 0.0312904604 0.0300047379 -0.00657608267
v 0.0380383283 0.0300047379 -0.00378100295
v 0.0312904604 0.02884157 -0.00544952089
v 0.0380383283 0.0300047379 -0.00378100295
v 0.0372416563 0.02884157 -0.00298444345
v 0.040833395 0.0311679076 0.00296690292
v 0.0370944664 0.0323309973 -0.00283719017
v 0.0394984968 0.032331001 0.00296693575
v 0.0380383283 0.0311679058 -0.00378100318
v 0.0370944664 0.0323309973 -0.00283719017
v 0.040833395 0.0311679076 0.00296690292
v 0.040833395 0.0300047398 0.00296690315
v 0.0380383283 0.0311679058 -0.00378100318
v 0.040833395 0.0311679076 0.00296690292
v 0.0380383283 0.0300047379 -0.00378100295
v 0.0380383283 0.0311679058 -0.00378100318
v 0.040833395 0.0300047398 0.00296690315
v 0.0372416563 0.02884157 -0.00298444345
v 0.0380383283 0.0300047379 -0.00378100295
v 0.040833395 0.0300047398 0.00296690315
v 0.0372416563 0.02884157 -0.00298444345
v 0.040833395 0.0300047398 0.00296690315
v 0.0397068299 0.0288415719 0.00296693644
v 0.0394984968 0.032331001 0.00296693575
v 0.0370944664 0.032331001 0.00877102371
v 0.0380383283 0.0311678853 0.00971482694
v 0.0394984968 0.032331001 0.00296693575
v 0.0380383283 0.0311678853 0.00971482694
v 0.040833395 0.0311679076 0.00296690292
v 0.040833395 0.0300047398 0.00296690315
v 0.0380383283 0.0311678853 0.00971482694
v 0.0380383283 0.0300047416 0.00971482694
v 0.040833395 0.0311679076 0.00296690292
v 0.0380383283 0.0311678853 0.00971482694
v 0.040833395 0.0300047398 0.00296690315
v 0.0397068299 0.0288415719 0.00296693644
v 0.0380383283 0.0300047416 0.00971482694
v 0.0372416563 0.0288415737 0.00891821552
v 0.040833395 0.0300047398 0.00296690315
v 0.0380383283 0.0300047416 0.00971482694
v 0.0397068299 0.0288415719 0.00296693644
v 0.0372416563 0.0268060695 0.00891821273
v 0.0397068299 0.0288415719 0.00296693644
v 0.0372416563 0.0288415737 0.00891821552
v 0.0397068299 0.0268060677 0.00296693714
v 0.0397068299 0.0288415719 0.00296693644
v 0.0372416563 0.0268060695 0.00891821273
v 0.0372416563 0.0268060658 -0.00298441481
v 0.0397068299 0.0288415719 0.00296693644
v 0.0397068299 0.0268060677 0.00296693714
v 0.0372416563 0.02884157 -0.00298444345
v 0.0397068299 0.0288415719 0.00296693644
v 0.0372416563 0.0268060658 -0.00298441481
v 0.0312904604 0.0268060658 -0.00544952042
v 0.0372416563 0.02884157 -0.00298444345
v 0.0372416563 0.0268060658 -0.00298441481
v 0.0312904604 0.02884157 -0.00544952089
v 0.0372416563 0.02884157 -0.00298444345
v 0.0312904604 0.0268060658 -0.00544952042
v 0.0253390893 0.0268060658 -0.00298444275
v 0.0312904604 0.02884157 -0.00544952089
v 0.0312904604 0.0268060658 -0.00544952042
v 0.0253390893 0.02884157 -0.00298444345
v 0.0312904604 0.02884157 -0.00544952089
v 0.0253390893 0.0268060658 -0.00298444275
v 0.0228739213 0.0268060677 0.00296693458
v 0.0253390893 0.02884157 -0.00298444345
v 0.0253390893 0.0268060658 -0.00298444275
v 0.0228739213 0.0288415719 0.00296693388
v 0.0253390893 0.02884157 -0.00298444345
v 0.0228739213 0.0268060677 0.00296693458
v 0.0253390893 0.0268060695 0.00891820993
v 0.0228739213 0.0288415719 0.00296693388
v 0.0228739213 0.0268060677 0.00296693458
v 0.0253390893 0.0288415737 0.00891820993
v 0.0228739213 0.0288415719 0.00296693388
v 0.0253390893 0.0268060695 0.00891820993
v 0.0312902853 0.0268060695 0.0113833817
v 0.0253390893 0.0288415737 0.00891820993
v 0.0253390893 0.0268060695 0.00891820993
v 0.0312902853 0.0288415737 0.0113833845
v 0.0253390893 0.0288415737 0.00891820993
v 0.0312902853 0.0268060695 0.0113833817
v 0.0372416563 0.0268060695 0.00891821273
v 0.0312902853 0.0288415737 0.0113833845
v 0.0312902853 0.0268060695 0.0113833817
v 0.0372416563 0.0288415737 0.00891821552
v 0.0312902853 0.0288415737 0.0113833845
v 0.0372416563 0.0268060695 0.00891821273
v 0.0386874005 0.0263415538 0.010363902
v 0.0312902853 0.0268060695 0.0113833817
v 0.0312902853 0.0263415538 0.0134277847
v 0.0372416563 0.0268060695 0.00891821273
v 0.0312902853 0.0268060695 0.0113833817
v 0.0386874005 0.0263415538 0.010363902
v 0.0312902853 0.0263415538 0.0134277847
v 0.0253390893 0.0268060695 0.00891820993
v 0.0238933433 0.0263415538 0.0103638992
v 0.0312902853 0.0268060695 0.0113833817
v 0.0253390893 0.0268060695 0.00891820993
v 0.0312902853 0.0263415538 0.0134277847
v 0.0238933433 0.0263415538 0.0103638992
v 0.0228739213 0.0268060677 0.00296693458
v 0.0208295323 0.0263415519 0.00296689896
v 0.0253390893 0.0268060695 0.00891820993
v 0.0228739213 0.0268060677 0.00296693458
v 0.0238933433 0.0263415538 0.0103638992
v 0.0208295323 0.0263415519 0.00296689896
v 0.0253390893 0.0268060658 -0.00298444275
v 0.0238933433 0.026341578 -0.00443012128
v 0.0228739213 0.0268060677 0.00296693458
v 0.0253390893 0.0268060658 -0.00298444275
v 0.0208295323 0.0263415519 0.00296689896
v 0.0253390893 0.0268060658 -0.00298444275
v 0.0312904604 0.0268060658 -0.00544952042
v 0.0312904604 0.0263415761 -0.00749403425
v 0.0253390893 0.0268060658 -0.00298444275
v 0.0312904604 0.0263415761 -0.00749403425
v 0.0238933433 0.026341578 -0.00443012128
v 0.0312904604 0.0268060658 -0.00544952042
v 0.0372416563 0.0268060658 -0.00298441481
v 0.0386874005 0.026341578 -0.00443007052
v 0.0312904604 0.0268060658 -0.00544952042
v 0.0386874005 0.026341578 -0.00443007052
v 0.0312904604 0.0263415761 -0.00749403425
v 0.0372416563 0.0268060658 -0.00298441481
v 0.0397068299 0.0268060677 0.00296693714
v 0.0417512245 0.0263415519 0.00296690408
v 0.0372416563 0.0268060658 -0.00298441481
v 0.0417512245 0.0263415519 0.00296690408
v 0.0386874005 0.026341578 -0.00443007052
v 0.0386874005 0.0263415538 0.010363902
v 0.0397068299 0.0268060677 0.00296693714
v 0.0372416563 0.0268060695 0.00891821273
v 0.0417512245 0.0263415519 0.00296690408
v 0.0397068299 0.0268060677 0.00296693714
v 0.0386874005 0.0263415538 0.010363902
v 0.0391873233 0.0254975371 0.0108638322
v 0.0417512245 0.0263415519 0.00296690408
v 0.0386874005 0.0263415538 0.010363902
v 0.0424582325 0.0254975352 0.00296690199
v 0.0417512245 0.0263415519 0.00296690408
v 0.0391873233 0.0254975371 0.0108638322
v 0.0391873233 0.0254975334 -0.00493000122
v 0.0417512245 0.0263415519 0.00296690408
v 0.0424582325 0.0254975352 0.00296690199
v 0.0386874005 0.026341578 -0.00443007052
v 0.0417512245 0.0263415519 0.00296690408
v 0.0391873233 0.0254975334 -0.00493000122
v 0.0312904604 0.0254975334 -0.00820105895
v 0.0386874005 0.026341578 -0.00443007052
v 0.0391873233 0.0254975334 -0.00493000122
v 0.0312904604 0.0263415761 -0.00749403425
v 0.0386874005 0.026341578 -0.00443007052
v 0.0312904604 0.0254975334 -0.00820105895
v 0.0233934373 0.0254975334 -0.00493001891
v 0.0312904604 0.0263415761 -0.00749403425
v 0.0312904604 0.0254975334 -0.00820105895
v 0.0238933433 0.026341578 -0.00443012128
v 0.0312904604 0.0263415761 -0.00749403425
v 0.0233934373 0.0254975334 -0.00493001891
v 0.0208295323 0.0263415519 0.00296689896
v 0.0238933433 0.026341578 -0.00443012128
v 0.0233934373 0.0254975334 -0.00493001891
v 0.0208295323 0.0263415519 0.00296689896
v 0.0233934373 0.0254975334 -0.00493001891
v 0.0201223418 0.0254975352 0.00296693225
v 0.0238933433 0.0263415538 0.0103638992
v 0.0208295323 0.0263415519 0.00296689896
v 0.0201223418 0.0254975352 0.00296693225
v 0.0238933433 0.0263415538 0.0103638992
v 0.0201223418 0.0254975352 0.00296693225
v 0.0233934354 0.0254975371 0.0108638294
v 0.0312902853 0.025497539 0.0141348876
v 0.0238933433 0.0263415538 0.0103638992
v 0.0233934354 0.0254975371 0.0108638294
v 0.0312902853 0.0263415538 0.0134277847
v 0.0238933433 0.0263415538 0.0103638992
v 0.0312902853 0.025497539 0.0141348876
v 0.0391873233 0.0254975371 0.0108638322
v 0.0312902853 0.0263415538 0.0134277847
v 0.0312902853 0.025497539 0.0141348876
v 0.0386874005 0.0263415538 0.010363902
v 0.0312902853 0.0263415538 0.0134277847
v 0.0391873233 0.0254975371 0.0108638322
v 0.0391873233 0.0233166032 0.0108638303
v 0.0312902853 0.025497539 0.0141348876
v 0.0312902853 0.0233166013 0.0141348857
v 0.0391873233 0.0254975371 0.0108638322
v 0.0312902853 0.025497539 0.0141348876
v 0.0391873233 0.0233166032 0.0108638303
v 0.0312902853 0.0233166013 0.0141348857
v 0.0233934354 0.0254975371 0.0108638294
v 0.0233934354 0.0233166032 0.0108638285
v 0.0312902853 0.025497539 0.0141348876
v 0.0233934354 0.0254975371 0.0108638294
v 0.0312902853 0.0233166013 0.0141348857
v 0.0233934354 0.0233166032 0.0108638285
v 0.0201223418 0.0254975352 0.00296693225
v 0.0201223418 0.0233166013 0.00296693016
v 0.0233934354 0.0254975371 0.0108638294
v 0.0201223418 0.0254975352 0.00296693225
v 0.0233934354 0.0233166032 0.0108638285
v 0.0201223418 0.0233166013 0.00296693016
v 0.0233934373 0.0254975334 -0.00493001891
v 0.0233934373 0.023316605 -0.00493002124
v 0.0201223418 0.0254975352 0.00296693225
v 0.0233934373 0.0254975334 -0.00493001891
v 0.0201223418 0.0233166013 0.00296693016
v 0.0233934373 0.023316605 -0.00493002124
v 0.0312904604 0.0254975334 -0.00820105895
v 0.0312904604 0.023316605 -0.00820106082
v 0.0233934373 0.0254975334 -0.00493001891
v 0.0312904604 0.0254975334 -0.00820105895
v 0.0233934373 0.023316605 -0.00493002124
v 0.0312904604 0.023316605 -0.00820106082
v 0.0391873233 0.0254975334 -0.00493000122
v 0.0391873233 0.023316605 -0.00493000075
v 0.0312904604 0.0254975334 -0.00820105895
v 0.0391873233 0.0254975334 -0.00493000122
v 0.0312904604 0.023316605 -0.00820106082
v 0.0391873233 0.023316605 -0.00493000075
v 0.0424582325 0.0254975352 0.00296690199
v 0.0424582325 0.0233166013 0.00296690245
v 0.0391873233 0.0254975334 -0.00493000122
v 0.0424582325 0.0254975352 0.00296690199
v 0.0391873233 0.023316605 -0.00493000075
v 0.0391873233 0.0233166032 0.0108638303
v 0.0424582325 0.0254975352 0.00296690199
v 0.0391873233 0.0254975371 0.0108638322
v 0.0424582325 0.0233166013 0.00296690245
v 0.0424582325 0.0254975352 0.00296690199
v 0.0391873233 0.0233166032 0.0108638303
v 0.0932094157 0.0311679095 0.00976525806
v 0.0922655538 0.032331001 0.00882145297
v 0.0864615738 0.032331001 0.0112255802
v 0.0932094157 0.0311679095 0.00976525806
v 0.0864615738 0.032331001 0.0112255802
v 0.0864613727 0.0311679095 0.0125603378
v 0.0864613727 0.0300047416 0.0125603378
v 0.0932094157 0.0311679095 0.00976525806
v 0.0864613727 0.0311679095 0.0125603378
v 0.0932094157 0.0300047416 0.00976525806
v 0.0932094157 0.0311679095 0.00976525806
v 0.0864613727 0.0300047416 0.0125603378
v 0.0864613727 0.0288416017 0.0114338137
v 0.0932094157 0.0300047416 0.00976525806
v 0.0864613727 0.0300047416 0.0125603378
v 0.0924127698 0.0288415998 0.00896864198
v 0.0932094157 0.0300047416 0.00976525806
v 0.0864613727 0.0288416017 0.0114338137
v 0.0864613727 0.0311679095 0.0125603378
v 0.0864615738 0.032331001 0.0112255802
v 0.0806573927 0.032331001 0.00882145297
v 0.0864613727 0.0311679095 0.0125603378
v 0.0806573927 0.032331001 0.00882145297
v 0.0797135308 0.0311679095 0.0097652562
v 0.0797135308 0.0300047416 0.0097652562
v 0.0864613727 0.0311679095 0.0125603378
v 0.0797135308 0.0311679095 0.0097652562
v 0.0864613727 0.0300047416 0.0125603378
v 0.0864613727 0.0311679095 0.0125603378
v 0.0797135308 0.0300047416 0.0097652562
v 0.0805101767 0.0288415998 0.00896864198
v 0.0864613727 0.0300047416 0.0125603378
v 0.0797135308 0.0300047416 0.0097652562
v 0.0864613727 0.0288416017 0.0114338137
v 0.0864613727 0.0300047416 0.0125603378
v 0.0805101767 0.0288415998 0.00896864198
v 0.0797135308 0.0311679095 0.0097652562
v 0.0806573927 0.032331001 0.00882145297
v 0.0782533586 0.032331001 0.003017365
v 0.0797135308 0.0311679095 0.0097652562
v 0.0782533586 0.032331001 0.003017365
v 0.0769184604 0.0311679076 0.00301732961
v 0.0769184604 0.0300047398 0.00301732984
v 0.0797135308 0.0311679095 0.0097652562
v 0.0769184604 0.0311679076 0.00301732961
v 0.0797135308 0.0300047416 0.0097652562
v 0.0797135308 0.0311679095 0.0097652562
v 0.0769184604 0.0300047398 0.00301732984
v 0.0780450031 0.0288415998 0.00301736314
v 0.0797135308 0.0300047416 0.0097652562
v 0.0769184604 0.0300047398 0.00301732984
v 0.0805101767 0.0288415998 0.00896864198
v 0.0797135308 0.0300047416 0.0097652562
v 0.0780450031 0.0288415998 0.00301736314
v 0.0769184604 0.0311679076 0.00301732961
v 0.0782533586 0.032331001 0.003017365
v 0.0806573927 0.0323309973 -0.00278674578
v 0.0769184604 0.0311679076 0.00301732961
v 0.0806573927 0.0323309973 -0.00278674578
v 0.0797135308 0.0311679058 -0.00373057672
v 0.0797135308 0.0300047379 -0.00373057649
v 0.0769184604 0.0311679076 0.00301732961
v 0.0797135308 0.0311679058 -0.00373057672
v 0.0769184604 0.0300047398 0.00301732984
v 0.0769184604 0.0311679076 0.00301732961
v 0.0797135308 0.0300047379 -0.00373057649
v 0.0805101767 0.028841598 -0.00293401442
v 0.0769184604 0.0300047398 0.00301732984
v 0.0797135308 0.0300047379 -0.00373057649
v 0.0780450031 0.0288415998 0.00301736314
v 0.0769184604 0.0300047398 0.00301732984
v 0.0805101767 0.028841598 -0.00293401442
v 0.0864615738 0.0311679058 -0.00652565388
v 0.0806573927 0.0323309973 -0.00278674578
v 0.0864615738 0.0323310234 -0.00519087119
v 0.0797135308 0.0311679058 -0.00373057672
v 0.0806573927 0.0323309973 -0.00278674578
v 0.0864615738 0.0311679058 -0.00652565388
v 0.0864615738 0.0300047379 -0.00652565341
v 0.0797135308 0.0311679058 -0.00373057672
v 0.0864615738 0.0311679058 -0.00652565388
v 0.0797135308 0.0300047379 -0.00373057649
v 0.0797135308 0.0311679058 -0.00373057672
v 0.0864615738 0.0300047379 -0.00652565341
v 0.0805101767 0.028841598 -0.00293401442
v 0.0797135308 0.0300047379 -0.00373057649
v 0.0864615738 0.0300047379 -0.00652565341
v 0.0805101767 0.028841598 -0.00293401442
v 0.0864615738 0.0300047379 -0.00652565341
v 0.0864615738 0.028841598 -0.00539908931
v 0.0932094157 0.0311679058 -0.00373057136
v 0.0864615738 0.0323310234 -0.00519087119
v 0.0922655538 0.0323309973 -0.00278676115
v 0.0864615738 0.0311679058 -0.00652565388
v 0.0864615738 0.0323310234 -0.00519087119
v 0.0932094157 0.0311679058 -0.00373057136
v 0.0932094157 0.0300047379 -0.00373057113
v 0.0864615738 0.0311679058 -0.00652565388
v 0.0932094157 0.0311679058 -0.00373057136
v 0.0864615738 0.0300047379 -0.00652565341
v 0.0864615738 0.0311679058 -0.00652565388
v 0.0932094157 0.0300047379 -0.00373057113
v 0.0864615738 0.028841598 -0.00539908931
v 0.0864615738 0.0300047379 -0.00652565341
v 0.0932094157 0.0300047379 -0.00373057113
v 0.0864615738 0.028841598 -0.00539908931
v 0.0932094157 0.0300047379 -0.00373057113
v 0.0924127698 0.028841598 -0.00293401163
v 0.0960044861 0.0311679076 0.00301733217
v 0.0922655538 0.0323309973 -0.00278676115
v 0.0946695805 0.032331001 0.00301736756
v 0.0932094157 0.0311679058 -0.00373057136
v 0.0922655538 0.0323309973 -0.00278676115
v 0.0960044861 0.0311679076 0.00301733217
v 0.0960044861 0.0300047398 0.0030173324
v 0.0932094157 0.0311679058 -0.00373057136
v 0.0960044861 0.0311679076 0.00301733217
v 0.0932094157 0.0300047379 -0.00373057113
v 0.0932094157 0.0311679058 -0.00373057136
v 0.0960044861 0.0300047398 0.0030173324
v 0.0924127698 0.028841598 -0.00293401163
v 0.0932094157 0.0300047379 -0.00373057113
v 0.0960044861 0.0300047398 0.0030173324
v 0.0924127698 0.028841598 -0.00293401163
v 0.0960044861 0.0300047398 0.0030173324
v 0.0948779434 0.0288415998 0.0030173657
v 0.0946695805 0.032331001 0.00301736756
v 0.0922655538 0.032331001 0.00882145297
v 0.0932094157 0.0311679095 0.00976525806
v 0.0946695805 0.032331001 0.00301736756
v 0.0932094157 0.0311679095 0.00976525806
v 0.0960044861 0.0311679076 0.00301733217
v 0.0960044861 0.0300047398 0.0030173324
v 0.0932094157 0.0311679095 0.00976525806
v 0.0932094157 0.0300047416 0.00976525806
v 0.0960044861 0.0311679076 0.00301733217
v 0.0932094157 0.0311679095 0.00976525806
v 0.0960044861 0.0300047398 0.0030173324
v 0.0948779434 0.0288415998 0.0030173657
v 0.0932094157 0.0300047416 0.00976525806
v 0.0924127698 0.0288415998 0.00896864198
v 0.0960044861 0.0300047398 0.0030173324
v 0.0932094157 0.0300047416 0.00976525806
v 0.0948779434 0.0288415998 0.0030173657
v 0.0924127698 0.0268060695 0.00896864198
v 0.0948779434 0.0288415998 0.0030173657
v 0.0924127698 0.0288415998 0.00896864198
v 0.0948779434 0.0268060677 0.0030173664
v 0.0948779434 0.0288415998 0.0030173657
v 0.0924127698 0.0268060695 0.00896864198
v 0.0924127698 0.0268060658 -0.00293398555
v 0.0948779434 0.0288415998 0.0030173657
v 0.0948779434 0.0268060677 0.0030173664
v 0.0924127698 0.028841598 -0.00293401163
v 0.0948779434 0.0288415998 0.0030173657
v 0.0924127698 0.0268060658 -0.00293398555
v 0.0864615738 0.0268060658 -0.00539908884
v 0.0924127698 0.028841598 -0.00293401163
v 0.0924127698 0.0268060658 -0.00293398555
v 0.0864615738 0.028841598 -0.00539908931
v 0.0924127698 0.028841598 -0.00293401163
v 0.0864615738 0.0268060658 -0.00539908884
v 0.0805101767 0.0268060658 -0.00293401373
v 0.0864615738 0.028841598 -0.00539908931
v 0.0864615738 0.0268060658 -0.00539908884
v 0.0805101767 0.028841598 -0.00293401442
v 0.0864615738 0.028841598 -0.00539908931
v 0.0805101767 0.0268060658 -0.00293401373
v 0.0780450031 0.0268060677 0.00301736384
v 0.0805101767 0.028841598 -0.00293401442
v 0.0805101767 0.0268060658 -0.00293401373
v 0.0780450031 0.0288415998 0.00301736314
v 0.0805101767 0.028841598 -0.00293401442
v 0.0780450031 0.0268060677 0.00301736384
v 0.0805101767 0.0268060695 0.00896863919
v 0.0780450031 0.0288415998 0.00301736314
v 0.0780450031 0.0268060677 0.00301736384
v 0.0805101767 0.0288415998 0.00896864198
v 0.0780450031 0.0288415998 0.00301736314
v 0.0805101767 0.0268060695 0.00896863919
v 0.0864613727 0.0268060695 0.0114338137
v 0.0805101767 0.0288415998 0.00896864198
v 0.0805101767 0.0268060695 0.00896863919
v 0.0864613727 0.0288416017 0.0114338137
v 0.0805101767 0.0288415998 0.00896864198
v 0.0864613727 0.0268060695 0.0114338137
v 0.0924127698 0.0268060695 0.00896864198
v 0.0864613727 0.0288416017 0.0114338137
v 0.0864613727 0.0268060695 0.0114338137
v 0.0924127698 0.0288415998 0.00896864198
v 0.0864613727 0.0288416017 0.0114338137
v 0.0924127698 0.0268060695 0.00896864198
v 0.0938585177 0.0263415817 0.0104143312
v 0.0864613727 0.0268060695 0.0114338137
v 0.0864613727 0.0263415817 0.013478213
v 0.0924127698 0.0268060695 0.00896864198
v 0.0864613727 0.0268060695 0.0114338137
v 0.0938585177 0.0263415817 0.0104143312
v 0.0864613727 0.0263415817 0.013478213
v 0.0805101767 0.0268060695 0.00896863919
v 0.0790644288 0.0263415817 0.0104143312
v 0.0864613727 0.0268060695 0.0114338137
v 0.0805101767 0.0268060695 0.00896863919
v 0.0864613727 0.0263415817 0.013478213
v 0.0790644288 0.0263415817 0.0104143312
v 0.0780450031 0.0268060677 0.00301736384
v 0.0760006383 0.0263415799 0.00301732821
v 0.0805101767 0.0268060695 0.00896863919
v 0.0780450031 0.0268060677 0.00301736384
v 0.0790644288 0.0263415817 0.0104143312
v 0.0760006383 0.0263415799 0.00301732821
v 0.0805101767 0.0268060658 -0.00293401373
v 0.0790644288 0.026341578 -0.00437969482
v 0.0780450031 0.0268060677 0.00301736384
v 0.0805101767 0.0268060658 -0.00293401373
v 0.0760006383 0.0263415799 0.00301732821
v 0.0805101767 0.0268060658 -0.00293401373
v 0.0864615738 0.0268060658 -0.00539908884
v 0.0864615738 0.0263415761 -0.00744360499
v 0.0805101767 0.0268060658 -0.00293401373
v 0.0864615738 0.0263415761 -0.00744360499
v 0.0790644288 0.026341578 -0.00437969482
v 0.0864615738 0.0268060658 -0.00539908884
v 0.0924127698 0.0268060658 -0.00293398555
v 0.0938585177 0.026341578 -0.00437964173
v 0.0864615738 0.0268060658 -0.00539908884
v 0.0938585177 0.026341578 -0.00437964173
v 0.0864615738 0.0263415761 -0.00744360499
v 0.0924127698 0.0268060658 -0.00293398555
v 0.0948779434 0.0268060677 0.0030173664
v 0.0969223082 0.0263415799 0.00301733078
v 0.0924127698 0.0268060658 -0.00293398555
v 0.0969223082 0.0263415799 0.00301733078
v 0.0938585177 0.026341578 -0.00437964173
v 0.0938585177 0.0263415817 0.0104143312
v 0.0948779434 0.0268060677 0.0030173664
v 0.0924127698 0.0268060695 0.00896864198
v 0.0969223082 0.0263415799 0.00301733078
v 0.0948779434 0.0268060677 0.0030173664
v 0.0938585177 0.0263415817 0.0104143312
v 0.0943584144 0.0254975371 0.0109142615
v 0.0969223082 0.0263415799 0.00301733078
v 0.0938585177 0.0263415817 0.0104143312
v 0.0976293162 0.0254975352 0.00301733101
v 0.0969223082 0.0263415799 0.00301733078
v 0.0943584144 0.0254975371 0.0109142615
v 0.0943584144 0.0254975613 -0.00487957196
v 0.0969223082 0.0263415799 0.00301733078
v 0.0976293162 0.0254975352 0.00301733101
v 0.0938585177 0.026341578 -0.00437964173
v 0.0969223082 0.0263415799 0.00301733078
v 0.0943584144 0.0254975613 -0.00487957196
v 0.0864615738 0.0254975595 -0.0081506297
v 0.0938585177 0.026341578 -0.00437964173
v 0.0943584144 0.0254975613 -0.00487957196
v 0.0864615738 0.0263415761 -0.00744360499
v 0.0938585177 0.026341578 -0.00437964173
v 0.0864615738 0.0254975595 -0.0081506297
v 0.0785645321 0.0254975613 -0.00487958966
v 0.0864615738 0.0263415761 -0.00744360499
v 0.0864615738 0.0254975595 -0.0081506297
v 0.0790644288 0.026341578 -0.00437969482
v 0.0864615738 0.0263415761 -0.00744360499
v 0.0785645321 0.0254975613 -0.00487958966
v 0.0760006383 0.0263415799 0.00301732821
v 0.0790644288 0.026341578 -0.00437969482
v 0.0785645321 0.0254975613 -0.00487958966
v 0.0760006383 0.0263415799 0.00301732821
v 0.0785645321 0.0254975613 -0.00487958966
v 0.0752934217 0.0254975352 0.00301736151
v 0.0790644288 0.0263415817 0.0104143312
v 0.0760006383 0.0263415799 0.00301732821
v 0.0752934217 0.0254975352 0.00301736151
v 0.0790644288 0.0263415817 0.0104143312
v 0.0752934217 0.0254975352 0.00301736151
v 0.0785645321 0.0254975371 0.0109142587
v 0.0864613727 0.025497539 0.014185315
v 0.0790644288 0.0263415817 0.0104143312
v 0.0785645321 0.0254975371 0.0109142587
v 0.0864613727 0.0263415817 0.013478213
v 0.0790644288 0.0263415817 0.0104143312
v 0.0864613727 0.025497539 0.014185315
v 0.0943584144 0.0254975371 0.0109142615
v 0.0864613727 0.0263415817 0.013478213
v 0.0864613727 0.025497539 0.014185315
v 0.0938585177 0.0263415817 0.0104143312
v 0.0864613727 0.0263415817 0.013478213
v 0.0943584144 0.0254975371 0.0109142615
v 0.0943584144 0.0233166106 0.0109142624
v 0.0864613727 0.025497539 0.014185315
v 0.0864613727 0.0233166106 0.0141853159
v 0.0943584144 0.0254975371 0.0109142615
v 0.0864613727 0.025497539 0.014185315
v 0.0943584144 0.0233166106 0.0109142624
v 0.0864613727 0.0233166106 0.0141853159
v 0.0785645321 0.0254975371 0.0109142587
v 0.0785645321 0.0233166106 0.0109142577
v 0.0864613727 0.025497539 0.014185315
v 0.0785645321 0.0254975371 0.0109142587
v 0.0864613727 0.0233166106 0.0141853159
v 0.0785645321 0.0233166106 0.0109142577
v 0.0752934217 0.0254975352 0.00301736151
v 0.0752934217 0.0233166106 0.00301736197
v 0.0785645321 0.0254975371 0.0109142587
v 0.0752934217 0.0254975352 0.00301736151
v 0.0785645321 0.0233166106 0.0109142577
v 0.0752934217 0.0233166106 0.00301736197
v 0.0785645321 0.0254975613 -0.00487958966
v 0.0785645321 0.0233166125 -0.00487959199
v 0.0752934217 0.0254975352 0.00301736151
v 0.0785645321 0.0254975613 -0.00487958966
v 0.0752934217 0.0233166106 0.00301736197
v 0.0785645321 0.0233166125 -0.00487959199
v 0.0864615738 0.0254975595 -0.0081506297
v 0.0864615738 0.0233166125 -0.00815062877
v 0.0785645321 0.0254975613 -0.00487958966
v 0.0864615738 0.0254975595 -0.0081506297
v 0.0785645321 0.0233166125 -0.00487959199
v 0.0864615738 0.0233166125 -0.00815062877
v 0.0943584144 0.0254975613 -0.00487957196
v 0.0943584144 0.0233166125 -0.0048795715
v 0.0864615738 0.0254975595 -0.0081506297
v 0.0943584144 0.0254975613 -0.00487957196
v 0.0864615738 0.0233166125 -0.00815062877
v 0.0943584144 0.0233166125 -0.0048795715
v 0.0976293162 0.0254975352 0.00301733101
v 0.0976293162 0.0233166106 0.00301733147
v 0.0943584144 0.0254975613 -0.00487957196
v 0.0976293162 0.0254975352 0.00301733101
v 0.0943584144 0.0233166125 -0.0048795715
v 0.0943584144 0.0233166106 0.0109142624
v 0.0976293162 0.0254975352 0.00301733101
v 0.0943584144 0.0254975371 0.0109142615
v 0.0976293162 0.0233166106 0.00301733147
v 0.0976293162 0.0254975352 0.00301733101
v 0.0943584144 0.0233166106 0.0109142624
v 0.121765547 0.0216952898 0.0530730411
v 0.120821729 0.0228583943 0.0540169068
v 0.123225838 0.0228583906 0.0598209091
v 0.121765547 0.0216952898 0.0530730411
v 0.123225838 0.0228583906 0.0598209091
v 0.124560609 0.0216952898 0.0598210841
v 0.124560609 0.0205321275 0.0598210841
v 0.121765547 0.0216952898 0.0530730411
v 0.124560609 0.0216952898 0.0598210841
v 0.121765547 0.0205321275 0.0530730411
v 0.121765547 0.0216952898 0.0530730411
v 0.124560609 0.0205321275 0.0598210841
v 0.123434097 0.0193689708 0.0598210841
v 0.121765547 0.0205321275 0.0530730411
v 0.124560609 0.0205321275 0.0598210841
v 0.120968923 0.0193689726 0.0538697168
v 0.121765547 0.0205321275 0.0530730411
v 0.123434097 0.0193689708 0.0598210841
v 0.124560609 0.0216952898 0.0598210841
v 0.123225838 0.0228583906 0.0598209091
v 0.120821729 0.0228583906 0.0656250566
v 0.124560609 0.0216952898 0.0598210841
v 0.120821729 0.0228583906 0.0656250566
v 0.121765517 0.0216952879 0.0665689483
v 0.121765517 0.0205321256 0.0665689483
v 0.124560609 0.0216952898 0.0598210841
v 0.121765517 0.0216952879 0.0665689483
v 0.124560609 0.0205321275 0.0598210841
v 0.124560609 0.0216952898 0.0598210841
v 0.121765517 0.0205321256 0.0665689483
v 0.120968901 0.0193689708 0.0657722726
v 0.124560609 0.0205321275 0.0598210841
v 0.121765517 0.0205321256 0.0665689483
v 0.123434097 0.0193689708 0.0598210841
v 0.124560609 0.0205321275 0.0598210841
v 0.120968901 0.0193689708 0.0657722726
v 0.121765517 0.0216952879 0.0665689483
v 0.120821729 0.0228583906 0.0656250566
v 0.11501763 0.0228583906 0.0680291206
v 0.121765517 0.0216952879 0.0665689483
v 0.11501763 0.0228583906 0.0680291206
v 0.1150176 0.0216952879 0.0693639889
v 0.1150176 0.0205321275 0.0693639889
v 0.121765517 0.0216952879 0.0665689483
v 0.1150176 0.0216952879 0.0693639889
v 0.121765517 0.0205321256 0.0665689483
v 0.121765517 0.0216952879 0.0665689483
v 0.1150176 0.0205321275 0.0693639889
v 0.11501763 0.0193689726 0.0682374462
v 0.121765517 0.0205321256 0.0665689483
v 0.1150176 0.0205321275 0.0693639889
v 0.120968901 0.0193689708 0.0657722726
v 0.121765517 0.0205321256 0.0665689483
v 0.11501763 0.0193689726 0.0682374462
v 0.1150176 0.0216952879 0.0693639889
v 0.11501763 0.0228583906 0.0680291206
v 0.109213524 0.0228583906 0.0656250566
v 0.1150176 0.0216952879 0.0693639889
v 0.109213524 0.0228583906 0.0656250566
v 0.108269714 0.0216952879 0.0665689483
v 0.108269714 0.0205321256 0.0665689483
v 0.1150176 0.0216952879 0.0693639889
v 0.108269714 0.0216952879 0.0665689483
v 0.1150176 0.0205321275 0.0693639889
v 0.1150176 0.0216952879 0.0693639889
v 0.108269714 0.0205321256 0.0665689483
v 0.109066255 0.0193689708 0.0657722726
v 0.1150176 0.0205321275 0.0693639889
v 0.108269714 0.0205321256 0.0665689483
v 0.11501763 0.0193689726 0.0682374462
v 0.1150176 0.0205321275 0.0693639889
v 0.109066255 0.0193689708 0.0657722726
v 0.105474614 0.0216952898 0.0598209091
v 0.109213524 0.0228583906 0.0656250566
v 0.106809407 0.0228583906 0.0598209091
v 0.108269714 0.0216952879 0.0665689483
v 0.109213524 0.0228583906 0.0656250566
v 0.105474614 0.0216952898 0.0598209091
v 0.105474614 0.0205321275 0.0598209091
v 0.108269714 0.0216952879 0.0665689483
v 0.105474614 0.0216952898 0.0598209091
v 0.108269714 0.0205321256 0.0665689483
v 0.108269714 0.0216952879 0.0665689483
v 0.105474614 0.0205321275 0.0598209091
v 0.109066255 0.0193689708 0.0657722726
v 0.108269714 0.0205321256 0.0665689483
v 0.105474614 0.0205321275 0.0598209091
v 0.109066255 0.0193689708 0.0657722726
v 0.105474614 0.0205321275 0.0598209091
v 0.106601186 0.0193689708 0.0598209091
v 0.108269714 0.0216952898 0.0530730411
v 0.106809407 0.0228583906 0.0598209091
v 0.109213524 0.0228583943 0.0540169068
v 0.105474614 0.0216952898 0.0598209091
v 0.106809407 0.0228583906 0.0598209091
v 0.108269714 0.0216952898 0.0530730411
v 0.108269714 0.0205321275 0.0530730411
v 0.105474614 0.0216952898 0.0598209091
v 0.108269714 0.0216952898 0.0530730411
v 0.105474614 0.0205321275 0.0598209091
v 0.105474614 0.0216952898 0.0598209091
v 0.108269714 0.0205321275 0.0530730411
v 0.106601186 0.0193689708 0.0598209091
v 0.105474614 0.0205321275 0.0598209091
v 0.108269714 0.0205321275 0.0530730411
v 0.106601186 0.0193689708 0.0598209091
v 0.108269714 0.0205321275 0.0530730411
v 0.109066285 0.0193689726 0.0538697168
v 0.1150176 0.0216952898 0.0502779782
v 0.109213524 0.0228583943 0.0540169068
v 0.11501763 0.0228583943 0.0516128689
v 0.108269714 0.0216952898 0.0530730411
v 0.109213524 0.0228583943 0.0540169068
v 0.1150176 0.0216952898 0.0502779782
v 0.1150176 0.0205321275 0.0502779782
v 0.108269714 0.0216952898 0.0530730411
v 0.1150176 0.0216952898 0.0502779782
v 0.108269714 0.0205321275 0.0530730411
v 0.108269714 0.0216952898 0.0530730411
v 0.1150176 0.0205321275 0.0502779782
v 0.109066285 0.0193689726 0.0538697168
v 0.108269714 0.0205321275 0.0530730411
v 0.1150176 0.0205321275 0.0502779782
v 0.109066285 0.0193689726 0.0538697168
v 0.1150176 0.0205321275 0.0502779782
v 0.11501763 0.0193689726 0.0514045432
v 0.11501763 0.0228583943 0.0516128689
v 0.120821729 0.0228583943 0.0540169068
v 0.121765547 0.0216952898 0.0530730411
v 0.11501763 0.0228583943 0.0516128689
v 0.121765547 0.0216952898 0.0530730411
v 0.1150176 0.0216952898 0.0502779782
v 0.1150176 0.0205321275 0.0502779782
v 0.121765547 0.0216952898 0.0530730411
v 0.121765547 0.0205321275 0.0530730411
v 0.1150176 0.0216952898 0.0502779782
v 0.121765547 0.0216952898 0.0530730411
v 0.1150176 0.0205321275 0.0502779782
v 0.11501763 0.0193689726 0.0514045432
v 0.121765547 0.0205321275 0.0530730411
v 0.120968923 0.0193689726 0.0538697168
v 0.1150176 0.0205321275 0.0502779782
v 0.121765547 0.0205321275 0.0530730411
v 0.11501763 0.0193689726 0.0514045432
v 0.120968923 0.0173334591 0.0538697168
v 0.11501763 0.0193689726 0.0514045432
v 0.120968923 0.0193689726 0.0538697168
v 0.11501763 0.0173334591 0.0514045432
v 0.11501763 0.0193689726 0.0514045432
v 0.120968923 0.0173334591 0.0538697168
v 0.109066308 0.0173334591 0.0538697168
v 0.11501763 0.0193689726 0.0514045432
v 0.11501763 0.0173334591 0.0514045432
v 0.109066285 0.0193689726 0.0538697168
v 0.11501763 0.0193689726 0.0514045432
v 0.109066308 0.0173334591 0.0538697168
v 0.106601186 0.0173334591 0.0598209091
v 0.109066285 0.0193689726 0.0538697168
v 0.109066308 0.0173334591 0.0538697168
v 0.106601186 0.0193689708 0.0598209091
v 0.109066285 0.0193689726 0.0538697168
v 0.106601186 0.0173334591 0.0598209091
v 0.109066255 0.0173334572 0.0657722726
v 0.106601186 0.0193689708 0.0598209091
v 0.106601186 0.0173334591 0.0598209091
v 0.109066255 0.0193689708 0.0657722726
v 0.106601186 0.0193689708 0.0598209091
v 0.109066255 0.0173334572 0.0657722726
v 0.11501763 0.0173334591 0.0682374462
v 0.109066255 0.0193689708 0.0657722726
v 0.109066255 0.0173334572 0.0657722726
v 0.11501763 0.0193689726 0.0682374462
v 0.109066255 0.0193689708 0.0657722726
v 0.11501763 0.0173334591 0.0682374462
v 0.120968901 0.0173334572 0.0657722726
v 0.11501763 0.0193689726 0.0682374462
v 0.11501763 0.0173334591 0.0682374462
v 0.120968901 0.0193689708 0.0657722726
v 0.11501763 0.0193689726 0.0682374462
v 0.120968901 0.0173334572 0.0657722726
v 0.123434067 0.0173334591 0.0598210841
v 0.120968901 0.0193689708 0.0657722726
v 0.120968901 0.0173334572 0.0657722726
v 0.123434097 0.0193689708 0.0598210841
v 0.120968901 0.0193689708 0.0657722726
v 0.123434067 0.0173334591 0.0598210841
v 0.120968923 0.0173334591 0.0538697168
v 0.123434097 0.0193689708 0.0598210841
v 0.123434067 0.0173334591 0.0598210841
v 0.120968923 0.0193689726 0.0538697168
v 0.123434097 0.0193689708 0.0598210841
v 0.120968923 0.0173334591 0.0538697168
v 0.122414581 0.0168689601 0.0524239689
v 0.123434067 0.0173334591 0.0598210841
v 0.125478476 0.0168689601 0.0598210841
v 0.120968923 0.0173334591 0.0538697168
v 0.123434067 0.0173334591 0.0598210841
v 0.122414581 0.0168689601 0.0524239689
v 0.125478476 0.0168689601 0.0598210841
v 0.120968901 0.0173334572 0.0657722726
v 0.122414581 0.0168689582 0.0672180206
v 0.123434067 0.0173334591 0.0598210841
v 0.120968901 0.0173334572 0.0657722726
v 0.125478476 0.0168689601 0.0598210841
v 0.122414581 0.0168689582 0.0672180206
v 0.11501763 0.0173334591 0.0682374462
v 0.1150176 0.0168689564 0.0702818483
v 0.120968901 0.0173334572 0.0657722726
v 0.11501763 0.0173334591 0.0682374462
v 0.122414581 0.0168689582 0.0672180206
v 0.1150176 0.0168689564 0.0702818483
v 0.109066255 0.0173334572 0.0657722726
v 0.10762056 0.0168689582 0.0672180206
v 0.11501763 0.0173334591 0.0682374462
v 0.109066255 0.0173334572 0.0657722726
v 0.1150176 0.0168689564 0.0702818483
v 0.109066255 0.0173334572 0.0657722726
v 0.106601186 0.0173334591 0.0598209091
v 0.104556665 0.0168689601 0.0598209091
v 0.109066255 0.0173334572 0.0657722726
v 0.104556665 0.0168689601 0.0598209091
v 0.10762056 0.0168689582 0.0672180206
v 0.106601186 0.0173334591 0.0598209091
v 0.109066308 0.0173334591 0.0538697168
v 0.107620634 0.0168689601 0.0524239466
v 0.106601186 0.0173334591 0.0598209091
v 0.107620634 0.0168689601 0.0524239466
v 0.104556665 0.0168689601 0.0598209091
v 0.109066308 0.0173334591 0.0538697168
v 0.11501763 0.0173334591 0.0514045432
v 0.1150176 0.016868962 0.0493601449
v 0.109066308 0.0173334591 0.0538697168
v 0.1150176 0.016868962 0.0493601449
v 0.107620634 0.0168689601 0.0524239466
v 0.122414581 0.0168689601 0.0524239689
v 0.11501763 0.0173334591 0.0514045432
v 0.120968923 0.0173334591 0.0538697168
v 0.1150176 0.016868962 0.0493601449
v 0.11501763 0.0173334591 0.0514045432
v 0.122414581 0.0168689601 0.0524239689
v 0.122914538 0.0160249341 0.0519240722
v 0.1150176 0.016868962 0.0493601449
v 0.122414581 0.0168689601 0.0524239689
v 0.1150176 0.016024936 0.0486531369
v 0.1150176 0.016868962 0.0493601449
v 0.122914538 0.0160249341 0.0519240722
v 0.107120685 0.0160249341 0.0519240499
v 0.1150176 0.016868962 0.0493601449
v 0.1150176 0.016024936 0.0486531369
v 0.107620634 0.0168689601 0.0524239466
v 0.1150176 0.016868962 0.0493601449
v 0.107120685 0.0160249341 0.0519240499
v 0.103849657 0.0160249323 0.0598209091
v 0.107620634 0.0168689601 0.0524239466
v 0.107120685 0.0160249341 0.0519240499
v 0.104556665 0.0168689601 0.0598209091
v 0.107620634 0.0168689601 0.0524239466
v 0.103849657 0.0160249323 0.0598209091
v 0.107120685 0.0160249304 0.0677179173
v 0.104556665 0.0168689601 0.0598209091
v 0.103849657 0.0160249323 0.0598209091
v 0.10762056 0.0168689582 0.0672180206
v 0.104556665 0.0168689601 0.0598209091
v 0.107120685 0.0160249304 0.0677179173
v 0.1150176 0.0168689564 0.0702818483
v 0.10762056 0.0168689582 0.0672180206
v 0.107120685 0.0160249304 0.0677179173
v 0.1150176 0.0168689564 0.0702818483
v 0.107120685 0.0160249304 0.0677179173
v 0.11501763 0.0160249323 0.0709890276
v 0.122414581 0.0168689582 0.0672180206
v 0.1150176 0.0168689564 0.0702818483
v 0.11501763 0.0160249323 0.0709890276
v 0.122414581 0.0168689582 0.0672180206
v 0.11501763 0.0160249323 0.0709890276
v 0.122914538 0.0160249304 0.0677179396
v 0.126185581 0.0160249323 0.0598210841
v 0.122414581 0.0168689582 0.0672180206
v 0.122914538 0.0160249304 0.0677179396
v 0.125478476 0.0168689601 0.0598210841
v 0.122414581 0.0168689582 0.0672180206
v 0.126185581 0.0160249323 0.0598210841
v 0.122914538 0.0160249341 0.0519240722
v 0.125478476 0.0168689601 0.0598210841
v 0.126185581 0.0160249323 0.0598210841
v 0.122414581 0.0168689601 0.0524239689
v 0.125478476 0.0168689601 0.0598210841
v 0.122914538 0.0160249341 0.0519240722
v 0.122914538 0.0138439983 0.0519240499
v 0.126185581 0.0160249323 0.0598210841
v 0.126185581 0.0138439974 0.0598210841
v 0.122914538 0.0160249341 0.0519240722
v 0.126185581 0.0160249323 0.0598210841
v 0.122914538 0.0138439983 0.0519240499
v 0.126185581 0.0138439974 0.0598210841
v 0.122914538 0.0160249304 0.0677179396
v 0.122914538 0.0138439946 0.0677179471
v 0.126185581 0.0160249323 0.0598210841
v 0.122914538 0.0160249304 0.0677179396
v 0.126185581 0.0138439974 0.0598210841
v 0.122914538 0.0138439946 0.0677179471
v 0.11501763 0.0160249323 0.0709890276
v 0.11501763 0.0138439955 0.0709890351
v 0.122914538 0.0160249304 0.0677179396
v 0.11501763 0.0160249323 0.0709890276
v 0.122914538 0.0138439946 0.0677179471
v 0.11501763 0.0138439955 0.0709890351
v 0.107120685 0.0160249304 0.0677179173
v 0.107120685 0.0138439946 0.0677179247
v 0.11501763 0.0160249323 0.0709890276
v 0.107120685 0.0160249304 0.0677179173
v 0.11501763 0.0138439955 0.0709890351
v 0.107120685 0.0138439946 0.0677179247
v 0.103849657 0.0160249323 0.0598209091
v 0.103849657 0.0138439974 0.0598209091
v 0.107120685 0.0160249304 0.0677179173
v 0.103849657 0.0160249323 0.0598209091
v 0.107120685 0.0138439946 0.0677179247
v 0.103849657 0.0138439974 0.0598209091
v 0.107120685 0.0160249341 0.0519240499
v 0.107120685 0.0138439983 0.0519240499
v 0.103849657 0.0160249323 0.0598209091
v 0.107120685 0.0160249341 0.0519240499
v 0.103849657 0.0138439974 0.0598209091
v 0.107120685 0.0138439983 0.0519240499
v 0.1150176 0.016024936 0.0486531369
v 0.1150176 0.0138439974 0.0486531369
v 0.107120685 0.0160249341 0.0519240499
v 0.1150176 0.016024936 0.0486531369
v 0.107120685 0.0138439983 0.0519240499
v 0.122914538 0.0138439983 0.0519240499
v 0.1150176 0.016024936 0.0486531369
v 0.122914538 0.0160249341 0.0519240722
v 0.1150176 0.0138439974 0.0486531369
v 0.1150176 0.016024936 0.0486531369
v 0.122914538 0.0138439983 0.0519240499
v 0.121765569 0.0216953196 0.108193815
v 0.120821752 0.0228584204 0.109137677
v 0.123225883 0.0228584185 0.114941642
v 0.121765569 0.0216953196 0.108193815
v 0.123225883 0.0228584185 0.114941642
v 0.124560662 0.0216953177 0.114941828
v 0.124560662 0.0205321554 0.114941828
v 0.121765569 0.0216953196 0.108193815
v 0.124560662 0.0216953177 0.114941828
v 0.121765569 0.0205321535 0.108193815
v 0.121765569 0.0216953196 0.108193815
v 0.124560662 0.0205321554 0.114941828
v 0.123434119 0.0193690006 0.114941828
v 0.121765569 0.0205321535 0.108193815
v 0.124560662 0.0205321554 0.114941828
v 0.120968945 0.0193690024 0.108990453
v 0.121765569 0.0205321535 0.108193815
v 0.123434119 0.0193690006 0.114941828
v 0.124560662 0.0216953177 0.114941828
v 0.123225883 0.0228584185 0.114941642
v 0.120821752 0.0228584185 0.120745815
v 0.124560662 0.0216953177 0.114941828
v 0.120821752 0.0228584185 0.120745815
v 0.121765569 0.0216953177 0.121689692
v 0.121765569 0.0205321517 0.121689692
v 0.124560662 0.0216953177 0.114941828
v 0.121765569 0.0216953177 0.121689692
v 0.124560662 0.0205321554 0.114941828
v 0.124560662 0.0216953177 0.114941828
v 0.121765569 0.0205321517 0.121689692
v 0.120968945 0.0193690006 0.120893046
v 0.124560662 0.0205321554 0.114941828
v 0.121765569 0.0205321517 0.121689692
v 0.123434119 0.0193690006 0.114941828
v 0.124560662 0.0205321554 0.114941828
v 0.120968945 0.0193690006 0.120893046
v 0.121765569 0.0216953177 0.121689692
v 0.120821752 0.0228584185 0.120745815
v 0.115017653 0.0228584185 0.123149864
v 0.121765569 0.0216953177 0.121689692
v 0.115017653 0.0228584185 0.123149864
v 0.11501763 0.0216953177 0.124484763
v 0.11501763 0.0205321517 0.124484763
v 0.121765569 0.0216953177 0.121689692
v 0.11501763 0.0216953177 0.124484763
v 0.121765569 0.0205321517 0.121689692
v 0.121765569 0.0216953177 0.121689692
v 0.11501763 0.0205321517 0.124484763
v 0.115017653 0.0193689968 0.123358183
v 0.121765569 0.0205321517 0.121689692
v 0.11501763 0.0205321517 0.124484763
v 0.120968945 0.0193690006 0.120893046
v 0.121765569 0.0205321517 0.121689692
v 0.115017653 0.0193689968 0.123358183
v 0.11501763 0.0216953177 0.124484763
v 0.115017653 0.0228584185 0.123149864
v 0.109213546 0.0228584185 0.120745815
v 0.11501763 0.0216953177 0.124484763
v 0.109213546 0.0228584185 0.120745815
v 0.108269714 0.0216953177 0.121689692
v 0.108269714 0.0205321517 0.121689692
v 0.11501763 0.0216953177 0.124484763
v 0.108269714 0.0216953177 0.121689692
v 0.11501763 0.0205321517 0.124484763
v 0.11501763 0.0216953177 0.124484763
v 0.108269714 0.0205321517 0.121689692
v 0.109066285 0.0193690006 0.120893046
v 0.11501763 0.0205321517 0.124484763
v 0.108269714 0.0205321517 0.121689692
v 0.115017653 0.0193689968 0.123358183
v 0.11501763 0.0205321517 0.124484763
v 0.109066285 0.0193690006 0.120893046
v 0.105474643 0.0216953177 0.114941642
v 0.109213546 0.0228584185 0.120745815
v 0.106809445 0.0228584185 0.114941642
v 0.108269714 0.0216953177 0.121689692
v 0.109213546 0.0228584185 0.120745815
v 0.105474643 0.0216953177 0.114941642
v 0.105474643 0.0205321554 0.114941642
v 0.108269714 0.0216953177 0.121689692
v 0.105474643 0.0216953177 0.114941642
v 0.108269714 0.0205321517 0.121689692
v 0.108269714 0.0216953177 0.121689692
v 0.105474643 0.0205321554 0.114941642
v 0.109066285 0.0193690006 0.120893046
v 0.108269714 0.0205321517 0.121689692
v 0.105474643 0.0205321554 0.114941642
v 0.109066285 0.0193690006 0.120893046
v 0.105474643 0.0205321554 0.114941642
v 0.106601208 0.0193690006 0.114941642
v 0.108269736 0.0216953196 0.108193778
v 0.106809445 0.0228584185 0.114941642
v 0.109213546 0.0228584204 0.109137677
v 0.105474643 0.0216953177 0.114941642
v 0.106809445 0.0228584185 0.114941642
v 0.108269736 0.0216953196 0.108193778
v 0.108269736 0.0205321535 0.108193778
v 0.105474643 0.0216953177 0.114941642
v 0.108269736 0.0216953196 0.108193778
v 0.105474643 0.0205321554 0.114941642
v 0.105474643 0.0216953177 0.114941642
v 0.108269736 0.0205321535 0.108193778
v 0.106601208 0.0193690006 0.114941642
v 0.105474643 0.0205321554 0.114941642
v 0.108269736 0.0205321535 0.108193778
v 0.106601208 0.0193690006 0.114941642
v 0.108269736 0.0205321535 0.108193778
v 0.109066308 0.0193690024 0.108990453
v 0.11501763 0.0216953177 0.105398744
v 0.109213546 0.0228584204 0.109137677
v 0.115017675 0.0228584222 0.106733643
v 0.108269736 0.0216953196 0.108193778
v 0.109213546 0.0228584204 0.109137677
v 0.11501763 0.0216953177 0.105398744
v 0.11501763 0.0205321554 0.105398744
v 0.108269736 0.0216953196 0.108193778
v 0.11501763 0.0216953177 0.105398744
v 0.108269736 0.0205321535 0.108193778
v 0.108269736 0.0216953196 0.108193778
v 0.11501763 0.0205321554 0.105398744
v 0.109066308 0.0193690024 0.108990453
v 0.108269736 0.0205321535 0.108193778
v 0.11501763 0.0205321554 0.105398744
v 0.109066308 0.0193690024 0.108990453
v 0.11501763 0.0205321554 0.105398744
v 0.115017675 0.0193690006 0.106525309
v 0.115017675 0.0228584222 0.106733643
v 0.120821752 0.0228584204 0.109137677
v 0.121765569 0.0216953196 0.108193815
v 0.115017675 0.0228584222 0.106733643
v 0.121765569 0.0216953196 0.108193815
v 0.11501763 0.0216953177 0.105398744
v 0.11501763 0.0205321554 0.105398744
v 0.121765569 0.0216953196 0.108193815
v 0.121765569 0.0205321535 0.108193815
v 0.11501763 0.0216953177 0.105398744
v 0.121765569 0.0216953196 0.108193815
v 0.11501763 0.0205321554 0.105398744
v 0.115017675 0.0193690006 0.106525309
v 0.121765569 0.0205321535 0.108193815
v 0.120968945 0.0193690024 0.108990453
v 0.11501763 0.0205321554 0.105398744
v 0.121765569 0.0205321535 0.108193815
v 0.115017675 0.0193690006 0.106525309
v 0.120968945 0.017333487 0.108990453
v 0.115017675 0.0193690006 0.106525309
v 0.120968945 0.0193690024 0.108990453
v 0.115017675 0.017333487 0.106525309
v 0.115017675 0.0193690006 0.106525309
v 0.120968945 0.017333487 0.108990453
v 0.10906633 0.017333487 0.108990453
v 0.115017675 0.0193690006 0.106525309
v 0.115017675 0.017333487 0.106525309
v 0.109066308 0.0193690024 0.108990453
v 0.115017675 0.0193690006 0.106525309
v 0.10906633 0.017333487 0.108990453
v 0.106601208 0.0173334889 0.114941619
v 0.109066308 0.0193690024 0.108990453
v 0.10906633 0.017333487 0.108990453
v 0.106601208 0.0193690006 0.114941642
v 0.109066308 0.0193690024 0.108990453
v 0.106601208 0.0173334889 0.114941619
v 0.109066285 0.017333487 0.120893024
v 0.106601208 0.0193690006 0.114941642
v 0.106601208 0.0173334889 0.114941619
v 0.109066285 0.0193690006 0.120893046
v 0.106601208 0.0193690006 0.114941642
v 0.109066285 0.017333487 0.120893024
v 0.115017653 0.0173334833 0.123358183
v 0.109066285 0.0193690006 0.120893046
v 0.109066285 0.017333487 0.120893024
v 0.115017653 0.0193689968 0.123358183
v 0.109066285 0.0193690006 0.120893046
v 0.115017653 0.0173334833 0.123358183
v 0.120968945 0.017333487 0.120893024
v 0.115017653 0.0193689968 0.123358183
v 0.115017653 0.0173334833 0.123358183
v 0.120968945 0.0193690006 0.120893046
v 0.115017653 0.0193689968 0.123358183
v 0.120968945 0.017333487 0.120893024
v 0.123434119 0.0173334889 0.114941828
v 0.120968945 0.0193690006 0.120893046
v 0.120968945 0.017333487 0.120893024
v 0.123434119 0.0193690006 0.114941828
v 0.120968945 0.0193690006 0.120893046
v 0.123434119 0.0173334889 0.114941828
v 0.120968945 0.017333487 0.108990453
v 0.123434119 0.0193690006 0.114941828
v 0.123434119 0.0173334889 0.114941828
v 0.120968945 0.0193690024 0.108990453
v 0.123434119 0.0193690006 0.114941828
v 0.120968945 0.017333487 0.108990453
v 0.122414641 0.0168689862 0.107544713
v 0.123434119 0.0173334889 0.114941828
v 0.125478506 0.0168689843 0.114941828
v 0.120968945 0.017333487 0.108990453
v 0.123434119 0.0173334889 0.114941828
v 0.122414641 0.0168689862 0.107544713
v 0.125478506 0.0168689843 0.114941828
v 0.120968945 0.017333487 0.120893024
v 0.122414619 0.0168689843 0.122338757
v 0.123434119 0.0173334889 0.114941828
v 0.120968945 0.017333487 0.120893024
v 0.125478506 0.0168689843 0.114941828
v 0.122414619 0.0168689843 0.122338757
v 0.115017653 0.0173334833 0.123358183
v 0.11501763 0.0168689862 0.125402585
v 0.120968945 0.017333487 0.120893024
v 0.115017653 0.0173334833 0.123358183
v 0.122414619 0.0168689843 0.122338757
v 0.11501763 0.0168689862 0.125402585
v 0.109066285 0.017333487 0.120893024
v 0.107620582 0.0168689843 0.122338757
v 0.115017653 0.0173334833 0.123358183
v 0.109066285 0.017333487 0.120893024
v 0.11501763 0.0168689862 0.125402585
v 0.109066285 0.017333487 0.120893024
v 0.106601208 0.0173334889 0.114941619
v 0.104556687 0.0168689843 0.114941619
v 0.109066285 0.017333487 0.120893024
v 0.104556687 0.0168689843 0.114941619
v 0.107620582 0.0168689843 0.122338757
v 0.106601208 0.0173334889 0.114941619
v 0.10906633 0.017333487 0.108990453
v 0.107620656 0.0168689862 0.107544713
v 0.106601208 0.0173334889 0.114941619
v 0.107620656 0.0168689862 0.107544713
v 0.104556687 0.0168689843 0.114941619
v 0.10906633 0.017333487 0.108990453
v 0.115017675 0.017333487 0.106525309
v 0.11501763 0.0168689881 0.104480907
v 0.10906633 0.017333487 0.108990453
v 0.11501763 0.0168689881 0.104480907
v 0.107620656 0.0168689862 0.107544713
v 0.122414641 0.0168689862 0.107544713
v 0.115017675 0.017333487 0.106525309
v 0.120968945 0.017333487 0.108990453
v 0.11501763 0.0168689881 0.104480907
v 0.115017675 0.017333487 0.106525309
v 0.122414641 0.0168689862 0.107544713
v 0.122914568 0.0160249621 0.107044816
v 0.11501763 0.0168689881 0.104480907
v 0.122414641 0.0168689862 0.107544713
v 0.11501763 0.0160249602 0.103773899
v 0.11501763 0.0168689881 0.104480907
v 0.122914568 0.0160249621 0.107044816
v 0.107120737 0.0160249621 0.107044816
v 0.11501763 0.0168689881 0.104480907
v 0.11501763 0.0160249602 0.103773899
v 0.107620656 0.0168689862 0.107544713
v 0.11501763 0.0168689881 0.104480907
v 0.107120737 0.0160249621 0.107044816
v 0.103849657 0.0160249583 0.114941619
v 0.107620656 0.0168689862 0.107544713
v 0.107120737 0.0160249621 0.107044816
v 0.104556687 0.0168689843 0.114941619
v 0.107620656 0.0168689862 0.107544713
v 0.103849657 0.0160249583 0.114941619
v 0.107120685 0.0160249583 0.122838654
v 0.104556687 0.0168689843 0.114941619
v 0.103849657 0.0160249583 0.114941619
v 0.107620582 0.0168689843 0.122338757
v 0.104556687 0.0168689843 0.114941619
v 0.107120685 0.0160249583 0.122838654
v 0.11501763 0.0168689862 0.125402585
v 0.107620582 0.0168689843 0.122338757
v 0.107120685 0.0160249583 0.122838654
v 0.11501763 0.0168689862 0.125402585
v 0.107120685 0.0160249583 0.122838654
v 0.115017653 0.0160249583 0.126109779
v 0.122414619 0.0168689843 0.122338757
v 0.11501763 0.0168689862 0.125402585
v 0.115017653 0.0160249583 0.126109779
v 0.122414619 0.0168689843 0.122338757
v 0.115017653 0.0160249583 0.126109779
v 0.122914568 0.0160249583 0.122838654
v 0.126185626 0.0160249583 0.114941828
v 0.122414619 0.0168689843 0.122338757
v 0.122914568 0.0160249583 0.122838654
v 0.125478506 0.0168689843 0.114941828
v 0.122414619 0.0168689843 0.122338757
v 0.126185626 0.0160249583 0.114941828
v 0.122914568 0.0160249621 0.107044816
v 0.125478506 0.0168689843 0.114941828
v 0.126185626 0.0160249583 0.114941828
v 0.122414641 0.0168689862 0.107544713
v 0.125478506 0.0168689843 0.114941828
v 0.122914568 0.0160249621 0.107044816
v 0.122914568 0.0138440235 0.107044823
v 0.126185626 0.0160249583 0.114941828
v 0.126185626 0.0138440225 0.114941835
v 0.122914568 0.0160249621 0.107044816
v 0.126185626 0.0160249583 0.114941828
v 0.122914568 0.0138440235 0.107044823
v 0.126185626 0.0138440225 0.114941835
v 0.122914568 0.0160249583 0.122838654
v 0.122914568 0.0138440225 0.122838661
v 0.126185626 0.0160249583 0.114941828
v 0.122914568 0.0160249583 0.122838654
v 0.126185626 0.0138440225 0.114941835
v 0.122914568 0.0138440225 0.122838661
v 0.115017653 0.0160249583 0.126109779
v 0.115017653 0.0138440235 0.126109779
v 0.122914568 0.0160249583 0.122838654
v 0.115017653 0.0160249583 0.126109779
v 0.122914568 0.0138440225 0.122838661
v 0.115017653 0.0138440235 0.126109779
v 0.107120685 0.0160249583 0.122838654
v 0.107120685 0.0138440225 0.122838661
v 0.115017653 0.0160249583 0.126109779
v 0.107120685 0.0160249583 0.122838654
v 0.115017653 0.0138440235 0.126109779
v 0.107120685 0.0138440225 0.122838661
v 0.103849657 0.0160249583 0.114941619
v 0.103849657 0.0138440225 0.114941627
v 0.107120685 0.0160249583 0.122838654
v 0.103849657 0.0160249583 0.114941619
v 0.107120685 0.0138440225 0.122838661
v 0.103849657 0.0138440225 0.114941627
v 0.107120737 0.0160249621 0.107044816
v 0.107120737 0.0138440235 0.107044823
v 0.103849657 0.0160249583 0.114941619
v 0.107120737 0.0160249621 0.107044816
v 0.103849657 0.0138440225 0.114941627
v 0.107120737 0.0138440235 0.107044823
v 0.11501763 0.0160249602 0.103773899
v 0.11501763 0.0138440253 0.103773907
v 0.107120737 0.0160249621 0.107044816
v 0.11501763 0.0160249602 0.103773899
v 0.107120737 0.0138440235 0.107044823
v 0.122914568 0.0138440235 0.107044823
v 0.11501763 0.0160249602 0.103773899
v 0.122914568 0.0160249621 0.107044816
v 0.11501763 0.0138440253 0.103773907
v 0.11501763 0.0160249602 0.103773899
v 0.122914568 0.0138440235 0.107044823
v 0.121765547 0.0216953289 0.170773342
v 0.120821752 0.0228584316 0.171717212
v 0.12322586 0.0228584297 0.177521184
v 0.121765547 0.0216953289 0.170773342
v 0.12322586 0.0228584297 0.177521184
v 0.124560609 0.021695327 0.177521363
v 0.124560609 0.0205321647 0.177521363
v 0.121765547 0.0216953289 0.170773342
v 0.124560609 0.021695327 0.177521363
v 0.121765547 0.0205321629 0.170773342
v 0.121765547 0.0216953289 0.170773342
v 0.124560609 0.0205321647 0.177521363
v 0.123434097 0.0193690099 0.177521363
v 0.121765547 0.0205321629 0.170773342
v 0.124560609 0.0205321647 0.177521363
v 0.120968945 0.019369008 0.171569988
v 0.121765547 0.0205321629 0.170773342
v 0.123434097 0.0193690099 0.177521363
v 0.124560609 0.021695327 0.177521363
v 0.12322586 0.0228584297 0.177521184
v 0.120821752 0.0228584278 0.183325365
v 0.124560609 0.021695327 0.177521363
v 0.120821752 0.0228584278 0.183325365
v 0.121765547 0.0216953233 0.18426922
v 0.121765547 0.020532161 0.18426922
v 0.124560609 0.021695327 0.177521363
v 0.121765547 0.0216953233 0.18426922
v 0.124560609 0.0205321647 0.177521363
v 0.124560609 0.021695327 0.177521363
v 0.121765547 0.020532161 0.18426922
v 0.120968945 0.019369008 0.183472574
v 0.124560609 0.0205321647 0.177521363
v 0.121765547 0.020532161 0.18426922
v 0.123434097 0.0193690099 0.177521363
v 0.124560609 0.0205321647 0.177521363
v 0.120968945 0.019369008 0.183472574
v 0.121765547 0.0216953233 0.18426922
v 0.120821752 0.0228584278 0.183325365
v 0.115017653 0.0228584278 0.185729399
v 0.121765547 0.0216953233 0.18426922
v 0.115017653 0.0228584278 0.185729399
v 0.1150176 0.0216953233 0.18706429
v 0.1150176 0.0205321629 0.18706429
v 0.121765547 0.0216953233 0.18426922
v 0.1150176 0.0216953233 0.18706429
v 0.121765547 0.020532161 0.18426922
v 0.121765547 0.0216953233 0.18426922
v 0.1150176 0.0205321629 0.18706429
v 0.115017653 0.019369008 0.185937747
v 0.121765547 0.020532161 0.18426922
v 0.1150176 0.0205321629 0.18706429
v 0.120968945 0.019369008 0.183472574
v 0.121765547 0.020532161 0.18426922
v 0.115017653 0.019369008 0.185937747
v 0.1150176 0.0216953233 0.18706429
v 0.115017653 0.0228584278 0.185729399
v 0.109213546 0.0228584278 0.183325365
v 0.1150176 0.0216953233 0.18706429
v 0.109213546 0.0228584278 0.183325365
v 0.108269714 0.0216953233 0.18426922
v 0.108269714 0.020532161 0.18426922
v 0.1150176 0.0216953233 0.18706429
v 0.108269714 0.0216953233 0.18426922
v 0.1150176 0.0205321629 0.18706429
v 0.1150176 0.0216953233 0.18706429
v 0.108269714 0.020532161 0.18426922
v 0.109066285 0.019369008 0.183472574
v 0.1150176 0.0205321629 0.18706429
v 0.108269714 0.020532161 0.18426922
v 0.115017653 0.019369008 0.185937747
v 0.1150176 0.0205321629 0.18706429
v 0.109066285 0.019369008 0.183472574
v 0.105474614 0.021695327 0.177521184
v 0.109213546 0.0228584278 0.183325365
v 0.106809407 0.0228584297 0.177521184
v 0.108269714 0.0216953233 0.18426922
v 0.109213546 0.0228584278 0.183325365
v 0.105474614 0.021695327 0.177521184
v 0.105474614 0.0205321647 0.177521184
v 0.108269714 0.0216953233 0.18426922
v 0.105474614 0.021695327 0.177521184
v 0.108269714 0.020532161 0.18426922
v 0.108269714 0.0216953233 0.18426922
v 0.105474614 0.0205321647 0.177521184
v 0.109066285 0.019369008 0.183472574
v 0.108269714 0.020532161 0.18426922
v 0.105474614 0.0205321647 0.177521184
v 0.109066285 0.019369008 0.183472574
v 0.105474614 0.0205321647 0.177521184
v 0.106601186 0.0193690099 0.177521184
v 0.108269714 0.0216953289 0.170773342
v 0.106809407 0.0228584297 0.177521184
v 0.109213524 0.0228584316 0.171717212
v 0.105474614 0.021695327 0.177521184
v 0.106809407 0.0228584297 0.177521184
v 0.108269714 0.0216953289 0.170773342
v 0.108269714 0.0205321629 0.170773342
v 0.105474614 0.021695327 0.177521184
v 0.108269714 0.0216953289 0.170773342
v 0.105474614 0.0205321647 0.177521184
v 0.105474614 0.021695327 0.177521184
v 0.108269714 0.0205321629 0.170773342
v 0.106601186 0.0193690099 0.177521184
v 0.105474614 0.0205321647 0.177521184
v 0.108269714 0.0205321629 0.170773342
v 0.106601186 0.0193690099 0.177521184
v 0.108269714 0.0205321629 0.170773342
v 0.109066285 0.019369008 0.171569988
v 0.11501763 0.0216953289 0.167978257
v 0.109213524 0.0228584316 0.171717212
v 0.115017653 0.0228584297 0.169313177
v 0.108269714 0.0216953289 0.170773342
v 0.109213524 0.0228584316 0.171717212
v 0.11501763 0.0216953289 0.167978257
v 0.11501763 0.0205321647 0.167978257
v 0.108269714 0.0216953289 0.170773342
v 0.11501763 0.0216953289 0.167978257
v 0.108269714 0.0205321629 0.170773342
v 0.108269714 0.0216953289 0.170773342
v 0.11501763 0.0205321647 0.167978257
v 0.109066285 0.019369008 0.171569988
v 0.108269714 0.0205321629 0.170773342
v 0.11501763 0.0205321647 0.167978257
v 0.109066285 0.019369008 0.171569988
v 0.11501763 0.0205321647 0.167978257
v 0.115017653 0.0193690117 0.169104815
v 0.115017653 0.0228584297 0.169313177
v 0.120821752 0.0228584316 0.171717212
v 0.121765547 0.0216953289 0.170773342
v 0.115017653 0.0228584297 0.169313177
v 0.121765547 0.0216953289 0.170773342
v 0.11501763 0.0216953289 0.167978257
v 0.11501763 0.0205321647 0.167978257
v 0.121765547 0.0216953289 0.170773342
v 0.121765547 0.0205321629 0.170773342
v 0.11501763 0.0216953289 0.167978257
v 0.121765547 0.0216953289 0.170773342
v 0.11501763 0.0205321647 0.167978257
v 0.115017653 0.0193690117 0.169104815
v 0.121765547 0.0205321629 0.170773342
v 0.120968945 0.019369008 0.171569988
v 0.11501763 0.0205321647 0.167978257
v 0.121765547 0.0205321629 0.170773342
v 0.115017653 0.0193690117 0.169104815
v 0.120968945 0.0173334964 0.171569988
v 0.115017653 0.0193690117 0.169104815
v 0.120968945 0.019369008 0.171569988
v 0.115017653 0.0173334982 0.169104815
v 0.115017653 0.0193690117 0.169104815
v 0.120968945 0.0173334964 0.171569988
v 0.109066308 0.0173334964 0.171569988
v 0.115017653 0.0193690117 0.169104815
v 0.115017653 0.0173334982 0.169104815
v 0.109066285 0.019369008 0.171569988
v 0.115017653 0.0193690117 0.169104815
v 0.109066308 0.0173334964 0.171569988
v 0.106601186 0.0173334964 0.177521184
v 0.109066285 0.019369008 0.171569988
v 0.109066308 0.0173334964 0.171569988
v 0.106601186 0.0193690099 0.177521184
v 0.109066285 0.019369008 0.171569988
v 0.106601186 0.0173334964 0.177521184
v 0.109066285 0.0173334964 0.183472559
v 0.106601186 0.0193690099 0.177521184
v 0.106601186 0.0173334964 0.177521184
v 0.109066285 0.019369008 0.183472574
v 0.106601186 0.0193690099 0.177521184
v 0.109066285 0.0173334964 0.183472559
v 0.115017653 0.0173334982 0.185937732
v 0.109066285 0.019369008 0.183472574
v 0.109066285 0.0173334964 0.183472559
v 0.115017653 0.019369008 0.185937747
v 0.109066285 0.019369008 0.183472574
v 0.115017653 0.0173334982 0.185937732
v 0.120968923 0.0173334964 0.183472559
v 0.115017653 0.019369008 0.185937747
v 0.115017653 0.0173334982 0.185937732
v 0.120968945 0.019369008 0.183472574
v 0.115017653 0.019369008 0.185937747
v 0.120968923 0.0173334964 0.183472559
v 0.123434097 0.0173334964 0.177521363
v 0.120968945 0.019369008 0.183472574
v 0.120968923 0.0173334964 0.183472559
v 0.123434097 0.0193690099 0.177521363
v 0.120968945 0.019369008 0.183472574
v 0.123434097 0.0173334964 0.177521363
v 0.120968945 0.0173334964 0.171569988
v 0.123434097 0.0193690099 0.177521363
v 0.123434097 0.0173334964 0.177521363
v 0.120968945 0.019369008 0.171569988
v 0.123434097 0.0193690099 0.177521363
v 0.120968945 0.0173334964 0.171569988
v 0.122414619 0.0168689955 0.170124218
v 0.123434097 0.0173334964 0.177521363
v 0.125478506 0.0168689974 0.177521363
v 0.120968945 0.0173334964 0.171569988
v 0.123434097 0.0173334964 0.177521363
v 0.122414619 0.0168689955 0.170124218
v 0.125478506 0.0168689974 0.177521363
v 0.120968923 0.0173334964 0.183472559
v 0.122414619 0.0168689936 0.184918299
v 0.123434097 0.0173334964 0.177521363
v 0.120968923 0.0173334964 0.183472559
v 0.125478506 0.0168689974 0.177521363
v 0.122414619 0.0168689936 0.184918299
v 0.115017653 0.0173334982 0.185937732
v 0.1150176 0.0168689936 0.187982097
v 0.120968923 0.0173334964 0.183472559
v 0.115017653 0.0173334982 0.185937732
v 0.122414619 0.0168689936 0.184918299
v 0.1150176 0.0168689936 0.187982097
v 0.109066285 0.0173334964 0.183472559
v 0.10762056 0.0168689936 0.184918299
v 0.115017653 0.0173334982 0.185937732
v 0.109066285 0.0173334964 0.183472559
v 0.1150176 0.0168689936 0.187982097
v 0.109066285 0.0173334964 0.183472559
v 0.106601186 0.0173334964 0.177521184
v 0.104556687 0.0168689974 0.177521184
v 0.109066285 0.0173334964 0.183472559
v 0.104556687 0.0168689974 0.177521184
v 0.10762056 0.0168689936 0.184918299
v 0.106601186 0.0173334964 0.177521184
v 0.109066308 0.0173334964 0.171569988
v 0.107620634 0.0168689955 0.170124218
v 0.106601186 0.0173334964 0.177521184
v 0.107620634 0.0168689955 0.170124218
v 0.104556687 0.0168689974 0.177521184
v 0.109066308 0.0173334964 0.171569988
v 0.115017653 0.0173334982 0.169104815
v 0.11501763 0.0168689974 0.16706042
v 0.109066308 0.0173334964 0.171569988
v 0.11501763 0.0168689974 0.16706042
v 0.107620634 0.0168689955 0.170124218
v 0.122414619 0.0168689955 0.170124218
v 0.115017653 0.0173334982 0.169104815
v 0.120968945 0.0173334964 0.171569988
v 0.11501763 0.0168689974 0.16706042
v 0.115017653 0.0173334982 0.169104815
v 0.122414619 0.0168689955 0.170124218
v 0.122914538 0.0160249695 0.169624329
v 0.11501763 0.0168689974 0.16706042
v 0.122414619 0.0168689955 0.170124218
v 0.11501763 0.0160249714 0.166353405
v 0.11501763 0.0168689974 0.16706042
v 0.122914538 0.0160249695 0.169624329
v 0.107120715 0.0160249695 0.169624329
v 0.11501763 0.0168689974 0.16706042
v 0.11501763 0.0160249714 0.166353405
v 0.107620634 0.0168689955 0.170124218
v 0.11501763 0.0168689974 0.16706042
v 0.107120715 0.0160249695 0.169624329
v 0.103849657 0.0160249714 0.177521184
v 0.107620634 0.0168689955 0.170124218
v 0.107120715 0.0160249695 0.169624329
v 0.104556687 0.0168689974 0.177521184
v 0.107620634 0.0168689955 0.170124218
v 0.103849657 0.0160249714 0.177521184
v 0.107120685 0.0160249677 0.185418218
v 0.104556687 0.0168689974 0.177521184
v 0.103849657 0.0160249714 0.177521184
v 0.10762056 0.0168689936 0.184918299
v 0.104556687 0.0168689974 0.177521184
v 0.107120685 0.0160249677 0.185418218
v 0.1150176 0.0168689936 0.187982097
v 0.10762056 0.0168689936 0.184918299
v 0.107120685 0.0160249677 0.185418218
v 0.1150176 0.0168689936 0.187982097
v 0.107120685 0.0160249677 0.185418218
v 0.115017653 0.0160249658 0.188689306
v 0.122414619 0.0168689936 0.184918299
v 0.1150176 0.0168689936 0.187982097
v 0.115017653 0.0160249658 0.188689306
v 0.122414619 0.0168689936 0.184918299
v 0.115017653 0.0160249658 0.188689306
v 0.122914538 0.0160249677 0.185418218
v 0.126185581 0.0160249714 0.177521363
v 0.122414619 0.0168689936 0.184918299
v 0.122914538 0.0160249677 0.185418218
v 0.125478506 0.0168689974 0.177521363
v 0.122414619 0.0168689936 0.184918299
v 0.126185581 0.0160249714 0.177521363
v 0.122914538 0.0160249695 0.169624329
v 0.125478506 0.0168689974 0.177521363
v 0.126185581 0.0160249714 0.177521363
v 0.122414619 0.0168689955 0.170124218
v 0.125478506 0.0168689974 0.177521363
v 0.122914538 0.0160249695 0.169624329
v 0.122914538 0.0138440337 0.169624329
v 0.126185581 0.0160249714 0.177521363
v 0.126185581 0.0138440328 0.177521363
v 0.122914538 0.0160249695 0.169624329
v 0.126185581 0.0160249714 0.177521363
v 0.122914538 0.0138440337 0.169624329
v 0.126185581 0.0138440328 0.177521363
v 0.122914538 0.0160249677 0.185418218
v 0.122914538 0.0138440318 0.185418218
v 0.126185581 0.0160249714 0.177521363
v 0.122914538 0.0160249677 0.185418218
v 0.126185581 0.0138440328 0.177521363
v 0.122914538 0.0138440318 0.185418218
v 0.115017653 0.0160249658 0.188689306
v 0.115017653 0.0138440309 0.188689306
v 0.122914538 0.0160249677 0.185418218
v 0.115017653 0.0160249658 0.188689306
v 0.122914538 0.0138440318 0.185418218
v 0.115017653 0.0138440309 0.188689306
v 0.107120685 0.0160249677 0.185418218
v 0.107120685 0.0138440318 0.185418218
v 0.115017653 0.0160249658 0.188689306
v 0.107120685 0.0160249677 0.185418218
v 0.115017653 0.0138440309 0.188689306
v 0.107120685 0.0138440318 0.185418218
v 0.103849657 0.0160249714 0.177521184
v 0.103849657 0.0138440328 0.177521184
v 0.107120685 0.0160249677 0.185418218
v 0.103849657 0.0160249714 0.177521184
v 0.107120685 0.0138440318 0.185418218
v 0.103849657 0.0138440328 0.177521184
v 0.107120715 0.0160249695 0.169624329
v 0.107120715 0.0138440337 0.169624329
v 0.103849657 0.0160249714 0.177521184
v 0.107120715 0.0160249695 0.169624329
v 0.103849657 0.0138440328 0.177521184
v 0.107120715 0.0138440337 0.169624329
v 0.11501763 0.0160249714 0.166353405
v 0.11501763 0.0138440346 0.166353405
v 0.107120715 0.0160249695 0.169624329
v 0.11501763 0.0160249714 0.166353405
v 0.107120715 0.0138440337 0.169624329
v 0.122914538 0.0138440337 0.169624329
v 0.11501763 0.0160249714 0.166353405
v 0.122914538 0.0160249695 0.169624329
v 0.11501763 0.0138440346 0.166353405
v 0.11501763 0.0160249714 0.166353405
v 0.122914538 0.0138440337 0.169624329
v 0.108218685 0.0216953568 0.22594519
v 0.109162569 0.0228584558 0.226889029
v 0.114966549 0.0228584576 0.224484846
v 0.108218685 0.0216953568 0.22594519
v 0.114966549 0.0228584576 0.224484846
v 0.11496672 0.0216953568 0.223150089
v 0.11496672 0.0205321908 0.223150089
v 0.108218685 0.0216953568 0.22594519
v 0.11496672 0.0216953568 0.223150089
v 0.108218685 0.0205321908 0.225945219
v 0.108218685 0.0216953568 0.22594519
v 0.11496672 0.0205321908 0.223150089
v 0.11496672 0.019369036 0.224276647
v 0.108218685 0.0205321908 0.225945219
v 0.11496672 0.0205321908 0.223150089
v 0.109015353 0.0193690378 0.226741776
v 0.108218685 0.0205321908 0.225945219
v 0.11496672 0.019369036 0.224276647
v 0.11496672 0.0216953568 0.223150089
v 0.114966549 0.0228584576 0.224484846
v 0.1207707 0.0228584558 0.226889029
v 0.11496672 0.0216953568 0.223150089
v 0.1207707 0.0228584558 0.226889029
v 0.121714592 0.0216953568 0.225945219
v 0.121714592 0.0205321908 0.225945219
v 0.11496672 0.0216953568 0.223150089
v 0.121714592 0.0216953568 0.225945219
v 0.11496672 0.0205321908 0.223150089
v 0.11496672 0.0216953568 0.223150089
v 0.121714592 0.0205321908 0.225945219
v 0.120917924 0.0193690378 0.226741776
v 0.11496672 0.0205321908 0.223150089
v 0.121714592 0.0205321908 0.225945219
v 0.11496672 0.019369036 0.224276647
v 0.11496672 0.0205321908 0.223150089
v 0.120917924 0.0193690378 0.226741776
v 0.121714592 0.0216953568 0.225945219
v 0.1207707 0.0228584558 0.226889029
v 0.123174734 0.0228584539 0.232693106
v 0.121714592 0.0216953568 0.225945219
v 0.123174734 0.0228584539 0.232693106
v 0.124509662 0.0216953568 0.232693136
v 0.124509662 0.0205321908 0.232693136
v 0.121714592 0.0216953568 0.225945219
v 0.124509662 0.0216953568 0.232693136
v 0.121714592 0.0205321908 0.225945219
v 0.121714592 0.0216953568 0.225945219
v 0.124509662 0.0205321908 0.232693136
v 0.12338309 0.019369036 0.232693106
v 0.121714592 0.0205321908 0.225945219
v 0.124509662 0.0205321908 0.232693136
v 0.120917924 0.0193690378 0.226741776
v 0.121714592 0.0205321908 0.225945219
v 0.12338309 0.019369036 0.232693106
v 0.124509662 0.0216953568 0.232693136
v 0.123174734 0.0228584539 0.232693106
v 0.1207707 0.0228584558 0.238497183
v 0.124509662 0.0216953568 0.232693136
v 0.1207707 0.0228584558 0.238497183
v 0.121714592 0.0216953531 0.239441052
v 0.121714592 0.0205321908 0.239441052
v 0.124509662 0.0216953568 0.232693136
v 0.121714592 0.0216953531 0.239441052
v 0.124509662 0.0205321908 0.232693136
v 0.124509662 0.0216953568 0.232693136
v 0.121714592 0.0205321908 0.239441052
v 0.120917924 0.019369036 0.238644436
v 0.124509662 0.0205321908 0.232693136
v 0.121714592 0.0205321908 0.239441052
v 0.12338309 0.019369036 0.232693106
v 0.124509662 0.0205321908 0.232693136
v 0.120917924 0.019369036 0.238644436
v 0.114966549 0.0216953531 0.242236063
v 0.1207707 0.0228584558 0.238497183
v 0.114966549 0.0228584539 0.240901351
v 0.121714592 0.0216953531 0.239441052
v 0.1207707 0.0228584558 0.238497183
v 0.114966549 0.0216953531 0.242236063
v 0.114966549 0.0205321871 0.242236063
v 0.121714592 0.0216953531 0.239441052
v 0.114966549 0.0216953531 0.242236063
v 0.121714592 0.0205321908 0.239441052
v 0.121714592 0.0216953531 0.239441052
v 0.114966549 0.0205321871 0.242236063
v 0.120917924 0.019369036 0.238644436
v 0.121714592 0.0205321908 0.239441052
v 0.114966549 0.0205321871 0.242236063
v 0.120917924 0.019369036 0.238644436
v 0.114966549 0.0205321871 0.242236063
v 0.114966549 0.019369036 0.24110955
v 0.108218685 0.0216953531 0.239441052
v 0.114966549 0.0228584539 0.240901351
v 0.109162569 0.0228584558 0.238497242
v 0.114966549 0.0216953531 0.242236063
v 0.114966549 0.0228584539 0.240901351
v 0.108218685 0.0216953531 0.239441052
v 0.108218685 0.0205321908 0.239441052
v 0.114966549 0.0216953531 0.242236063
v 0.108218685 0.0216953531 0.239441052
v 0.114966549 0.0205321871 0.242236063
v 0.114966549 0.0216953531 0.242236063
v 0.108218685 0.0205321908 0.239441052
v 0.114966549 0.019369036 0.24110955
v 0.114966549 0.0205321871 0.242236063
v 0.108218685 0.0205321908 0.239441052
v 0.114966549 0.019369036 0.24110955
v 0.108218685 0.0205321908 0.239441052
v 0.109015353 0.019369036 0.238644436
v 0.105423637 0.0216953568 0.232693136
v 0.109162569 0.0228584558 0.238497242
v 0.106758535 0.0228584539 0.232693091
v 0.108218685 0.0216953531 0.239441052
v 0.109162569 0.0228584558 0.238497242
v 0.105423637 0.0216953568 0.232693136
v 0.105423637 0.0205321908 0.232693136
v 0.108218685 0.0216953531 0.239441052
v 0.105423637 0.0216953568 0.232693136
v 0.108218685 0.0205321908 0.239441052
v 0.108218685 0.0216953531 0.239441052
v 0.105423637 0.0205321908 0.232693136
v 0.109015353 0.019369036 0.238644436
v 0.108218685 0.0205321908 0.239441052
v 0.105423637 0.0205321908 0.232693136
v 0.109015353 0.019369036 0.238644436
v 0.105423637 0.0205321908 0.232693136
v 0.106550179 0.019369036 0.232693106
v 0.106758535 0.0228584539 0.232693091
v 0.109162569 0.0228584558 0.226889029
v 0.108218685 0.0216953568 0.22594519
v 0.106758535 0.0228584539 0.232693091
v 0.108218685 0.0216953568 0.22594519
v 0.105423637 0.0216953568 0.232693136
v 0.105423637 0.0205321908 0.232693136
v 0.108218685 0.0216953568 0.22594519
v 0.108218685 0.0205321908 0.225945219
v 0.105423637 0.0216953568 0.232693136
v 0.108218685 0.0216953568 0.22594519
v 0.105423637 0.0205321908 0.232693136
v 0.106550179 0.019369036 0.232693106
v 0.108218685 0.0205321908 0.225945219
v 0.109015353 0.0193690378 0.226741776
v 0.105423637 0.0205321908 0.232693136
v 0.108218685 0.0205321908 0.225945219
v 0.106550179 0.019369036 0.232693106
v 0.109015353 0.0173335224 0.226741776
v 0.106550179 0.019369036 0.232693106
v 0.109015353 0.0193690378 0.226741776
v 0.106550179 0.0173335243 0.232693106
v 0.106550179 0.019369036 0.232693106
v 0.109015353 0.0173335224 0.226741776
v 0.109015353 0.0173335224 0.238644421
v 0.106550179 0.019369036 0.232693106
v 0.106550179 0.0173335243 0.232693106
v 0.109015353 0.019369036 0.238644436
v 0.106550179 0.019369036 0.232693106
v 0.109015353 0.0173335224 0.238644421
v 0.114966549 0.0173335187 0.24110955
v 0.109015353 0.019369036 0.238644436
v 0.109015353 0.0173335224 0.238644421
v 0.114966549 0.019369036 0.24110955
v 0.109015353 0.019369036 0.238644436
v 0.114966549 0.0173335187 0.24110955
v 0.120917924 0.0173335224 0.238644436
v 0.114966549 0.019369036 0.24110955
v 0.114966549 0.0173335187 0.24110955
v 0.120917924 0.019369036 0.238644436
v 0.114966549 0.019369036 0.24110955
v 0.120917924 0.0173335224 0.238644436
v 0.12338309 0.0173335243 0.232693106
v 0.120917924 0.019369036 0.238644436
v 0.120917924 0.0173335224 0.238644436
v 0.12338309 0.019369036 0.232693106
v 0.120917924 0.019369036 0.238644436
v 0.12338309 0.0173335243 0.232693106
v 0.120917924 0.0173335224 0.226741776
v 0.12338309 0.019369036 0.232693106
v 0.12338309 0.0173335243 0.232693106
v 0.120917924 0.0193690378 0.226741776
v 0.12338309 0.019369036 0.232693106
v 0.120917924 0.0173335224 0.226741776
v 0.11496672 0.0173335224 0.224276647
v 0.120917924 0.0193690378 0.226741776
v 0.120917924 0.0173335224 0.226741776
v 0.11496672 0.019369036 0.224276647
v 0.120917924 0.0193690378 0.226741776
v 0.11496672 0.0173335224 0.224276647
v 0.109015353 0.0173335224 0.226741776
v 0.11496672 0.019369036 0.224276647
v 0.11496672 0.0173335224 0.224276647
v 0.109015353 0.0193690378 0.226741776
v 0.11496672 0.019369036 0.224276647
v 0.109015353 0.0173335224 0.226741776
v 0.107569605 0.0168690253 0.22529605
v 0.11496672 0.0173335224 0.224276647
v 0.11496672 0.0168690234 0.222232223
v 0.109015353 0.0173335224 0.226741776
v 0.11496672 0.0173335224 0.224276647
v 0.107569605 0.0168690253 0.22529605
v 0.11496672 0.0168690234 0.222232223
v 0.120917924 0.0173335224 0.226741776
v 0.122363657 0.0168690253 0.22529605
v 0.11496672 0.0173335224 0.224276647
v 0.120917924 0.0173335224 0.226741776
v 0.11496672 0.0168690234 0.222232223
v 0.122363657 0.0168690253 0.22529605
v 0.12338309 0.0173335243 0.232693106
v 0.125427455 0.0168690234 0.232693136
v 0.120917924 0.0173335224 0.226741776
v 0.12338309 0.0173335243 0.232693106
v 0.122363657 0.0168690253 0.22529605
v 0.125427455 0.0168690234 0.232693136
v 0.120917924 0.0173335224 0.238644436
v 0.122363657 0.0168690216 0.240090087
v 0.12338309 0.0173335243 0.232693106
v 0.120917924 0.0173335224 0.238644436
v 0.125427455 0.0168690234 0.232693136
v 0.120917924 0.0173335224 0.238644436
v 0.114966549 0.0173335187 0.24110955
v 0.114966549 0.0168690234 0.243154079
v 0.120917924 0.0173335224 0.238644436
v 0.114966549 0.0168690234 0.243154079
v 0.122363657 0.0168690216 0.240090087
v 0.114966549 0.0173335187 0.24110955
v 0.109015353 0.0173335224 0.238644421
v 0.107569605 0.0168690216 0.240090072
v 0.114966549 0.0173335187 0.24110955
v 0.107569605 0.0168690216 0.240090072
v 0.114966549 0.0168690234 0.243154079
v 0.109015353 0.0173335224 0.238644421
v 0.106550179 0.0173335243 0.232693106
v 0.104505777 0.0168690234 0.232693136
v 0.109015353 0.0173335224 0.238644421
v 0.104505777 0.0168690234 0.232693136
v 0.107569605 0.0168690216 0.240090072
v 0.107569605 0.0168690253 0.22529605
v 0.106550179 0.0173335243 0.232693106
v 0.109015353 0.0173335224 0.226741776
v 0.104505777 0.0168690234 0.232693136
v 0.106550179 0.0173335243 0.232693106
v 0.107569605 0.0168690253 0.22529605
v 0.107069686 0.0160249975 0.224796161
v 0.104505777 0.0168690234 0.232693136
v 0.107569605 0.0168690253 0.22529605
v 0.103798777 0.0160249956 0.232693136
v 0.104505777 0.0168690234 0.232693136
v 0.107069686 0.0160249975 0.224796161
v 0.107069686 0.0160249975 0.240589991
v 0.104505777 0.0168690234 0.232693136
v 0.103798777 0.0160249956 0.232693136
v 0.107569605 0.0168690216 0.240090072
v 0.104505777 0.0168690234 0.232693136
v 0.107069686 0.0160249975 0.240589991
v 0.114966549 0.0160249937 0.243861109
v 0.107569605 0.0168690216 0.240090072
v 0.107069686 0.0160249975 0.240589991
v 0.114966549 0.0168690234 0.243154079
v 0.107569605 0.0168690216 0.240090072
v 0.114966549 0.0160249937 0.243861109
v 0.122863583 0.0160249975 0.240589991
v 0.114966549 0.0168690234 0.243154079
v 0.114966549 0.0160249937 0.243861109
v 0.122363657 0.0168690216 0.240090087
v 0.114966549 0.0168690234 0.243154079
v 0.122863583 0.0160249975 0.240589991
v 0.125427455 0.0168690234 0.232693136
v 0.122363657 0.0168690216 0.240090087
v 0.122863583 0.0160249975 0.240589991
v 0.125427455 0.0168690234 0.232693136
v 0.122863583 0.0160249975 0.240589991
v 0.126134664 0.0160249956 0.232693106
v 0.122363657 0.0168690253 0.22529605
v 0.125427455 0.0168690234 0.232693136
v 0.126134664 0.0160249956 0.232693106
v 0.122363657 0.0168690253 0.22529605
v 0.126134664 0.0160249956 0.232693106
v 0.122863583 0.0160249975 0.224796161
v 0.11496672 0.0160249993 0.221525133
v 0.122363657 0.0168690253 0.22529605
v 0.122863583 0.0160249975 0.224796161
v 0.11496672 0.0168690234 0.222232223
v 0.122363657 0.0168690253 0.22529605
v 0.11496672 0.0160249993 0.221525133
v 0.107069686 0.0160249975 0.224796161
v 0.11496672 0.0168690234 0.222232223
v 0.11496672 0.0160249993 0.221525133
v 0.107569605 0.0168690253 0.22529605
v 0.11496672 0.0168690234 0.222232223
v 0.107069686 0.0160249975 0.224796161
v 0.107069686 0.0138440626 0.224796161
v 0.11496672 0.0160249993 0.221525133
v 0.11496672 0.0138440616 0.221525133
v 0.107069686 0.0160249975 0.224796161
v 0.11496672 0.0160249993 0.221525133
v 0.107069686 0.0138440626 0.224796161
v 0.11496672 0.0138440616 0.221525133
v 0.122863583 0.0160249975 0.224796161
v 0.122863583 0.0138440626 0.224796161
v 0.11496672 0.0160249993 0.221525133
v 0.122863583 0.0160249975 0.224796161
v 0.11496672 0.0138440616 0.221525133
v 0.122863583 0.0138440626 0.224796161
v 0.126134664 0.0160249956 0.232693106
v 0.126134664 0.0138440579 0.232693106
v 0.122863583 0.0160249975 0.224796161
v 0.126134664 0.0160249956 0.232693106
v 0.122863583 0.0138440626 0.224796161
v 0.126134664 0.0138440579 0.232693106
v 0.122863583 0.0160249975 0.240589991
v 0.122863583 0.0138440598 0.240589991
v 0.126134664 0.0160249956 0.232693106
v 0.122863583 0.0160249975 0.240589991
v 0.126134664 0.0138440579 0.232693106
v 0.122863583 0.0138440598 0.240589991
v 0.114966549 0.0160249937 0.243861109
v 0.114966549 0.0138440588 0.243861109
v 0.122863583 0.0160249975 0.240589991
v 0.114966549 0.0160249937 0.243861109
v 0.122863583 0.0138440598 0.240589991
v 0.114966549 0.0138440588 0.243861109
v 0.107069686 0.0160249975 0.240589991
v 0.107069686 0.0138440598 0.240589991
v 0.114966549 0.0160249937 0.243861109
v 0.107069686 0.0160249975 0.240589991
v 0.114966549 0.0138440588 0.243861109
v 0.107069686 0.0138440598 0.240589991
v 0.103798777 0.0160249956 0.232693136
v 0.103798777 0.0138440579 0.232693136
v 0.107069686 0.0160249975 0.240589991
v 0.103798777 0.0160249956 0.232693136
v 0.107069686 0.0138440598 0.240589991
v 0.107069686 0.0138440626 0.224796161
v 0.103798777 0.0160249956 0.232693136
v 0.107069686 0.0160249975 0.224796161
v 0.103798777 0.0138440579 0.232693136
v 0.103798777 0.0160249956 0.232693136
v 0.107069686 0.0138440626 0.224796161
v 0.165341064 0.0216953568 0.225945264
v 0.166284934 0.0228584558 0.226889074
v 0.172088936 0.0228584576 0.224484935
v 0.165341064 0.0216953568 0.225945264
v 0.172088936 0.0228584576 0.224484935
v 0.1720891 0.0216953568 0.223150238
v 0.1720891 0.0205321908 0.223150238
v 0.165341064 0.0216953568 0.225945264
v 0.1720891 0.0216953568 0.223150238
v 0.165341064 0.0205321908 0.225945294
v 0.165341064 0.0216953568 0.225945264
v 0.1720891 0.0205321908 0.223150238
v 0.1720891 0.019369036 0.224276721
v 0.165341064 0.0205321908 0.225945294
v 0.1720891 0.0205321908 0.223150238
v 0.16613771 0.0193690378 0.226741925
v 0.165341064 0.0205321908 0.225945294
v 0.1720891 0.019369036 0.224276721
v 0.1720891 0.0216953568 0.223150238
v 0.172088936 0.0228584576 0.224484935
v 0.177893087 0.0228584558 0.226889074
v 0.1720891 0.0216953568 0.223150238
v 0.177893087 0.0228584558 0.226889074
v 0.178836957 0.0216953568 0.225945294
v 0.178836957 0.0205321908 0.225945294
v 0.1720891 0.0216953568 0.223150238
v 0.178836957 0.0216953568 0.225945294
v 0.1720891 0.0205321908 0.223150238
v 0.1720891 0.0216953568 0.223150238
v 0.178836957 0.0205321908 0.225945294
v 0.178040311 0.0193690378 0.226741925
v 0.1720891 0.0205321908 0.223150238
v 0.178836957 0.0205321908 0.225945294
v 0.1720891 0.019369036 0.224276721
v 0.1720891 0.0205321908 0.223150238
v 0.178040311 0.0193690378 0.226741925
v 0.178836957 0.0216953568 0.225945294
v 0.177893087 0.0228584558 0.226889074
v 0.180297121 0.0228584539 0.23269318
v 0.178836957 0.0216953568 0.225945294
v 0.180297121 0.0228584539 0.23269318
v 0.181631997 0.0216953568 0.23269318
v 0.181631997 0.0205321908 0.23269318
v 0.178836957 0.0216953568 0.225945294
v 0.181631997 0.0216953568 0.23269318
v 0.178836957 0.0205321908 0.225945294
v 0.178836957 0.0216953568 0.225945294
v 0.181631997 0.0205321908 0.23269318
v 0.180505455 0.019369036 0.23269318
v 0.178836957 0.0205321908 0.225945294
v 0.181631997 0.0205321908 0.23269318
v 0.178040311 0.0193690378 0.226741925
v 0.178836957 0.0205321908 0.225945294
v 0.180505455 0.019369036 0.23269318
v 0.181631997 0.0216953568 0.23269318
v 0.180297121 0.0228584539 0.23269318
v 0.177893057 0.0228584558 0.238497287
v 0.181631997 0.0216953568 0.23269318
v 0.177893057 0.0228584558 0.238497287
v 0.178836927 0.0216953531 0.239441097
v 0.178836927 0.0205321908 0.239441097
v 0.181631997 0.0216953568 0.23269318
v 0.178836927 0.0216953531 0.239441097
v 0.181631997 0.0205321908 0.23269318
v 0.181631997 0.0216953568 0.23269318
v 0.178836927 0.0205321908 0.239441097
v 0.178040251 0.019369036 0.238644585
v 0.181631997 0.0205321908 0.23269318
v 0.178836927 0.0205321908 0.239441097
v 0.180505455 0.019369036 0.23269318
v 0.181631997 0.0205321908 0.23269318
v 0.178040251 0.019369036 0.238644585
v 0.172088936 0.0216953531 0.242236182
v 0.177893057 0.0228584558 0.238497287
v 0.172088936 0.0228584539 0.240901425
v 0.178836927 0.0216953531 0.239441097
v 0.177893057 0.0228584558 0.238497287
v 0.172088936 0.0216953531 0.242236182
v 0.172088936 0.0205321871 0.242236182
v 0.178836927 0.0216953531 0.239441097
v 0.172088936 0.0216953531 0.242236182
v 0.178836927 0.0205321908 0.239441097
v 0.178836927 0.0216953531 0.239441097
v 0.172088936 0.0205321871 0.242236182
v 0.178040251 0.019369036 0.238644585
v 0.178836927 0.0205321908 0.239441097
v 0.172088936 0.0205321871 0.242236182
v 0.178040251 0.019369036 0.238644585
v 0.172088936 0.0205321871 0.242236182
v 0.172088936 0.019369036 0.241109654
v 0.165341064 0.0216953531 0.239441097
v 0.172088936 0.0228584539 0.240901425
v 0.166284934 0.0228584558 0.238497287
v 0.172088936 0.0216953531 0.242236182
v 0.172088936 0.0228584539 0.240901425
v 0.165341064 0.0216953531 0.239441097
v 0.165341064 0.0205321908 0.239441097
v 0.172088936 0.0216953531 0.242236182
v 0.165341064 0.0216953531 0.239441097
v 0.172088936 0.0205321871 0.242236182
v 0.172088936 0.0216953531 0.242236182
v 0.165341064 0.0205321908 0.239441097
v 0.172088936 0.019369036 0.241109654
v 0.172088936 0.0205321871 0.242236182
v 0.165341064 0.0205321908 0.239441097
v 0.172088936 0.019369036 0.241109654
v 0.165341064 0.0205321908 0.239441097
v 0.16613771 0.019369036 0.238644585
v 0.162545994 0.0216953568 0.23269318
v 0.166284934 0.0228584558 0.238497287
v 0.1638809 0.0228584539 0.23269318
v 0.165341064 0.0216953531 0.239441097
v 0.166284934 0.0228584558 0.238497287
v 0.162545994 0.0216953568 0.23269318
v 0.162545994 0.0205321908 0.23269318
v 0.165341064 0.0216953531 0.239441097
v 0.162545994 0.0216953568 0.23269318
v 0.165341064 0.0205321908 0.239441097
v 0.165341064 0.0216953531 0.239441097
v 0.162545994 0.0205321908 0.23269318
v 0.16613771 0.019369036 0.238644585
v 0.165341064 0.0205321908 0.239441097
v 0.162545994 0.0205321908 0.23269318
v 0.16613771 0.019369036 0.238644585
v 0.162545994 0.0205321908 0.23269318
v 0.163672537 0.019369036 0.23269318
v 0.1638809 0.0228584539 0.23269318
v 0.166284934 0.0228584558 0.226889074
v 0.165341064 0.0216953568 0.225945264
v 0.1638809 0.0228584539 0.23269318
v 0.165341064 0.0216953568 0.225945264
v 0.162545994 0.0216953568 0.23269318
v 0.162545994 0.0205321908 0.23269318
v 0.165341064 0.0216953568 0.225945264
v 0.165341064 0.0205321908 0.225945294
v 0.162545994 0.0216953568 0.23269318
v 0.165341064 0.0216953568 0.225945264
v 0.162545994 0.0205321908 0.23269318
v 0.163672537 0.019369036 0.23269318
v 0.165341064 0.0205321908 0.225945294
v 0.16613771 0.0193690378 0.226741925
v 0.162545994 0.0205321908 0.23269318
v 0.165341064 0.0205321908 0.225945294
v 0.163672537 0.019369036 0.23269318
v 0.16613771 0.0173335224 0.22674188
v 0.163672537 0.019369036 0.23269318
v 0.16613771 0.0193690378 0.226741925
v 0.163672537 0.0173335243 0.23269318
v 0.163672537 0.019369036 0.23269318
v 0.16613771 0.0173335224 0.22674188
v 0.16613771 0.0173335224 0.23864454
v 0.163672537 0.019369036 0.23269318
v 0.163672537 0.0173335243 0.23269318
v 0.16613771 0.019369036 0.238644585
v 0.163672537 0.019369036 0.23269318
v 0.16613771 0.0173335224 0.23864454
v 0.172088936 0.0173335187 0.241109654
v 0.16613771 0.019369036 0.238644585
v 0.16613771 0.0173335224 0.23864454
v 0.172088936 0.019369036 0.241109654
v 0.16613771 0.019369036 0.238644585
v 0.172088936 0.0173335187 0.241109654
v 0.178040251 0.0173335224 0.238644585
v 0.172088936 0.019369036 0.241109654
v 0.172088936 0.0173335187 0.241109654
v 0.178040251 0.019369036 0.238644585
v 0.172088936 0.019369036 0.241109654
v 0.178040251 0.0173335224 0.238644585
v 0.180505455 0.0173335243 0.23269318
v 0.178040251 0.019369036 0.238644585
v 0.178040251 0.0173335224 0.238644585
v 0.180505455 0.019369036 0.23269318
v 0.178040251 0.019369036 0.238644585
v 0.180505455 0.0173335243 0.23269318
v 0.178040311 0.0173335224 0.22674188
v 0.180505455 0.019369036 0.23269318
v 0.180505455 0.0173335243 0.23269318
v 0.178040311 0.0193690378 0.226741925
v 0.180505455 0.019369036 0.23269318
v 0.178040311 0.0173335224 0.22674188
v 0.1720891 0.0173335224 0.224276721
v 0.178040311 0.0193690378 0.226741925
v 0.178040311 0.0173335224 0.22674188
v 0.1720891 0.019369036 0.224276721
v 0.178040311 0.0193690378 0.226741925
v 0.1720891 0.0173335224 0.224276721
v 0.16613771 0.0173335224 0.22674188
v 0.1720891 0.019369036 0.224276721
v 0.1720891 0.0173335224 0.224276721
v 0.16613771 0.0193690378 0.226741925
v 0.1720891 0.019369036 0.224276721
v 0.16613771 0.0173335224 0.22674188
v 0.16469197 0.0168690253 0.225296229
v 0.1720891 0.0173335224 0.224276721
v 0.1720891 0.0168690234 0.222232312
v 0.16613771 0.0173335224 0.22674188
v 0.1720891 0.0173335224 0.224276721
v 0.16469197 0.0168690253 0.225296229
v 0.1720891 0.0168690234 0.222232312
v 0.178040311 0.0173335224 0.22674188
v 0.179486051 0.0168690253 0.225296229
v 0.1720891 0.0173335224 0.224276721
v 0.178040311 0.0173335224 0.22674188
v 0.1720891 0.0168690234 0.222232312
v 0.179486051 0.0168690253 0.225296229
v 0.180505455 0.0173335243 0.23269318
v 0.182549849 0.0168690234 0.23269318
v 0.178040311 0.0173335224 0.22674188
v 0.180505455 0.0173335243 0.23269318
v 0.179486051 0.0168690253 0.225296229
v 0.182549849 0.0168690234 0.23269318
v 0.178040251 0.0173335224 0.238644585
v 0.179486021 0.0168690216 0.240090206
v 0.180505455 0.0173335243 0.23269318
v 0.178040251 0.0173335224 0.238644585
v 0.182549849 0.0168690234 0.23269318
v 0.178040251 0.0173335224 0.238644585
v 0.172088936 0.0173335187 0.241109654
v 0.172088936 0.0168690234 0.243154168
v 0.178040251 0.0173335224 0.238644585
v 0.172088936 0.0168690234 0.243154168
v 0.179486021 0.0168690216 0.240090206
v 0.172088936 0.0173335187 0.241109654
v 0.16613771 0.0173335224 0.23864454
v 0.16469197 0.0168690216 0.240090162
v 0.172088936 0.0173335187 0.241109654
v 0.16469197 0.0168690216 0.240090162
v 0.172088936 0.0168690234 0.243154168
v 0.16613771 0.0173335224 0.23864454
v 0.163672537 0.0173335243 0.23269318
v 0.161628172 0.0168690234 0.23269318
v 0.16613771 0.0173335224 0.23864454
v 0.161628172 0.0168690234 0.23269318
v 0.16469197 0.0168690216 0.240090162
v 0.16469197 0.0168690253 0.225296229
v 0.163672537 0.0173335243 0.23269318
v 0.16613771 0.0173335224 0.22674188
v 0.161628172 0.0168690234 0.23269318
v 0.163672537 0.0173335243 0.23269318
v 0.16469197 0.0168690253 0.225296229
v 0.164192066 0.0160249975 0.22479631
v 0.161628172 0.0168690234 0.23269318
v 0.16469197 0.0168690253 0.225296229
v 0.160921156 0.0160249956 0.23269318
v 0.161628172 0.0168690234 0.23269318
v 0.164192066 0.0160249975 0.22479631
v 0.164192066 0.0160249975 0.24059011
v 0.161628172 0.0168690234 0.23269318
v 0.160921156 0.0160249956 0.23269318
v 0.16469197 0.0168690216 0.240090162
v 0.161628172 0.0168690234 0.23269318
v 0.164192066 0.0160249975 0.24059011
v 0.172088936 0.0160249937 0.243861154
v 0.16469197 0.0168690216 0.240090162
v 0.164192066 0.0160249975 0.24059011
v 0.172088936 0.0168690234 0.243154168
v 0.16469197 0.0168690216 0.240090162
v 0.172088936 0.0160249937 0.243861154
v 0.17998594 0.0160249975 0.24059011
v 0.172088936 0.0168690234 0.243154168
v 0.172088936 0.0160249937 0.243861154
v 0.179486021 0.0168690216 0.240090206
v 0.172088936 0.0168690234 0.243154168
v 0.17998594 0.0160249975 0.24059011
v 0.182549849 0.0168690234 0.23269318
v 0.179486021 0.0168690216 0.240090206
v 0.17998594 0.0160249975 0.24059011
v 0.182549849 0.0168690234 0.23269318
v 0.17998594 0.0160249975 0.24059011
v 0.183257043 0.0160249956 0.23269318
v 0.179486051 0.0168690253 0.225296229
v 0.182549849 0.0168690234 0.23269318
v 0.183257043 0.0160249956 0.23269318
v 0.179486051 0.0168690253 0.225296229
v 0.183257043 0.0160249956 0.23269318
v 0.17998594 0.0160249975 0.22479631
v 0.1720891 0.0160249993 0.221525237
v 0.179486051 0.0168690253 0.225296229
v 0.17998594 0.0160249975 0.22479631
v 0.1720891 0.0168690234 0.222232312
v 0.179486051 0.0168690253 0.225296229
v 0.1720891 0.0160249993 0.221525237
v 0.164192066 0.0160249975 0.22479631
v 0.1720891 0.0168690234 0.222232312
v 0.1720891 0.0160249993 0.221525237
v 0.16469197 0.0168690253 0.225296229
v 0.1720891 0.0168690234 0.222232312
v 0.164192066 0.0160249975 0.22479631
v 0.164192066 0.0138440626 0.22479631
v 0.1720891 0.0160249993 0.221525237
v 0.1720891 0.0138440616 0.221525237
v 0.164192066 0.0160249975 0.22479631
v 0.1720891 0.0160249993 0.221525237
v 0.164192066 0.0138440626 0.22479631
v 0.1720891 0.0138440616 0.221525237
v 0.17998594 0.0160249975 0.22479631
v 0.17998594 0.0138440626 0.22479631
v 0.1720891 0.0160249993 0.221525237
v 0.17998594 0.0160249975 0.22479631
v 0.1720891 0.0138440616 0.221525237
v 0.17998594 0.0138440626 0.22479631
v 0.183257043 0.0160249956 0.23269318
v 0.183257043 0.0138440579 0.23269318
v 0.17998594 0.0160249975 0.22479631
v 0.183257043 0.0160249956 0.23269318
v 0.17998594 0.0138440626 0.22479631
v 0.183257043 0.0138440579 0.23269318
v 0.17998594 0.0160249975 0.24059011
v 0.17998594 0.0138440598 0.24059011
v 0.183257043 0.0160249956 0.23269318
v 0.17998594 0.0160249975 0.24059011
v 0.183257043 0.0138440579 0.23269318
v 0.17998594 0.0138440598 0.24059011
v 0.172088936 0.0160249937 0.243861154
v 0.172088936 0.0138440588 0.243861154
v 0.17998594 0.0160249975 0.24059011
v 0.172088936 0.0160249937 0.243861154
v 0.17998594 0.0138440598 0.24059011
v 0.172088936 0.0138440588 0.243861154
v 0.164192066 0.0160249975 0.24059011
v 0.164192066 0.0138440598 0.24059011
v 0.172088936 0.0160249937 0.243861154
v 0.164192066 0.0160249975 0.24059011
v 0.172088936 0.0138440588 0.243861154
v 0.164192066 0.0138440598 0.24059011
v 0.160921156 0.0160249956 0.23269318
v 0.160921156 0.0138440579 0.23269318
v 0.164192066 0.0160249975 0.24059011
v 0.160921156 0.0160249956 0.23269318
v 0.164192066 0.0138440598 0.24059011
v 0.164192066 0.0138440626 0.22479631
v 0.160921156 0.0160249956 0.23269318
v 0.164192066 0.0160249975 0.22479631
v 0.160921156 0.0138440579 0.23269318
v 0.160921156 0.0160249956 0.23269318
v 0.164192066 0.0138440626 0.22479631
v 0.229350477 0.0216953568 0.225945264
v 0.230294347 0.0228584558 0.226889059
v 0.236098349 0.0228584576 0.224484861
v 0.229350477 0.0216953568 0.225945264
v 0.236098349 0.0228584576 0.224484861
v 0.236098528 0.0216953568 0.223150119
v 0.236098528 0.0205321908 0.223150119
v 0.229350477 0.0216953568 0.225945264
v 0.236098528 0.0216953568 0.223150119
v 0.229350477 0.0205321908 0.225945264
v 0.229350477 0.0216953568 0.225945264
v 0.236098528 0.0205321908 0.223150119
v 0.236098528 0.019369036 0.224276721
v 0.229350477 0.0205321908 0.225945264
v 0.236098528 0.0205321908 0.223150119
v 0.230147183 0.0193690378 0.226741821
v 0.229350477 0.0205321908 0.225945264
v 0.236098528 0.019369036 0.224276721
v 0.236098528 0.0216953568 0.223150119
v 0.236098349 0.0228584576 0.224484861
v 0.24190253 0.0228584558 0.226889059
v 0.236098528 0.0216953568 0.223150119
v 0.24190253 0.0228584558 0.226889059
v 0.242846385 0.0216953568 0.225945264
v 0.242846385 0.0205321908 0.225945264
v 0.236098528 0.0216953568 0.223150119
v 0.242846385 0.0216953568 0.225945264
v 0.236098528 0.0205321908 0.223150119
v 0.236098528 0.0216953568 0.223150119
v 0.242846385 0.0205321908 0.225945264
v 0.242049783 0.0193690378 0.226741821
v 0.236098528 0.0205321908 0.223150119
v 0.242846385 0.0205321908 0.225945264
v 0.236098528 0.019369036 0.224276721
v 0.236098528 0.0205321908 0.223150119
v 0.242049783 0.0193690378 0.226741821
v 0.242846385 0.0216953568 0.225945264
v 0.24190253 0.0228584558 0.226889059
v 0.244306594 0.0228584539 0.232693136
v 0.242846385 0.0216953568 0.225945264
v 0.244306594 0.0228584539 0.232693136
v 0.24564147 0.0216953568 0.232693166
v 0.24564147 0.0205321908 0.232693166
v 0.242846385 0.0216953568 0.225945264
v 0.24564147 0.0216953568 0.232693166
v 0.242846385 0.0205321908 0.225945264
v 0.242846385 0.0216953568 0.225945264
v 0.24564147 0.0205321908 0.232693166
v 0.244514868 0.019369036 0.232693136
v 0.242846385 0.0205321908 0.225945264
v 0.24564147 0.0205321908 0.232693166
v 0.242049783 0.0193690378 0.226741821
v 0.242846385 0.0205321908 0.225945264
v 0.244514868 0.019369036 0.232693136
v 0.24564147 0.0216953568 0.232693166
v 0.244306594 0.0228584539 0.232693136
v 0.24190253 0.0228584558 0.238497242
v 0.24564147 0.0216953568 0.232693166
v 0.24190253 0.0228584558 0.238497242
v 0.242846385 0.0216953531 0.239441082
v 0.242846385 0.0205321908 0.239441082
v 0.24564147 0.0216953568 0.232693166
v 0.242846385 0.0216953531 0.239441082
v 0.24564147 0.0205321908 0.232693166
v 0.24564147 0.0216953568 0.232693166
v 0.242846385 0.0205321908 0.239441082
v 0.242049783 0.019369036 0.238644466
v 0.24564147 0.0205321908 0.232693166
v 0.242846385 0.0205321908 0.239441082
v 0.244514868 0.019369036 0.232693136
v 0.24564147 0.0205321908 0.232693166
v 0.242049783 0.019369036 0.238644466
v 0.236098349 0.0216953531 0.242236078
v 0.24190253 0.0228584558 0.238497242
v 0.236098349 0.0228584539 0.240901351
v 0.242846385 0.0216953531 0.239441082
v 0.24190253 0.0228584558 0.238497242
v 0.236098349 0.0216953531 0.242236078
v 0.236098349 0.0205321871 0.242236078
v 0.242846385 0.0216953531 0.239441082
v 0.236098349 0.0216953531 0.242236078
v 0.242846385 0.0205321908 0.239441082
v 0.242846385 0.0216953531 0.239441082
v 0.236098349 0.0205321871 0.242236078
v 0.242049783 0.019369036 0.238644466
v 0.242846385 0.0205321908 0.239441082
v 0.236098349 0.0205321871 0.242236078
v 0.242049783 0.019369036 0.238644466
v 0.236098349 0.0205321871 0.242236078
v 0.236098349 0.019369036 0.24110955
v 0.229350477 0.0216953531 0.239441052
v 0.236098349 0.0228584539 0.240901351
v 0.230294347 0.0228584558 0.238497257
v 0.236098349 0.0216953531 0.242236078
v 0.236098349 0.0228584539 0.240901351
v 0.229350477 0.0216953531 0.239441052
v 0.229350477 0.0205321908 0.239441082
v 0.236098349 0.0216953531 0.242236078
v 0.229350477 0.0216953531 0.239441052
v 0.236098349 0.0205321871 0.242236078
v 0.236098349 0.0216953531 0.242236078
v 0.229350477 0.0205321908 0.239441082
v 0.236098349 0.019369036 0.24110955
v 0.236098349 0.0205321871 0.242236078
v 0.229350477 0.0205321908 0.239441082
v 0.236098349 0.019369036 0.24110955
v 0.229350477 0.0205321908 0.239441082
v 0.230147183 0.019369036 0.238644466
v 0.226555452 0.0216953568 0.232693136
v 0.230294347 0.0228584558 0.238497257
v 0.227890357 0.0228584539 0.232693106
v 0.229350477 0.0216953531 0.239441052
v 0.230294347 0.0228584558 0.238497257
v 0.226555452 0.0216953568 0.232693136
v 0.226555452 0.0205321908 0.232693136
v 0.229350477 0.0216953531 0.239441052
v 0.226555452 0.0216953568 0.232693136
v 0.229350477 0.0205321908 0.239441082
v 0.229350477 0.0216953531 0.239441052
v 0.226555452 0.0205321908 0.232693136
v 0.230147183 0.019369036 0.238644466
v 0.229350477 0.0205321908 0.239441082
v 0.226555452 0.0205321908 0.232693136
v 0.230147183 0.019369036 0.238644466
v 0.226555452 0.0205321908 0.232693136
v 0.227681965 0.019369036 0.232693136
v 0.227890357 0.0228584539 0.232693106
v 0.230294347 0.0228584558 0.226889059
v 0.229350477 0.0216953568 0.225945264
v 0.227890357 0.0228584539 0.232693106
v 0.229350477 0.0216953568 0.225945264
v 0.226555452 0.0216953568 0.232693136
v 0.226555452 0.0205321908 0.232693136
v 0.229350477 0.0216953568 0.225945264
v 0.229350477 0.0205321908 0.225945264
v 0.226555452 0.0216953568 0.232693136
v 0.229350477 0.0216953568 0.225945264
v 0.226555452 0.0205321908 0.232693136
v 0.227681965 0.019369036 0.232693136
v 0.229350477 0.0205321908 0.225945264
v 0.230147183 0.0193690378 0.226741821
v 0.226555452 0.0205321908 0.232693136
v 0.229350477 0.0205321908 0.225945264
v 0.227681965 0.019369036 0.232693136
v 0.230147183 0.0173335224 0.226741806
v 0.227681965 0.019369036 0.232693136
v 0.230147183 0.0193690378 0.226741821
v 0.227681965 0.0173335243 0.232693136
v 0.227681965 0.019369036 0.232693136
v 0.230147183 0.0173335224 0.226741806
v 0.230147183 0.0173335224 0.238644421
v 0.227681965 0.019369036 0.232693136
v 0.227681965 0.0173335243 0.232693136
v 0.230147183 0.019369036 0.238644466
v 0.227681965 0.019369036 0.232693136
v 0.230147183 0.0173335224 0.238644421
v 0.236098349 0.0173335187 0.24110955
v 0.230147183 0.019369036 0.238644466
v 0.230147183 0.0173335224 0.238644421
v 0.236098349 0.019369036 0.24110955
v 0.230147183 0.019369036 0.238644466
v 0.236098349 0.0173335187 0.24110955
v 0.242049783 0.0173335224 0.238644466
v 0.236098349 0.019369036 0.24110955
v 0.236098349 0.0173335187 0.24110955
v 0.242049783 0.019369036 0.238644466
v 0.236098349 0.019369036 0.24110955
v 0.242049783 0.0173335224 0.238644466
v 0.244514868 0.0173335243 0.232693136
v 0.242049783 0.019369036 0.238644466
v 0.242049783 0.0173335224 0.238644466
v 0.244514868 0.019369036 0.232693136
v 0.242049783 0.019369036 0.238644466
v 0.244514868 0.0173335243 0.232693136
v 0.242049783 0.0173335224 0.226741806
v 0.244514868 0.019369036 0.232693136
v 0.244514868 0.0173335243 0.232693136
v 0.242049783 0.0193690378 0.226741821
v 0.244514868 0.019369036 0.232693136
v 0.242049783 0.0173335224 0.226741806
v 0.236098528 0.0173335224 0.224276692
v 0.242049783 0.0193690378 0.226741821
v 0.242049783 0.0173335224 0.226741806
v 0.236098528 0.019369036 0.224276721
v 0.242049783 0.0193690378 0.226741821
v 0.236098528 0.0173335224 0.224276692
v 0.230147183 0.0173335224 0.226741806
v 0.236098528 0.019369036 0.224276721
v 0.236098528 0.0173335224 0.224276692
v 0.230147183 0.0193690378 0.226741821
v 0.236098528 0.019369036 0.224276721
v 0.230147183 0.0173335224 0.226741806
v 0.228701428 0.0168690253 0.225296184
v 0.236098528 0.0173335224 0.224276692
v 0.236098528 0.0168690234 0.222232237
v 0.230147183 0.0173335224 0.226741806
v 0.236098528 0.0173335224 0.224276692
v 0.228701428 0.0168690253 0.225296184
v 0.236098528 0.0168690234 0.222232237
v 0.242049783 0.0173335224 0.226741806
v 0.243495524 0.0168690253 0.225296184
v 0.236098528 0.0173335224 0.224276692
v 0.242049783 0.0173335224 0.226741806
v 0.236098528 0.0168690234 0.222232237
v 0.243495524 0.0168690253 0.225296184
v 0.244514868 0.0173335243 0.232693136
v 0.246559292 0.0168690234 0.232693166
v 0.242049783 0.0173335224 0.226741806
v 0.244514868 0.0173335243 0.232693136
v 0.243495524 0.0168690253 0.225296184
v 0.246559292 0.0168690234 0.232693166
v 0.242049783 0.0173335224 0.238644466
v 0.243495524 0.0168690216 0.240090132
v 0.244514868 0.0173335243 0.232693136
v 0.242049783 0.0173335224 0.238644466
v 0.246559292 0.0168690234 0.232693166
v 0.242049783 0.0173335224 0.238644466
v 0.236098349 0.0173335187 0.24110955
v 0.236098349 0.0168690234 0.243154094
v 0.242049783 0.0173335224 0.238644466
v 0.236098349 0.0168690234 0.243154094
v 0.243495524 0.0168690216 0.240090132
v 0.236098349 0.0173335187 0.24110955
v 0.230147183 0.0173335224 0.238644421
v 0.228701428 0.0168690216 0.240090072
v 0.236098349 0.0173335187 0.24110955
v 0.228701428 0.0168690216 0.240090072
v 0.236098349 0.0168690234 0.243154094
v 0.230147183 0.0173335224 0.238644421
v 0.227681965 0.0173335243 0.232693136
v 0.2256376 0.0168690234 0.232693166
v 0.230147183 0.0173335224 0.238644421
v 0.2256376 0.0168690234 0.232693166
v 0.228701428 0.0168690216 0.240090072
v 0.228701428 0.0168690253 0.225296184
v 0.227681965 0.0173335243 0.232693136
v 0.230147183 0.0173335224 0.226741806
v 0.2256376 0.0168690234 0.232693166
v 0.227681965 0.0173335243 0.232693136
v 0.228701428 0.0168690253 0.225296184
v 0.228201553 0.0160249975 0.224796191
v 0.2256376 0.0168690234 0.232693166
v 0.228701428 0.0168690253 0.225296184
v 0.224930555 0.0160249956 0.232693166
v 0.2256376 0.0168690234 0.232693166
v 0.228201553 0.0160249975 0.224796191
v 0.228201523 0.0160249975 0.240589991
v 0.2256376 0.0168690234 0.232693166
v 0.224930555 0.0160249956 0.232693166
v 0.228701428 0.0168690216 0.240090072
v 0.2256376 0.0168690234 0.232693166
v 0.228201523 0.0160249975 0.240589991
v 0.236098349 0.0160249937 0.243861109
v 0.228701428 0.0168690216 0.240090072
v 0.228201523 0.0160249975 0.240589991
v 0.236098349 0.0168690234 0.243154094
v 0.228701428 0.0168690216 0.240090072
v 0.236098349 0.0160249937 0.243861109
v 0.243995398 0.0160249975 0.240590006
v 0.236098349 0.0168690234 0.243154094
v 0.236098349 0.0160249937 0.243861109
v 0.243495524 0.0168690216 0.240090132
v 0.236098349 0.0168690234 0.243154094
v 0.243995398 0.0160249975 0.240590006
v 0.246559292 0.0168690234 0.232693166
v 0.243495524 0.0168690216 0.240090132
v 0.243995398 0.0160249975 0.240590006
v 0.246559292 0.0168690234 0.232693166
v 0.243995398 0.0160249975 0.240590006
v 0.247266516 0.0160249956 0.232693136
v 0.243495524 0.0168690253 0.225296184
v 0.246559292 0.0168690234 0.232693166
v 0.247266516 0.0160249956 0.232693136
v 0.243495524 0.0168690253 0.225296184
v 0.247266516 0.0160249956 0.232693136
v 0.243995398 0.0160249975 0.224796191
v 0.236098528 0.0160249993 0.221525162
v 0.243495524 0.0168690253 0.225296184
v 0.243995398 0.0160249975 0.224796191
v 0.236098528 0.0168690234 0.222232237
v 0.243495524 0.0168690253 0.225296184
v 0.236098528 0.0160249993 0.221525162
v 0.228201553 0.0160249975 0.224796191
v 0.236098528 0.0168690234 0.222232237
v 0.236098528 0.0160249993 0.221525162
v 0.228701428 0.0168690253 0.225296184
v 0.236098528 0.0168690234 0.222232237
v 0.228201553 0.0160249975 0.224796191
v 0.228201553 0.0138440626 0.224796191
v 0.236098528 0.0160249993 0.221525162
v 0.236098528 0.0138440616 0.221525162
v 0.228201553 0.0160249975 0.224796191
v 0.236098528 0.0160249993 0.221525162
v 0.228201553 0.0138440626 0.224796191
v 0.236098528 0.0138440616 0.221525162
v 0.243995398 0.0160249975 0.224796191
v 0.243995398 0.0138440626 0.224796191
v 0.236098528 0.0160249993 0.221525162
v 0.243995398 0.0160249975 0.224796191
v 0.236098528 0.0138440616 0.221525162
v 0.243995398 0.0138440626 0.224796191
v 0.247266516 0.0160249956 0.232693136
v 0.247266516 0.0138440579 0.232693136
v 0.243995398 0.0160249975 0.224796191
v 0.247266516 0.0160249956 0.232693136
v 0.243995398 0.0138440626 0.224796191
v 0.247266516 0.0138440579 0.232693136
v 0.243995398 0.0160249975 0.240590006
v 0.243995398 0.0138440598 0.240590006
v 0.247266516 0.0160249956 0.232693136
v 0.243995398 0.0160249975 0.240590006
v 0.247266516 0.0138440579 0.232693136
v 0.243995398 0.0138440598 0.240590006
v 0.236098349 0.0160249937 0.243861109
v 0.236098349 0.0138440588 0.243861109
v 0.243995398 0.0160249975 0.240590006
v 0.236098349 0.0160249937 0.243861109
v 0.243995398 0.0138440598 0.240590006
v 0.236098349 0.0138440588 0.243861109
v 0.228201523 0.0160249975 0.240589991
v 0.228201523 0.0138440598 0.240589991
v 0.236098349 0.0160249937 0.243861109
v 0.228201523 0.0160249975 0.240589991
v 0.236098349 0.0138440588 0.243861109
v 0.228201523 0.0138440598 0.240589991
v 0.224930555 0.0160249956 0.232693166
v 0.224930555 0.0138440579 0.232693166
v 0.228201523 0.0160249975 0.240589991
v 0.224930555 0.0160249956 0.232693166
v 0.228201523 0.0138440598 0.240589991
v 0.228201553 0.0138440626 0.224796191
v 0.224930555 0.0160249956 0.232693166
v 0.228201553 0.0160249975 0.224796191
v 0.224930555 0.0138440579 0.232693166
v 0.224930555 0.0160249956 0.232693166
v 0.228201553 0.0138440626 0.224796191
v 0.151399836 0.234470189 -0.0670883134
v 0.151399836 0.223303422 -0.067088306
v 0.151399836 0.234470144 -0.233650237
v 0.151399836 0.234470189 -0.0670883134
v 0 0.234470189 -0.0670883134
v 0 0.223303422 -0.067088306
v 0.151399836 0.234470144 -0.26158756
v 0.151399836 0.234470144 -0.233650237
v 0.151399836 0.223303393 -0.233650237
v 0 0.234470144 -0.261587799
v 0.151399836 0.234470144 -0.26158756
v 0.151399836 0.223303378 -0.26158756
v -0.151399836 0.223303393 -0.233650237
v -0.151399836 0.223303422 -0.067088306
v -0.151399836 0.234470189 -0.0670883134
v -0.151399836 0.223303422 -0.067088306
v 0 0.223303422 -0.067088306
v 0 0.234470189 -0.0670883134
v -0.151399836 0.223303378 -0.261587799
v -0.151399836 0.223303393 -0.233650237
v -0.151399836 0.234470144 -0.26158756
v 0 0.223303378 -0.261587799
v -0.151399836 0.223303378 -0.26158756
v -0.151399836 0.234470144 -0.26158756
v 0.146940678 0.245359257 -0.0628967583
v 0.146940678 0.243720889 -0.0628967583
v 0.160231575 0.243720889 -0.0628967583
v 0.160231575 0.243720844 -0.267083347
v 0.146940678 0.243720844 -0.267083347
v 0.146940678 0.245359212 -0.267083347
v 0.146940678 0.245359257 -0.0628967583
v 0.160231575 0.243720889 -0.0628967583
v 0.160231575 0.245359257 -0.0628967583
v 0.160231575 0.245359212 -0.267083347
v 0.160231575 0.243720844 -0.267083347
v 0.146940678 0.245359212 -0.267083347
v 0.146940678 0.243720889 -0.0628967583
v 0.146940678 0.245359257 -0.0628967583
v 0.146940649 0.298507363 -0.164519653
v 0.146940649 0.298507363 -0.164519653
v 0.146940678 0.245359212 -0.267083347
v 0.146940678 0.243720844 -0.267083347
v 0.146940678 0.245359257 -0.0628967583
v 0.146940649 0.300145656 -0.164519653
v 0.146940649 0.298507363 -0.164519653
v 0.146940649 0.298507363 -0.164519653
v 0.146940649 0.300145656 -0.164519653
v 0.146940678 0.245359212 -0.267083347
v 0.146940678 0.245359257 -0.0628967583
v 0.160231575 0.245359257 -0.0628967583
v 0.160231471 0.300145656 -0.164519653
v 0.160231471 0.300145656 -0.164519653
v 0.160231575 0.245359212 -0.267083347
v 0.146940678 0.245359212 -0.267083347
v 0.146940678 0.245359257 -0.0628967583
v 0.160231471 0.300145656 -0.164519653
v 0.146940649 0.300145656 -0.164519653
v 0.146940649 0.300145656 -0.164519653
v 0.160231471 0.300145656 -0.164519653
v 0.146940678 0.245359212 -0.267083347
v 0.160231575 0.245359257 -0.0628967583
v 0.160231575 0.243720889 -0.0628967583
v 0.160231471 0.298507363 -0.164519653
v 0.160231471 0.298507363 -0.164519653
v 0.160231575 0.243720844 -0.267083347
v 0.160231575 0.245359212 -0.267083347
v 0.160231575 0.245359257 -0.0628967583
v 0.160231471 0.298507363 -0.164519653
v 0.160231471 0.300145656 -0.164519653
v 0.160231471 0.300145656 -0.164519653
v 0.160231471 0.298507363 -0.164519653
v 0.160231575 0.245359212 -0.267083347
v 0.157959193 0.243720874 -0.0835566595
v 0.157959193 0.291718692 -0.164519653
v 0.157959193 0.294522375 -0.164519653
v 0.157959193 0.294522375 -0.164519653
v 0.157959193 0.291718692 -0.164519653
v 0.157959193 0.243720844 -0.246423438
v 0.157959193 0.243720874 -0.0835566595
v 0.157959193 0.294522375 -0.164519653
v 0.157959282 0.243720889 -0.0724497736
v 0.157959282 0.243720844 -0.257530421
v 0.157959193 0.294522375 -0.164519653
v 0.157959193 0.243720844 -0.246423438
v 0.157959282 0.243720889 -0.0724497736
v 0.157959193 0.294522375 -0.164519653
v 0.160231471 0.294522375 -0.164519653
v 0.160231471 0.294522375 -0.164519653
v 0.157959193 0.294522375 -0.164519653
v 0.157959282 0.243720844 -0.257530421
v 0.157959282 0.243720889 -0.0724497736
v 0.160231471 0.294522375 -0.164519653
v 0.160231471 0.243720889 -0.0724497736
v 0.160231471 0.243720844 -0.257530421
v 0.160231471 0.294522375 -0.164519653
v 0.157959282 0.243720844 -0.257530421
v 0.160231471 0.243720889 -0.0724497736
v 0.160231471 0.294522375 -0.164519653
v 0.160231471 0.298507363 -0.164519653
v 0.160231471 0.298507363 -0.164519653
v 0.160231471 0.294522375 -0.164519653
v 0.160231471 0.243720844 -0.257530421
v 0.160231471 0.243720889 -0.0724497736
v 0.160231471 0.298507363 -0.164519653
v 0.160231575 0.243720889 -0.0628967583
v 0.160231575 0.243720844 -0.267083347
v 0.160231471 0.298507363 -0.164519653
v 0.160231471 0.243720844 -0.257530421
v 0.157959193 0.243720874 -0.0835566595
v 0.155764937 0.243720874 -0.0835566595
v 0.155764937 0.291718692 -0.164519653
v 0.155764937 0.291718692 -0.164519653
v 0.155764937 0.243720844 -0.246423438
v 0.157959193 0.243720844 -0.246423438
v 0.157959193 0.243720874 -0.0835566595
v 0.155764937 0.291718692 -0.164519653
v 0.157959193 0.291718692 -0.164519653
v 0.157959193 0.291718692 -0.164519653
v 0.155764937 0.291718692 -0.164519653
v 0.157959193 0.243720844 -0.246423438
v -0.160231575 0.243720889 -0.0628967583
v -0.146940678 0.243720889 -0.0628967583
v -0.146940678 0.245359257 -0.0628967583
v -0.146940678 0.245359212 -0.267083347
v -0.146940678 0.243720844 -0.267083347
v -0.160231575 0.243720844 -0.267083347
v -0.160231575 0.245359257 -0.0628967583
v -0.160231575 0.243720889 -0.0628967583
v -0.146940678 0.245359257 -0.0628967583
v -0.146940678 0.245359212 -0.267083347
v -0.160231575 0.243720844 -0.267083347
v -0.160231575 0.245359212 -0.267083347
v -0.146940649 0.298507363 -0.164519653
v -0.146940678 0.245359257 -0.0628967583
v -0.146940678 0.243720889 -0.0628967583
v -0.146940678 0.243720844 -0.267083347
v -0.146940678 0.245359212 -0.267083347
v -0.146940649 0.298507363 -0.164519653
v -0.146940649 0.298507363 -0.164519653
v -0.146940649 0.300145656 -0.164519653
v -0.146940678 0.245359257 -0.0628967583
v -0.146940678 0.245359212 -0.267083347
v -0.146940649 0.300145656 -0.164519653
v -0.146940649 0.298507363 -0.164519653
v -0.160231471 0.300145656 -0.164519653
v -0.160231575 0.245359257 -0.0628967583
v -0.146940678 0.245359257 -0.0628967583
v -0.146940678 0.245359212 -0.267083347
v -0.160231575 0.245359212 -0.267083347
v -0.160231471 0.300145656 -0.164519653
v -0.146940649 0.300145656 -0.164519653
v -0.160231471 0.300145656 -0.164519653
v -0.146940678 0.245359257 -0.0628967583
v -0.146940678 0.245359212 -0.267083347
v -0.160231471 0.300145656 -0.164519653
v -0.146940649 0.300145656 -0.164519653
v -0.160231471 0.298507363 -0.164519653
v -0.160231575 0.243720889 -0.0628967583
v -0.160231575 0.245359257 -0.0628967583
v -0.160231575 0.245359212 -0.267083347
v -0.160231575 0.243720844 -0.267083347
v -0.160231471 0.298507363 -0.164519653
v -0.160231471 0.300145656 -0.164519653
v -0.160231471 0.298507363 -0.164519653
v -0.160231575 0.245359257 -0.0628967583
v -0.160231575 0.245359212 -0.267083347
v -0.160231471 0.298507363 -0.164519653
v -0.160231471 0.300145656 -0.164519653
v -0.157959238 0.294522375 -0.164519653
v -0.157959238 0.291718692 -0.164519653
v -0.157959238 0.243720874 -0.0835566595
v -0.157959238 0.243720844 -0.246423438
v -0.157959238 0.291718692 -0.164519653
v -0.157959238 0.294522375 -0.164519653
v -0.157959282 0.243720889 -0.0724497736
v -0.157959238 0.294522375 -0.164519653
v -0.157959238 0.243720874 -0.0835566595
v -0.157959238 0.243720844 -0.246423438
v -0.157959238 0.294522375 -0.164519653
v -0.157959282 0.243720844 -0.257530421
v -0.160231471 0.294522375 -0.164519653
v -0.157959238 0.294522375 -0.164519653
v -0.157959282 0.243720889 -0.0724497736
v -0.157959282 0.243720844 -0.257530421
v -0.157959238 0.294522375 -0.164519653
v -0.160231471 0.294522375 -0.164519653
v -0.160231471 0.243720889 -0.0724497736
v -0.160231471 0.294522375 -0.164519653
v -0.157959282 0.243720889 -0.0724497736
v -0.157959282 0.243720844 -0.257530421
v -0.160231471 0.294522375 -0.164519653
v -0.160231471 0.243720844 -0.257530421
v -0.160231471 0.298507363 -0.164519653
v -0.160231471 0.294522375 -0.164519653
v -0.160231471 0.243720889 -0.0724497736
v -0.160231471 0.243720844 -0.257530421
v -0.160231471 0.294522375 -0.164519653
v -0.160231471 0.298507363 -0.164519653
v -0.160231575 0.243720889 -0.0628967583
v -0.160231471 0.298507363 -0.164519653
v -0.160231471 0.243720889 -0.0724497736
v -0.160231471 0.243720844 -0.257530421
v -0.160231471 0.298507363 -0.164519653
v -0.160231575 0.243720844 -0.267083347
v -0.155764937 0.291718692 -0.164519653
v -0.155764937 0.243720874 -0.0835566595
v -0.157959238 0.243720874 -0.0835566595
v -0.157959238 0.243720844 -0.246423438
v -0.155764937 0.243720844 -0.246423438
v -0.155764937 0.291718692 -0.164519653
v -0.157959238 0.291718692 -0.164519653
v -0.155764937 0.291718692 -0.164519653
v -0.157959238 0.243720874 -0.0835566595
v -0.157959238 0.243720844 -0.246423438
v -0.155764937 0.291718692 -0.164519653
v -0.157959238 0.291718692 -0.164519653
v 0.108742431 0.154937908 0.0855496749
v 0.108742431 0.154937878 -0.0677046478
v 0.108742431 0.144663274 -0.0677046478
v 0.2480461 0.154937908 0.0855496749
v 0.2480461 0.154937938 0.238804087
v 0.2480461 0.144663349 0.238804087
v 0.2480461 0.154937938 0.238804087
v 0.108742431 0.154937938 0.238804087
v 0.108742431 0.144663349 0.238804087
v 0.2480461 0.154937878 -0.0677046478
v 0.2480461 0.154937908 0.0855496749
v 0.2480461 0.144663304 0.0855496749
v 0.108742431 0.154937938 0.238804087
v 0.108742431 0.154937908 0.0855496749
v 0.108742431 0.144663304 0.0855496749
v -0.108742431 0.144663304 0.0855496749
v -0.108742431 0.144663274 -0.0677046478
v -0.108742431 0.154937878 -0.0677046478
v -0.2480461 0.144663304 0.0855496749
v -0.2480461 0.144663349 0.238804087
v -0.2480461 0.154937938 0.238804087
v -0.2480461 0.144663349 0.238804087
v -0.108742431 0.144663349 0.238804087
v -0.108742431 0.154937938 0.238804087
v -0.2480461 0.144663274 -0.0677046478
v -0.2480461 0.144663304 0.0855496749
v -0.2480461 0.154937908 0.0855496749
v -0.108742431 0.144663349 0.238804087
v -0.108742431 0.144663304 0.0855496749
v -0.108742431 0.154937908 0.0855496749
v 0.177039877 0.195705995 0.248396903
v 0.177039877 0.195705935 -0.0677046552
v 0.17239888 0.193057403 -0.0677046552
v 0.181680858 0.193057403 -0.0677046552
v 0.177039877 0.195705935 -0.0677046552
v 0.177039877 0.195705995 0.248396903
v 0.177039877 0.195705995 0.248396903
v 0.17239888 0.193057403 -0.0677046552
v 0.172398925 0.193057463 0.248396978
v 0.181680813 0.193057463 0.248396978
v 0.181680858 0.193057403 -0.0677046552
v 0.177039877 0.195705995 0.248396903
v 0.102716513 0.161240831 0.245932639
v 0.102716476 0.161240757 -0.0642307922
v 0.10697449 0.154937953 0.240505785
v 0.2480461 0.154937953 0.240505785
v 0.252304137 0.161240757 -0.0677046031
v 0.252304107 0.161240831 0.245932639
v 0.102716476 0.161240757 -0.0642307922
v 0.10697449 0.154937878 -0.0588996857
v 0.10697449 0.154937953 0.240505785
v 0.2480461 0.154937953 0.240505785
v 0.248046145 0.154937878 -0.0677046031
v 0.252304137 0.161240757 -0.0677046031
v 0.177039877 0.161240831 0.245932609
v 0.102716513 0.161240831 0.245932639
v 0.10697449 0.154937953 0.240505785
v 0.2480461 0.154937953 0.240505785
v 0.252304107 0.161240831 0.245932639
v 0.177039877 0.161240831 0.245932609
v 0.177039877 0.161240831 0.245932609
v 0.10697449 0.154937953 0.240505785
v 0.177039877 0.154937953 0.240505785
v 0.177039877 0.154937953 0.240505785
v 0.2480461 0.154937953 0.240505785
v 0.177039877 0.161240831 0.245932609
v 0.177039877 0.161240831 0.248446167
v 0.100347929 0.161240831 0.248446226
v 0.102716513 0.161240831 0.245932639
v 0.252304107 0.161240831 0.245932639
v 0.254672587 0.161240831 0.248446226
v 0.177039877 0.161240831 0.248446167
v 0.177039877 0.161240831 0.248446167
v 0.102716513 0.161240831 0.245932639
v 0.177039877 0.161240831 0.245932609
v 0.177039877 0.161240831 0.245932609
v 0.252304107 0.161240831 0.245932639
v 0.177039877 0.161240831 0.248446167
v 0.100347929 0.161240831 0.248446226
v 0.100347906 0.161240757 -0.0667443499
v 0.102716476 0.161240757 -0.0642307922
v 0.252304137 0.161240757 -0.0677046031
v 0.254672587 0.161240757 -0.0677046031
v 0.254672587 0.161240831 0.248446226
v 0.100347929 0.161240831 0.248446226
v 0.102716476 0.161240757 -0.0642307922
v 0.102716513 0.161240831 0.245932639
v 0.252304107 0.161240831 0.245932639
v 0.252304137 0.161240757 -0.0677046031
v 0.254672587 0.161240831 0.248446226
v 0.177039877 0.164634675 0.248396829
v 0.0984722674 0.164634675 0.248396829
v 0.100347929 0.161240831 0.248446226
v 0.254672587 0.161240831 0.248446226
v 0.256548375 0.164634675 0.248396829
v 0.177039877 0.164634675 0.248396829
v 0.177039877 0.164634675 0.248396829
v 0.100347929 0.161240831 0.248446226
v 0.177039877 0.161240831 0.248446167
v 0.177039877 0.161240831 0.248446167
v 0.254672587 0.161240831 0.248446226
v 0.177039877 0.164634675 0.248396829
v 0.0984722674 0.164634675 0.248396829
v 0.0984721929 0.1646346 -0.066695109
v 0.100347906 0.161240757 -0.0667443499
v 0.254672587 0.161240757 -0.0677046031
v 0.256548375 0.1646346 -0.0677046031
v 0.256548375 0.164634675 0.248396829
v 0.0984722674 0.164634675 0.248396829
v 0.100347906 0.161240757 -0.0667443499
v 0.100347929 0.161240831 0.248446226
v 0.254672587 0.161240831 0.248446226
v 0.254672587 0.161240757 -0.0677046031
v 0.256548375 0.164634675 0.248396829
v 0.111674502 0.164634675 0.242220312
v 0.0984722674 0.164634675 0.248396829
v 0.177039877 0.164634675 0.248396829
v 0.177039877 0.164634675 0.248396829
v 0.256548375 0.164634675 0.248396829
v 0.24334611 0.164634675 0.242220312
v 0.111674502 0.164634675 0.242220312
v 0.177039877 0.164634675 0.248396829
v 0.177039877 0.164634675 0.242220238
v 0.177039877 0.164634675 0.242220238
v 0.177039877 0.164634675 0.248396829
v 0.24334611 0.164634675 0.242220312
v -0.17239888 0.193057403 -0.0677046552
v -0.177039877 0.195705935 -0.0677046552
v -0.177039877 0.195705995 0.248396903
v -0.177039877 0.195705995 0.248396903
v -0.177039877 0.195705935 -0.0677046552
v -0.181680858 0.193057403 -0.0677046552
v -0.172398925 0.193057463 0.248396978
v -0.17239888 0.193057403 -0.0677046552
v -0.177039877 0.195705995 0.248396903
v -0.177039877 0.195705995 0.248396903
v -0.181680858 0.193057403 -0.0677046552
v -0.181680813 0.193057463 0.248396978
v -0.10697449 0.154937953 0.240505785
v -0.102716476 0.161240757 -0.0642307922
v -0.102716513 0.161240831 0.245932639
v -0.252304107 0.161240831 0.245932639
v -0.252304137 0.161240757 -0.0677046031
v -0.2480461 0.154937953 0.240505785
v -0.10697449 0.154937953 0.240505785
v -0.10697449 0.154937878 -0.0588996857
v -0.102716476 0.161240757 -0.0642307922
v -0.252304137 0.161240757 -0.0677046031
v -0.248046145 0.154937878 -0.0677046031
v -0.2480461 0.154937953 0.240505785
v -0.10697449 0.154937953 0.240505785
v -0.102716513 0.161240831 0.245932639
v -0.177039877 0.161240831 0.245932609
v -0.177039877 0.161240831 0.245932609
v -0.252304107 0.161240831 0.245932639
v -0.2480461 0.154937953 0.240505785
v -0.177039877 0.154937953 0.240505785
v -0.10697449 0.154937953 0.240505785
v -0.177039877 0.161240831 0.245932609
v -0.177039877 0.161240831 0.245932609
v -0.2480461 0.154937953 0.240505785
v -0.177039877 0.154937953 0.240505785
v -0.102716513 0.161240831 0.245932639
v -0.100347929 0.161240831 0.248446226
v -0.177039877 0.161240831 0.248446167
v -0.177039877 0.161240831 0.248446167
v -0.254672587 0.161240831 0.248446226
v -0.252304107 0.161240831 0.245932639
v -0.177039877 0.161240831 0.245932609
v -0.102716513 0.161240831 0.245932639
v -0.177039877 0.161240831 0.248446167
v -0.177039877 0.161240831 0.248446167
v -0.252304107 0.161240831 0.245932639
v -0.177039877 0.161240831 0.245932609
v -0.102716476 0.161240757 -0.0642307922
v -0.100347906 0.161240757 -0.0667443499
v -0.100347929 0.161240831 0.248446226
v -0.254672587 0.161240831 0.248446226
v -0.254672587 0.161240757 -0.0677046031
v -0.252304137 0.161240757 -0.0677046031
v -0.102716513 0.161240831 0.245932639
v -0.102716476 0.161240757 -0.0642307922
v -0.100347929 0.161240831 0.248446226
v -0.254672587 0.161240831 0.248446226
v -0.252304137 0.161240757 -0.0677046031
v -0.252304107 0.161240831 0.245932639
v -0.100347929 0.161240831 0.248446226
v -0.0984722674 0.164634675 0.248396829
v -0.177039877 0.164634675 0.248396829
v -0.177039877 0.164634675 0.248396829
v -0.256548375 0.164634675 0.248396829
v -0.254672587 0.161240831 0.248446226
v -0.177039877 0.161240831 0.248446167
v -0.100347929 0.161240831 0.248446226
v -0.177039877 0.164634675 0.248396829
v -0.177039877 0.164634675 0.248396829
v -0.254672587 0.161240831 0.248446226
v -0.177039877 0.161240831 0.248446167
v -0.100347906 0.161240757 -0.0667443499
v -0.0984721929 0.1646346 -0.066695109
v -0.0984722674 0.164634675 0.248396829
v -0.256548375 0.164634675 0.248396829
v -0.256548375 0.1646346 -0.0677046031
v -0.254672587 0.161240757 -0.0677046031
v -0.100347929 0.161240831 0.248446226
v -0.100347906 0.161240757 -0.0667443499
v -0.0984722674 0.164634675 0.248396829
v -0.256548375 0.164634675 0.248396829
v -0.254672587 0.161240757 -0.0677046031
v -0.254672587 0.161240831 0.248446226
v -0.177039877 0.164634675 0.248396829
v -0.0984722674 0.164634675 0.248396829
v -0.111674502 0.164634675 0.242220312
v -0.24334611 0.164634675 0.242220312
v -0.256548375 0.164634675 0.248396829
v -0.177039877 0.164634675 0.248396829
v -0.177039877 0.164634675 0.242220238
v -0.177039877 0.164634675 0.248396829
v -0.111674502 0.164634675 0.242220312
v -0.24334611 0.164634675 0.242220312
v -0.177039877 0.164634675 0.248396829
v -0.177039877 0.164634675 0.242220238
v 0 0.241109818 0.0218077656
v 0 0.241109803 -0.196138352
v -0.00348657672 0.239002272 -0.196138352
v 0.00348657672 0.239002272 -0.196138352
v 0 0.241109803 -0.196138352
v 0 0.241109818 0.0218077656
v 0 0.241109818 0.0218077656
v -0.00348657672 0.239002272 -0.196138352
v -0.00590342982 0.237541318 0.0218078252
v 0.00590342982 0.237541318 0.0218078252
v 0.00590345776 0.237541318 -0.196138352
v 0.00348657672 0.239002272 -0.196138352
v -0.105857417 0.195170805 0.00904079154
v -0.105857417 0.192963347 0.00904079247
v -0.105857417 0.192963347 0.0218078345
v 0.105857417 0.192963347 0.0218078345
v 0.105857417 0.192963347 0.00904079247
v 0.105857417 0.195170805 0.00904079154
v -0.105857417 0.195170805 0.00904079154
v -0.105857417 0.192963347 0.0218078345
v -0.105857417 0.195170805 0.0218078345
v 0.105857417 0.195170805 0.0218078345
v 0.105857417 0.192963347 0.0218078345
v 0.105857417 0.195170805 0.00904079154
v -0.105857417 0.192963347 0.00904079247
v -0.105857417 0.195170805 0.00904079154
v 0 0.23916547 0.00904075243
v 0 0.23916547 0.00904075243
v 0.105857417 0.195170805 0.00904079154
v 0.105857417 0.192963347 0.00904079247
v -0.105857417 0.195170805 0.00904079154
v 0 0.241372868 0.00904075149
v 0 0.23916547 0.00904075243
v 0 0.23916547 0.00904075243
v 0 0.241372868 0.00904075149
v 0.105857417 0.195170805 0.00904079154
v -0.105857417 0.195170805 0.00904079154
v -0.105857417 0.195170805 0.0218078345
v 0 0.241372868 0.0218077656
v 0 0.241372868 0.0218077656
v 0.105857417 0.195170805 0.0218078345
v 0.105857417 0.195170805 0.00904079154
v -0.105857417 0.195170805 0.00904079154
v 0 0.241372868 0.0218077656
v 0 0.241372868 0.00904075149
v 0 0.241372868 0.00904075149
v 0 0.241372868 0.0218077656
v 0.105857417 0.195170805 0.00904079154
v -0.105857417 0.195170805 0.0218078345
v -0.105857417 0.192963347 0.0218078345
v 0 0.23916547 0.0218077656
v 0 0.23916547 0.0218077656
v 0.105857417 0.192963347 0.0218078345
v 0.105857417 0.195170805 0.0218078345
v -0.105857417 0.195170805 0.0218078345
v 0 0.23916547 0.0218077656
v 0 0.241372868 0.0218077656
v 0 0.241372868 0.0218077656
v 0 0.23916547 0.0218077656
v 0.105857417 0.195170805 0.0218078345
v 0 0.23916547 0.0218077656
v 0 0.23916541 -0.196138352
v -0.0625192821 0.211878464 -0.196138337
v 0.0625192821 0.211878464 -0.196138337
v 0 0.23916541 -0.196138352
v 0 0.23916547 0.0218077656
v 0 0.23916547 0.0218077656
v -0.0625192821 0.211878464 -0.196138337
v -0.105857417 0.192963347 0.0218078345
v 0.105857417 0.192963347 0.0218078345
v 0.105857469 0.192963287 -0.196138337
v 0.0625192821 0.211878464 -0.196138337
v -0.0843074992 0.192963347 0.0196250565
v 0 0.230018839 0.0196250491
v 0 0.233796149 0.0196250472
v 0 0.233796149 0.0196250472
v 0 0.230018839 0.0196250491
v 0.0843074992 0.192963347 0.0196250565
v -0.0843074992 0.192963347 0.0196250565
v 0 0.233796149 0.0196250472
v -0.0958928764 0.192963347 0.0196251143
v 0.0958928764 0.192963347 0.0196251143
v 0 0.233796149 0.0196250472
v 0.0843074992 0.192963347 0.0196250565
v -0.0958928764 0.192963347 0.0196251143
v 0 0.233796149 0.0196250472
v 0 0.233796149 0.0218077675
v 0 0.233796149 0.0218077675
v 0 0.233796149 0.0196250472
v 0.0958928764 0.192963347 0.0196251143
v -0.0958928764 0.192963347 0.0196251143
v 0 0.233796149 0.0218077675
v -0.0958928764 0.192963347 0.0218077768
v 0.0958928764 0.192963347 0.0218077768
v 0 0.233796149 0.0218077675
v 0.0958928764 0.192963347 0.0196251143
v -0.0958928764 0.192963347 0.0218077768
v 0 0.233796149 0.0218077675
v 0 0.23916547 0.0218077656
v 0 0.23916547 0.0218077656
v 0 0.233796149 0.0218077675
v 0.0958928764 0.192963347 0.0218077768
v -0.0958928764 0.192963347 0.0218077768
v 0 0.23916547 0.0218077656
v -0.105857417 0.192963347 0.0218078345
v 0.105857417 0.192963347 0.0218078345
v 0 0.23916547 0.0218077656
v 0.0958928764 0.192963347 0.0218077768
v -0.0944019705 0.179898545 0.0111757033
v -0.0944019705 0.1798985 -0.196138367
v -0.0944019705 0.175527796 -0.196138367
v 0.0944019705 0.16908218 0.0111757061
v 0.0944019705 0.175527796 -0.196138367
v 0.0944019705 0.179898545 0.0111757033
v -0.0944019705 0.175527796 -0.196138367
v -0.0944019705 0.169082135 -0.196138307
v -0.0944019705 0.16908218 0.0111757061
v -0.0944019705 0.16908218 0.0111757061
v 0 0.16908218 0.0111757061
v -0.0944019705 0.179898545 0.0111757033
v 0.0944019705 0.179898545 0.0111757033
v 0 0.16908218 0.0111757061
v 0.0944019705 0.16908218 0.0111757061
v 0 0.16908218 0.0111757061
v 0 0.179898545 0.0111757033
v -0.0944019705 0.179898545 0.0111757033
v 0.0944019705 0.179898545 0.0111757033
v 0 0.179898545 0.0111757033
v 0 0.16908218 0.0111757061
v 0 0.188390628 0.0184874777
v -0.10013897 0.188390628 0.0184875336
v -0.0944019705 0.179898545 0.0111757033
v 0.0944019705 0.179898545 0.0111757033
v 0.10013897 0.188390628 0.0184875336
v 0 0.188390628 0.0184874777
v 0 0.188390628 0.0184874777
v -0.0944019705 0.179898545 0.0111757033
v 0 0.179898545 0.0111757033
v 0 0.179898545 0.0111757033
v 0.0944019705 0.179898545 0.0111757033
v 0 0.188390628 0.0184874777
v -0.0831539556 0.16908218 0.00380159286
v -0.0952849463 0.16908218 0.0120586837
v 0 0.16908218 0.0120586837
v 0 0.16908218 0.0120586837
v 0.0952849463 0.16908218 0.0120586837
v 0.0831539556 0.16908218 0.00380159286
v -0.0831539556 0.16908218 0.00380159286
v 0 0.16908218 0.0120586837
v 0 0.16908218 0.00380159286
v 0 0.16908218 0.00380159286
v 0 0.16908218 0.0120586837
v 0.0831539556 0.16908218 0.00380159286
v -0.0878870711 0.169082135 -0.196138337
v -0.0952849761 0.169082135 -0.196138337
v -0.0952849463 0.16908218 0.0120586837
v 0.0952849463 0.16908218 0.0120586837
v 0.0952849761 0.169082135 -0.196138337
v 0.0878870711 0.169082135 -0.196138337
v -0.0878870711 0.169082135 -0.196138337
v -0.0952849463 0.16908218 0.0120586837
v -0.0831539556 0.16908218 0.00380159286
v 0.0831539556 0.16908218 0.00380159286
v 0.0952849463 0.16908218 0.0120586837
v 0.0878870711 0.169082135 -0.196138337
v -0.0939604416 0.15775077 0.0107342647
v 0 0.15775077 0.0107342647
v 0 0.16908218 0.0120586837
v 0 0.16908218 0.0120586837
v 0 0.15775077 0.0107342647
v 0.0939604416 0.15775077 0.0107342647
v -0.0939604416 0.15775077 0.0107342647
v 0 0.16908218 0.0120586837
v -0.0952849463 0.16908218 0.0120586837
v 0.0952849463 0.16908218 0.0120586837
v 0 0.16908218 0.0120586837
v 0.0939604416 0.15775077 0.0107342647
v 0 0.188390642 0.0218740869
v -0.103330247 0.188390642 0.0218741186
v -0.10013897 0.188390628 0.0184875336
v 0.10013897 0.188390628 0.0184875336
v 0.103330247 0.188390642 0.0218741186
v 0 0.188390642 0.0218740869
v 0 0.188390642 0.0218740869
v -0.10013897 0.188390628 0.0184875336
v 0 0.188390628 0.0184874777
v 0 0.188390628 0.0184874777
v 0.10013897 0.188390628 0.0184875336
v 0 0.188390642 0.0218740869
v 0 0.192963347 0.0218076892
v -0.105857417 0.192963347 0.0218076892
v -0.103330247 0.188390642 0.0218741186
v 0.103330247 0.188390642 0.0218741186
v 0.105857417 0.192963347 0.0218076892
v 0 0.192963347 0.0218076892
v 0 0.192963347 0.0218076892
v -0.103330247 0.188390642 0.0218741186
v 0 0.188390642 0.0218740869
v 0 0.188390642 0.0218740869
v 0.103330247 0.188390642 0.0218741186
v 0 0.192963347 0.0218076892
v -0.0880694985 0.192963347 0.013485807
v -0.105857417 0.192963347 0.0218076892
v 0 0.192963347 0.0218076892
v 0 0.192963347 0.0218076892
v 0.105857417 0.192963347 0.0218076892
v 0.0880694985 0.192963347 0.013485807
v -0.0880694985 0.192963347 0.013485807
v 0 0.192963347 0.0218076892
v 0 0.192963347 0.0134857511
v 0 0.192963347 0.0134857511
v 0 0.192963347 0.0218076892
v 0.0880694985 0.192963347 0.013485807
v -0.0843074992 0.192963347 0.0196250565
v -0.0843074992 0.192963347 0.0175172575
v 0 0.230018839 0.01751725
v 0 0.230018839 0.01751725
v 0.0843074992 0.192963347 0.0175172575
v 0.0843074992 0.192963347 0.0196250565
v -0.0843074992 0.192963347 0.0196250565
v 0 0.230018839 0.01751725
v 0 0.230018839 0.0196250491
v 0 0.230018839 0.0196250491
v 0 0.230018839 0.01751725
v 0.0843074992 0.192963347 0.0196250565
v -0.0843074992 0.192963332 -0.0608624816
v 0 0.230018809 -0.0671336502
v 0 0.230018809 -0.0608624183
v 0 0.230018809 -0.0608624183
v 0 0.230018809 -0.0671336502
v 0.0843074992 0.192963332 -0.0608624816
v -0.0843074992 0.192963332 -0.0608624816
v -0.0843074992 0.192963332 -0.0671336427
v 0 0.230018809 -0.0671336502
v 0 0.230018809 -0.0671336502
v 0.0843074992 0.192963332 -0.0671336427
v 0.0843074992 0.192963332 -0.0608624816
v -0.0958928764 0.192963332 -0.0543684661
v 0 0.239165455 -0.0543684773
v -0.105857417 0.192963332 -0.0543682389
v 0.105857417 0.192963332 -0.0543682389
v 0 0.239165455 -0.0543684773
v 0.0958928764 0.192963332 -0.0543684661
v -0.0958928764 0.192963332 -0.0543684661
v 0 0.233796135 -0.0543684773
v 0 0.239165455 -0.0543684773
v 0 0.239165455 -0.0543684773
v 0 0.233796135 -0.0543684773
v 0.0958928764 0.192963332 -0.0543684661
v -0.0958928764 0.192963332 -0.0608622804
v 0 0.233796135 -0.0543684773
v -0.0958928764 0.192963332 -0.0543684661
v 0.0958928764 0.192963332 -0.0543684661
v 0 0.233796135 -0.0543684773
v 0.0958928764 0.192963332 -0.0608622804
v -0.0958928764 0.192963332 -0.0608622804
v 0 0.233796135 -0.0608624183
v 0 0.233796135 -0.0543684773
v 0 0.233796135 -0.0543684773
v 0 0.233796135 -0.0608624183
v 0.0958928764 0.192963332 -0.0608622804
v -0.0843074992 0.192963332 -0.0608624816
v 0 0.233796135 -0.0608624183
v -0.0958928764 0.192963332 -0.0608622804
v 0.0958928764 0.192963332 -0.0608622804
v 0 0.233796135 -0.0608624183
v 0.0843074992 0.192963332 -0.0608624816
v -0.0843074992 0.192963332 -0.0608624816
v 0 0.230018809 -0.0608624183
v 0 0.233796135 -0.0608624183
v 0 0.233796135 -0.0608624183
v 0 0.230018809 -0.0608624183
v 0.0843074992 0.192963332 -0.0608624816
v -0.105857417 0.19517079 -0.0543682389
v 0 0.239165455 -0.0543684773
v 0 0.241372854 -0.0543684773
v 0 0.241372854 -0.0543684773
v 0 0.239165455 -0.0543684773
v 0.105857417 0.19517079 -0.0543682389
v -0.105857417 0.19517079 -0.0543682389
v -0.105857417 0.192963332 -0.0543682389
v 0 0.239165455 -0.0543684773
v 0 0.239165455 -0.0543684773
v 0.105857417 0.192963332 -0.0543682389
v 0.105857417 0.19517079 -0.0543682389
v -0.105857417 0.195170775 -0.0923527628
v 0 0.241372854 -0.0543684773
v 0 0.241372839 -0.092352882
v 0 0.241372839 -0.092352882
v 0 0.241372854 -0.0543684773
v 0.105857417 0.195170775 -0.0923527628
v -0.105857417 0.195170775 -0.0923527628
v -0.105857417 0.19517079 -0.0543682389
v 0 0.241372854 -0.0543684773
v 0 0.241372854 -0.0543684773
v 0.105857417 0.19517079 -0.0543682389
v 0.105857417 0.195170775 -0.0923527628
v -0.105857417 0.195170775 -0.0923527628
v -0.105857417 0.192963332 -0.0543682389
v -0.105857417 0.19517079 -0.0543682389
v 0.105857417 0.19517079 -0.0543682389
v 0.105857417 0.192963332 -0.0543682389
v 0.105857417 0.195170775 -0.0923527628
v -0.105857417 0.195170775 -0.0923527628
v -0.105857417 0.192963317 -0.0923527628
v -0.105857417 0.192963332 -0.0543682389
v 0.105857417 0.192963332 -0.0543682389
v 0.105857417 0.192963317 -0.0923527628
v 0.105857417 0.195170775 -0.0923527628
v 0 0.15775077 0.0107342647
v 0 0.157750711 -0.196138337
v 0.0560155585 0.157750711 -0.196138337
v -0.105857417 0.192963347 0.0218076892
v -0.104365163 0.190263137 -0.196138293
v -0.103330247 0.188390583 -0.196138337
v -0.0977516174 0.184856728 -0.196138307
v -0.0944019705 0.1798985 -0.196138367
v -0.0944019705 0.179898545 0.0111757033
v -0.0939604416 0.15775077 0.0107342647
v -0.0939604416 0.157750711 -0.196138337
v -0.0560155585 0.157750711 -0.196138337
v 0.0939604416 0.15775077 0.0107342647
v 0.0939604416 0.157750711 -0.196138337
v 0.0944933072 0.162309378 -0.196138337
v 0.101428144 0.188390583 -0.196138367
v 0.103330247 0.188390583 -0.196138337
v 0.103330247 0.188390642 0.0218741186
v -0.0952849463 0.16908218 0.0120586837
v -0.0952849761 0.169082135 -0.196138337
v -0.0944933072 0.162309378 -0.196138337
v 0.103330247 0.188390642 0.0218741186
v 0.103330247 0.188390583 -0.196138337
v 0.105857417 0.192963347 0.0218076892
v 0.0944019705 0.179898545 0.0111757033
v 0.0944019705 0.1798985 -0.196138367
v 0.0977516174 0.184856728 -0.196138307
v 0 0.15775077 0.0107342647
v 0.0560155585 0.157750711 -0.196138337
v 0.0939604416 0.15775077 0.0107342647
v -0.105857417 0.192963347 0.0218076892
v -0.105857469 0.192963287 -0.196138337
v -0.104365163 0.190263137 -0.196138293
v -0.10013897 0.188390628 0.0184875336
v -0.100138992 0.188390583 -0.196138337
v -0.0944019705 0.179898545 0.0111757033
v -0.103330247 0.188390642 0.0218741186
v -0.101428144 0.188390583 -0.196138367
v -0.10013897 0.188390628 0.0184875336
v 0.0944933072 0.162309378 -0.196138337
v 0.0952849761 0.169082135 -0.196138337
v 0.0952849463 0.16908218 0.0120586837
v -0.0560155585 0.157750711 -0.196138337
v 0 0.157750711 -0.196138337
v 0 0.15775077 0.0107342647
v 0.104365163 0.190263137 -0.196138293
v 0.105857469 0.192963287 -0.196138337
v 0.105857417 0.192963347 0.0218076892
v 0.0944019705 0.179898545 0.0111757033
v 0.0977516174 0.184856728 -0.196138307
v 0.100138992 0.188390583 -0.196138337
v 0.10013897 0.188390628 0.0184875336
v 0.100138992 0.188390583 -0.196138337
v 0.101428144 0.188390583 -0.196138367
v 0.0944019705 0.16908218 0.0111757061
v 0.0944019705 0.169082135 -0.196138307
v 0.0944019705 0.175527796 -0.196138367
v -0.0952849463 0.16908218 0.0120586837
v -0.0944933072 0.162309378 -0.196138337
v -0.0939604416 0.15775077 0.0107342647
v -0.103330247 0.188390642 0.0218741186
v -0.103330247 0.188390583 -0.196138337
v -0.101428144 0.188390583 -0.196138367
v 0.242725372 0.242618695 -0.164519638
v 0 0.242618755 -0.164519623
v 0 0.239970237 -0.158886939
v 0 0.239970237 -0.170152292
v 0 0.242618755 -0.164519623
v 0.242725372 0.242618695 -0.164519638
v 0.242725372 0.242618695 -0.164519638
v 0 0.239970237 -0.158886939
v 0.242725387 0.239970192 -0.158886969
v 0.242725387 0.239970192 -0.170152262
v 0 0.239970237 -0.170152292
v 0.242725372 0.242618695 -0.164519638
v 0.250150502 0.198398337 -0.0666566268
v 0 0.198398337 -0.0666565821
v 0.248046055 0.192095488 -0.0666822568
v 0.248046055 0.192095444 -0.263297707
v 0 0.198398292 -0.263323367
v 0.250150502 0.198398292 -0.263323367
v 0 0.198398337 -0.0666565821
v 0 0.192095488 -0.0666822568
v 0.248046055 0.192095488 -0.0666822568
v 0.248046055 0.192095444 -0.263297707
v 0 0.192095444 -0.263297975
v 0 0.198398292 -0.263323367
v 0.250150472 0.198398307 -0.164382383
v 0.250150502 0.198398337 -0.0666566268
v 0.248046055 0.192095488 -0.0666822568
v 0.248046055 0.192095444 -0.263297707
v 0.250150502 0.198398292 -0.263323367
v 0.250150472 0.198398307 -0.164382383
v 0.250150472 0.198398307 -0.164382383
v 0.248046055 0.192095488 -0.0666822568
v 0.248046055 0.192095459 -0.16437155
v 0.248046055 0.192095459 -0.16437155
v 0.248046055 0.192095444 -0.263297707
v 0.250150472 0.198398307 -0.164382383
v 0.253675997 0.198398307 -0.164382383
v 0.253676087 0.198398337 -0.0653195456
v 0.250150502 0.198398337 -0.0666566268
v 0.250150502 0.198398292 -0.263323367
v 0.253676087 0.198398292 -0.264660418
v 0.253675997 0.198398307 -0.164382383
v 0.253675997 0.198398307 -0.164382383
v 0.250150502 0.198398337 -0.0666566268
v 0.250150472 0.198398307 -0.164382383
v 0.250150472 0.198398307 -0.164382383
v 0.250150502 0.198398292 -0.263323367
v 0.253675997 0.198398307 -0.164382383
v 0.253676087 0.198398337 -0.0653195456
v 0 0.198398337 -0.0653194711
v 0 0.198398337 -0.0666565821
v 0 0.198398292 -0.263323367
v 0 0.198398292 -0.264660686
v 0.253676087 0.198398292 -0.264660418
v 0.253676087 0.198398337 -0.0653195456
v 0 0.198398337 -0.0666565821
v 0.250150502 0.198398337 -0.0666566268
v 0.250150502 0.198398292 -0.263323367
v 0 0.198398292 -0.263323367
v 0.253676087 0.198398292 -0.264660418
v 0.253606915 0.201792166 -0.164382383
v 0.253606915 0.201792181 -0.0628967434
v 0.253676087 0.198398337 -0.0653195456
v 0.253676087 0.198398292 -0.264660418
v 0.253606915 0.201792136 -0.267083347
v 0.253606915 0.201792166 -0.164382383
v 0.253606915 0.201792166 -0.164382383
v 0.253676087 0.198398337 -0.0653195456
v 0.253675997 0.198398307 -0.164382383
v 0.253675997 0.198398307 -0.164382383
v 0.253676087 0.198398292 -0.264660418
v 0.253606915 0.201792166 -0.164382383
v 0.253606915 0.201792181 -0.0628967434
v 0 0.201792181 -0.0628966168
v 0 0.198398337 -0.0653194711
v 0 0.198398292 -0.264660686
v 0 0.201792136 -0.267083347
v 0.253606915 0.201792136 -0.267083347
v 0.253606915 0.201792181 -0.0628967434
v 0 0.198398337 -0.0653194711
v 0.253676087 0.198398337 -0.0653195456
v 0.253676087 0.198398292 -0.264660418
v 0 0.198398292 -0.264660686
v 0.253606915 0.201792136 -0.267083347
v 0.244943574 0.201792181 -0.0799500719
v 0.253606915 0.201792181 -0.0628967434
v 0.253606915 0.201792166 -0.164382383
v 0.253606915 0.201792166 -0.164382383
v 0.253606915 0.201792136 -0.267083347
v 0.244943574 0.201792136 -0.2500301
v 0.244943574 0.201792181 -0.0799500719
v 0.253606915 0.201792166 -0.164382383
v 0.2449435 0.201792166 -0.164382383
v 0.2449435 0.201792166 -0.164382383
v 0.253606915 0.201792166 -0.164382383
v 0.244943574 0.201792136 -0.2500301
v 0 0.239970237 -0.158886939
v 0 0.242618755 -0.164519623
v -0.242725372 0.242618695 -0.164519638
v -0.242725372 0.242618695 -0.164519638
v 0 0.242618755 -0.164519623
v 0 0.239970237 -0.170152292
v -0.242725387 0.239970192 -0.158886969
v 0 0.239970237 -0.158886939
v -0.242725372 0.242618695 -0.164519638
v -0.242725372 0.242618695 -0.164519638
v 0 0.239970237 -0.170152292
v -0.242725387 0.239970192 -0.170152262
v -0.248046055 0.192095488 -0.0666822568
v 0 0.198398337 -0.0666565821
v -0.250150502 0.198398337 -0.0666566268
v -0.250150502 0.198398292 -0.263323367
v 0 0.198398292 -0.263323367
v -0.248046055 0.192095444 -0.263297707
v -0.248046055 0.192095488 -0.0666822568
v 0 0.192095488 -0.0666822568
v 0 0.198398337 -0.0666565821
v 0 0.198398292 -0.263323367
v 0 0.192095444 -0.263297975
v -0.248046055 0.192095444 -0.263297707
v -0.248046055 0.192095488 -0.0666822568
v -0.250150502 0.198398337 -0.0666566268
v -0.250150472 0.198398307 -0.164382383
v -0.250150472 0.198398307 -0.164382383
v -0.250150502 0.198398292 -0.263323367
v -0.248046055 0.192095444 -0.263297707
v -0.248046055 0.192095459 -0.16437155
v -0.248046055 0.192095488 -0.0666822568
v -0.250150472 0.198398307 -0.164382383
v -0.250150472 0.198398307 -0.164382383
v -0.248046055 0.192095444 -0.263297707
v -0.248046055 0.192095459 -0.16437155
v -0.250150502 0.198398337 -0.0666566268
v -0.253676087 0.198398337 -0.0653195456
v -0.253676027 0.198398307 -0.164382383
v -0.253676027 0.198398307 -0.164382383
v -0.253676087 0.198398292 -0.264660418
v -0.250150502 0.198398292 -0.263323367
v -0.250150472 0.198398307 -0.164382383
v -0.250150502 0.198398337 -0.0666566268
v -0.253676027 0.198398307 -0.164382383
v -0.253676027 0.198398307 -0.164382383
v -0.250150502 0.198398292 -0.263323367
v -0.250150472 0.198398307 -0.164382383
v 0 0.198398337 -0.0666565821
v 0 0.198398337 -0.0653194711
v -0.253676087 0.198398337 -0.0653195456
v -0.253676087 0.198398292 -0.264660418
v 0 0.198398292 -0.264660686
v 0 0.198398292 -0.263323367
v -0.250150502 0.198398337 -0.0666566268
v 0 0.198398337 -0.0666565821
v -0.253676087 0.198398337 -0.0653195456
v -0.253676087 0.198398292 -0.264660418
v 0 0.198398292 -0.263323367
v -0.250150502 0.198398292 -0.263323367
v -0.253676087 0.198398337 -0.0653195456
v -0.253606915 0.201792181 -0.0628967434
v -0.253606915 0.201792166 -0.164382383
v -0.253606915 0.201792166 -0.164382383
v -0.253606915 0.201792136 -0.267083347
v -0.253676087 0.198398292 -0.264660418
v -0.253676027 0.198398307 -0.164382383
v -0.253676087 0.198398337 -0.0653195456
v -0.253606915 0.201792166 -0.164382383
v -0.253606915 0.201792166 -0.164382383
v -0.253676087 0.198398292 -0.264660418
v -0.253676027 0.198398307 -0.164382383
v 0 0.198398337 -0.0653194711
v 0 0.201792181 -0.0628966168
v -0.253606915 0.201792181 -0.0628967434
v -0.253606915 0.201792136 -0.267083347
v 0 0.201792136 -0.267083347
v 0 0.198398292 -0.264660686
v -0.253676087 0.198398337 -0.0653195456
v 0 0.198398337 -0.0653194711
v -0.253606915 0.201792181 -0.0628967434
v -0.253606915 0.201792136 -0.267083347
v 0 0.198398292 -0.264660686
v -0.253676087 0.198398292 -0.264660418
v -0.253606915 0.201792166 -0.164382383
v -0.253606915 0.201792181 -0.0628967434
v -0.244943574 0.201792181 -0.0799500719
v -0.244943574 0.201792136 -0.2500301
v -0.253606915 0.201792136 -0.267083347
v -0.253606915 0.201792166 -0.164382383
v -0.2449435 0.201792166 -0.164382383
v -0.253606915 0.201792166 -0.164382383
v -0.244943574 0.201792181 -0.0799500719
v -0.244943574 0.201792136 -0.2500301
v -0.253606915 0.201792166 -0.164382383
v -0.2449435 0.201792166 -0.164382383
v 0.160231471 0.2999506 -0.164519653
v 0 0.2999506 -0.164519638
v 0 0.297302127 -0.159099758
v 0 0.297302127 -0.169939488
v 0 0.2999506 -0.164519638
v 0.160231471 0.2999506 -0.164519653
v 0.160231471 0.2999506 -0.164519653
v 0 0.297302127 -0.159099758
v 0.160231575 0.297301859 -0.159099802
v 0.160231575 0.297301859 -0.169939488
v 0 0.297302127 -0.169939488
v 0.160231471 0.2999506 -0.164519653
v 0.156775028 0.240326986 -0.0673727989
v 0 0.240326986 -0.0673727468
v 0.151027024 0.234024122 -0.0672639236
v 0.151027024 0.234024078 -0.262716085
v 0 0.240326926 -0.262607366
v 0.156775028 0.240326926 -0.262607366
v 0 0.240326986 -0.0673727468
v 0 0.234024122 -0.0672638938
v 0.151027024 0.234024122 -0.0672639236
v 0.151027024 0.234024078 -0.262716085
v 0 0.234024078 -0.262716085
v 0 0.240326926 -0.262607366
v 0.156774953 0.240326956 -0.164382398
v 0.156775028 0.240326986 -0.0673727989
v 0.151027024 0.234024122 -0.0672639236
v 0.151027024 0.234024078 -0.262716085
v 0.156775028 0.240326926 -0.262607366
v 0.156774953 0.240326956 -0.164382398
v 0.156774953 0.240326956 -0.164382398
v 0.151027024 0.234024122 -0.0672639236
v 0.151027024 0.234024093 -0.164382398
v 0.151027024 0.234024093 -0.164382398
v 0.151027024 0.234024078 -0.262716085
v 0.156774953 0.240326956 -0.164382398
v 0.160300538 0.240326956 -0.164382398
v 0.160300568 0.240326986 -0.0653195605
v 0.156775028 0.240326986 -0.0673727989
v 0.156775028 0.240326926 -0.262607366
v 0.160300568 0.240326926 -0.264660418
v 0.160300538 0.240326956 -0.164382398
v 0.160300538 0.240326956 -0.164382398
v 0.156775028 0.240326986 -0.0673727989
v 0.156774953 0.240326956 -0.164382398
v 0.156774953 0.240326956 -0.164382398
v 0.156775028 0.240326926 -0.262607366
v 0.160300538 0.240326956 -0.164382398
v 0.160300568 0.240326986 -0.0653195605
v 0 0.240326986 -0.065319486
v 0 0.240326986 -0.0673727468
v 0 0.240326926 -0.262607366
v 0 0.240326926 -0.264660686
v 0.160300568 0.240326926 -0.264660418
v 0.160300568 0.240326986 -0.0653195605
v 0 0.240326986 -0.0673727468
v 0.156775028 0.240326986 -0.0673727989
v 0.156775028 0.240326926 -0.262607366
v 0 0.240326926 -0.262607366
v 0.160300568 0.240326926 -0.264660418
v 0.160231397 0.243720859 -0.164382398
v 0.160231397 0.243720889 -0.0628967583
v 0.160300568 0.240326986 -0.0653195605
v 0.160300568 0.240326926 -0.264660418
v 0.160231397 0.243720844 -0.267083347
v 0.160231397 0.243720859 -0.164382398
v 0.160231397 0.243720859 -0.164382398
v 0.160300568 0.240326986 -0.0653195605
v 0.160300538 0.240326956 -0.164382398
v 0.160300538 0.240326956 -0.164382398
v 0.160300568 0.240326926 -0.264660418
v 0.160231397 0.243720859 -0.164382398
v 0.160231397 0.243720889 -0.0628967583
v 0 0.243720889 -0.0628966317
v 0 0.240326986 -0.065319486
v 0 0.240326926 -0.264660686
v 0 0.243720844 -0.267083347
v 0.160231397 0.243720844 -0.267083347
v 0.160231397 0.243720889 -0.0628967583
v 0 0.240326986 -0.065319486
v 0.160300568 0.240326986 -0.0653195605
v 0.160300568 0.240326926 -0.264660418
v 0 0.240326926 -0.264660686
v 0.160231397 0.243720844 -0.267083347
v 0.15156807 0.243720874 -0.0799500868
v 0.160231397 0.243720889 -0.0628967583
v 0.160231397 0.243720859 -0.164382398
v 0.160231397 0.243720859 -0.164382398
v 0.160231397 0.243720844 -0.267083347
v 0.15156807 0.243720844 -0.2500301
v 0.15156807 0.243720874 -0.0799500868
v 0.160231397 0.243720859 -0.164382398
v 0.151568055 0.243720859 -0.164382398
v 0.151568055 0.243720859 -0.164382398
v 0.160231397 0.243720859 -0.164382398
v 0.15156807 0.243720844 -0.2500301
v 0 0.297302127 -0.159099758
v 0 0.2999506 -0.164519638
v -0.160231471 0.2999506 -0.164519653
v -0.160231471 0.2999506 -0.164519653
v 0 0.2999506 -0.164519638
v 0 0.297302127 -0.169939488
v -0.160231575 0.297301859 -0.159099802
v 0 0.297302127 -0.159099758
v -0.160231471 0.2999506 -0.164519653
v -0.160231471 0.2999506 -0.164519653
v 0 0.297302127 -0.169939488
v -0.160231575 0.297301859 -0.169939488
v -0.151027054 0.234024122 -0.0672639236
v 0 0.240326986 -0.0673727468
v -0.156775028 0.240326986 -0.0673727989
v -0.156775028 0.240326926 -0.262607366
v 0 0.240326926 -0.262607366
v -0.151027054 0.234024078 -0.262716085
v -0.151027054 0.234024122 -0.0672639236
v 0 0.234024122 -0.0672638938
v 0 0.240326986 -0.0673727468
v 0 0.240326926 -0.262607366
v 0 0.234024078 -0.262716085
v -0.151027054 0.234024078 -0.262716085
v -0.151027054 0.234024122 -0.0672639236
v -0.156775028 0.240326986 -0.0673727989
v -0.156774953 0.240326956 -0.164382398
v -0.156774953 0.240326956 -0.164382398
v -0.156775028 0.240326926 -0.262607366
v -0.151027054 0.234024078 -0.262716085
v -0.151027054 0.234024093 -0.164382398
v -0.151027054 0.234024122 -0.0672639236
v -0.156774953 0.240326956 -0.164382398
v -0.156774953 0.240326956 -0.164382398
v -0.151027054 0.234024078 -0.262716085
v -0.151027054 0.234024093 -0.164382398
v -0.156775028 0.240326986 -0.0673727989
v -0.160300568 0.240326986 -0.0653195605
v -0.160300538 0.240326956 -0.164382398
v -0.160300538 0.240326956 -0.164382398
v -0.160300568 0.240326926 -0.264660418
v -0.156775028 0.240326926 -0.262607366
v -0.156774953 0.240326956 -0.164382398
v -0.156775028 0.240326986 -0.0673727989
v -0.160300538 0.240326956 -0.164382398
v -0.160300538 0.240326956 -0.164382398
v -0.156775028 0.240326926 -0.262607366
v -0.156774953 0.240326956 -0.164382398
v 0 0.240326986 -0.0673727468
v 0 0.240326986 -0.065319486
v -0.160300568 0.240326986 -0.0653195605
v -0.160300568 0.240326926 -0.264660418
v 0 0.240326926 -0.264660686
v 0 0.240326926 -0.262607366
v -0.156775028 0.240326986 -0.0673727989
v 0 0.240326986 -0.0673727468
v -0.160300568 0.240326986 -0.0653195605
v -0.160300568 0.240326926 -0.264660418
v 0 0.240326926 -0.262607366
v -0.156775028 0.240326926 -0.262607366
v -0.160300568 0.240326986 -0.0653195605
v -0.160231397 0.243720889 -0.0628967583
v -0.160231397 0.243720859 -0.164382398
v -0.160231397 0.243720859 -0.164382398
v -0.160231397 0.243720844 -0.267083347
v -0.160300568 0.240326926 -0.264660418
v -0.160300538 0.240326956 -0.164382398
v -0.160300568 0.240326986 -0.0653195605
v -0.160231397 0.243720859 -0.164382398
v -0.160231397 0.243720859 -0.164382398
v -0.160300568 0.240326926 -0.264660418
v -0.160300538 0.240326956 -0.164382398
v 0 0.240326986 -0.065319486
v 0 0.243720889 -0.0628966317
v -0.160231397 0.243720889 -0.0628967583
v -0.160231397 0.243720844 -0.267083347
v 0 0.243720844 -0.267083347
v 0 0.240326926 -0.264660686
v -0.160300568 0.240326986 -0.0653195605
v 0 0.240326986 -0.065319486
v -0.160231397 0.243720889 -0.0628967583
v -0.160231397 0.243720844 -0.267083347
v 0 0.240326926 -0.264660686
v -0.160300568 0.240326926 -0.264660418
v -0.160231397 0.243720859 -0.164382398
v -0.160231397 0.243720889 -0.0628967583
v -0.15156807 0.243720874 -0.0799500868
v -0.15156807 0.243720844 -0.2500301
v -0.160231397 0.243720844 -0.267083347
v -0.160231397 0.243720859 -0.164382398
v -0.151568055 0.243720859 -0.164382398
v -0.160231397 0.243720859 -0.164382398
v -0.15156807 0.243720874 -0.0799500868
v -0.15156807 0.243720844 -0.2500301
v -0.160231397 0.243720859 -0.164382398
v -0.151568055 0.243720859 -0.164382398
v 0.249140382 0.20179221 -0.0835566446
v 0.249140367 0.201792195 -0.164382383
v 0.249140382 0.235807896 -0.164519638
v 0.249140382 0.235807896 -0.164519638
v 0.249140367 0.201792195 -0.164382383
v 0.249140382 0.201792181 -0.246423423
v 0.240316197 0.203430608 -0.0628967509
v 0.240316197 0.19950062 -0.0628967434
v 0.253607154 0.201792225 -0.0628967434
v 0.253607154 0.201792166 -0.267083347
v 0.240316197 0.199500576 -0.267083347
v 0.240316197 0.203430563 -0.267083347
v 0.240316197 0.203430608 -0.0628967509
v 0.253607154 0.201792225 -0.0628967434
v 0.253607154 0.203430608 -0.0628967509
v 0.253607154 0.203430563 -0.267083347
v 0.253607154 0.201792166 -0.267083347
v 0.240316197 0.203430563 -0.267083347
v 0.240316197 0.19950062 -0.0628967434
v 0.240316197 0.203430608 -0.0628967509
v 0.240316123 0.240304887 -0.164519638
v 0.240316123 0.240304887 -0.164519638
v 0.240316197 0.203430563 -0.267083347
v 0.240316197 0.199500576 -0.267083347
v 0.240316197 0.203430608 -0.0628967509
v 0.240316123 0.244234905 -0.164519638
v 0.240316123 0.240304887 -0.164519638
v 0.240316123 0.240304887 -0.164519638
v 0.240316123 0.244234905 -0.164519638
v 0.240316197 0.203430563 -0.267083347
v 0.240316197 0.203430608 -0.0628967509
v 0.253607154 0.203430608 -0.0628967509
v 0.253607005 0.244234905 -0.164519638
v 0.253607005 0.244234905 -0.164519638
v 0.253607154 0.203430563 -0.267083347
v 0.240316197 0.203430563 -0.267083347
v 0.240316197 0.203430608 -0.0628967509
v 0.253607005 0.244234905 -0.164519638
v 0.240316123 0.244234905 -0.164519638
v 0.240316123 0.244234905 -0.164519638
v 0.253607005 0.244234905 -0.164519638
v 0.240316197 0.203430563 -0.267083347
v 0.253607154 0.203430608 -0.0628967509
v 0.253607154 0.201792225 -0.0628967434
v 0.253607005 0.242596433 -0.164519638
v 0.253607005 0.242596433 -0.164519638
v 0.253607154 0.201792166 -0.267083347
v 0.253607154 0.203430563 -0.267083347
v 0.253607154 0.203430608 -0.0628967509
v 0.253607005 0.242596433 -0.164519638
v 0.253607005 0.244234905 -0.164519638
v 0.253607005 0.244234905 -0.164519638
v 0.253607005 0.242596433 -0.164519638
v 0.253607154 0.203430563 -0.267083347
v 0.251334786 0.20179221 -0.0835566446
v 0.251334786 0.235807896 -0.164519638
v 0.251334786 0.238611415 -0.164519638
v 0.251334786 0.238611415 -0.164519638
v 0.251334786 0.235807896 -0.164519638
v 0.251334786 0.201792181 -0.246423423
v 0.251334786 0.20179221 -0.0835566446
v 0.251334786 0.238611415 -0.164519638
v 0.251334786 0.20179221 -0.0724497586
v 0.251334786 0.201792181 -0.257530421
v 0.251334786 0.238611415 -0.164519638
v 0.251334786 0.201792181 -0.246423423
v 0.251334786 0.20179221 -0.0724497586
v 0.251334786 0.238611415 -0.164519638
v 0.253607005 0.238611415 -0.164519638
v 0.253607005 0.238611415 -0.164519638
v 0.251334786 0.238611415 -0.164519638
v 0.251334786 0.201792181 -0.257530421
v 0.251334786 0.20179221 -0.0724497586
v 0.253607005 0.238611415 -0.164519638
v 0.253607005 0.20179221 -0.0724497586
v 0.253607005 0.201792181 -0.257530421
v 0.253607005 0.238611415 -0.164519638
v 0.251334786 0.201792181 -0.257530421
v 0.253607005 0.20179221 -0.0724497586
v 0.253607005 0.238611415 -0.164519638
v 0.253607005 0.242596433 -0.164519638
v 0.253607005 0.242596433 -0.164519638
v 0.253607005 0.238611415 -0.164519638
v 0.253607005 0.201792181 -0.257530421
v 0.253607005 0.20179221 -0.0724497586
v 0.253607005 0.242596433 -0.164519638
v 0.253607154 0.201792225 -0.0628967434
v 0.253607154 0.201792166 -0.267083347
v 0.253607005 0.242596433 -0.164519638
v 0.253607005 0.201792181 -0.257530421
v 0.251334786 0.20179221 -0.0835566446
v 0.249140382 0.20179221 -0.0835566446
v 0.249140382 0.235807896 -0.164519638
v 0.249140382 0.235807896 -0.164519638
v 0.249140382 0.201792181 -0.246423423
v 0.251334786 0.201792181 -0.246423423
v 0.251334786 0.20179221 -0.0835566446
v 0.249140382 0.235807896 -0.164519638
v 0.251334786 0.235807896 -0.164519638
v 0.251334786 0.235807896 -0.164519638
v 0.249140382 0.235807896 -0.164519638
v 0.251334786 0.201792181 -0.246423423
v -0.249140412 0.235807896 -0.164519638
v -0.249140367 0.201792195 -0.164382383
v -0.249140412 0.20179221 -0.0835566446
v -0.249140412 0.201792181 -0.246423423
v -0.249140367 0.201792195 -0.164382383
v -0.249140412 0.235807896 -0.164519638
v -0.253607154 0.201792225 -0.0628967434
v -0.240316197 0.19950062 -0.0628967434
v -0.240316197 0.203430608 -0.0628967509
v -0.240316197 0.203430563 -0.267083347
v -0.240316197 0.199500576 -0.267083347
v -0.253607154 0.201792166 -0.267083347
v -0.253607154 0.203430608 -0.0628967509
v -0.253607154 0.201792225 -0.0628967434
v -0.240316197 0.203430608 -0.0628967509
v -0.240316197 0.203430563 -0.267083347
v -0.253607154 0.201792166 -0.267083347
v -0.253607154 0.203430563 -0.267083347
v -0.240316138 0.240304887 -0.164519638
v -0.240316197 0.203430608 -0.0628967509
v -0.240316197 0.19950062 -0.0628967434
v -0.240316197 0.199500576 -0.267083347
v -0.240316197 0.203430563 -0.267083347
v -0.240316138 0.240304887 -0.164519638
v -0.240316138 0.240304887 -0.164519638
v -0.240316138 0.244234905 -0.164519638
v -0.240316197 0.203430608 -0.0628967509
v -0.240316197 0.203430563 -0.267083347
v -0.240316138 0.244234905 -0.164519638
v -0.240316138 0.240304887 -0.164519638
v -0.253607005 0.244234905 -0.164519638
v -0.253607154 0.203430608 -0.0628967509
v -0.240316197 0.203430608 -0.0628967509
v -0.240316197 0.203430563 -0.267083347
v -0.253607154 0.203430563 -0.267083347
v -0.253607005 0.244234905 -0.164519638
v -0.240316138 0.244234905 -0.164519638
v -0.253607005 0.244234905 -0.164519638
v -0.240316197 0.203430608 -0.0628967509
v -0.240316197 0.203430563 -0.267083347
v -0.253607005 0.244234905 -0.164519638
v -0.240316138 0.244234905 -0.164519638
v -0.253607005 0.242596433 -0.164519638
v -0.253607154 0.201792225 -0.0628967434
v -0.253607154 0.203430608 -0.0628967509
v -0.253607154 0.203430563 -0.267083347
v -0.253607154 0.201792166 -0.267083347
v -0.253607005 0.242596433 -0.164519638
v -0.253607005 0.244234905 -0.164519638
v -0.253607005 0.242596433 -0.164519638
v -0.253607154 0.203430608 -0.0628967509
v -0.253607154 0.203430563 -0.267083347
v -0.253607005 0.242596433 -0.164519638
v -0.253607005 0.244234905 -0.164519638
v -0.251334786 0.238611415 -0.164519638
v -0.251334786 0.235807896 -0.164519638
v -0.251334786 0.20179221 -0.0835566446
v -0.251334786 0.201792181 -0.246423423
v -0.251334786 0.235807896 -0.164519638
v -0.251334786 0.238611415 -0.164519638
v -0.251334786 0.20179221 -0.0724497586
v -0.251334786 0.238611415 -0.164519638
v -0.251334786 0.20179221 -0.0835566446
v -0.251334786 0.201792181 -0.246423423
v -0.251334786 0.238611415 -0.164519638
v -0.251334786 0.201792181 -0.257530421
v -0.253607005 0.238611415 -0.164519638
v -0.251334786 0.238611415 -0.164519638
v -0.251334786 0.20179221 -0.0724497586
v -0.251334786 0.201792181 -0.257530421
v -0.251334786 0.238611415 -0.164519638
v -0.253607005 0.238611415 -0.164519638
v -0.253607005 0.20179221 -0.0724497586
v -0.253607005 0.238611415 -0.164519638
v -0.251334786 0.20179221 -0.0724497586
v -0.251334786 0.201792181 -0.257530421
v -0.253607005 0.238611415 -0.164519638
v -0.253607005 0.201792181 -0.257530421
v -0.253607005 0.242596433 -0.164519638
v -0.253607005 0.238611415 -0.164519638
v -0.253607005 0.20179221 -0.0724497586
v -0.253607005 0.201792181 -0.257530421
v -0.253607005 0.238611415 -0.164519638
v -0.253607005 0.242596433 -0.164519638
v -0.253607154 0.201792225 -0.0628967434
v -0.253607005 0.242596433 -0.164519638
v -0.253607005 0.20179221 -0.0724497586
v -0.253607005 0.201792181 -0.257530421
v -0.253607005 0.242596433 -0.164519638
v -0.253607154 0.201792166 -0.267083347
v -0.249140412 0.235807896 -0.164519638
v -0.249140412 0.20179221 -0.0835566446
v -0.251334786 0.20179221 -0.0835566446
v -0.251334786 0.201792181 -0.246423423
v -0.249140412 0.201792181 -0.246423423
v -0.249140412 0.235807896 -0.164519638
v -0.251334786 0.235807896 -0.164519638
v -0.249140412 0.235807896 -0.164519638
v -0.251334786 0.20179221 -0.0835566446
v -0.251334786 0.201792181 -0.246423423
v -0.249140412 0.235807896 -0.164519638
v -0.251334786 0.235807896 -0.164519638
v 0.151399836 0.234470144 -0.233650237
v 0.151399836 0.223303422 -0.067088306
v 0.151399836 0.223303393 -0.233650237
v 0.151399836 0.223303422 -0.067088306
v 0.151399836 0.234470189 -0.0670883134
v 0 0.223303422 -0.067088306
v 0.151399836 0.223303378 -0.261587799
v 0.151399836 0.234470144 -0.26158756
v 0.151399836 0.223303393 -0.233650237
v 0 0.223303378 -0.261587799
v 0 0.234470144 -0.261587799
v 0.151399836 0.223303378 -0.26158756
v -0.151399836 0.234470144 -0.233650237
v -0.151399836 0.223303393 -0.233650237
v -0.151399836 0.234470189 -0.0670883134
v -0.151399836 0.234470189 -0.0670883134
v -0.151399836 0.223303422 -0.067088306
v 0 0.234470189 -0.0670883134
v -0.151399836 0.223303393 -0.233650237
v -0.151399836 0.234470144 -0.233650237
v -0.151399836 0.234470144 -0.26158756
v 0 0.234470144 -0.261587799
v 0 0.223303378 -0.261587799
v -0.151399836 0.234470144 -0.26158756
v 0.108742431 0.144663304 0.0855496749
v 0.108742431 0.154937908 0.0855496749
v 0.108742431 0.144663274 -0.0677046478
v 0.2480461 0.144663304 0.0855496749
v 0.2480461 0.154937908 0.0855496749
v 0.2480461 0.144663349 0.238804087
v 0.2480461 0.144663349 0.238804087
v 0.2480461 0.154937938 0.238804087
v 0.108742431 0.144663349 0.238804087
v 0.2480461 0.144663274 -0.0677046478
v 0.2480461 0.154937878 -0.0677046478
v 0.2480461 0.144663304 0.0855496749
v 0.108742431 0.144663349 0.238804087
v 0.108742431 0.154937938 0.238804087
v 0.108742431 0.144663304 0.0855496749
v -0.108742431 0.154937908 0.0855496749
v -0.108742431 0.144663304 0.0855496749
v -0.108742431 0.154937878 -0.0677046478
v -0.2480461 0.154937908 0.0855496749
v -0.2480461 0.144663304 0.0855496749
v -0.2480461 0.154937938 0.238804087
v -0.2480461 0.154937938 0.238804087
v -0.2480461 0.144663349 0.238804087
v -0.108742431 0.154937938 0.238804087
v -0.2480461 0.154937878 -0.0677046478
v -0.2480461 0.144663274 -0.0677046478
v -0.2480461 0.154937908 0.0855496749
v -0.108742431 0.154937938 0.238804087
v -0.108742431 0.144663349 0.238804087
v -0.108742431 0.154937908 0.0855496749
v -0.00348657672 0.239002272 -0.196138352
v -0.00590345776 0.237541318 -0.196138352
v -0.00590342982 0.237541318 0.0218078252
v 0 0.241109818 0.0218077656
v 0.00590342982 0.237541318 0.0218078252
v 0.00348657672 0.239002272 -0.196138352
v -0.0625192821 0.211878464 -0.196138337
v -0.105857469 0.192963287 -0.196138337
v -0.105857417 0.192963347 0.0218078345
v 0 0.23916547 0.0218077656
v 0.105857417 0.192963347 0.0218078345
v 0.0625192821 0.211878464 -0.196138337
v -0.0944019705 0.16908218 0.0111757061
v -0.0944019705 0.179898545 0.0111757033
v -0.0944019705 0.175527796 -0.196138367
v 0.0944019705 0.175527796 -0.196138367
v 0.0944019705 0.1798985 -0.196138367
v 0.0944019705 0.179898545 0.0111757033
v -0.0831539556 0.169082135 -0.196138337
v -0.0878870711 0.169082135 -0.196138337
v -0.0831539556 0.16908218 0.00380159286
v 0.0831539556 0.169082135 -0.196138337
v 0.0831539556 0.16908218 0.00380159286
v 0.0878870711 0.169082135 -0.196138337
v -0.103330247 0.188390642 0.0218741186
v -0.105857417 0.192963347 0.0218076892
v -0.103330247 0.188390583 -0.196138337
v 0 0.15775077 0.0107342647
v -0.0939604416 0.15775077 0.0107342647
v -0.0560155585 0.157750711 -0.196138337
v 0.0952849463 0.16908218 0.0120586837
v 0.0939604416 0.15775077 0.0107342647
v 0.0944933072 0.162309378 -0.196138337
v 0.103330247 0.188390583 -0.196138337
v 0.104365163 0.190263137 -0.196138293
v 0.105857417 0.192963347 0.0218076892
v 0.0560155585 0.157750711 -0.196138337
v 0.0939604416 0.157750711 -0.196138337
v 0.0939604416 0.15775077 0.0107342647
v -0.100138992 0.188390583 -0.196138337
v -0.0977516174 0.184856728 -0.196138307
v -0.0944019705 0.179898545 0.0111757033
v -0.101428144 0.188390583 -0.196138367
v -0.100138992 0.188390583 -0.196138337
v -0.10013897 0.188390628 0.0184875336
v 0.10013897 0.188390628 0.0184875336
v 0.0944019705 0.179898545 0.0111757033
v 0.100138992 0.188390583 -0.196138337
v 0.103330247 0.188390642 0.0218741186
v 0.10013897 0.188390628 0.0184875336
v 0.101428144 0.188390583 -0.196138367
v -0.0944933072 0.162309378 -0.196138337
v -0.0939604416 0.157750711 -0.196138337
v -0.0939604416 0.15775077 0.0107342647
v -0.237552747 0.154937878 -0.0677046031
v -0.248046145 0.154937878 -0.0677046031
v -0.241810739 0.161240757 -0.0677046031
v -0.244179353 0.161240757 -0.0677046031
v -0.254672587 0.161240757 -0.0677046031
v -0.246055081 0.1646346 -0.0677046031
v 0.252304137 0.161240757 -0.0677046031
v 0.248046145 0.154937878 -0.0677046031
v 0.241810739 0.161240757 -0.0677046031
v 0.256548375 0.1646346 -0.0677046031
v 0.254672587 0.161240757 -0.0677046031
v 0.246055081 0.1646346 -0.0677046031

# 193 UV coordinates
vt 0.994583011 0.750030994 0
vt 0.994494975 0.763504982 0
vt 0.926425993 0.736927986 0
vt 0.934584975 0.766409993 0
vt 0.939930379 0.974272072 0
vt 0.92587471 0.974884212 0
vt 0.935765505 0.980782807 0
vt 0.928882122 0.967683077 0
vt 0.930825412 0.962616026 0
vt 0.942155123 0.96937269 0
vt 0.933959484 0.954775214 0
vt 0.94472158 0.961193383 0
vt 0.914930284 0.968357205 0
vt 0.91739738 0.960834026 0
vt 0.919031024 0.955582023 0
vt 0.9213624 0.947262526 0
vt 0.902716815 0.961073279 0
vt 0.904504716 0.953145027 0
vt 0.905733705 0.947651803 0
vt 0.907466888 0.938975513 0
vt 0.851589322 0.930581629 0
vt 0.840141416 0.914759874 0
vt 0.841671288 0.924666822 0
vt 0.851137817 0.921317875 0
vt 0.850976229 0.914995313 0
vt 0.839737475 0.90829277 0
vt 0.850588918 0.905053914 0
vt 0.840113819 0.89880681 0
vt 0.839555204 0.888384581 0
vt 0.849951804 0.894584894 0
vt 0.924262404 0.938902974 0
vt 0.909570515 0.930140972 0
vt 0.937556803 0.946831524 0
vt 0.948094904 0.953116119 0
vt 0.952938318 0.945572793 0
vt 0.941478729 0.938738525 0
vt 0.927577496 0.930448174 0
vt 0.912040472 0.921182215 0
vt 0.837684214 0.876837611 0
vt 0.848905027 0.883529425 0
vt 0.837134123 0.865586579 0
vt 0.849087119 0.872715175 0
vt 0.913972497 0.911411822 0
vt 0.929944873 0.9209373 0
vt 0.944293022 0.929494202 0
vt 0.956430614 0.936732709 0
vt 0.960674524 0.92802 0
vt 0.947971702 0.92044431 0
vt 0.932923794 0.911470175 0
vt 0.91624409 0.901522815 0
vt 0.836084425 0.85371691 0
vt 0.84856391 0.861159503 0
vt 0.889303386 0.953073502 0
vt 0.890458107 0.944767714 0
vt 0.89128679 0.939036012 0
vt 0.892451108 0.930020094 0
vt 0.876116276 0.936214507 0
vt 0.875547111 0.944869578 0
vt 0.87659508 0.930273771 0
vt 0.877245128 0.920951128 0
vt 0.862769425 0.928254724 0
vt 0.862790525 0.93726182 0
vt 0.862887323 0.922098815 0
vt 0.863158584 0.912550211 0
vt 0.863214314 0.902494371 0
vt 0.87799722 0.911310911 0
vt 0.89385128 0.920765996 0
vt 0.895219207 0.911150396 0
vt 0.878307819 0.901064575 0
vt 0.862667978 0.891737401 0
vt 0.863260925 0.881168127 0
vt 0.879309773 0.890739322 0
vt 0.896692216 0.901106119 0
vt 0.898165584 0.89074111 0
vt 0.879948378 0.879876375 0
vt 0.863206208 0.869891822 0
vt 0.501245975 0.732998013 0
vt 0.501242995 0.65230602 0
vt 1.00101602 0.732815981 0
vt 0.971193016 0.732786 0
vt 0.526009977 0.732795 0
vt 0.526012003 0.652132988 0
vt 0.584860981 0.732966006 0
vt 0.501241028 0.652280986 0
vt 1.00101101 0.652100027 0
vt 0.971189022 0.65209502 0
vt 0.584855974 0.652249992 0
vt 0.747866988 0.115304001 0
vt 0.752107024 0.115304001 0
vt 0.752107024 0.102725998 0
vt 0.747866988 0.102725998 0
vt 0.749562979 0.119190998 0
vt 0.52769798 0.119190998 0
vt 0.526003003 0.115304999 0
vt 0.526003003 0.102727003 0
vt 0.68899399 1.00084603 0
vt 0.688543975 0.99673599 0
vt 0.895056009 0.996502995 0
vt 0.895506024 1.00061297 0
vt 0.728668988 0.979175985 0
vt 0.893193007 0.979472995 0
vt 0.893962026 0.986505985 0
vt 0.707096994 0.988617003 0
vt 0.733153999 0.145392001 0
vt 0.533567011 0.145392001 0
vt 0.533529997 0.149572 0
vt 0.733116984 0.149572 0
vt 0.71281898 0.136971995 0
vt 0.712808013 0.132479995 0
vt 0.536450982 0.132479995 0
vt 0.536460996 0.136971995 0
vt 0.501641989 0.732573986 0
vt 0.501648009 0.651921988 0
vt 1.00102305 0.732811987 0
vt 0.501626015 0.732613027 0
vt 0.501631975 0.651959002 0
vt 1.00102198 0.652163029 0
vt 1.00101697 0.65209502 0
vt 1.00102401 0.652149975 0
vt 0.497743011 0.99912101 0
vt 0.00390797807 0.99912101 0
vt 0.00390797807 0.987668991 0
vt 0.497743011 0.987668991 0
vt 0.522957027 0.766409993 0
vt 0.531262994 0.736927986 0
vt 0.820838988 0.766409993 0
vt 0.928067982 0.736927986 0
vt 0.820838988 0.736928999 0
vt 0.518921971 0.154173002 0
vt 0.756283998 0.154172003 0
vt 0.748953998 0.146393001 0
vt 0.518921971 0.146393001 0
vt 0.978488982 0.0707399771 0
vt 0.515055001 0.0707399771 0
vt 0.519306004 0.0747459531 0
vt 0.974232018 0.0747509524 0
vt 0.676289022 0.897921979 0
vt 0.512643993 0.897921979 0
vt 0.516550004 0.886983991 0
vt 0.676289022 0.886983991 0
vt 0.506112993 0.763504982 0
vt 0.506025016 0.750030994 0
vt 0.540142 0.91782701 0
vt 0.676289022 0.91782701 0
vt 0.206084996 0.99912101 0
vt 0.206084996 0.992358029 0
vt 0.206084996 0.987668991 0
vt 0.503194988 0.998490989 0
vt 0.0913219973 0.998490989 0
vt 0.0913219973 0.78787601 0
vt 0.503196001 0.641878009 0
vt 0.0913219973 0.641878009 0
vt 0.498910993 0.655474007 0
vt 1.08367205 0.655479014 0
vt 1.08367205 0.687510014 0
vt 0.498910993 0.734742999 0
vt 1.08367097 0.734745979 0
vt 0.765188992 0.734746993 0
vt 0.765188992 0.655480981 0
vt 0.913742006 0.758791029 0
vt 0.826801002 0.736916006 0
vt 0.826801002 0.758780003 0
vt 0.716907024 0.746819973 0
vt 0.716907024 0.766409993 0
vt 0.925952017 0.734287024 0
vt 0.500708997 0.770202994 0
vt 0.629517019 0.770202994 0
vt 0.629773021 0.736710012 0
vt 0.500708997 0.736710012 0
vt 0.747866988 0.194990903 0
vt 0.526003003 0.194992006 0
vt 0.509963989 0.0322749615 0
vt 0.796725988 0.0322749615 0
vt 0.796725988 0.342866004 0
vt 0.794551015 0.755548 0
vt 0.794551015 0.750030994 0
vt 0.766746998 0.754140973 0
vt 0.766746998 0.736927986 0
vt 0.509963989 0.553260982 0
vt 0.796725988 0.553260982 0
vt 0.788089991 0.770202994 0
vt 0.788829982 0.756727993 0
vt 0.70480001 0.0731279776 0
vt 0.70480001 0.0707399771 0
vt 0.787738025 0.736710012 0
vt 0.794551015 0.763504982 0
vt 0.766746998 0.766409993 0
vt 0.704798996 0.0747479722 0
vt 0.0583798811 0.103427 0
vt 0.246820003 0.103427 0
vt 0.247139901 0.262037992 0
vt 0.43809399 0.103427 0
vt 0.716907024 0.734287024 0

# 411 vertex normals
vn 0 -6.05584205e-09 -0.0253999997
vn -0.0166103449 0.00965784024 -0.0166111235
vn -0.016686311 0.0191490259 -4.56549154e-09
vn -0.011799641 0.019149024 -0.0117988707
vn -0.0234915335 0.00965861883 -2.30279795e-09
vn -0.0238240808 -0.00880670827 2.09968642e-09
vn -0.0168452244 -0.00880748685 -0.0168459956
vn -0.0231496822 -0.0104500679 2.49149457e-09
vn -0.0163692702 -0.0104508465 -0.0163692683
vn -0.011799641 0.0191490296 0.0117996363
vn -0.0166103449 0.00965784863 0.0166111197
vn -0.0168452244 -0.0088074794 0.0168459993
vn -0.0163692702 -0.0104508391 0.016369272
vn -0.00666878792 0.0184777342 0.0161002818
vn -0.00908654463 0.00901911035 0.0219365377
vn -0.00919816829 -0.00820904598 0.0222063027
vn -0.00897104386 -0.00977721717 0.0216574818
vn -0.00666878792 0.0184777267 -0.0161002893
vn -0.00908654463 0.00901910011 -0.0219365414
vn -0.00919816829 -0.00820905622 -0.022206299
vn -0.00897104386 -0.00977722742 -0.0216574781
vn -0.0126507776 0.0180289056 -0.0126507822
vn -0.00711373473 0.0173072219 -0.0171746723
vn -0.0126507776 0.0180289112 0.0126507729
vn -0.00711373473 0.0173072293 0.0171746649
vn -0.0178909265 0.0180289075 -4.29843361e-09
vn -0.0103175156 0.020790061 -0.0103175202
vn -0.0145902522 0.0207908358 -4.95692998e-09
vn -0.0103175156 0.0207900647 0.0103175109
vn -0.00587889086 0.0202265177 0.0141933607
vn -0.00587966526 0.0202257372 -0.0141949188
vn -0.0170312636 0.00806331448 -0.0170312654
vn -0.00928576291 0.00750596635 -0.0224179216
vn -0.00928576291 0.00750675146 0.0224179178
vn -0.0170312636 0.00806332286 0.0170312617
vn -0.0240853112 0.00806486886 -1.92281768e-09
vn -0.0179599188 -4.28198543e-09 -0.0179599188
vn -0.0253999997 0 -0
vn -0.0179599188 4.28198543e-09 0.0179599188
vn -0.00971985795 5.59472779e-09 0.02346595
vn -0.00971985795 -5.59472779e-09 -0.02346595
vn -0.0166111216 0.00965862256 0.0166111197
vn 0 0.0191490296 0.0166863073
vn -0.0117988661 0.0191490296 0.0117988614
vn 0 0.00965862442 0.0234915316
vn 0 -0.00880747754 0.0238233041
vn -0.0168459974 -0.0088074794 0.0168459993
vn 0 -0.0104508372 0.0231496841
vn 0.0117988661 0.0191498064 0.0117988614
vn 0.0166111216 0.00965862256 0.0166111197
vn 0.0168459974 -0.0088074794 0.0168459993
vn 0.0163692702 -0.0104508391 0.016369272
vn 0.0166855361 0.0191498045 -4.56567673e-09
vn 0.0234915335 0.00965861883 -2.30279795e-09
vn 0.0238233022 -0.00880748313 2.09987117e-09
vn 0.0231496822 -0.0104508428 2.49167931e-09
vn 0.0117988661 0.0191498008 -0.0117988707
vn 0.0166111216 0.0096586151 -0.0166111235
vn 0.0168459974 -0.00880748685 -0.0168459956
vn 0.0163692702 -0.0104508465 -0.0163692683
vn 0 0.00965861324 -0.0234915353
vn 0 0.0191490222 -0.0166863147
vn 0 -0.00880748872 -0.0238233004
vn 0 -0.0104508484 -0.0231496803
vn -0.0166111216 0.0096586151 -0.0166111235
vn -0.0117988661 0.019149024 -0.0117988707
vn -0.0168459974 -0.00880748685 -0.0168459956
vn -0.0166855361 0.0191498045 -4.56567673e-09
vn -0.0238233022 -0.00880748313 2.09987117e-09
vn -0.0231496822 -0.0104508428 2.49167931e-09
vn 0 0.0180296768 -0.0178909302
vn 0.0126507776 0.0180296786 -0.0126507822
vn 0.0178909265 0.0180289075 -4.29843361e-09
vn 0.0126507776 0.0180289112 0.0126507729
vn 0 0.0180289112 0.0178909227
vn 0 0.0207908396 0.0145902475
vn 0.0103175156 0.0207900647 0.0103175109
vn 0.0145894783 0.0207916144 -4.95711561e-09
vn 0.0103175156 0.020790061 -0.0103175202
vn 0 0.0207908321 -0.0145910317
vn -0.0145910271 0.0207900628 -4.95674568e-09
vn -0.0240853112 0.00806409307 -1.92263294e-09
vn -0.0170312636 0.00806408934 -0.0170304868
vn 0 0.00806408748 -0.0240853131
vn 0.0170312636 0.00806408934 -0.0170312654
vn 0.0240853112 0.00806486886 -1.92281768e-09
vn 0.017030485 0.00806332286 0.0170312617
vn 0 0.00806409866 0.0240853094
vn 0 6.05584205e-09 0.0253999997
vn 0.0179599188 4.28198543e-09 0.0179599188
vn 0.0253999997 0 0
vn 0.0179599188 -4.28198543e-09 -0.0179599188
vn 0 -6.05565731e-09 -0.0253992248
vn -0.0179606937 -4.28198543e-09 -0.0179599188
vn 0 -0.00880747754 0.0238240827
vn 0.0117988661 0.0191490296 0.0117988614
vn 0 0.0191498008 -0.0166863147
vn -0.0117988661 0.0191498008 -0.0117988707
vn 0 0.0180289038 -0.0178909302
vn 0.0145894783 0.0207908358 -4.95692998e-09
vn 0 0.0207900591 -0.0145910317
vn -0.0170312636 0.00806409772 0.0170304831
vn 0.0170312636 0.00806331448 -0.0170312654
vn 0.017030485 0.00806409772 0.0170312617
vn 0 0.00806487445 0.0240853094
vn -0.0117988661 0.0191498064 0.0117988614
vn -0.0170312636 0.00806332286 0.0170304831
vn 0.017030485 0.00806408934 -0.0170312654
vn 0.0170312636 0.00806332286 0.0170312617
vn -0.0238240808 -0.00880748313 2.09987117e-09
vn 0 0.0191498082 0.0166855324
vn 0.016686311 0.0191498045 -4.56567673e-09
vn 0 0.0191498008 -0.0166855399
vn 0.0126507776 0.0180289056 -0.0126507822
vn 0 0.0207908396 0.0145894736
vn 0.0145910271 0.0207900628 -4.95674568e-09
vn -0.017030485 0.00806408934 -0.0170312654
vn 0.017030485 0.00806331448 -0.0170312654
vn 0.0240853112 0.00806409307 -1.92263294e-09
vn 0 6.05565731e-09 0.0253992248
vn -0.0166103449 0.00965862256 0.0166111197
vn 0.0168452244 -0.00880748685 -0.0168459956
vn 0 0.0207916182 0.0145894736
vn 0 0.00806565117 0.0240853094
vn 0.016686311 0.0191490259 -4.56549154e-09
vn -0.0126507776 0.0180296786 -0.0126507822
vn -0.0166111216 0.0096586151 -0.0166103467
vn -0.0168459974 -0.00880748685 -0.0168452226
vn 0 0.0207908321 -0.0145902568
vn -0.0145894783 0.0207908358 -4.95692998e-09
vn 0 0.0207900666 0.0145910224
vn 0.0170312636 0.00806408934 -0.0170304868
vn 0.0170312636 0.00806332286 0.0170304831
vn -0.0170312636 0.00806409772 0.0170312617
vn -0.017030485 0.00806331448 -0.0170312654
vn 0 0.00806486234 -0.0240853131
vn 0.0179606937 4.28198543e-09 0.0179599188
vn -0.0145894783 0.0207916144 -4.95711561e-09
vn 0.0170312636 0.00806409772 0.0170304831
vn -0.0240853112 0.00806564465 -1.92300287e-09
vn 0.0168459974 -0.0088074794 0.0168452263
vn 0.0166855361 0.0191505775 -4.56586147e-09
vn 0.0126500018 0.0180296786 -0.0126507822
vn -0.0253992248 0 -0
vn 0.0253992248 0 0
vn 0.0166111216 0.00965784024 -0.0166111235
vn 0.011799641 0.019149024 -0.0117996456
vn 0.016686311 0.0191490259 -7.79735331e-07
vn 0.0238240808 -0.00880670827 2.09968642e-09
vn 0.0231496822 -0.0104500679 2.49149457e-09
vn 0.011799641 0.0191490296 0.0117996363
vn 0.0166103449 0.00965784863 0.0166111197
vn 0.0168452244 -0.0088074794 0.0168459993
vn 0.00666878792 0.018478509 0.0161002818
vn 0.00908654463 0.00901988521 0.0219365377
vn 0.00919816829 -0.00820904598 0.0222063027
vn 0.00897104386 -0.00977721717 0.0216574818
vn 0.00666878792 0.0184785016 -0.0161002893
vn 0.00908654463 0.00901987497 -0.0219365414
vn 0.00919816829 -0.00820905622 -0.022206299
vn 0.00897104386 -0.00977722742 -0.0216574781
vn 0.00711373473 0.0173072219 -0.0171746723
vn 0.00711373473 0.0173072293 0.0171746649
vn 0.0145902522 0.0207908358 -4.95692998e-09
vn 0.00587889086 0.0202265177 0.0141933607
vn 0.00587966526 0.0202257372 -0.0141949188
vn 0.00928576291 0.00750596635 -0.0224179216
vn 0.00928576291 0.00750675146 0.0224179178
vn 0.00971985795 5.59472779e-09 0.02346595
vn 0.00971985795 -5.59472779e-09 -0.02346595
vn 0.0163692702 -0.010451613 0.016369272
vn -0.0166111216 0.00965862256 0.016610343
vn -0.0168459974 -0.0088074794 0.0168452263
vn 0.0117988661 0.019149024 -0.0117988707
vn 0.0168459974 -0.00880748685 -0.0168452226
vn -0.017030485 0.00806409772 0.0170312617
vn 0.0166103449 0.00965862256 0.0166111197
vn -0.016686311 0.0191498045 -4.56567673e-09
vn -0.0166103449 0.0096586151 -0.0166111235
vn -0.0179599188 -4.28217017e-09 -0.0179606937
vn 0 0.0191505738 -0.0166855399
vn 0.0145910271 0.0207908358 -4.95692998e-09
vn 0.0166111216 0.0096586151 -0.0166103467
vn 0.0240853112 0.00806564465 -1.92300287e-09
vn -0.0179606937 4.28198543e-09 0.0179599188
vn 0 0.00965783838 -0.0234915353
vn 0 -0.00880748872 -0.023824079
vn 0.0170312636 0.00806409772 0.0170312617
vn -0.0126500018 0.0180289056 -0.0126507822
vn 0.0126507776 0.0180296842 0.0126507729
vn 4.47027269e-08 -6.05584205e-09 -0.0253999997
vn -4.47027269e-08 -6.05584205e-09 -0.0253999997
vn -0.0253999997 1.44350084e-15 6.05447115e-09
vn -0.0253999997 -1.43025664e-15 -5.99892092e-09
vn 0 0.022357868 0.0120534543
vn 0 0.0224039759 -0.0119675351
vn 0 0.022357868 0.012053458
vn 0 0.0224039778 -0.0119675351
vn 0.0253999997 -6.49573812e-15 -2.72450542e-08
vn 0.0253999997 6.43614936e-15 2.69951208e-08
vn 0.0253999997 -3.08996107e-07 -1.93884475e-07
vn 0.0253999997 -3.1258503e-07 1.93883594e-07
vn 0 -0.0222392362 -0.012270961
vn 0 -0.022291651 0.0121754752
vn 0 -0.0222392343 -0.012270961
vn 0 -0.0222916529 0.0121754752
vn 0.0253999997 -4.87060277e-07 -2.89826573e-07
vn 0.0253999997 -4.92041124e-07 2.8982933e-07
vn 0 -0.0218490623 -0.0129529294
vn 0 -0.02191424 0.0128423525
vn 0.0253999997 1.44350084e-15 6.05447115e-09
vn 0.0253999997 -1.43025664e-15 -5.99892092e-09
vn -0.0253999997 -6.49573812e-15 -2.72450542e-08
vn -0.0253999997 6.43614936e-15 2.69951208e-08
vn -0.0253999997 -1.3242699e-07 -8.30932763e-08
vn -0.0253999997 -1.33964903e-07 8.30928215e-08
vn 0 -0.0222916529 0.0121754771
vn -0.0253999997 -4.87060277e-07 -2.89826573e-07
vn -0.0253999997 -4.92041124e-07 2.8982933e-07
vn 0 -0.0219142437 0.0128423553
vn 0 0.0253999997 -6.05584205e-09
vn -0.0125887636 0.0220597945 -5.2594733e-09
vn 0.0125895375 0.0220597945 -5.2594733e-09
vn -0.0125895375 0.0220597945 -5.2594733e-09
vn -0.0210472699 -0.0142187309 3.39001538e-09
vn 0.021047214 -0.0142188165 3.39003559e-09
vn -0.0210472327 -0.0142187877 3.3900287e-09
vn 0.0210472532 -0.0142187597 6.69837252e-09
vn 6.27336849e-09 -0.0165729653 0.0192482937
vn -6.19493346e-09 -0.0165729653 0.0192482937
vn 0 -0.0165729243 0.0192483272
vn 0 -0.0165729262 0.0192483272
vn 0 -0.0253999997 6.05584205e-09
vn 0 0.000369435846 0.0253973119
vn 1.60436056e-08 0.000369074143 0.0253973175
vn -1.5849194e-08 0.000369074143 0.0253973175
vn -0.0222306661 -0.0122864749 8.48367421e-09
vn 0.0222304817 -0.0122868083 2.92940827e-09
vn -0.0222308189 -0.0122862011 2.9292635e-09
vn 0.0222304817 -0.0122868102 2.92940894e-09
vn 0.0125887636 0.0220597945 -5.2594733e-09
vn 0.0210472699 -0.0142187309 3.39001538e-09
vn -0.021047214 -0.0142188165 3.39003559e-09
vn 0.0210472327 -0.0142187877 3.3900287e-09
vn -0.0210472532 -0.0142187597 6.69837252e-09
vn -6.27336849e-09 -0.0165729653 0.0192482937
vn 6.19493346e-09 -0.0165729653 0.0192482937
vn -1.60436056e-08 0.000369074143 0.0253973175
vn 1.5849194e-08 0.000369074143 0.0253973175
vn 0.0222306661 -0.0122864749 8.48367421e-09
vn -0.0222304817 -0.0122868083 2.92940827e-09
vn 0.0222308189 -0.0122862011 2.9292635e-09
vn -0.0222304817 -0.0122868102 2.92940894e-09
vn -0.0131396558 0.0217372812 -5.18258059e-09
vn 0.0131396558 0.0217372812 -5.18258059e-09
vn -0.0131397983 0.0217371937 3.29545058e-10
vn 0.013139735 0.0217372384 1.33791467e-09
vn -6.72043354e-09 -6.05584205e-09 -0.0253999997
vn 6.72043354e-09 -6.05584205e-09 -0.0253999997
vn -0.0101603856 0.0232793149 -5.5502305e-09
vn 0.0101603856 0.0232793149 -5.5502305e-09
vn 1.41674352e-08 6.05584205e-09 0.0253999997
vn -1.41674352e-08 6.05584205e-09 0.0253999997
vn -0.0101603987 0.0232793111 -5.55022961e-09
vn 0.0101603987 0.0232793111 -5.55022961e-09
vn -0.010160394 0.023279313 -5.55023005e-09
vn 0.0101603782 0.0232793204 -5.55023183e-09
vn 1.22811542e-07 -2.47513356e-07 0.0253999997
vn -1.22811542e-07 -2.47513356e-07 0.0253999997
vn 0.00995114073 -0.0233695284 5.57173951e-09
vn -0.00995114073 -0.0233695284 5.57173951e-09
vn 1.50506168e-07 -3.0632097e-07 0.0253999997
vn -1.50506168e-07 -3.0632097e-07 0.0253999997
vn 1.0767212e-08 -0.0165730361 0.0192482322
vn -1.0767212e-08 -0.0165730361 0.0192482322
vn 0 -0.0165729653 0.0192482956
vn 0 -0.00294868508 0.0252282657
vn 0 -0.00294868508 0.0252282619
vn 0 0.000368945388 0.0253973193
vn 7.44225037e-09 0.000368777226 0.0253973231
vn -7.44225037e-09 0.000368777226 0.0253973231
vn 0.0102203609 -0.023253046 5.54396795e-09
vn -0.0102203609 -0.023253046 5.54396795e-09
vn 0.0102203609 -0.0232530497 5.5439684e-09
vn -0.0102203609 -0.0232530497 5.5439684e-09
vn 5.86587589e-07 -1.21141431e-06 0.0253999997
vn -5.86587589e-07 -1.21141431e-06 0.0253999997
vn 0.00995114073 -0.0233695265 5.57173863e-09
vn -0.00995114073 -0.0233695265 5.57173863e-09
vn 4.38139836e-07 -9.43774637e-07 0.0253999997
vn -4.38139836e-07 -9.43774637e-07 0.0253999997
vn -2.18938592e-08 6.05584205e-09 0.0253999997
vn 2.18938592e-08 6.05584205e-09 0.0253999997
vn 5.52165567e-08 6.05584205e-09 0.0253999997
vn -5.52165567e-08 6.05584205e-09 0.0253999997
vn -0.0101603856 0.023279313 -5.55023005e-09
vn 0.0101603856 0.023279313 -5.55023005e-09
vn -0.0222307257 -0.0122863706 8.24780955e-09
vn -0.0210471638 -0.014218892 3.39005379e-09
vn 0.0252282359 -0.00294894259 7.03083869e-10
vn -0.0252282321 -0.00294894748 4.37216574e-09
vn 0.0222308338 -0.012286175 2.9292575e-09
vn 0.0210471638 -0.014218892 3.39005379e-09
vn -0.0222307369 -0.0122863483 7.87091903e-09
vn -0.0210472047 -0.0142188324 3.39003958e-09
vn 0.0252282321 -0.00294894748 4.37216574e-09
vn 0.0222307369 -0.0122863483 7.87091903e-09
vn 0.0210471936 -0.0142188491 3.39004358e-09
vn -0.0252282396 -0.00294887903 7.03068714e-10
vn 0 0.0229853466 0.0108074173
vn 0 0.022985341 -0.0108074285
vn 4.91916774e-09 -0.00010327463 0.0253997892
vn 0 -0.000103382125 -0.0253997892
vn 0 -0.000103466911 0.0253997892
vn 2.48045726e-08 -0.000102405618 -0.0253997967
vn 0.0240925364 -0.00804422516 -4.05392342e-09
vn 0.024092542 -0.00804422516 7.81638576e-09
vn 0.0240925681 -0.00804414507 1.91787675e-09
vn 0.0240925681 -0.00804414134 1.91787608e-09
vn 0.0253947303 0.000517476758 -1.23376281e-10
vn 0.0253947265 0.000517476758 -1.23376281e-10
vn 0.0253947396 0.000516933214 -1.87521909e-08
vn 0.0253947396 0.000516933214 1.82799411e-08
vn 1.03664011e-08 -0.0147581128 0.0206726417
vn 0 -0.0147572933 -0.0206732266
vn 6.41558273e-09 -0.0147579154 0.0206727814
vn 2.17139782e-08 -0.0147583671 -0.0206724592
vn -4.91916774e-09 -0.00010327463 0.0253997892
vn -2.48045726e-08 -0.000102405618 -0.0253997967
vn -0.0240925364 -0.00804422516 -4.05392342e-09
vn -0.024092542 -0.00804422516 7.81638576e-09
vn -0.0240925681 -0.00804414507 1.91787675e-09
vn -0.0240925681 -0.00804414134 1.91787608e-09
vn -0.0253947303 0.000517476758 -1.23376281e-10
vn -0.0253947265 0.000517476758 -1.23376281e-10
vn -0.0253947303 0.000517295091 -6.33297237e-09
vn -0.0253947303 0.000517295091 6.01107253e-09
vn -1.03664011e-08 -0.0147581128 0.0206726417
vn -6.41558273e-09 -0.0147579154 0.0206727814
vn -2.17139782e-08 -0.0147583671 -0.0206724592
vn 0 0.022821011 0.0111515922
vn 0 0.0228210054 -0.0111516034
vn 0 0.0228202362 0.0111523671
vn 0 0.0228202306 -0.0111523783
vn 7.84793919e-09 0.000438628253 0.0253962129
vn 0 0.000438037765 -0.0253962204
vn 4.07332212e-09 0.000438537565 0.0253962148
vn 0.0187676065 -0.017115403 -9.97818628e-09
vn 0.0187676065 -0.0171154011 1.79655206e-08
vn 0.0187677145 -0.0171152819 4.08060785e-09
vn 0.0187677145 -0.0171152838 4.08060874e-09
vn 0.0253947228 0.000517561566 -1.23396501e-10
vn 0.0253947265 0.000517561566 -1.23396501e-10
vn 0.0253947303 0.000517379958 -6.3329928e-09
vn 0.0253947303 0.000517379958 6.0110521e-09
vn 1.64075118e-08 -0.0147580076 0.0206727143
vn 0 -0.014757189 -0.0206733029
vn 1.01527098e-08 -0.0147578139 0.0206728578
vn 3.43626425e-08 -0.0147582609 -0.0206725355
vn -7.84793919e-09 0.000438628253 0.0253962129
vn -4.07332212e-09 0.000438537565 0.0253962129
vn 0 0.000438037765 -0.025396226
vn -0.0187676437 -0.017115362 -9.9782218e-09
vn -0.01876764 -0.0171153601 1.79655366e-08
vn -0.0187677499 -0.0171152428 4.08059897e-09
vn -0.0187677499 -0.0171152465 4.08059941e-09
vn -0.0253947228 0.000517561566 -1.23396501e-10
vn -0.0253947265 0.000517561566 -1.23396501e-10
vn -0.0253947303 0.000517379958 -6.3329928e-09
vn -0.0253947303 0.000517379958 6.0110521e-09
vn -1.64075118e-08 -0.0147580076 0.0206727143
vn -1.01527098e-08 -0.0147578139 0.0206728578
vn -3.43626425e-08 -0.0147582609 -0.0206725355
vn 0.0253999997 -1.81186088e-08 -7.61232499e-09
vn 0.0253999997 -1.8057646e-08 7.49958318e-09
vn -0.0253999997 2.88700169e-15 1.21089423e-08
vn -0.0253999997 -2.8605192e-15 -1.19978676e-08
vn 0 0.0235708822 0.00946432911
vn 0 0.0236008167 -0.00938943587
vn 0 0.0236008149 -0.00938943308
vn 0.0253999997 -7.21747372e-15 -3.02722292e-08
vn 0.0253999997 7.15128318e-15 2.99946059e-08
vn 0.0253999997 -2.43622338e-07 -1.10791177e-07
vn 0.0253999997 -2.46451862e-07 1.10790531e-07
vn 0 -0.0235840827 -0.00943139289
vn 0 -0.023616869 0.00934897829
vn 0 -0.023584079 -0.00943139289
vn 0.0253999997 -7.26622943e-07 -3.22031184e-07
vn 0.0253999997 -7.34052264e-07 3.22034055e-07
vn 0 -0.0234171897 -0.00983846281
vn 0 -0.0234574135 0.00974217057
vn -0.0253999997 -3.62371715e-08 -1.522465e-08
vn -0.0253999997 -3.61152388e-08 1.49991415e-08
vn -0.0253999997 -7.21747372e-15 -3.02722292e-08
vn -0.0253999997 7.15128318e-15 2.99946059e-08
vn -0.0253999997 -2.43622338e-07 -1.10791177e-07
vn -0.0253999997 -2.46451862e-07 1.10790531e-07
vn -0.0253999997 -7.26622943e-07 -3.22031184e-07
vn -0.0253999997 -7.34052264e-07 3.22034055e-07
vn 0 -0.023417186 -0.00983846281
vn 0 -0.0234574098 0.00974216778
vn -0.013139735 0.0217372384 1.33791467e-09
vn 0.0131397983 0.0217371956 3.29544697e-10
vn -0.0101603782 0.0232793204 -5.55023183e-09
vn 0.010160394 0.023279313 -5.55023005e-09
vn -0.0222308319 -0.012286175 2.9292575e-09
vn 0.0252282396 -0.00294887903 7.03068714e-10
vn 0.0222307257 -0.0122863706 8.24780955e-09
vn -0.0210471936 -0.0142188491 3.39004358e-09
vn 0.0210472047 -0.0142188324 3.39003958e-09
vn -0.0252282359 -0.00294894259 7.03083869e-10

# Mesh 'hele_barracks_structbMesh_011-mesh' with 2638 faces
g hele_barracks_structbMesh_011-mesh
usemtl DefaultMaterial
f  1/1/1 2/1/1 3/2/1
f  4/3/1 5/3/1 6/4/1
f  7/1/1 8/2/1 9/2/1
f  10/3/1 11/4/1 12/4/1
f  13/5/2 14/6/3 15/7/4
f  16/5/2 17/8/5 18/6/3
f  19/9/6 20/8/5 21/5/2
f  22/10/7 23/9/6 24/5/2
f  25/11/8 26/9/6 27/10/7
f  28/12/9 29/11/8 30/10/7
f  31/8/5 32/13/10 33/6/3
f  34/8/5 35/14/11 36/13/10
f  37/15/12 38/14/11 39/8/5
f  40/9/6 41/15/12 42/8/5
f  43/16/13 44/15/12 45/9/6
f  46/11/8 47/16/13 48/9/6
f  49/14/11 50/17/14 51/13/10
f  52/14/11 53/18/15 54/17/14
f  55/19/16 56/18/15 57/14/11
f  58/15/12 59/19/16 60/14/11
f  61/20/17 62/19/16 63/15/12
f  64/16/13 65/20/17 66/15/12
f  67/21/18 68/22/2 69/23/4
f  70/21/18 71/24/19 72/22/2
f  73/25/20 74/26/7 75/22/2
f  76/24/19 77/25/20 78/22/2
f  79/27/21 80/28/9 81/26/7
f  82/25/20 83/27/21 84/26/7
f  85/29/22 86/28/9 87/27/21
f  88/30/23 89/29/22 90/27/21
f  91/31/24 92/32/25 93/20/17
f  94/16/13 95/31/24 96/20/17
f  97/33/26 98/31/24 99/16/13
f  100/11/8 101/33/26 102/16/13
f  103/34/22 104/33/26 105/11/8
f  106/12/9 107/34/22 108/11/8
f  109/35/27 110/36/28 111/33/26
f  112/34/22 113/35/27 114/33/26
f  115/36/28 116/37/29 117/31/24
f  118/33/26 119/36/28 120/31/24
f  121/37/29 122/38/30 123/32/25
f  124/31/24 125/37/29 126/32/25
f  127/39/27 128/29/22 129/30/23
f  130/40/31 131/39/27 132/30/23
f  133/41/32 134/39/27 135/40/31
f  136/42/33 137/41/32 138/40/31
f  139/37/29 140/43/34 141/38/30
f  142/37/29 143/44/35 144/43/34
f  145/45/36 146/44/35 147/37/29
f  148/36/28 149/45/36 150/37/29
f  151/46/32 152/45/36 153/36/28
f  154/35/27 155/46/32 156/36/28
f  157/47/37 158/48/38 159/45/36
f  160/46/32 161/47/37 162/45/36
f  163/48/38 164/49/39 165/44/35
f  166/45/36 167/48/38 168/44/35
f  169/49/39 170/50/40 171/43/34
f  172/44/35 173/49/39 174/43/34
f  175/51/37 176/41/32 177/42/33
f  178/52/41 179/51/37 180/42/33
f  181/5/42 182/6/43 183/7/44
f  184/5/42 185/8/45 186/6/43
f  187/9/46 188/8/45 189/5/42
f  190/10/47 191/9/46 192/5/42
f  193/11/48 194/9/46 195/10/47
f  196/12/13 197/11/48 198/10/47
f  199/8/45 200/13/49 201/6/43
f  202/8/45 203/14/50 204/13/49
f  205/15/51 206/14/50 207/8/45
f  208/9/46 209/15/51 210/8/45
f  211/16/52 212/15/51 213/9/46
f  214/11/48 215/16/52 216/9/46
f  217/14/50 218/17/53 219/13/49
f  220/14/50 221/18/54 222/17/53
f  223/19/55 224/18/54 225/14/50
f  226/15/51 227/19/55 228/14/50
f  229/20/56 230/19/55 231/15/51
f  232/16/52 233/20/56 234/15/51
f  235/18/54 236/53/57 237/17/53
f  238/18/54 239/54/58 240/53/57
f  241/55/59 242/54/58 243/18/54
f  244/19/55 245/55/59 246/18/54
f  247/56/60 248/55/59 249/19/55
f  250/20/56 251/56/60 252/19/55
f  253/57/61 254/58/62 255/53/57
f  256/54/58 257/57/61 258/53/57
f  259/59/63 260/57/61 261/54/58
f  262/55/59 263/59/63 264/54/58
f  265/56/60 266/59/63 267/55/59
f  268/56/60 269/60/64 270/59/63
f  271/61/65 272/62/66 273/58/62
f  274/57/61 275/61/65 276/58/62
f  277/63/67 278/61/65 279/57/61
f  280/59/63 281/63/67 282/57/61
f  283/60/64 284/63/67 285/59/63
f  286/60/64 287/64/9 288/63/67
f  289/24/5 290/21/68 291/62/66
f  292/61/65 293/24/5 294/62/66
f  295/25/69 296/24/5 297/61/65
f  298/63/67 299/25/69 300/61/65
f  301/64/9 302/25/69 303/63/67
f  304/64/9 305/27/70 306/25/69
f  307/21/68 308/22/42 309/23/44
f  310/21/68 311/24/5 312/22/42
f  313/25/69 314/26/47 315/22/42
f  316/24/5 317/25/69 318/22/42
f  319/27/70 320/28/13 321/26/47
f  322/25/69 323/27/70 324/26/47
f  325/29/24 326/28/13 327/27/70
f  328/30/26 329/29/24 330/27/70
f  331/65/22 332/30/26 333/27/70
f  334/64/9 335/65/22 336/27/70
f  337/66/71 338/65/22 339/64/9
f  340/60/64 341/66/71 342/64/9
f  343/67/72 344/66/71 345/60/64
f  346/56/60 347/67/72 348/60/64
f  349/32/73 350/67/72 351/56/60
f  352/20/56 353/32/73 354/56/60
f  355/31/74 356/32/73 357/20/56
f  358/16/52 359/31/74 360/20/56
f  361/33/75 362/31/74 363/16/52
f  364/11/48 365/33/75 366/16/52
f  367/34/24 368/33/75 369/11/48
f  370/12/13 371/34/24 372/11/48
f  373/35/29 374/36/76 375/33/75
f  376/34/24 377/35/29 378/33/75
f  379/36/76 380/37/77 381/31/74
f  382/33/75 383/36/76 384/31/74
f  385/37/77 386/38/78 387/32/73
f  388/31/74 389/37/77 390/32/73
f  391/38/78 392/68/79 393/67/72
f  394/32/73 395/38/78 396/67/72
f  397/67/72 398/69/80 399/66/71
f  400/67/72 401/68/79 402/69/80
f  403/66/71 404/70/27 405/65/22
f  406/66/71 407/69/80 408/70/27
f  409/65/22 410/40/81 411/30/26
f  412/65/22 413/70/27 414/40/81
f  415/39/29 416/29/24 417/30/26
f  418/40/81 419/39/29 420/30/26
f  421/41/35 422/39/29 423/40/81
f  424/42/82 425/41/35 426/40/81
f  427/71/83 428/42/82 429/40/81
f  430/70/27 431/71/83 432/40/81
f  433/72/84 434/71/83 435/70/27
f  436/69/80 437/72/84 438/70/27
f  439/73/85 440/72/84 441/69/80
f  442/68/79 443/73/85 444/69/80
f  445/38/78 446/73/85 447/68/79
f  448/38/78 449/43/86 450/73/85
f  451/37/77 452/43/86 453/38/78
f  454/37/77 455/44/87 456/43/86
f  457/45/88 458/44/87 459/37/77
f  460/36/76 461/45/88 462/37/77
f  463/46/35 464/45/88 465/36/76
f  466/35/29 467/46/35 468/36/76
f  469/47/39 470/48/89 471/45/88
f  472/46/35 473/47/39 474/45/88
f  475/48/89 476/49/90 477/44/87
f  478/45/88 479/48/89 480/44/87
f  481/49/90 482/50/91 483/43/86
f  484/44/87 485/49/90 486/43/86
f  487/50/91 488/74/92 489/73/85
f  490/43/86 491/50/91 492/73/85
f  493/74/92 494/75/93 495/72/84
f  496/73/85 497/74/92 498/72/84
f  499/75/93 500/76/94 501/71/83
f  502/72/84 503/75/93 504/71/83
f  505/76/94 506/52/38 507/42/82
f  508/71/83 509/76/94 510/42/82
f  511/51/39 512/41/35 513/42/82
f  514/52/38 515/51/39 516/42/82
f  517/5/42 518/6/43 519/7/44
f  520/5/42 521/8/45 522/6/43
f  523/9/95 524/8/45 525/5/42
f  526/10/47 527/9/95 528/5/42
f  529/11/48 530/9/95 531/10/47
f  532/12/13 533/11/48 534/10/47
f  535/8/45 536/13/96 537/6/43
f  538/8/45 539/14/50 540/13/96
f  541/15/51 542/14/50 543/8/45
f  544/9/95 545/15/51 546/8/45
f  547/16/52 548/15/51 549/9/95
f  550/11/48 551/16/52 552/9/95
f  553/14/50 554/17/53 555/13/96
f  556/14/50 557/18/54 558/17/53
f  559/19/55 560/18/54 561/14/50
f  562/15/51 563/19/55 564/14/50
f  565/20/56 566/19/55 567/15/51
f  568/16/52 569/20/56 570/15/51
f  571/18/54 572/53/57 573/17/53
f  574/18/54 575/54/58 576/53/57
f  577/55/59 578/54/58 579/18/54
f  580/19/55 581/55/59 582/18/54
f  583/56/60 584/55/59 585/19/55
f  586/20/56 587/56/60 588/19/55
f  589/57/61 590/58/97 591/53/57
f  592/54/58 593/57/61 594/53/57
f  595/59/63 596/57/61 597/54/58
f  598/55/59 599/59/63 600/54/58
f  601/56/60 602/59/63 603/55/59
f  604/56/60 605/60/64 606/59/63
f  607/61/65 608/62/98 609/58/97
f  610/57/61 611/61/65 612/58/97
f  613/63/67 614/61/65 615/57/61
f  616/59/63 617/63/67 618/57/61
f  619/60/64 620/63/67 621/59/63
f  622/60/64 623/64/9 624/63/67
f  625/24/5 626/21/68 627/62/98
f  628/61/65 629/24/5 630/62/98
f  631/25/69 632/24/5 633/61/65
f  634/63/67 635/25/69 636/61/65
f  637/64/9 638/25/69 639/63/67
f  640/64/9 641/27/70 642/25/69
f  643/21/68 644/22/42 645/23/44
f  646/21/68 647/24/5 648/22/42
f  649/25/69 650/26/47 651/22/42
f  652/24/5 653/25/69 654/22/42
f  655/27/70 656/28/13 657/26/47
f  658/25/69 659/27/70 660/26/47
f  661/29/24 662/28/13 663/27/70
f  664/30/26 665/29/24 666/27/70
f  667/65/22 668/30/26 669/27/70
f  670/64/9 671/65/22 672/27/70
f  673/66/99 674/65/22 675/64/9
f  676/60/64 677/66/99 678/64/9
f  679/67/72 680/66/99 681/60/64
f  682/56/60 683/67/72 684/60/64
f  685/32/73 686/67/72 687/56/60
f  688/20/56 689/32/73 690/56/60
f  691/31/74 692/32/73 693/20/56
f  694/16/52 695/31/74 696/20/56
f  697/33/75 698/31/74 699/16/52
f  700/11/48 701/33/75 702/16/52
f  703/34/24 704/33/75 705/11/48
f  706/12/13 707/34/24 708/11/48
f  709/35/29 710/36/76 711/33/75
f  712/34/24 713/35/29 714/33/75
f  715/36/76 716/37/77 717/31/74
f  718/33/75 719/36/76 720/31/74
f  721/37/77 722/38/100 723/32/73
f  724/31/74 725/37/77 726/32/73
f  727/38/100 728/68/79 729/67/72
f  730/32/73 731/38/100 732/67/72
f  733/67/72 734/69/101 735/66/99
f  736/67/72 737/68/79 738/69/101
f  739/66/99 740/70/27 741/65/22
f  742/66/99 743/69/101 744/70/27
f  745/65/22 746/40/81 747/30/26
f  748/65/22 749/70/27 750/40/81
f  751/39/29 752/29/24 753/30/26
f  754/40/81 755/39/29 756/30/26
f  757/41/102 758/39/29 759/40/81
f  760/42/82 761/41/102 762/40/81
f  763/71/83 764/42/82 765/40/81
f  766/70/27 767/71/83 768/40/81
f  769/72/84 770/71/83 771/70/27
f  772/69/101 773/72/84 774/70/27
f  775/73/103 776/72/84 777/69/101
f  778/68/79 779/73/103 780/69/101
f  781/38/100 782/73/103 783/68/79
f  784/38/100 785/43/86 786/73/103
f  787/37/77 788/43/86 789/38/100
f  790/37/77 791/44/104 792/43/86
f  793/45/105 794/44/104 795/37/77
f  796/36/76 797/45/105 798/37/77
f  799/46/102 800/45/105 801/36/76
f  802/35/29 803/46/102 804/36/76
f  805/47/39 806/48/89 807/45/105
f  808/46/102 809/47/39 810/45/105
f  811/48/89 812/49/90 813/44/104
f  814/45/105 815/48/89 816/44/104
f  817/49/90 818/50/91 819/43/86
f  820/44/104 821/49/90 822/43/86
f  823/50/91 824/74/92 825/73/103
f  826/43/86 827/50/91 828/73/103
f  829/74/92 830/75/1 831/72/84
f  832/73/103 833/74/92 834/72/84
f  835/75/1 836/76/37 837/71/83
f  838/72/84 839/75/1 840/71/83
f  841/76/37 842/52/38 843/42/82
f  844/71/83 845/76/37 846/42/82
f  847/51/39 848/41/102 849/42/82
f  850/52/38 851/51/39 852/42/82
f  853/5/42 854/6/43 855/7/106
f  856/5/42 857/8/45 858/6/43
f  859/9/46 860/8/45 861/5/42
f  862/10/47 863/9/46 864/5/42
f  865/11/48 866/9/46 867/10/47
f  868/12/13 869/11/48 870/10/47
f  871/8/45 872/13/49 873/6/43
f  874/8/45 875/14/50 876/13/49
f  877/15/51 878/14/50 879/8/45
f  880/9/46 881/15/51 882/8/45
f  883/16/52 884/15/51 885/9/46
f  886/11/48 887/16/52 888/9/46
f  889/14/50 890/17/53 891/13/49
f  892/14/50 893/18/54 894/17/53
f  895/19/55 896/18/54 897/14/50
f  898/15/51 899/19/55 900/14/50
f  901/20/56 902/19/55 903/15/51
f  904/16/52 905/20/56 906/15/51
f  907/18/54 908/53/57 909/17/53
f  910/18/54 911/54/58 912/53/57
f  913/55/59 914/54/58 915/18/54
f  916/19/55 917/55/59 918/18/54
f  919/56/60 920/55/59 921/19/55
f  922/20/56 923/56/60 924/19/55
f  925/57/61 926/58/62 927/53/57
f  928/54/58 929/57/61 930/53/57
f  931/59/63 932/57/61 933/54/58
f  934/55/59 935/59/63 936/54/58
f  937/56/60 938/59/63 939/55/59
f  940/56/60 941/60/64 942/59/63
f  943/61/65 944/62/98 945/58/62
f  946/57/61 947/61/65 948/58/62
f  949/63/67 950/61/65 951/57/61
f  952/59/63 953/63/67 954/57/61
f  955/60/64 956/63/67 957/59/63
f  958/60/64 959/64/9 960/63/67
f  961/24/5 962/21/68 963/62/98
f  964/61/65 965/24/5 966/62/98
f  967/25/69 968/24/5 969/61/65
f  970/63/67 971/25/69 972/61/65
f  973/64/9 974/25/69 975/63/67
f  976/64/9 977/27/70 978/25/69
f  979/21/68 980/22/42 981/23/106
f  982/21/68 983/24/5 984/22/42
f  985/25/69 986/26/47 987/22/42
f  988/24/5 989/25/69 990/22/42
f  991/27/70 992/28/13 993/26/47
f  994/25/69 995/27/70 996/26/47
f  997/29/24 998/28/13 999/27/70
f  1000/30/26 1001/29/24 1002/27/70
f  1003/65/22 1004/30/26 1005/27/70
f  1006/64/9 1007/65/22 1008/27/70
f  1009/66/99 1010/65/22 1011/64/9
f  1012/60/64 1013/66/99 1014/64/9
f  1015/67/72 1016/66/99 1017/60/64
f  1018/56/60 1019/67/72 1020/60/64
f  1021/32/73 1022/67/72 1023/56/60
f  1024/20/56 1025/32/73 1026/56/60
f  1027/31/74 1028/32/73 1029/20/56
f  1030/16/52 1031/31/74 1032/20/56
f  1033/33/75 1034/31/74 1035/16/52
f  1036/11/48 1037/33/75 1038/16/52
f  1039/34/24 1040/33/75 1041/11/48
f  1042/12/13 1043/34/24 1044/11/48
f  1045/35/29 1046/36/76 1047/33/75
f  1048/34/24 1049/35/29 1050/33/75
f  1051/36/76 1052/37/77 1053/31/74
f  1054/33/75 1055/36/76 1056/31/74
f  1057/37/77 1058/38/78 1059/32/73
f  1060/31/74 1061/37/77 1062/32/73
f  1063/38/78 1064/68/79 1065/67/72
f  1066/32/73 1067/38/78 1068/67/72
f  1069/67/72 1070/69/101 1071/66/99
f  1072/67/72 1073/68/79 1074/69/101
f  1075/66/99 1076/70/27 1077/65/22
f  1078/66/99 1079/69/101 1080/70/27
f  1081/65/22 1082/40/81 1083/30/26
f  1084/65/22 1085/70/27 1086/40/81
f  1087/39/29 1088/29/24 1089/30/26
f  1090/40/81 1091/39/29 1092/30/26
f  1093/41/107 1094/39/29 1095/40/81
f  1096/42/82 1097/41/107 1098/40/81
f  1099/71/83 1100/42/82 1101/40/81
f  1102/70/27 1103/71/83 1104/40/81
f  1105/72/84 1106/71/83 1107/70/27
f  1108/69/101 1109/72/84 1110/70/27
f  1111/73/108 1112/72/84 1113/69/101
f  1114/68/79 1115/73/108 1116/69/101
f  1117/38/78 1118/73/108 1119/68/79
f  1120/38/78 1121/43/86 1122/73/108
f  1123/37/77 1124/43/86 1125/38/78
f  1126/37/77 1127/44/109 1128/43/86
f  1129/45/88 1130/44/109 1131/37/77
f  1132/36/76 1133/45/88 1134/37/77
f  1135/46/107 1136/45/88 1137/36/76
f  1138/35/29 1139/46/107 1140/36/76
f  1141/47/39 1142/48/89 1143/45/88
f  1144/46/107 1145/47/39 1146/45/88
f  1147/48/89 1148/49/90 1149/44/109
f  1150/45/88 1151/48/89 1152/44/109
f  1153/49/90 1154/50/91 1155/43/86
f  1156/44/109 1157/49/90 1158/43/86
f  1159/50/91 1160/74/92 1161/73/108
f  1162/43/86 1163/50/91 1164/73/108
f  1165/74/92 1166/75/93 1167/72/84
f  1168/73/108 1169/74/92 1170/72/84
f  1171/75/93 1172/76/37 1173/71/83
f  1174/72/84 1175/75/93 1176/71/83
f  1177/76/37 1178/52/38 1179/42/82
f  1180/71/83 1181/76/37 1182/42/82
f  1183/51/39 1184/41/107 1185/42/82
f  1186/52/38 1187/51/39 1188/42/82
f  1189/5/65 1190/6/3 1191/7/66
f  1192/5/65 1193/8/5 1194/6/3
f  1195/9/110 1196/8/5 1197/5/65
f  1198/10/67 1199/9/110 1200/5/65
f  1201/11/70 1202/9/110 1203/10/67
f  1204/12/9 1205/11/70 1206/10/67
f  1207/8/5 1208/13/44 1209/6/3
f  1210/8/5 1211/14/42 1212/13/44
f  1213/15/12 1214/14/42 1215/8/5
f  1216/9/110 1217/15/12 1218/8/5
f  1219/16/13 1220/15/12 1221/9/110
f  1222/11/70 1223/16/13 1224/9/110
f  1225/14/42 1226/17/111 1227/13/44
f  1228/14/42 1229/18/45 1230/17/111
f  1231/19/46 1232/18/45 1233/14/42
f  1234/15/12 1235/19/46 1236/14/42
f  1237/20/48 1238/19/46 1239/15/12
f  1240/16/13 1241/20/48 1242/15/12
f  1243/18/45 1244/53/49 1245/17/111
f  1246/18/45 1247/54/50 1248/53/49
f  1249/55/51 1250/54/50 1251/18/45
f  1252/19/46 1253/55/51 1254/18/45
f  1255/56/52 1256/55/51 1257/19/46
f  1258/20/48 1259/56/52 1260/19/46
f  1261/57/54 1262/58/112 1263/53/49
f  1264/54/50 1265/57/54 1266/53/49
f  1267/59/55 1268/57/54 1269/54/50
f  1270/55/51 1271/59/55 1272/54/50
f  1273/56/52 1274/59/55 1275/55/51
f  1276/56/52 1277/60/56 1278/59/55
f  1279/61/58 1280/62/57 1281/58/112
f  1282/57/54 1283/61/58 1284/58/112
f  1285/63/59 1286/61/58 1287/57/54
f  1288/59/55 1289/63/59 1290/57/54
f  1291/60/56 1292/63/59 1293/59/55
f  1294/60/56 1295/64/60 1296/63/59
f  1297/24/61 1298/21/113 1299/62/57
f  1300/61/58 1301/24/61 1302/62/57
f  1303/25/63 1304/24/61 1305/61/58
f  1306/63/59 1307/25/63 1308/61/58
f  1309/64/60 1310/25/63 1311/63/59
f  1312/64/60 1313/27/64 1314/25/63
f  1315/21/113 1316/22/65 1317/23/66
f  1318/21/113 1319/24/61 1320/22/65
f  1321/25/63 1322/26/67 1323/22/65
f  1324/24/61 1325/25/63 1326/22/65
f  1327/27/64 1328/28/9 1329/26/67
f  1330/25/63 1331/27/64 1332/26/67
f  1333/29/22 1334/28/9 1335/27/64
f  1336/30/99 1337/29/22 1338/27/64
f  1339/65/114 1340/30/99 1341/27/64
f  1342/64/60 1343/65/114 1344/27/64
f  1345/66/73 1346/65/114 1347/64/60
f  1348/60/56 1349/66/73 1350/64/60
f  1351/67/74 1352/66/73 1353/60/56
f  1354/56/52 1355/67/74 1356/60/56
f  1357/32/75 1358/67/74 1359/56/52
f  1360/20/48 1361/32/75 1362/56/52
f  1363/31/24 1364/32/75 1365/20/48
f  1366/16/13 1367/31/24 1368/20/48
f  1369/33/26 1370/31/24 1371/16/13
f  1372/11/70 1373/33/26 1374/16/13
f  1375/34/22 1376/33/26 1377/11/70
f  1378/12/9 1379/34/22 1380/11/70
f  1381/35/27 1382/36/28 1383/33/26
f  1384/34/22 1385/35/27 1386/33/26
f  1387/36/28 1388/37/29 1389/31/24
f  1390/33/26 1391/36/28 1392/31/24
f  1393/37/29 1394/38/115 1395/32/75
f  1396/31/24 1397/37/29 1398/32/75
f  1399/38/115 1400/68/77 1401/67/74
f  1402/32/75 1403/38/115 1404/67/74
f  1405/67/74 1406/69/116 1407/66/73
f  1408/67/74 1409/68/77 1410/69/116
f  1411/66/73 1412/70/79 1413/65/114
f  1414/66/73 1415/69/116 1416/70/79
f  1417/65/114 1418/40/101 1419/30/99
f  1420/65/114 1421/70/79 1422/40/101
f  1423/39/27 1424/29/22 1425/30/99
f  1426/40/101 1427/39/27 1428/30/99
f  1429/41/117 1430/39/27 1431/40/101
f  1432/42/84 1433/41/117 1434/40/101
f  1435/71/118 1436/42/84 1437/40/101
f  1438/70/79 1439/71/118 1440/40/101
f  1441/72/119 1442/71/118 1443/70/79
f  1444/69/116 1445/72/119 1446/70/79
f  1447/73/109 1448/72/119 1449/69/116
f  1450/68/77 1451/73/109 1452/69/116
f  1453/38/115 1454/73/109 1455/68/77
f  1456/38/115 1457/43/105 1458/73/109
f  1459/37/29 1460/43/105 1461/38/115
f  1462/37/29 1463/44/102 1464/43/105
f  1465/45/36 1466/44/102 1467/37/29
f  1468/36/28 1469/45/36 1470/37/29
f  1471/46/117 1472/45/36 1473/36/28
f  1474/35/27 1475/46/117 1476/36/28
f  1477/47/37 1478/48/38 1479/45/36
f  1480/46/117 1481/47/37 1482/45/36
f  1483/48/38 1484/49/39 1485/44/102
f  1486/45/36 1487/48/38 1488/44/102
f  1489/49/39 1490/50/120 1491/43/105
f  1492/44/102 1493/49/39 1494/43/105
f  1495/50/120 1496/74/90 1497/73/109
f  1498/43/105 1499/50/120 1500/73/109
f  1501/74/90 1502/75/91 1503/72/119
f  1504/73/109 1505/74/90 1506/72/119
f  1507/75/91 1508/76/92 1509/71/118
f  1510/72/119 1511/75/91 1512/71/118
f  1513/76/92 1514/52/1 1515/42/84
f  1516/71/118 1517/76/92 1518/42/84
f  1519/51/37 1520/41/117 1521/42/84
f  1522/52/1 1523/51/37 1524/42/84
f  1525/5/65 1526/6/3 1527/7/66
f  1528/5/65 1529/8/5 1530/6/3
f  1531/9/69 1532/8/5 1533/5/65
f  1534/10/67 1535/9/69 1536/5/65
f  1537/11/70 1538/9/69 1539/10/67
f  1540/12/9 1541/11/70 1542/10/67
f  1543/8/5 1544/13/44 1545/6/3
f  1546/8/5 1547/14/121 1548/13/44
f  1549/15/12 1550/14/121 1551/8/5
f  1552/9/69 1553/15/12 1554/8/5
f  1555/16/13 1556/15/12 1557/9/69
f  1558/11/70 1559/16/13 1560/9/69
f  1561/14/121 1562/17/111 1563/13/44
f  1564/14/121 1565/18/45 1566/17/111
f  1567/19/46 1568/18/45 1569/14/121
f  1570/15/12 1571/19/46 1572/14/121
f  1573/20/48 1574/19/46 1575/15/12
f  1576/16/13 1577/20/48 1578/15/12
f  1579/18/45 1580/53/49 1581/17/111
f  1582/18/45 1583/54/50 1584/53/49
f  1585/55/51 1586/54/50 1587/18/45
f  1588/19/46 1589/55/51 1590/18/45
f  1591/56/52 1592/55/51 1593/19/46
f  1594/20/48 1595/56/52 1596/19/46
f  1597/57/54 1598/58/112 1599/53/49
f  1600/54/50 1601/57/54 1602/53/49
f  1603/59/55 1604/57/54 1605/54/50
f  1606/55/51 1607/59/55 1608/54/50
f  1609/56/52 1610/59/55 1611/55/51
f  1612/56/52 1613/60/56 1614/59/55
f  1615/61/58 1616/62/57 1617/58/112
f  1618/57/54 1619/61/58 1620/58/112
f  1621/63/122 1622/61/58 1623/57/54
f  1624/59/55 1625/63/122 1626/57/54
f  1627/60/56 1628/63/122 1629/59/55
f  1630/60/56 1631/64/60 1632/63/122
f  1633/24/61 1634/21/113 1635/62/57
f  1636/61/58 1637/24/61 1638/62/57
f  1639/25/63 1640/24/61 1641/61/58
f  1642/63/122 1643/25/63 1644/61/58
f  1645/64/60 1646/25/63 1647/63/122
f  1648/64/60 1649/27/64 1650/25/63
f  1651/21/113 1652/22/65 1653/23/66
f  1654/21/113 1655/24/61 1656/22/65
f  1657/25/63 1658/26/67 1659/22/65
f  1660/24/61 1661/25/63 1662/22/65
f  1663/27/64 1664/28/9 1665/26/67
f  1666/25/63 1667/27/64 1668/26/67
f  1669/29/22 1670/28/9 1671/27/64
f  1672/30/99 1673/29/22 1674/27/64
f  1675/65/114 1676/30/99 1677/27/64
f  1678/64/60 1679/65/114 1680/27/64
f  1681/66/73 1682/65/114 1683/64/60
f  1684/60/56 1685/66/73 1686/64/60
f  1687/67/74 1688/66/73 1689/60/56
f  1690/56/52 1691/67/74 1692/60/56
f  1693/32/75 1694/67/74 1695/56/52
f  1696/20/48 1697/32/75 1698/56/52
f  1699/31/24 1700/32/75 1701/20/48
f  1702/16/13 1703/31/24 1704/20/48
f  1705/33/26 1706/31/24 1707/16/13
f  1708/11/70 1709/33/26 1710/16/13
f  1711/34/22 1712/33/26 1713/11/70
f  1714/12/9 1715/34/22 1716/11/70
f  1717/35/27 1718/36/28 1719/33/26
f  1720/34/22 1721/35/27 1722/33/26
f  1723/36/28 1724/37/29 1725/31/24
f  1726/33/26 1727/36/28 1728/31/24
f  1729/37/29 1730/38/123 1731/32/75
f  1732/31/24 1733/37/29 1734/32/75
f  1735/38/123 1736/68/77 1737/67/74
f  1738/32/75 1739/38/123 1740/67/74
f  1741/67/74 1742/69/116 1743/66/73
f  1744/67/74 1745/68/77 1746/69/116
f  1747/66/73 1748/70/79 1749/65/114
f  1750/66/73 1751/69/116 1752/70/79
f  1753/65/114 1754/40/101 1755/30/99
f  1756/65/114 1757/70/79 1758/40/101
f  1759/39/27 1760/29/22 1761/30/99
f  1762/40/101 1763/39/27 1764/30/99
f  1765/41/117 1766/39/27 1767/40/101
f  1768/42/84 1769/41/117 1770/40/101
f  1771/71/118 1772/42/84 1773/40/101
f  1774/70/79 1775/71/118 1776/40/101
f  1777/72/119 1778/71/118 1779/70/79
f  1780/69/116 1781/72/119 1782/70/79
f  1783/73/109 1784/72/119 1785/69/116
f  1786/68/77 1787/73/109 1788/69/116
f  1789/38/123 1790/73/109 1791/68/77
f  1792/38/123 1793/43/124 1794/73/109
f  1795/37/29 1796/43/124 1797/38/123
f  1798/37/29 1799/44/35 1800/43/124
f  1801/45/36 1802/44/35 1803/37/29
f  1804/36/28 1805/45/36 1806/37/29
f  1807/46/117 1808/45/36 1809/36/28
f  1810/35/27 1811/46/117 1812/36/28
f  1813/47/37 1814/48/38 1815/45/36
f  1816/46/117 1817/47/37 1818/45/36
f  1819/48/38 1820/49/39 1821/44/35
f  1822/45/36 1823/48/38 1824/44/35
f  1825/49/39 1826/50/120 1827/43/124
f  1828/44/35 1829/49/39 1830/43/124
f  1831/50/120 1832/74/90 1833/73/109
f  1834/43/124 1835/50/120 1836/73/109
f  1837/74/90 1838/75/91 1839/72/119
f  1840/73/109 1841/74/90 1842/72/119
f  1843/75/91 1844/76/92 1845/71/118
f  1846/72/119 1847/75/91 1848/71/118
f  1849/76/92 1850/52/1 1851/42/84
f  1852/71/118 1853/76/92 1854/42/84
f  1855/51/37 1856/41/117 1857/42/84
f  1858/52/1 1859/51/37 1860/42/84
f  1861/5/65 1862/6/3 1863/7/98
f  1864/5/65 1865/8/5 1866/6/3
f  1867/9/69 1868/8/5 1869/5/65
f  1870/10/67 1871/9/69 1872/5/65
f  1873/11/70 1874/9/69 1875/10/67
f  1876/12/9 1877/11/70 1878/10/67
f  1879/8/5 1880/13/106 1881/6/3
f  1882/8/5 1883/14/42 1884/13/106
f  1885/15/47 1886/14/42 1887/8/5
f  1888/9/69 1889/15/47 1890/8/5
f  1891/16/13 1892/15/47 1893/9/69
f  1894/11/70 1895/16/13 1896/9/69
f  1897/14/42 1898/17/111 1899/13/106
f  1900/14/42 1901/18/45 1902/17/111
f  1903/19/46 1904/18/45 1905/14/42
f  1906/15/47 1907/19/46 1908/14/42
f  1909/20/48 1910/19/46 1911/15/47
f  1912/16/13 1913/20/48 1914/15/47
f  1915/18/45 1916/53/49 1917/17/111
f  1918/18/45 1919/54/50 1920/53/49
f  1921/55/51 1922/54/50 1923/18/45
f  1924/19/46 1925/55/51 1926/18/45
f  1927/56/52 1928/55/51 1929/19/46
f  1930/20/48 1931/56/52 1932/19/46
f  1933/57/54 1934/58/125 1935/53/49
f  1936/54/50 1937/57/54 1938/53/49
f  1939/59/55 1940/57/54 1941/54/50
f  1942/55/51 1943/59/55 1944/54/50
f  1945/56/52 1946/59/55 1947/55/51
f  1948/56/52 1949/60/56 1950/59/55
f  1951/61/58 1952/62/57 1953/58/125
f  1954/57/54 1955/61/58 1956/58/125
f  1957/63/122 1958/61/58 1959/57/54
f  1960/59/55 1961/63/122 1962/57/54
f  1963/60/56 1964/63/122 1965/59/55
f  1966/60/56 1967/64/60 1968/63/122
f  1969/24/61 1970/21/113 1971/62/57
f  1972/61/58 1973/24/61 1974/62/57
f  1975/25/63 1976/24/61 1977/61/58
f  1978/63/122 1979/25/63 1980/61/58
f  1981/64/60 1982/25/63 1983/63/122
f  1984/64/60 1985/27/64 1986/25/63
f  1987/21/113 1988/22/65 1989/23/98
f  1990/21/113 1991/24/61 1992/22/65
f  1993/25/63 1994/26/67 1995/22/65
f  1996/24/61 1997/25/63 1998/22/65
f  1999/27/64 2000/28/9 2001/26/67
f  2002/25/63 2003/27/64 2004/26/67
f  2005/29/126 2006/28/9 2007/27/64
f  2008/30/99 2009/29/126 2010/27/64
f  2011/65/114 2012/30/99 2013/27/64
f  2014/64/60 2015/65/114 2016/27/64
f  2017/66/73 2018/65/114 2019/64/60
f  2020/60/56 2021/66/73 2022/64/60
f  2023/67/74 2024/66/73 2025/60/56
f  2026/56/52 2027/67/74 2028/60/56
f  2029/32/75 2030/67/74 2031/56/52
f  2032/20/48 2033/32/75 2034/56/52
f  2035/31/24 2036/32/75 2037/20/48
f  2038/16/13 2039/31/24 2040/20/48
f  2041/33/26 2042/31/24 2043/16/13
f  2044/11/70 2045/33/26 2046/16/13
f  2047/34/126 2048/33/26 2049/11/70
f  2050/12/9 2051/34/126 2052/11/70
f  2053/35/27 2054/36/28 2055/33/26
f  2056/34/126 2057/35/27 2058/33/26
f  2059/36/28 2060/37/29 2061/31/24
f  2062/33/26 2063/36/28 2064/31/24
f  2065/37/29 2066/38/115 2067/32/75
f  2068/31/24 2069/37/29 2070/32/75
f  2071/38/115 2072/68/77 2073/67/74
f  2074/32/75 2075/38/115 2076/67/74
f  2077/67/74 2078/69/116 2079/66/73
f  2080/67/74 2081/68/77 2082/69/116
f  2083/66/73 2084/70/79 2085/65/114
f  2086/66/73 2087/69/116 2088/70/79
f  2089/65/114 2090/40/101 2091/30/99
f  2092/65/114 2093/70/79 2094/40/101
f  2095/39/27 2096/29/126 2097/30/99
f  2098/40/101 2099/39/27 2100/30/99
f  2101/41/117 2102/39/27 2103/40/101
f  2104/42/84 2105/41/117 2106/40/101
f  2107/71/118 2108/42/84 2109/40/101
f  2110/70/79 2111/71/118 2112/40/101
f  2113/72/119 2114/71/118 2115/70/79
f  2116/69/116 2117/72/119 2118/70/79
f  2119/73/109 2120/72/119 2121/69/116
f  2122/68/77 2123/73/109 2124/69/116
f  2125/38/115 2126/73/109 2127/68/77
f  2128/38/115 2129/43/105 2130/73/109
f  2131/37/29 2132/43/105 2133/38/115
f  2134/37/29 2135/44/35 2136/43/105
f  2137/45/82 2138/44/35 2139/37/29
f  2140/36/28 2141/45/82 2142/37/29
f  2143/46/117 2144/45/82 2145/36/28
f  2146/35/27 2147/46/117 2148/36/28
f  2149/47/37 2150/48/38 2151/45/82
f  2152/46/117 2153/47/37 2154/45/82
f  2155/48/38 2156/49/39 2157/44/35
f  2158/45/82 2159/48/38 2160/44/35
f  2161/49/39 2162/50/89 2163/43/105
f  2164/44/35 2165/49/39 2166/43/105
f  2167/50/89 2168/74/90 2169/73/109
f  2170/43/105 2171/50/89 2172/73/109
f  2173/74/90 2174/75/91 2175/72/119
f  2176/73/109 2177/74/90 2178/72/119
f  2179/75/91 2180/76/92 2181/71/118
f  2182/72/119 2183/75/91 2184/71/118
f  2185/76/92 2186/52/1 2187/42/84
f  2188/71/118 2189/76/92 2190/42/84
f  2191/51/37 2192/41/117 2193/42/84
f  2194/52/1 2195/51/37 2196/42/84
f  2197/5/58 2198/6/62 2199/7/57
f  2200/5/58 2201/8/61 2202/6/62
f  2203/9/63 2204/8/61 2205/5/58
f  2206/10/59 2207/9/63 2208/5/58
f  2209/11/64 2210/9/63 2211/10/59
f  2212/12/60 2213/11/64 2214/10/59
f  2215/8/61 2216/13/98 2217/6/62
f  2218/8/61 2219/14/127 2220/13/98
f  2221/15/128 2222/14/127 2223/8/61
f  2224/9/63 2225/15/128 2226/8/61
f  2227/16/9 2228/15/128 2229/9/63
f  2230/11/64 2231/16/9 2232/9/63
f  2233/14/127 2234/17/68 2235/13/98
f  2236/14/127 2237/18/5 2238/17/68
f  2239/19/69 2240/18/5 2241/14/127
f  2242/15/128 2243/19/69 2244/14/127
f  2245/20/70 2246/19/69 2247/15/128
f  2248/16/9 2249/20/70 2250/15/128
f  2251/18/5 2252/53/106 2253/17/68
f  2254/18/5 2255/54/42 2256/53/106
f  2257/55/47 2258/54/42 2259/18/5
f  2260/19/69 2261/55/47 2262/18/5
f  2263/56/13 2264/55/47 2265/19/69
f  2266/20/70 2267/56/13 2268/19/69
f  2269/57/45 2270/58/43 2271/53/106
f  2272/54/42 2273/57/45 2274/53/106
f  2275/59/46 2276/57/45 2277/54/42
f  2278/55/47 2279/59/46 2280/54/42
f  2281/56/13 2282/59/46 2283/55/47
f  2284/56/13 2285/60/48 2286/59/46
f  2287/61/50 2288/62/49 2289/58/43
f  2290/57/45 2291/61/50 2292/58/43
f  2293/63/51 2294/61/50 2295/57/45
f  2296/59/46 2297/63/51 2298/57/45
f  2299/60/48 2300/63/51 2301/59/46
f  2302/60/48 2303/64/52 2304/63/51
f  2305/24/54 2306/21/53 2307/62/49
f  2308/61/50 2309/24/54 2310/62/49
f  2311/25/55 2312/24/54 2313/61/50
f  2314/63/51 2315/25/55 2316/61/50
f  2317/64/52 2318/25/55 2319/63/51
f  2320/64/52 2321/27/56 2322/25/55
f  2323/21/53 2324/22/58 2325/23/57
f  2326/21/53 2327/24/54 2328/22/58
f  2329/25/55 2330/26/59 2331/22/58
f  2332/24/54 2333/25/55 2334/22/58
f  2335/27/56 2336/28/60 2337/26/59
f  2338/25/55 2339/27/56 2340/26/59
f  2341/29/114 2342/28/60 2343/27/56
f  2344/30/73 2345/29/114 2346/27/56
f  2347/65/74 2348/30/73 2349/27/56
f  2350/64/52 2351/65/74 2352/27/56
f  2353/66/75 2354/65/74 2355/64/52
f  2356/60/48 2357/66/75 2358/64/52
f  2359/67/24 2360/66/75 2361/60/48
f  2362/56/13 2363/67/24 2364/60/48
f  2365/32/26 2366/67/24 2367/56/13
f  2368/20/70 2369/32/26 2370/56/13
f  2371/31/22 2372/32/26 2373/20/70
f  2374/16/9 2375/31/22 2376/20/70
f  2377/33/99 2378/31/22 2379/16/9
f  2380/11/64 2381/33/99 2382/16/9
f  2383/34/114 2384/33/99 2385/11/64
f  2386/12/60 2387/34/114 2388/11/64
f  2389/35/79 2390/36/129 2391/33/99
f  2392/34/114 2393/35/79 2394/33/99
f  2395/36/129 2396/37/27 2397/31/22
f  2398/33/99 2399/36/129 2400/31/22
f  2401/37/27 2402/38/130 2403/32/26
f  2404/31/22 2405/37/27 2406/32/26
f  2407/38/130 2408/68/29 2409/67/24
f  2410/32/26 2411/38/130 2412/67/24
f  2413/67/24 2414/69/131 2415/66/75
f  2416/67/24 2417/68/29 2418/69/131
f  2419/66/75 2420/70/77 2421/65/74
f  2422/66/75 2423/69/131 2424/70/77
f  2425/65/74 2426/40/116 2427/30/73
f  2428/65/74 2429/70/77 2430/40/116
f  2431/39/79 2432/29/114 2433/30/73
f  2434/40/116 2435/39/79 2436/30/73
f  2437/41/132 2438/39/79 2439/40/116
f  2440/42/119 2441/41/132 2442/40/116
f  2443/71/133 2444/42/119 2445/40/116
f  2446/70/77 2447/71/133 2448/40/116
f  2449/72/88 2450/71/133 2451/70/77
f  2452/69/131 2453/72/88 2454/70/77
f  2455/73/134 2456/72/88 2457/69/131
f  2458/68/29 2459/73/134 2460/69/131
f  2461/38/130 2462/73/134 2463/68/29
f  2464/38/130 2465/43/36 2466/73/134
f  2467/37/27 2468/43/36 2469/38/130
f  2470/37/27 2471/44/135 2472/43/36
f  2473/45/136 2474/44/135 2475/37/27
f  2476/36/129 2477/45/136 2478/37/27
f  2479/46/132 2480/45/136 2481/36/129
f  2482/35/79 2483/46/132 2484/36/129
f  2485/47/92 2486/48/1 2487/45/136
f  2488/46/132 2489/47/92 2490/45/136
f  2491/48/1 2492/49/37 2493/44/135
f  2494/45/136 2495/48/1 2496/44/135
f  2497/49/37 2498/50/38 2499/43/36
f  2500/44/135 2501/49/37 2502/43/36
f  2503/50/38 2504/74/39 2505/73/134
f  2506/43/36 2507/50/38 2508/73/134
f  2509/74/39 2510/75/89 2511/72/88
f  2512/73/134 2513/74/39 2514/72/88
f  2515/75/89 2516/76/137 2517/71/133
f  2518/72/88 2519/75/89 2520/71/133
f  2521/76/137 2522/52/91 2523/42/119
f  2524/71/133 2525/76/137 2526/42/119
f  2527/51/92 2528/41/132 2529/42/119
f  2530/52/91 2531/51/92 2532/42/119
f  2533/5/58 2534/6/62 2535/7/57
f  2536/5/58 2537/8/61 2538/6/62
f  2539/9/63 2540/8/61 2541/5/58
f  2542/10/59 2543/9/63 2544/5/58
f  2545/11/64 2546/9/63 2547/10/59
f  2548/12/60 2549/11/64 2550/10/59
f  2551/8/61 2552/13/98 2553/6/62
f  2554/8/61 2555/14/127 2556/13/98
f  2557/15/67 2558/14/127 2559/8/61
f  2560/9/63 2561/15/67 2562/8/61
f  2563/16/9 2564/15/67 2565/9/63
f  2566/11/64 2567/16/9 2568/9/63
f  2569/14/127 2570/17/68 2571/13/98
f  2572/14/127 2573/18/5 2574/17/68
f  2575/19/69 2576/18/5 2577/14/127
f  2578/15/67 2579/19/69 2580/14/127
f  2581/20/70 2582/19/69 2583/15/67
f  2584/16/9 2585/20/70 2586/15/67
f  2587/18/5 2588/53/106 2589/17/68
f  2590/18/5 2591/54/42 2592/53/106
f  2593/55/47 2594/54/42 2595/18/5
f  2596/19/69 2597/55/47 2598/18/5
f  2599/56/13 2600/55/47 2601/19/69
f  2602/20/70 2603/56/13 2604/19/69
f  2605/57/45 2606/58/43 2607/53/106
f  2608/54/42 2609/57/45 2610/53/106
f  2611/59/46 2612/57/45 2613/54/42
f  2614/55/47 2615/59/46 2616/54/42
f  2617/56/13 2618/59/46 2619/55/47
f  2620/56/13 2621/60/48 2622/59/46
f  2623/61/50 2624/62/49 2625/58/43
f  2626/57/45 2627/61/50 2628/58/43
f  2629/63/51 2630/61/50 2631/57/45
f  2632/59/46 2633/63/51 2634/57/45
f  2635/60/48 2636/63/51 2637/59/46
f  2638/60/48 2639/64/52 2640/63/51
f  2641/24/54 2642/21/53 2643/62/49
f  2644/61/50 2645/24/54 2646/62/49
f  2647/25/55 2648/24/54 2649/61/50
f  2650/63/51 2651/25/55 2652/61/50
f  2653/64/52 2654/25/55 2655/63/51
f  2656/64/52 2657/27/56 2658/25/55
f  2659/21/53 2660/22/58 2661/23/57
f  2662/21/53 2663/24/54 2664/22/58
f  2665/25/55 2666/26/59 2667/22/58
f  2668/24/54 2669/25/55 2670/22/58
f  2671/27/56 2672/28/60 2673/26/59
f  2674/25/55 2675/27/56 2676/26/59
f  2677/29/114 2678/28/60 2679/27/56
f  2680/30/73 2681/29/114 2682/27/56
f  2683/65/74 2684/30/73 2685/27/56
f  2686/64/52 2687/65/74 2688/27/56
f  2689/66/75 2690/65/74 2691/64/52
f  2692/60/48 2693/66/75 2694/64/52
f  2695/67/24 2696/66/75 2697/60/48
f  2698/56/13 2699/67/24 2700/60/48
f  2701/32/26 2702/67/24 2703/56/13
f  2704/20/70 2705/32/26 2706/56/13
f  2707/31/22 2708/32/26 2709/20/70
f  2710/16/9 2711/31/22 2712/20/70
f  2713/33/99 2714/31/22 2715/16/9
f  2716/11/64 2717/33/99 2718/16/9
f  2719/34/114 2720/33/99 2721/11/64
f  2722/12/60 2723/34/114 2724/11/64
f  2725/35/79 2726/36/129 2727/33/99
f  2728/34/114 2729/35/79 2730/33/99
f  2731/36/129 2732/37/27 2733/31/22
f  2734/33/99 2735/36/129 2736/31/22
f  2737/37/27 2738/38/138 2739/32/26
f  2740/31/22 2741/37/27 2742/32/26
f  2743/38/138 2744/68/29 2745/67/24
f  2746/32/26 2747/38/138 2748/67/24
f  2749/67/24 2750/69/131 2751/66/75
f  2752/67/24 2753/68/29 2754/69/131
f  2755/66/75 2756/70/77 2757/65/74
f  2758/66/75 2759/69/131 2760/70/77
f  2761/65/74 2762/40/116 2763/30/73
f  2764/65/74 2765/70/77 2766/40/116
f  2767/39/79 2768/29/114 2769/30/73
f  2770/40/116 2771/39/79 2772/30/73
f  2773/41/132 2774/39/79 2775/40/116
f  2776/42/119 2777/41/132 2778/40/116
f  2779/71/139 2780/42/119 2781/40/116
f  2782/70/77 2783/71/139 2784/40/116
f  2785/72/88 2786/71/139 2787/70/77
f  2788/69/131 2789/72/88 2790/70/77
f  2791/73/35 2792/72/88 2793/69/131
f  2794/68/29 2795/73/35 2796/69/131
f  2797/38/138 2798/73/35 2799/68/29
f  2800/38/138 2801/43/140 2802/73/35
f  2803/37/27 2804/43/140 2805/38/138
f  2806/37/27 2807/44/117 2808/43/140
f  2809/45/84 2810/44/117 2811/37/27
f  2812/36/129 2813/45/84 2814/37/27
f  2815/46/132 2816/45/84 2817/36/129
f  2818/35/79 2819/46/132 2820/36/129
f  2821/47/92 2822/48/1 2823/45/84
f  2824/46/132 2825/47/92 2826/45/84
f  2827/48/1 2828/49/37 2829/44/117
f  2830/45/84 2831/48/1 2832/44/117
f  2833/49/37 2834/50/38 2835/43/140
f  2836/44/117 2837/49/37 2838/43/140
f  2839/50/38 2840/74/39 2841/73/35
f  2842/43/140 2843/50/38 2844/73/35
f  2845/74/39 2846/75/89 2847/72/88
f  2848/73/35 2849/74/39 2850/72/88
f  2851/75/89 2852/76/90 2853/71/139
f  2854/72/88 2855/75/89 2856/71/139
f  2857/76/90 2858/52/91 2859/42/119
f  2860/71/139 2861/76/90 2862/42/119
f  2863/51/92 2864/41/132 2865/42/119
f  2866/52/91 2867/51/92 2868/42/119
f  2869/5/58 2870/6/62 2871/7/57
f  2872/5/58 2873/8/61 2874/6/62
f  2875/9/63 2876/8/61 2877/5/58
f  2878/10/59 2879/9/63 2880/5/58
f  2881/11/64 2882/9/63 2883/10/59
f  2884/12/60 2885/11/64 2886/10/59
f  2887/8/61 2888/13/98 2889/6/62
f  2890/8/61 2891/14/127 2892/13/98
f  2893/15/67 2894/14/127 2895/8/61
f  2896/9/63 2897/15/67 2898/8/61
f  2899/16/9 2900/15/67 2901/9/63
f  2902/11/64 2903/16/9 2904/9/63
f  2905/14/127 2906/17/68 2907/13/98
f  2908/14/127 2909/18/5 2910/17/68
f  2911/19/69 2912/18/5 2913/14/127
f  2914/15/67 2915/19/69 2916/14/127
f  2917/20/70 2918/19/69 2919/15/67
f  2920/16/9 2921/20/70 2922/15/67
f  2923/18/5 2924/53/106 2925/17/68
f  2926/18/5 2927/54/42 2928/53/106
f  2929/55/47 2930/54/42 2931/18/5
f  2932/19/69 2933/55/47 2934/18/5
f  2935/56/13 2936/55/47 2937/19/69
f  2938/20/70 2939/56/13 2940/19/69
f  2941/57/45 2942/58/43 2943/53/106
f  2944/54/42 2945/57/45 2946/53/106
f  2947/59/46 2948/57/45 2949/54/42
f  2950/55/47 2951/59/46 2952/54/42
f  2953/56/13 2954/59/46 2955/55/47
f  2956/56/13 2957/60/48 2958/59/46
f  2959/61/50 2960/62/49 2961/58/43
f  2962/57/45 2963/61/50 2964/58/43
f  2965/63/141 2966/61/50 2967/57/45
f  2968/59/46 2969/63/141 2970/57/45
f  2971/60/48 2972/63/141 2973/59/46
f  2974/60/48 2975/64/52 2976/63/141
f  2977/24/54 2978/21/142 2979/62/49
f  2980/61/50 2981/24/54 2982/62/49
f  2983/25/55 2984/24/54 2985/61/50
f  2986/63/141 2987/25/55 2988/61/50
f  2989/64/52 2990/25/55 2991/63/141
f  2992/64/52 2993/27/56 2994/25/55
f  2995/21/142 2996/22/58 2997/23/57
f  2998/21/142 2999/24/54 3000/22/58
f  3001/25/55 3002/26/59 3003/22/58
f  3004/24/54 3005/25/55 3006/22/58
f  3007/27/56 3008/28/60 3009/26/59
f  3010/25/55 3011/27/56 3012/26/59
f  3013/29/143 3014/28/60 3015/27/56
f  3016/30/73 3017/29/143 3018/27/56
f  3019/65/74 3020/30/73 3021/27/56
f  3022/64/52 3023/65/74 3024/27/56
f  3025/66/75 3026/65/74 3027/64/52
f  3028/60/48 3029/66/75 3030/64/52
f  3031/67/24 3032/66/75 3033/60/48
f  3034/56/13 3035/67/24 3036/60/48
f  3037/32/26 3038/67/24 3039/56/13
f  3040/20/70 3041/32/26 3042/56/13
f  3043/31/126 3044/32/26 3045/20/70
f  3046/16/9 3047/31/126 3048/20/70
f  3049/33/99 3050/31/126 3051/16/9
f  3052/11/64 3053/33/99 3054/16/9
f  3055/34/143 3056/33/99 3057/11/64
f  3058/12/60 3059/34/143 3060/11/64
f  3061/35/79 3062/36/129 3063/33/99
f  3064/34/143 3065/35/79 3066/33/99
f  3067/36/129 3068/37/27 3069/31/126
f  3070/33/99 3071/36/129 3072/31/126
f  3073/37/27 3074/38/138 3075/32/26
f  3076/31/126 3077/37/27 3078/32/26
f  3079/38/138 3080/68/29 3081/67/24
f  3082/32/26 3083/38/138 3084/67/24
f  3085/67/24 3086/69/131 3087/66/75
f  3088/67/24 3089/68/29 3090/69/131
f  3091/66/75 3092/70/77 3093/65/74
f  3094/66/75 3095/69/131 3096/70/77
f  3097/65/74 3098/40/116 3099/30/73
f  3100/65/74 3101/70/77 3102/40/116
f  3103/39/79 3104/29/143 3105/30/73
f  3106/40/116 3107/39/79 3108/30/73
f  3109/41/132 3110/39/79 3111/40/116
f  3112/42/119 3113/41/132 3114/40/116
f  3115/71/133 3116/42/119 3117/40/116
f  3118/70/77 3119/71/133 3120/40/116
f  3121/72/88 3122/71/133 3123/70/77
f  3124/69/131 3125/72/88 3126/70/77
f  3127/73/35 3128/72/88 3129/69/131
f  3130/68/29 3131/73/35 3132/69/131
f  3133/38/138 3134/73/35 3135/68/29
f  3136/38/138 3137/43/140 3138/73/35
f  3139/37/27 3140/43/140 3141/38/138
f  3142/37/27 3143/44/32 3144/43/140
f  3145/45/136 3146/44/32 3147/37/27
f  3148/36/129 3149/45/136 3150/37/27
f  3151/46/132 3152/45/136 3153/36/129
f  3154/35/79 3155/46/132 3156/36/129
f  3157/47/92 3158/48/1 3159/45/136
f  3160/46/132 3161/47/92 3162/45/136
f  3163/48/1 3164/49/37 3165/44/32
f  3166/45/136 3167/48/1 3168/44/32
f  3169/49/37 3170/50/144 3171/43/140
f  3172/44/32 3173/49/37 3174/43/140
f  3175/50/144 3176/74/39 3177/73/35
f  3178/43/140 3179/50/144 3180/73/35
f  3181/74/39 3182/75/89 3183/72/88
f  3184/73/35 3185/74/39 3186/72/88
f  3187/75/89 3188/76/137 3189/71/133
f  3190/72/88 3191/75/89 3192/71/133
f  3193/76/137 3194/52/145 3195/42/119
f  3196/71/133 3197/76/137 3198/42/119
f  3199/51/92 3200/41/132 3201/42/119
f  3202/52/145 3203/51/92 3204/42/119
f  3205/5/146 3206/7/147 3207/6/148
f  3208/5/146 3209/6/148 3210/8/54
f  3211/9/149 3212/5/146 3213/8/54
f  3214/10/59 3215/5/146 3216/9/149
f  3217/11/150 3218/10/59 3219/9/149
f  3220/12/60 3221/10/59 3222/11/150
f  3223/8/54 3224/6/148 3225/13/151
f  3226/8/54 3227/13/151 3228/14/152
f  3229/15/153 3230/8/54 3231/14/152
f  3232/9/149 3233/8/54 3234/15/153
f  3235/16/52 3236/9/149 3237/15/153
f  3238/11/150 3239/9/149 3240/16/52
f  3241/14/152 3242/13/151 3243/17/154
f  3244/14/152 3245/17/154 3246/18/155
f  3247/19/156 3248/14/152 3249/18/155
f  3250/15/153 3251/14/152 3252/19/156
f  3253/20/157 3254/15/153 3255/19/156
f  3256/16/52 3257/15/153 3258/20/157
f  3259/21/158 3260/23/147 3261/22/146
f  3262/21/158 3263/22/146 3264/24/159
f  3265/25/160 3266/22/146 3267/26/59
f  3268/24/159 3269/22/146 3270/25/160
f  3271/27/161 3272/26/59 3273/28/60
f  3274/25/160 3275/26/59 3276/27/161
f  3277/29/114 3278/27/161 3279/28/60
f  3280/30/162 3281/27/161 3282/29/114
f  3283/31/74 3284/20/157 3285/32/163
f  3286/16/52 3287/20/157 3288/31/74
f  3289/33/73 3290/16/52 3291/31/74
f  3292/11/150 3293/16/52 3294/33/73
f  3295/34/114 3296/11/150 3297/33/73
f  3298/12/60 3299/11/150 3300/34/114
f  3301/35/79 3302/33/73 3303/36/164
f  3304/34/114 3305/33/73 3306/35/79
f  3307/36/164 3308/31/74 3309/37/77
f  3310/33/73 3311/31/74 3312/36/164
f  3313/37/77 3314/32/163 3315/38/165
f  3316/31/74 3317/32/163 3318/37/77
f  3319/39/79 3320/30/162 3321/29/114
f  3322/40/166 3323/30/162 3324/39/79
f  3325/41/103 3326/40/166 3327/39/79
f  3328/42/167 3329/40/166 3330/41/103
f  3331/37/77 3332/38/165 3333/43/168
f  3334/37/77 3335/43/168 3336/44/109
f  3337/45/86 3338/37/77 3339/44/109
f  3340/36/164 3341/37/77 3342/45/86
f  3343/46/103 3344/36/164 3345/45/86
f  3346/35/79 3347/36/164 3348/46/103
f  3349/47/92 3350/45/86 3351/48/91
f  3352/46/103 3353/45/86 3354/47/92
f  3355/48/91 3356/44/109 3357/49/90
f  3358/45/86 3359/44/109 3360/48/91
f  3361/49/90 3362/43/168 3363/50/169
f  3364/44/109 3365/43/168 3366/49/90
f  3367/51/92 3368/42/167 3369/41/103
f  3370/52/170 3371/42/167 3372/51/92
f  3373/5/50 3374/7/96 3375/6/43
f  3376/5/50 3377/6/43 3378/8/45
f  3379/9/46 3380/5/50 3381/8/45
f  3382/10/51 3383/5/50 3384/9/46
f  3385/11/48 3386/10/51 3387/9/46
f  3388/12/171 3389/10/51 3390/11/48
f  3391/8/45 3392/6/43 3393/13/106
f  3394/8/45 3395/13/106 3396/14/172
f  3397/15/173 3398/8/45 3399/14/172
f  3400/9/46 3401/8/45 3402/15/173
f  3403/16/13 3404/9/46 3405/15/173
f  3406/11/48 3407/9/46 3408/16/13
f  3409/14/172 3410/13/106 3411/17/68
f  3412/14/172 3413/17/68 3414/18/5
f  3415/19/69 3416/14/172 3417/18/5
f  3418/15/173 3419/14/172 3420/19/69
f  3421/20/70 3422/15/173 3423/19/69
f  3424/16/13 3425/15/173 3426/20/70
f  3427/18/5 3428/17/68 3429/53/98
f  3430/18/5 3431/53/98 3432/54/65
f  3433/55/67 3434/18/5 3435/54/65
f  3436/19/69 3437/18/5 3438/55/67
f  3439/56/9 3440/19/69 3441/55/67
f  3442/20/70 3443/19/69 3444/56/9
f  3445/57/61 3446/53/98 3447/58/62
f  3448/54/65 3449/53/98 3450/57/61
f  3451/59/63 3452/54/65 3453/57/61
f  3454/55/67 3455/54/65 3456/59/63
f  3457/56/9 3458/55/67 3459/59/63
f  3460/56/9 3461/59/63 3462/60/64
f  3463/61/58 3464/58/62 3465/62/174
f  3466/57/61 3467/58/62 3468/61/58
f  3469/63/175 3470/57/61 3471/61/58
f  3472/59/63 3473/57/61 3474/63/175
f  3475/60/64 3476/59/63 3477/63/175
f  3478/60/64 3479/63/175 3480/64/60
f  3481/24/54 3482/62/174 3483/21/142
f  3484/61/58 3485/62/174 3486/24/54
f  3487/25/55 3488/61/58 3489/24/54
f  3490/63/175 3491/61/58 3492/25/55
f  3493/64/60 3494/63/175 3495/25/55
f  3496/64/60 3497/25/55 3498/27/56
f  3499/21/142 3500/23/96 3501/22/50
f  3502/21/142 3503/22/50 3504/24/54
f  3505/25/55 3506/22/50 3507/26/51
f  3508/24/54 3509/22/50 3510/25/55
f  3511/27/56 3512/26/51 3513/28/171
f  3514/25/55 3515/26/51 3516/27/56
f  3517/29/74 3518/27/56 3519/28/171
f  3520/30/73 3521/27/56 3522/29/74
f  3523/65/114 3524/27/56 3525/30/73
f  3526/64/60 3527/27/56 3528/65/114
f  3529/66/71 3530/64/60 3531/65/114
f  3532/60/64 3533/64/60 3534/66/71
f  3535/67/126 3536/60/64 3537/66/71
f  3538/56/9 3539/60/64 3540/67/126
f  3541/32/26 3542/56/9 3543/67/126
f  3544/20/70 3545/56/9 3546/32/26
f  3547/31/24 3548/20/70 3549/32/26
f  3550/16/13 3551/20/70 3552/31/24
f  3553/33/75 3554/16/13 3555/31/24
f  3556/11/48 3557/16/13 3558/33/75
f  3559/34/74 3560/11/48 3561/33/75
f  3562/12/171 3563/11/48 3564/34/74
f  3565/35/77 3566/33/75 3567/36/76
f  3568/34/74 3569/33/75 3570/35/77
f  3571/36/76 3572/31/24 3573/37/29
f  3574/33/75 3575/31/24 3576/36/76
f  3577/37/29 3578/32/26 3579/38/138
f  3580/31/24 3581/32/26 3582/37/29
f  3583/38/138 3584/67/126 3585/68/27
f  3586/32/26 3587/67/126 3588/38/138
f  3589/67/126 3590/66/71 3591/69/80
f  3592/67/126 3593/69/80 3594/68/27
f  3595/66/71 3596/65/114 3597/70/79
f  3598/66/71 3599/70/79 3600/69/80
f  3601/65/114 3602/30/73 3603/40/116
f  3604/65/114 3605/40/116 3606/70/79
f  3607/39/77 3608/30/73 3609/29/74
f  3610/40/116 3611/30/73 3612/39/77
f  3613/41/139 3614/40/116 3615/39/77
f  3616/42/119 3617/40/116 3618/41/139
f  3619/71/132 3620/40/116 3621/42/119
f  3622/70/79 3623/40/116 3624/71/132
f  3625/72/84 3626/70/79 3627/71/132
f  3628/69/80 3629/70/79 3630/72/84
f  3631/73/117 3632/69/80 3633/72/84
f  3634/68/27 3635/69/80 3636/73/117
f  3637/38/138 3638/68/27 3639/73/117
f  3640/38/138 3641/73/117 3642/43/36
f  3643/37/29 3644/38/138 3645/43/36
f  3646/37/29 3647/43/36 3648/44/35
f  3649/45/88 3650/37/29 3651/44/35
f  3652/36/76 3653/37/29 3654/45/88
f  3655/46/139 3656/36/76 3657/45/88
f  3658/35/77 3659/36/76 3660/46/139
f  3661/47/90 3662/45/88 3663/48/89
f  3664/46/139 3665/45/88 3666/47/90
f  3667/48/89 3668/44/35 3669/49/39
f  3670/45/88 3671/44/35 3672/48/89
f  3673/49/39 3674/43/36 3675/50/38
f  3676/44/35 3677/43/36 3678/49/39
f  3679/50/38 3680/73/117 3681/74/37
f  3682/43/36 3683/73/117 3684/50/38
f  3685/74/37 3686/72/84 3687/75/93
f  3688/73/117 3689/72/84 3690/74/37
f  3691/75/93 3692/71/132 3693/76/92
f  3694/72/84 3695/71/132 3696/75/93
f  3697/76/92 3698/42/119 3699/52/91
f  3700/71/132 3701/42/119 3702/76/92
f  3703/51/90 3704/42/119 3705/41/139
f  3706/52/91 3707/42/119 3708/51/90
f  3709/5/50 3710/7/96 3711/6/43
f  3712/5/50 3713/6/43 3714/8/45
f  3715/9/95 3716/5/50 3717/8/45
f  3718/10/51 3719/5/50 3720/9/95
f  3721/11/48 3722/10/51 3723/9/95
f  3724/12/52 3725/10/51 3726/11/48
f  3727/8/45 3728/6/43 3729/13/44
f  3730/8/45 3731/13/44 3732/14/42
f  3733/15/47 3734/8/45 3735/14/42
f  3736/9/95 3737/8/45 3738/15/47
f  3739/16/13 3740/9/95 3741/15/47
f  3742/11/48 3743/9/95 3744/16/13
f  3745/14/42 3746/13/44 3747/17/68
f  3748/14/42 3749/17/68 3750/18/5
f  3751/19/69 3752/14/42 3753/18/5
f  3754/15/47 3755/14/42 3756/19/69
f  3757/20/70 3758/15/47 3759/19/69
f  3760/16/13 3761/15/47 3762/20/70
f  3763/18/5 3764/17/68 3765/53/98
f  3766/18/5 3767/53/98 3768/54/65
f  3769/55/67 3770/18/5 3771/54/65
f  3772/19/69 3773/18/5 3774/55/67
f  3775/56/9 3776/19/69 3777/55/67
f  3778/20/70 3779/19/69 3780/56/9
f  3781/57/61 3782/53/98 3783/58/97
f  3784/54/65 3785/53/98 3786/57/61
f  3787/59/63 3788/54/65 3789/57/61
f  3790/55/67 3791/54/65 3792/59/63
f  3793/56/9 3794/55/67 3795/59/63
f  3796/56/9 3797/59/63 3798/60/64
f  3799/61/58 3800/58/97 3801/62/57
f  3802/57/61 3803/58/97 3804/61/58
f  3805/63/59 3806/57/61 3807/61/58
f  3808/59/63 3809/57/61 3810/63/59
f  3811/60/64 3812/59/63 3813/63/59
f  3814/60/64 3815/63/59 3816/64/60
f  3817/24/54 3818/62/57 3819/21/53
f  3820/61/58 3821/62/57 3822/24/54
f  3823/25/55 3824/61/58 3825/24/54
f  3826/63/59 3827/61/58 3828/25/55
f  3829/64/60 3830/63/59 3831/25/55
f  3832/64/60 3833/25/55 3834/27/56
f  3835/21/53 3836/23/96 3837/22/50
f  3838/21/53 3839/22/50 3840/24/54
f  3841/25/55 3842/22/50 3843/26/51
f  3844/24/54 3845/22/50 3846/25/55
f  3847/27/56 3848/26/51 3849/28/52
f  3850/25/55 3851/26/51 3852/27/56
f  3853/29/74 3854/27/56 3855/28/52
f  3856/30/73 3857/27/56 3858/29/74
f  3859/65/114 3860/27/56 3861/30/73
f  3862/64/60 3863/27/56 3864/65/114
f  3865/66/99 3866/64/60 3867/65/114
f  3868/60/64 3869/64/60 3870/66/99
f  3871/67/126 3872/60/64 3873/66/99
f  3874/56/9 3875/60/64 3876/67/126
f  3877/32/26 3878/56/9 3879/67/126
f  3880/20/70 3881/56/9 3882/32/26
f  3883/31/24 3884/20/70 3885/32/26
f  3886/16/13 3887/20/70 3888/31/24
f  3889/33/75 3890/16/13 3891/31/24
f  3892/11/48 3893/16/13 3894/33/75
f  3895/34/74 3896/11/48 3897/33/75
f  3898/12/52 3899/11/48 3900/34/74
f  3901/35/77 3902/33/75 3903/36/76
f  3904/34/74 3905/33/75 3906/35/77
f  3907/36/76 3908/31/24 3909/37/29
f  3910/33/75 3911/31/24 3912/36/76
f  3913/37/29 3914/32/26 3915/38/130
f  3916/31/24 3917/32/26 3918/37/29
f  3919/38/130 3920/67/126 3921/68/27
f  3922/32/26 3923/67/126 3924/38/130
f  3925/67/126 3926/66/99 3927/69/101
f  3928/67/126 3929/69/101 3930/68/27
f  3931/66/99 3932/65/114 3933/70/79
f  3934/66/99 3935/70/79 3936/69/101
f  3937/65/114 3938/30/73 3939/40/116
f  3940/65/114 3941/40/116 3942/70/79
f  3943/39/77 3944/30/73 3945/29/74
f  3946/40/116 3947/30/73 3948/39/77
f  3949/41/139 3950/40/116 3951/39/77
f  3952/42/119 3953/40/116 3954/41/139
f  3955/71/132 3956/40/116 3957/42/119
f  3958/70/79 3959/40/116 3960/71/132
f  3961/72/84 3962/70/79 3963/71/132
f  3964/69/101 3965/70/79 3966/72/84
f  3967/73/32 3968/69/101 3969/72/84
f  3970/68/27 3971/69/101 3972/73/32
f  3973/38/130 3974/68/27 3975/73/32
f  3976/38/130 3977/73/32 3978/43/36
f  3979/37/29 3980/38/130 3981/43/36
f  3982/37/29 3983/43/36 3984/44/176
f  3985/45/105 3986/37/29 3987/44/176
f  3988/36/76 3989/37/29 3990/45/105
f  3991/46/139 3992/36/76 3993/45/105
f  3994/35/77 3995/36/76 3996/46/139
f  3997/47/90 3998/45/105 3999/48/89
f  4000/46/139 4001/45/105 4002/47/90
f  4003/48/89 4004/44/176 4005/49/39
f  4006/45/105 4007/44/176 4008/48/89
f  4009/49/39 4010/43/36 4011/50/38
f  4012/44/176 4013/43/36 4014/49/39
f  4015/50/38 4016/73/32 4017/74/37
f  4018/43/36 4019/73/32 4020/50/38
f  4021/74/37 4022/72/84 4023/75/1
f  4024/73/32 4025/72/84 4026/74/37
f  4027/75/1 4028/71/132 4029/76/92
f  4030/72/84 4031/71/132 4032/75/1
f  4033/76/92 4034/42/119 4035/52/91
f  4036/71/132 4037/42/119 4038/76/92
f  4039/51/90 4040/42/119 4041/41/139
f  4042/52/91 4043/42/119 4044/51/90
f  4045/5/50 4046/7/49 4047/6/43
f  4048/5/50 4049/6/43 4050/8/45
f  4051/9/46 4052/5/50 4053/8/45
f  4054/10/51 4055/5/50 4056/9/46
f  4057/11/48 4058/10/51 4059/9/46
f  4060/12/52 4061/10/51 4062/11/48
f  4063/8/45 4064/6/43 4065/13/106
f  4066/8/45 4067/13/106 4068/14/42
f  4069/15/47 4070/8/45 4071/14/42
f  4072/9/46 4073/8/45 4074/15/47
f  4075/16/13 4076/9/46 4077/15/47
f  4078/11/48 4079/9/46 4080/16/13
f  4081/14/42 4082/13/106 4083/17/68
f  4084/14/42 4085/17/68 4086/18/5
f  4087/19/69 4088/14/42 4089/18/5
f  4090/15/47 4091/14/42 4092/19/69
f  4093/20/70 4094/15/47 4095/19/69
f  4096/16/13 4097/15/47 4098/20/70
f  4099/18/5 4100/17/68 4101/53/98
f  4102/18/5 4103/53/98 4104/54/65
f  4105/55/67 4106/18/5 4107/54/65
f  4108/19/69 4109/18/5 4110/55/67
f  4111/56/9 4112/19/69 4113/55/67
f  4114/20/70 4115/19/69 4116/56/9
f  4117/57/61 4118/53/98 4119/58/62
f  4120/54/65 4121/53/98 4122/57/61
f  4123/59/63 4124/54/65 4125/57/61
f  4126/55/67 4127/54/65 4128/59/63
f  4129/56/9 4130/55/67 4131/59/63
f  4132/56/9 4133/59/63 4134/60/64
f  4135/61/58 4136/58/62 4137/62/57
f  4138/57/61 4139/58/62 4140/61/58
f  4141/63/59 4142/57/61 4143/61/58
f  4144/59/63 4145/57/61 4146/63/59
f  4147/60/64 4148/59/63 4149/63/59
f  4150/60/64 4151/63/59 4152/64/60
f  4153/24/54 4154/62/57 4155/21/53
f  4156/61/58 4157/62/57 4158/24/54
f  4159/25/55 4160/61/58 4161/24/54
f  4162/63/59 4163/61/58 4164/25/55
f  4165/64/60 4166/63/59 4167/25/55
f  4168/64/60 4169/25/55 4170/27/56
f  4171/21/53 4172/23/49 4173/22/50
f  4174/21/53 4175/22/50 4176/24/54
f  4177/25/55 4178/22/50 4179/26/51
f  4180/24/54 4181/22/50 4182/25/55
f  4183/27/56 4184/26/51 4185/28/52
f  4186/25/55 4187/26/51 4188/27/56
f  4189/29/74 4190/27/56 4191/28/52
f  4192/30/73 4193/27/56 4194/29/74
f  4195/65/114 4196/27/56 4197/30/73
f  4198/64/60 4199/27/56 4200/65/114
f  4201/66/99 4202/64/60 4203/65/114
f  4204/60/64 4205/64/60 4206/66/99
f  4207/67/126 4208/60/64 4209/66/99
f  4210/56/9 4211/60/64 4212/67/126
f  4213/32/26 4214/56/9 4215/67/126
f  4216/20/70 4217/56/9 4218/32/26
f  4219/31/24 4220/20/70 4221/32/26
f  4222/16/13 4223/20/70 4224/31/24
f  4225/33/75 4226/16/13 4227/31/24
f  4228/11/48 4229/16/13 4230/33/75
f  4231/34/74 4232/11/48 4233/33/75
f  4234/12/52 4235/11/48 4236/34/74
f  4237/35/77 4238/33/75 4239/36/76
f  4240/34/74 4241/33/75 4242/35/77
f  4243/36/76 4244/31/24 4245/37/29
f  4246/33/75 4247/31/24 4248/36/76
f  4249/37/29 4250/32/26 4251/38/138
f  4252/31/24 4253/32/26 4254/37/29
f  4255/38/138 4256/67/126 4257/68/27
f  4258/32/26 4259/67/126 4260/38/138
f  4261/67/126 4262/66/99 4263/69/101
f  4264/67/126 4265/69/101 4266/68/27
f  4267/66/99 4268/65/114 4269/70/79
f  4270/66/99 4271/70/79 4272/69/101
f  4273/65/114 4274/30/73 4275/40/116
f  4276/65/114 4277/40/116 4278/70/79
f  4279/39/77 4280/30/73 4281/29/74
f  4282/40/116 4283/30/73 4284/39/77
f  4285/41/133 4286/40/116 4287/39/77
f  4288/42/119 4289/40/116 4290/41/133
f  4291/71/132 4292/40/116 4293/42/119
f  4294/70/79 4295/40/116 4296/71/132
f  4297/72/84 4298/70/79 4299/71/132
f  4300/69/101 4301/70/79 4302/72/84
f  4303/73/117 4304/69/101 4305/72/84
f  4306/68/27 4307/69/101 4308/73/117
f  4309/38/138 4310/68/27 4311/73/117
f  4312/38/138 4313/73/117 4314/43/36
f  4315/37/29 4316/38/138 4317/43/36
f  4318/37/29 4319/43/36 4320/44/35
f  4321/45/88 4322/37/29 4323/44/35
f  4324/36/76 4325/37/29 4326/45/88
f  4327/46/133 4328/36/76 4329/45/88
f  4330/35/77 4331/36/76 4332/46/133
f  4333/47/90 4334/45/88 4335/48/89
f  4336/46/133 4337/45/88 4338/47/90
f  4339/48/89 4340/44/35 4341/49/39
f  4342/45/88 4343/44/35 4344/48/89
f  4345/49/39 4346/43/36 4347/50/38
f  4348/44/35 4349/43/36 4350/49/39
f  4351/50/38 4352/73/117 4353/74/37
f  4354/43/36 4355/73/117 4356/50/38
f  4357/74/37 4358/72/84 4359/75/1
f  4360/73/117 4361/72/84 4362/74/37
f  4363/75/1 4364/71/132 4365/76/92
f  4366/72/84 4367/71/132 4368/75/1
f  4369/76/92 4370/42/119 4371/52/91
f  4372/71/132 4373/42/119 4374/76/92
f  4375/51/90 4376/42/119 4377/41/133
f  4378/52/91 4379/42/119 4380/51/90
f  4381/5/58 4382/7/174 4383/6/125
f  4384/5/58 4385/6/125 4386/8/54
f  4387/9/55 4388/5/58 4389/8/54
f  4390/10/59 4391/5/58 4392/9/55
f  4393/11/56 4394/10/59 4395/9/55
f  4396/12/60 4397/10/59 4398/11/56
f  4399/8/54 4400/6/125 4401/13/49
f  4402/8/54 4403/13/49 4404/14/177
f  4405/15/153 4406/8/54 4407/14/177
f  4408/9/55 4409/8/54 4410/15/153
f  4411/16/52 4412/9/55 4413/15/153
f  4414/11/56 4415/9/55 4416/16/52
f  4417/14/177 4418/13/49 4419/17/111
f  4420/14/177 4421/17/111 4422/18/45
f  4423/19/46 4424/14/177 4425/18/45
f  4426/15/153 4427/14/177 4428/19/46
f  4429/20/48 4430/15/153 4431/19/46
f  4432/16/52 4433/15/153 4434/20/48
f  4435/18/45 4436/17/111 4437/53/106
f  4438/18/45 4439/53/106 4440/54/42
f  4441/55/47 4442/18/45 4443/54/42
f  4444/19/46 4445/18/45 4446/55/47
f  4447/56/13 4448/19/46 4449/55/47
f  4450/20/48 4451/19/46 4452/56/13
f  4453/57/5 4454/53/106 4455/58/178
f  4456/54/42 4457/53/106 4458/57/5
f  4459/59/69 4460/54/42 4461/57/5
f  4462/55/47 4463/54/42 4464/59/69
f  4465/56/13 4466/55/47 4467/59/69
f  4468/56/13 4469/59/69 4470/60/70
f  4471/61/65 4472/58/178 4473/62/98
f  4474/57/5 4475/58/178 4476/61/65
f  4477/63/7 4478/57/5 4479/61/65
f  4480/59/69 4481/57/5 4482/63/7
f  4483/60/70 4484/59/69 4485/63/7
f  4486/60/70 4487/63/7 4488/64/9
f  4489/24/61 4490/62/98 4491/21/113
f  4492/61/65 4493/62/98 4494/24/61
f  4495/25/63 4496/61/65 4497/24/61
f  4498/63/7 4499/61/65 4500/25/63
f  4501/64/9 4502/63/7 4503/25/63
f  4504/64/9 4505/25/63 4506/27/64
f  4507/21/113 4508/23/174 4509/22/58
f  4510/21/113 4511/22/58 4512/24/61
f  4513/25/63 4514/22/58 4515/26/59
f  4516/24/61 4517/22/58 4518/25/63
f  4519/27/64 4520/26/59 4521/28/60
f  4522/25/63 4523/26/59 4524/27/64
f  4525/29/114 4526/27/64 4527/28/60
f  4528/30/99 4529/27/64 4530/29/114
f  4531/65/22 4532/27/64 4533/30/99
f  4534/64/9 4535/27/64 4536/65/22
f  4537/66/26 4538/64/9 4539/65/22
f  4540/60/70 4541/64/9 4542/66/26
f  4543/67/24 4544/60/70 4545/66/26
f  4546/56/13 4547/60/70 4548/67/24
f  4549/32/75 4550/56/13 4551/67/24
f  4552/20/48 4553/56/13 4554/32/75
f  4555/31/74 4556/20/48 4557/32/75
f  4558/16/52 4559/20/48 4560/31/74
f  4561/33/73 4562/16/52 4563/31/74
f  4564/11/56 4565/16/52 4566/33/73
f  4567/34/114 4568/11/56 4569/33/73
f  4570/12/60 4571/11/56 4572/34/114
f  4573/35/79 4574/33/73 4575/36/164
f  4576/34/114 4577/33/73 4578/35/79
f  4579/36/164 4580/31/74 4581/37/77
f  4582/33/73 4583/31/74 4584/36/164
f  4585/37/77 4586/32/75 4587/38/115
f  4588/31/74 4589/32/75 4590/37/77
f  4591/38/115 4592/67/24 4593/68/29
f  4594/32/75 4595/67/24 4596/38/115
f  4597/67/24 4598/66/26 4599/69/81
f  4600/67/24 4601/69/81 4602/68/29
f  4603/66/26 4604/65/22 4605/70/27
f  4606/66/26 4607/70/27 4608/69/81
f  4609/65/22 4610/30/99 4611/40/101
f  4612/65/22 4613/40/101 4614/70/27
f  4615/39/79 4616/30/99 4617/29/114
f  4618/40/101 4619/30/99 4620/39/79
f  4621/41/132 4622/40/101 4623/39/79
f  4624/42/84 4625/40/101 4626/41/132
f  4627/71/117 4628/40/101 4629/42/84
f  4630/70/27 4631/40/101 4632/71/117
f  4633/72/82 4634/70/27 4635/71/117
f  4636/69/81 4637/70/27 4638/72/82
f  4639/73/35 4640/69/81 4641/72/82
f  4642/68/29 4643/69/81 4644/73/35
f  4645/38/115 4646/68/29 4647/73/35
f  4648/38/115 4649/73/35 4650/43/105
f  4651/37/77 4652/38/115 4653/43/105
f  4654/37/77 4655/43/105 4656/44/139
f  4657/45/119 4658/37/77 4659/44/139
f  4660/36/164 4661/37/77 4662/45/119
f  4663/46/132 4664/36/164 4665/45/119
f  4666/35/79 4667/36/164 4668/46/132
f  4669/47/92 4670/45/119 4671/48/91
f  4672/46/132 4673/45/119 4674/47/92
f  4675/48/91 4676/44/139 4677/49/90
f  4678/45/119 4679/44/139 4680/48/91
f  4681/49/90 4682/43/105 4683/50/89
f  4684/44/139 4685/43/105 4686/49/90
f  4687/50/89 4688/73/35 4689/74/39
f  4690/43/105 4691/73/35 4692/50/89
f  4693/74/39 4694/72/82 4695/75/38
f  4696/73/35 4697/72/82 4698/74/39
f  4699/75/38 4700/71/117 4701/76/37
f  4702/72/82 4703/71/117 4704/75/38
f  4705/76/37 4706/42/84 4707/52/1
f  4708/71/117 4709/42/84 4710/76/37
f  4711/51/92 4712/42/84 4713/41/132
f  4714/52/1 4715/42/84 4716/51/92
f  4717/5/58 4718/7/57 4719/6/125
f  4720/5/58 4721/6/125 4722/8/54
f  4723/9/55 4724/5/58 4725/8/54
f  4726/10/59 4727/5/58 4728/9/55
f  4729/11/56 4730/10/59 4731/9/55
f  4732/12/60 4733/10/59 4734/11/56
f  4735/8/54 4736/6/125 4737/13/49
f  4738/8/54 4739/13/49 4740/14/50
f  4741/15/51 4742/8/54 4743/14/50
f  4744/9/55 4745/8/54 4746/15/51
f  4747/16/52 4748/9/55 4749/15/51
f  4750/11/56 4751/9/55 4752/16/52
f  4753/14/50 4754/13/49 4755/17/111
f  4756/14/50 4757/17/111 4758/18/45
f  4759/19/46 4760/14/50 4761/18/45
f  4762/15/51 4763/14/50 4764/19/46
f  4765/20/48 4766/15/51 4767/19/46
f  4768/16/52 4769/15/51 4770/20/48
f  4771/18/45 4772/17/111 4773/53/106
f  4774/18/45 4775/53/106 4776/54/42
f  4777/55/47 4778/18/45 4779/54/42
f  4780/19/46 4781/18/45 4782/55/47
f  4783/56/13 4784/19/46 4785/55/47
f  4786/20/48 4787/19/46 4788/56/13
f  4789/57/5 4790/53/106 4791/58/178
f  4792/54/42 4793/53/106 4794/57/5
f  4795/59/69 4796/54/42 4797/57/5
f  4798/55/47 4799/54/42 4800/59/69
f  4801/56/13 4802/55/47 4803/59/69
f  4804/56/13 4805/59/69 4806/60/70
f  4807/61/179 4808/58/178 4809/62/98
f  4810/57/5 4811/58/178 4812/61/179
f  4813/63/7 4814/57/5 4815/61/179
f  4816/59/69 4817/57/5 4818/63/7
f  4819/60/70 4820/59/69 4821/63/7
f  4822/60/70 4823/63/7 4824/64/9
f  4825/24/61 4826/62/98 4827/21/113
f  4828/61/179 4829/62/98 4830/24/61
f  4831/25/63 4832/61/179 4833/24/61
f  4834/63/7 4835/61/179 4836/25/63
f  4837/64/9 4838/63/7 4839/25/63
f  4840/64/9 4841/25/63 4842/27/64
f  4843/21/113 4844/23/57 4845/22/58
f  4846/21/113 4847/22/58 4848/24/61
f  4849/25/63 4850/22/58 4851/26/59
f  4852/24/61 4853/22/58 4854/25/63
f  4855/27/64 4856/26/59 4857/28/60
f  4858/25/63 4859/26/59 4860/27/64
f  4861/29/114 4862/27/64 4863/28/60
f  4864/30/99 4865/27/64 4866/29/114
f  4867/65/22 4868/27/64 4869/30/99
f  4870/64/9 4871/27/64 4872/65/22
f  4873/66/26 4874/64/9 4875/65/22
f  4876/60/70 4877/64/9 4878/66/26
f  4879/67/24 4880/60/70 4881/66/26
f  4882/56/13 4883/60/70 4884/67/24
f  4885/32/75 4886/56/13 4887/67/24
f  4888/20/48 4889/56/13 4890/32/75
f  4891/31/74 4892/20/48 4893/32/75
f  4894/16/52 4895/20/48 4896/31/74
f  4897/33/73 4898/16/52 4899/31/74
f  4900/11/56 4901/16/52 4902/33/73
f  4903/34/114 4904/11/56 4905/33/73
f  4906/12/60 4907/11/56 4908/34/114
f  4909/35/79 4910/33/73 4911/36/164
f  4912/34/114 4913/33/73 4914/35/79
f  4915/36/164 4916/31/74 4917/37/77
f  4918/33/73 4919/31/74 4920/36/164
f  4921/37/77 4922/32/75 4923/38/115
f  4924/31/74 4925/32/75 4926/37/77
f  4927/38/115 4928/67/24 4929/68/29
f  4930/32/75 4931/67/24 4932/38/115
f  4933/67/24 4934/66/26 4935/69/81
f  4936/67/24 4937/69/81 4938/68/29
f  4939/66/26 4940/65/22 4941/70/27
f  4942/66/26 4943/70/27 4944/69/81
f  4945/65/22 4946/30/99 4947/40/101
f  4948/65/22 4949/40/101 4950/70/27
f  4951/39/79 4952/30/99 4953/29/114
f  4954/40/101 4955/30/99 4956/39/79
f  4957/41/108 4958/40/101 4959/39/79
f  4960/42/84 4961/40/101 4962/41/108
f  4963/71/135 4964/40/101 4965/42/84
f  4966/70/27 4967/40/101 4968/71/135
f  4969/72/82 4970/70/27 4971/71/135
f  4972/69/81 4973/70/27 4974/72/82
f  4975/73/107 4976/69/81 4977/72/82
f  4978/68/29 4979/69/81 4980/73/107
f  4981/38/115 4982/68/29 4983/73/107
f  4984/38/115 4985/73/107 4986/43/105
f  4987/37/77 4988/38/115 4989/43/105
f  4990/37/77 4991/43/105 4992/44/139
f  4993/45/86 4994/37/77 4995/44/139
f  4996/36/164 4997/37/77 4998/45/86
f  4999/46/108 5000/36/164 5001/45/86
f  5002/35/79 5003/36/164 5004/46/108
f  5005/47/92 5006/45/86 5007/48/91
f  5008/46/108 5009/45/86 5010/47/92
f  5011/48/91 5012/44/139 5013/49/90
f  5014/45/86 5015/44/139 5016/48/91
f  5017/49/90 5018/43/105 5019/50/89
f  5020/44/139 5021/43/105 5022/49/90
f  5023/50/89 5024/73/107 5025/74/39
f  5026/43/105 5027/73/107 5028/50/89
f  5029/74/39 5030/72/82 5031/75/38
f  5032/73/107 5033/72/82 5034/74/39
f  5035/75/38 5036/71/135 5037/76/180
f  5038/72/82 5039/71/135 5040/75/38
f  5041/76/180 5042/42/84 5043/52/1
f  5044/71/135 5045/42/84 5046/76/180
f  5047/51/92 5048/42/84 5049/41/108
f  5050/52/1 5051/42/84 5052/51/92
f  5053/5/58 5054/7/174 5055/6/125
f  5056/5/58 5057/6/125 5058/8/54
f  5059/9/55 5060/5/58 5061/8/54
f  5062/10/59 5063/5/58 5064/9/55
f  5065/11/56 5066/10/59 5067/9/55
f  5068/12/60 5069/10/59 5070/11/56
f  5071/8/54 5072/6/125 5073/13/96
f  5074/8/54 5075/13/96 5076/14/50
f  5077/15/51 5078/8/54 5079/14/50
f  5080/9/55 5081/8/54 5082/15/51
f  5083/16/52 5084/9/55 5085/15/51
f  5086/11/56 5087/9/55 5088/16/52
f  5089/14/50 5090/13/96 5091/17/111
f  5092/14/50 5093/17/111 5094/18/45
f  5095/19/46 5096/14/50 5097/18/45
f  5098/15/51 5099/14/50 5100/19/46
f  5101/20/48 5102/15/51 5103/19/46
f  5104/16/52 5105/15/51 5106/20/48
f  5107/18/45 5108/17/111 5109/53/106
f  5110/18/45 5111/53/106 5112/54/42
f  5113/55/47 5114/18/45 5115/54/42
f  5116/19/46 5117/18/45 5118/55/47
f  5119/56/13 5120/19/46 5121/55/47
f  5122/20/48 5123/19/46 5124/56/13
f  5125/57/5 5126/53/106 5127/58/178
f  5128/54/42 5129/53/106 5130/57/5
f  5131/59/69 5132/54/42 5133/57/5
f  5134/55/47 5135/54/42 5136/59/69
f  5137/56/13 5138/55/47 5139/59/69
f  5140/56/13 5141/59/69 5142/60/70
f  5143/61/65 5144/58/178 5145/62/98
f  5146/57/5 5147/58/178 5148/61/65
f  5149/63/67 5150/57/5 5151/61/65
f  5152/59/69 5153/57/5 5154/63/67
f  5155/60/70 5156/59/69 5157/63/67
f  5158/60/70 5159/63/67 5160/64/9
f  5161/24/61 5162/62/98 5163/21/181
f  5164/61/65 5165/62/98 5166/24/61
f  5167/25/63 5168/61/65 5169/24/61
f  5170/63/67 5171/61/65 5172/25/63
f  5173/64/9 5174/63/67 5175/25/63
f  5176/64/9 5177/25/63 5178/27/64
f  5179/21/181 5180/23/174 5181/22/58
f  5182/21/181 5183/22/58 5184/24/61
f  5185/25/63 5186/22/58 5187/26/59
f  5188/24/61 5189/22/58 5190/25/63
f  5191/27/64 5192/26/59 5193/28/60
f  5194/25/63 5195/26/59 5196/27/64
f  5197/29/114 5198/27/64 5199/28/60
f  5200/30/99 5201/27/64 5202/29/114
f  5203/65/22 5204/27/64 5205/30/99
f  5206/64/9 5207/27/64 5208/65/22
f  5209/66/26 5210/64/9 5211/65/22
f  5212/60/70 5213/64/9 5214/66/26
f  5215/67/24 5216/60/70 5217/66/26
f  5218/56/13 5219/60/70 5220/67/24
f  5221/32/75 5222/56/13 5223/67/24
f  5224/20/48 5225/56/13 5226/32/75
f  5227/31/74 5228/20/48 5229/32/75
f  5230/16/52 5231/20/48 5232/31/74
f  5233/33/73 5234/16/52 5235/31/74
f  5236/11/56 5237/16/52 5238/33/73
f  5239/34/114 5240/11/56 5241/33/73
f  5242/12/60 5243/11/56 5244/34/114
f  5245/35/79 5246/33/73 5247/36/182
f  5248/34/114 5249/33/73 5250/35/79
f  5251/36/182 5252/31/74 5253/37/77
f  5254/33/73 5255/31/74 5256/36/182
f  5257/37/77 5258/32/75 5259/38/123
f  5260/31/74 5261/32/75 5262/37/77
f  5263/38/123 5264/67/24 5265/68/29
f  5266/32/75 5267/67/24 5268/38/123
f  5269/67/24 5270/66/26 5271/69/81
f  5272/67/24 5273/69/81 5274/68/29
f  5275/66/26 5276/65/22 5277/70/27
f  5278/66/26 5279/70/27 5280/69/81
f  5281/65/22 5282/30/99 5283/40/101
f  5284/65/22 5285/40/101 5286/70/27
f  5287/39/79 5288/30/99 5289/29/114
f  5290/40/101 5291/30/99 5292/39/79
f  5293/41/85 5294/40/101 5295/39/79
f  5296/42/84 5297/40/101 5298/41/85
f  5299/71/135 5300/40/101 5301/42/84
f  5302/70/27 5303/40/101 5304/71/135
f  5305/72/82 5306/70/27 5307/71/135
f  5308/69/81 5309/70/27 5310/72/82
f  5311/73/35 5312/69/81 5313/72/82
f  5314/68/29 5315/69/81 5316/73/35
f  5317/38/123 5318/68/29 5319/73/35
f  5320/38/123 5321/73/35 5322/43/124
f  5323/37/77 5324/38/123 5325/43/124
f  5326/37/77 5327/43/124 5328/44/139
f  5329/45/119 5330/37/77 5331/44/139
f  5332/36/182 5333/37/77 5334/45/119
f  5335/46/85 5336/36/182 5337/45/119
f  5338/35/79 5339/36/182 5340/46/85
f  5341/47/92 5342/45/119 5343/48/91
f  5344/46/85 5345/45/119 5346/47/92
f  5347/48/91 5348/44/139 5349/49/90
f  5350/45/119 5351/44/139 5352/48/91
f  5353/49/90 5354/43/124 5355/50/89
f  5356/44/139 5357/43/124 5358/49/90
f  5359/50/89 5360/73/35 5361/74/39
f  5362/43/124 5363/73/35 5364/50/89
f  5365/74/39 5366/72/82 5367/75/38
f  5368/73/35 5369/72/82 5370/74/39
f  5371/75/38 5372/71/135 5373/76/37
f  5374/72/82 5375/71/135 5376/75/38
f  5377/76/37 5378/42/84 5379/52/1
f  5380/71/135 5381/42/84 5382/76/37
f  5383/51/92 5384/42/84 5385/41/85
f  5386/52/1 5387/42/84 5388/51/92
f  5389/5/65 5390/7/98 5391/6/62
f  5392/5/65 5393/6/62 5394/8/61
f  5395/9/63 5396/5/65 5397/8/61
f  5398/10/128 5399/5/65 5400/9/63
f  5401/11/64 5402/10/128 5403/9/63
f  5404/12/9 5405/10/128 5406/11/64
f  5407/8/61 5408/6/62 5409/13/57
f  5410/8/61 5411/13/57 5412/14/183
f  5413/15/59 5414/8/61 5415/14/183
f  5416/9/63 5417/8/61 5418/15/59
f  5419/16/60 5420/9/63 5421/15/59
f  5422/11/64 5423/9/63 5424/16/60
f  5425/14/183 5426/13/57 5427/17/142
f  5428/14/183 5429/17/142 5430/18/54
f  5431/19/55 5432/14/183 5433/18/54
f  5434/15/59 5435/14/183 5436/19/55
f  5437/20/56 5438/15/59 5439/19/55
f  5440/16/60 5441/15/59 5442/20/56
f  5443/18/54 5444/17/142 5445/53/49
f  5446/18/54 5447/53/49 5448/54/50
f  5449/55/51 5450/18/54 5451/54/50
f  5452/19/55 5453/18/54 5454/55/51
f  5455/56/52 5456/19/55 5457/55/51
f  5458/20/56 5459/19/55 5460/56/52
f  5461/57/45 5462/53/49 5463/58/43
f  5464/54/50 5465/53/49 5466/57/45
f  5467/59/46 5468/54/50 5469/57/45
f  5470/55/51 5471/54/50 5472/59/46
f  5473/56/52 5474/55/51 5475/59/46
f  5476/56/52 5477/59/46 5478/60/48
f  5479/61/42 5480/58/43 5481/62/106
f  5482/57/45 5483/58/43 5484/61/42
f  5485/63/47 5486/57/45 5487/61/42
f  5488/59/46 5489/57/45 5490/63/47
f  5491/60/48 5492/59/46 5493/63/47
f  5494/60/48 5495/63/47 5496/64/13
f  5497/24/5 5498/62/106 5499/21/68
f  5500/61/42 5501/62/106 5502/24/5
f  5503/25/69 5504/61/42 5505/24/5
f  5506/63/47 5507/61/42 5508/25/69
f  5509/64/13 5510/63/47 5511/25/69
f  5512/64/13 5513/25/69 5514/27/70
f  5515/21/68 5516/23/98 5517/22/65
f  5518/21/68 5519/22/65 5520/24/5
f  5521/25/69 5522/22/65 5523/26/128
f  5524/24/5 5525/22/65 5526/25/69
f  5527/27/70 5528/26/128 5529/28/9
f  5530/25/69 5531/26/128 5532/27/70
f  5533/29/126 5534/27/70 5535/28/9
f  5536/30/26 5537/27/70 5538/29/126
f  5539/65/24 5540/27/70 5541/30/26
f  5542/64/13 5543/27/70 5544/65/24
f  5545/66/75 5546/64/13 5547/65/24
f  5548/60/48 5549/64/13 5550/66/75
f  5551/67/74 5552/60/48 5553/66/75
f  5554/56/52 5555/60/48 5556/67/74
f  5557/32/73 5558/56/52 5559/67/74
f  5560/20/56 5561/56/52 5562/32/73
f  5563/31/114 5564/20/56 5565/32/73
f  5566/16/60 5567/20/56 5568/31/114
f  5569/33/99 5570/16/60 5571/31/114
f  5572/11/64 5573/16/60 5574/33/99
f  5575/34/126 5576/11/64 5577/33/99
f  5578/12/9 5579/11/64 5580/34/126
f  5581/35/27 5582/33/99 5583/36/129
f  5584/34/126 5585/33/99 5586/35/27
f  5587/36/129 5588/31/114 5589/37/79
f  5590/33/99 5591/31/114 5592/36/129
f  5593/37/79 5594/32/73 5595/38/78
f  5596/31/114 5597/32/73 5598/37/79
f  5599/38/78 5600/67/74 5601/68/77
f  5602/32/73 5603/67/74 5604/38/78
f  5605/67/74 5606/66/75 5607/69/131
f  5608/67/74 5609/69/131 5610/68/77
f  5611/66/75 5612/65/24 5613/70/29
f  5614/66/75 5615/70/29 5616/69/131
f  5617/65/24 5618/30/26 5619/40/81
f  5620/65/24 5621/40/81 5622/70/29
f  5623/39/27 5624/30/26 5625/29/126
f  5626/40/81 5627/30/26 5628/39/27
f  5629/41/83 5630/40/81 5631/39/27
f  5632/42/82 5633/40/81 5634/41/83
f  5635/71/102 5636/40/81 5637/42/82
f  5638/70/29 5639/40/81 5640/71/102
f  5641/72/88 5642/70/29 5643/71/102
f  5644/69/131 5645/70/29 5646/72/88
f  5647/73/139 5648/69/131 5649/72/88
f  5650/68/77 5651/69/131 5652/73/139
f  5653/38/78 5654/68/77 5655/73/139
f  5656/38/78 5657/73/139 5658/43/184
f  5659/37/79 5660/38/78 5661/43/184
f  5662/37/79 5663/43/184 5664/44/103
f  5665/45/136 5666/37/79 5667/44/103
f  5668/36/129 5669/37/79 5670/45/136
f  5671/46/83 5672/36/129 5673/45/136
f  5674/35/27 5675/36/129 5676/46/83
f  5677/47/37 5678/45/136 5679/48/1
f  5680/46/83 5681/45/136 5682/47/37
f  5683/48/1 5684/44/103 5685/49/92
f  5686/45/136 5687/44/103 5688/48/1
f  5689/49/92 5690/43/184 5691/50/91
f  5692/44/103 5693/43/184 5694/49/92
f  5695/50/91 5696/73/139 5697/74/90
f  5698/43/184 5699/73/139 5700/50/91
f  5701/74/90 5702/72/88 5703/75/89
f  5704/73/139 5705/72/88 5706/74/90
f  5707/75/89 5708/71/102 5709/76/185
f  5710/72/88 5711/71/102 5712/75/89
f  5713/76/185 5714/42/82 5715/52/38
f  5716/71/102 5717/42/82 5718/76/185
f  5719/51/37 5720/42/82 5721/41/83
f  5722/52/38 5723/42/82 5724/51/37
f  5725/5/65 5726/7/98 5727/6/62
f  5728/5/65 5729/6/62 5730/8/186
f  5731/9/187 5732/5/65 5733/8/186
f  5734/10/67 5735/5/65 5736/9/187
f  5737/11/64 5738/10/67 5739/9/187
f  5740/12/9 5741/10/67 5742/11/64
f  5743/8/186 5744/6/62 5745/13/174
f  5746/8/186 5747/13/174 5748/14/58
f  5749/15/59 5750/8/186 5751/14/58
f  5752/9/187 5753/8/186 5754/15/59
f  5755/16/60 5756/9/187 5757/15/59
f  5758/11/64 5759/9/187 5760/16/60
f  5761/14/58 5762/13/174 5763/17/53
f  5764/14/58 5765/17/53 5766/18/54
f  5767/19/55 5768/14/58 5769/18/54
f  5770/15/59 5771/14/58 5772/19/55
f  5773/20/56 5774/15/59 5775/19/55
f  5776/16/60 5777/15/59 5778/20/56
f  5779/18/54 5780/17/53 5781/53/49
f  5782/18/54 5783/53/49 5784/54/50
f  5785/55/51 5786/18/54 5787/54/50
f  5788/19/55 5789/18/54 5790/55/51
f  5791/56/52 5792/19/55 5793/55/51
f  5794/20/56 5795/19/55 5796/56/52
f  5797/57/45 5798/53/49 5799/58/43
f  5800/54/50 5801/53/49 5802/57/45
f  5803/59/46 5804/54/50 5805/57/45
f  5806/55/51 5807/54/50 5808/59/46
f  5809/56/52 5810/55/51 5811/59/46
f  5812/56/52 5813/59/46 5814/60/48
f  5815/61/42 5816/58/43 5817/62/106
f  5818/57/45 5819/58/43 5820/61/42
f  5821/63/47 5822/57/45 5823/61/42
f  5824/59/46 5825/57/45 5826/63/47
f  5827/60/48 5828/59/46 5829/63/47
f  5830/60/48 5831/63/47 5832/64/13
f  5833/24/5 5834/62/106 5835/21/68
f  5836/61/42 5837/62/106 5838/24/5
f  5839/25/69 5840/61/42 5841/24/5
f  5842/63/47 5843/61/42 5844/25/69
f  5845/64/13 5846/63/47 5847/25/69
f  5848/64/13 5849/25/69 5850/27/70
f  5851/21/68 5852/23/98 5853/22/65
f  5854/21/68 5855/22/65 5856/24/5
f  5857/25/69 5858/22/65 5859/26/67
f  5860/24/5 5861/22/65 5862/25/69
f  5863/27/70 5864/26/67 5865/28/9
f  5866/25/69 5867/26/67 5868/27/70
f  5869/29/126 5870/27/70 5871/28/9
f  5872/30/26 5873/27/70 5874/29/126
f  5875/65/24 5876/27/70 5877/30/26
f  5878/64/13 5879/27/70 5880/65/24
f  5881/66/75 5882/64/13 5883/65/24
f  5884/60/48 5885/64/13 5886/66/75
f  5887/67/74 5888/60/48 5889/66/75
f  5890/56/52 5891/60/48 5892/67/74
f  5893/32/73 5894/56/52 5895/67/74
f  5896/20/56 5897/56/52 5898/32/73
f  5899/31/114 5900/20/56 5901/32/73
f  5902/16/60 5903/20/56 5904/31/114
f  5905/33/99 5906/16/60 5907/31/114
f  5908/11/64 5909/16/60 5910/33/99
f  5911/34/126 5912/11/64 5913/33/99
f  5914/12/9 5915/11/64 5916/34/126
f  5917/35/27 5918/33/99 5919/36/129
f  5920/34/126 5921/33/99 5922/35/27
f  5923/36/129 5924/31/114 5925/37/79
f  5926/33/99 5927/31/114 5928/36/129
f  5929/37/79 5930/32/73 5931/38/100
f  5932/31/114 5933/32/73 5934/37/79
f  5935/38/100 5936/67/74 5937/68/77
f  5938/32/73 5939/67/74 5940/38/100
f  5941/67/74 5942/66/75 5943/69/131
f  5944/67/74 5945/69/131 5946/68/77
f  5947/66/75 5948/65/24 5949/70/29
f  5950/66/75 5951/70/29 5952/69/131
f  5953/65/24 5954/30/26 5955/40/81
f  5956/65/24 5957/40/81 5958/70/29
f  5959/39/27 5960/30/26 5961/29/126
f  5962/40/81 5963/30/26 5964/39/27
f  5965/41/83 5966/40/81 5967/39/27
f  5968/42/82 5969/40/81 5970/41/83
f  5971/71/102 5972/40/81 5973/42/82
f  5974/70/29 5975/40/81 5976/71/102
f  5977/72/88 5978/70/29 5979/71/102
f  5980/69/131 5981/70/29 5982/72/88
f  5983/73/188 5984/69/131 5985/72/88
f  5986/68/77 5987/69/131 5988/73/188
f  5989/38/100 5990/68/77 5991/73/188
f  5992/38/100 5993/73/188 5994/43/86
f  5995/37/79 5996/38/100 5997/43/86
f  5998/37/79 5999/43/86 6000/44/103
f  6001/45/136 6002/37/79 6003/44/103
f  6004/36/129 6005/37/79 6006/45/136
f  6007/46/83 6008/36/129 6009/45/136
f  6010/35/27 6011/36/129 6012/46/83
f  6013/47/37 6014/45/136 6015/48/1
f  6016/46/83 6017/45/136 6018/47/37
f  6019/48/1 6020/44/103 6021/49/92
f  6022/45/136 6023/44/103 6024/48/1
f  6025/49/92 6026/43/86 6027/50/91
f  6028/44/103 6029/43/86 6030/49/92
f  6031/50/91 6032/73/188 6033/74/90
f  6034/43/86 6035/73/188 6036/50/91
f  6037/74/90 6038/72/88 6039/75/120
f  6040/73/188 6041/72/88 6042/74/90
f  6043/75/120 6044/71/102 6045/76/39
f  6046/72/88 6047/71/102 6048/75/120
f  6049/76/39 6050/42/82 6051/52/38
f  6052/71/102 6053/42/82 6054/76/39
f  6055/51/37 6056/42/82 6057/41/83
f  6058/52/38 6059/42/82 6060/51/37
f  6061/5/65 6062/7/66 6063/6/62
f  6064/5/65 6065/6/62 6066/8/61
f  6067/9/63 6068/5/65 6069/8/61
f  6070/10/67 6071/5/65 6072/9/63
f  6073/11/64 6074/10/67 6075/9/63
f  6076/12/9 6077/10/67 6078/11/64
f  6079/8/61 6080/6/62 6081/13/174
f  6082/8/61 6083/13/174 6084/14/183
f  6085/15/59 6086/8/61 6087/14/183
f  6088/9/63 6089/8/61 6090/15/59
f  6091/16/60 6092/9/63 6093/15/59
f  6094/11/64 6095/9/63 6096/16/60
f  6097/14/183 6098/13/174 6099/17/53
f  6100/14/183 6101/17/53 6102/18/54
f  6103/19/55 6104/14/183 6105/18/54
f  6106/15/59 6107/14/183 6108/19/55
f  6109/20/56 6110/15/59 6111/19/55
f  6112/16/60 6113/15/59 6114/20/56
f  6115/18/54 6116/17/53 6117/53/49
f  6118/18/54 6119/53/49 6120/54/50
f  6121/55/51 6122/18/54 6123/54/50
f  6124/19/55 6125/18/54 6126/55/51
f  6127/56/52 6128/19/55 6129/55/51
f  6130/20/56 6131/19/55 6132/56/52
f  6133/57/45 6134/53/49 6135/58/43
f  6136/54/50 6137/53/49 6138/57/45
f  6139/59/46 6140/54/50 6141/57/45
f  6142/55/51 6143/54/50 6144/59/46
f  6145/56/52 6146/55/51 6147/59/46
f  6148/56/52 6149/59/46 6150/60/48
f  6151/61/42 6152/58/43 6153/62/44
f  6154/57/45 6155/58/43 6156/61/42
f  6157/63/47 6158/57/45 6159/61/42
f  6160/59/46 6161/57/45 6162/63/47
f  6163/60/48 6164/59/46 6165/63/47
f  6166/60/48 6167/63/47 6168/64/13
f  6169/24/5 6170/62/44 6171/21/68
f  6172/61/42 6173/62/44 6174/24/5
f  6175/25/69 6176/61/42 6177/24/5
f  6178/63/47 6179/61/42 6180/25/69
f  6181/64/13 6182/63/47 6183/25/69
f  6184/64/13 6185/25/69 6186/27/70
f  6187/21/68 6188/23/66 6189/22/65
f  6190/21/68 6191/22/65 6192/24/5
f  6193/25/69 6194/22/65 6195/26/67
f  6196/24/5 6197/22/65 6198/25/69
f  6199/27/70 6200/26/67 6201/28/9
f  6202/25/69 6203/26/67 6204/27/70
f  6205/29/189 6206/27/70 6207/28/9
f  6208/30/26 6209/27/70 6210/29/189
f  6211/65/24 6212/27/70 6213/30/26
f  6214/64/13 6215/27/70 6216/65/24
f  6217/66/75 6218/64/13 6219/65/24
f  6220/60/48 6221/64/13 6222/66/75
f  6223/67/190 6224/60/48 6225/66/75
f  6226/56/52 6227/60/48 6228/67/190
f  6229/32/73 6230/56/52 6231/67/190
f  6232/20/56 6233/56/52 6234/32/73
f  6235/31/72 6236/20/56 6237/32/73
f  6238/16/60 6239/20/56 6240/31/72
f  6241/33/99 6242/16/60 6243/31/72
f  6244/11/64 6245/16/60 6246/33/99
f  6247/34/189 6248/11/64 6249/33/99
f  6250/12/9 6251/11/64 6252/34/189
f  6253/35/27 6254/33/99 6255/36/129
f  6256/34/189 6257/33/99 6258/35/27
f  6259/36/129 6260/31/72 6261/37/79
f  6262/33/99 6263/31/72 6264/36/129
f  6265/37/79 6266/32/73 6267/38/78
f  6268/31/72 6269/32/73 6270/37/79
f  6271/38/78 6272/67/190 6273/68/77
f  6274/32/73 6275/67/190 6276/38/78
f  6277/67/190 6278/66/75 6279/69/131
f  6280/67/190 6281/69/131 6282/68/77
f  6283/66/75 6284/65/24 6285/70/29
f  6286/66/75 6287/70/29 6288/69/131
f  6289/65/24 6290/30/26 6291/40/81
f  6292/65/24 6293/40/81 6294/70/29
f  6295/39/27 6296/30/26 6297/29/189
f  6298/40/81 6299/30/26 6300/39/27
f  6301/41/117 6302/40/81 6303/39/27
f  6304/42/82 6305/40/81 6306/41/117
f  6307/71/107 6308/40/81 6309/42/82
f  6310/70/29 6311/40/81 6312/71/107
f  6313/72/88 6314/70/29 6315/71/107
f  6316/69/131 6317/70/29 6318/72/88
f  6319/73/109 6320/69/131 6321/72/88
f  6322/68/77 6323/69/131 6324/73/109
f  6325/38/78 6326/68/77 6327/73/109
f  6328/38/78 6329/73/109 6330/43/86
f  6331/37/79 6332/38/78 6333/43/86
f  6334/37/79 6335/43/86 6336/44/108
f  6337/45/136 6338/37/79 6339/44/108
f  6340/36/129 6341/37/79 6342/45/136
f  6343/46/117 6344/36/129 6345/45/136
f  6346/35/27 6347/36/129 6348/46/117
f  6349/47/37 6350/45/136 6351/48/1
f  6352/46/117 6353/45/136 6354/47/37
f  6355/48/1 6356/44/108 6357/49/92
f  6358/45/136 6359/44/108 6360/48/1
f  6361/49/92 6362/43/86 6363/50/91
f  6364/44/108 6365/43/86 6366/49/92
f  6367/50/91 6368/73/109 6369/74/90
f  6370/43/86 6371/73/109 6372/50/91
f  6373/74/90 6374/72/88 6375/75/89
f  6376/73/109 6377/72/88 6378/74/90
f  6379/75/89 6380/71/107 6381/76/39
f  6382/72/88 6383/71/107 6384/75/89
f  6385/76/39 6386/42/82 6387/52/144
f  6388/71/107 6389/42/82 6390/76/39
f  6391/51/37 6392/42/82 6393/41/117
f  6394/52/144 6395/42/82 6396/51/37
f  6397/77/91 6398/78/91 6399/79/91
f  6400/80/89 6401/81/89 6402/82/89
f  6403/83/91 6404/77/91 6405/84/91
f  6406/80/191 6407/81/191 6408/82/191
f  6409/85/38 6410/78/38 6411/77/38
f  6412/86/89 6413/82/89 6414/81/89
f  6415/87/38 6416/84/38 6417/83/38
f  6418/86/192 6419/82/192 6420/81/192
f  6421/88/89 6422/89/89 6423/90/89
f  6424/90/1 6425/89/1 6426/88/1
f  6427/88/89 6428/90/89 6429/91/89
f  6430/91/1 6431/90/1 6432/88/1
f  6433/92/193 6434/88/193 6435/93/193
f  6436/93/194 6437/88/194 6438/92/194
f  6439/88/193 6440/94/193 6441/93/193
f  6442/93/194 6443/94/194 6444/88/194
f  6445/88/195 6446/91/195 6447/95/195
f  6448/95/196 6449/91/196 6450/88/196
f  6451/88/197 6452/95/197 6453/94/197
f  6454/94/198 6455/95/198 6456/88/198
f  6457/96/199 6458/97/199 6459/98/199
f  6460/98/200 6461/97/200 6462/96/200
f  6463/96/199 6464/98/199 6465/99/199
f  6466/99/200 6467/98/200 6468/96/200
f  6469/100/91 6470/101/91 6471/102/91
f  6472/102/91 6473/101/91 6474/100/91
f  6475/100/201 6476/102/201 6477/103/201
f  6478/103/202 6479/102/202 6480/100/202
f  6481/104/203 6482/105/203 6483/106/203
f  6484/106/204 6485/105/204 6486/104/204
f  6487/104/205 6488/106/205 6489/107/205
f  6490/107/206 6491/106/206 6492/104/206
f  6493/103/91 6494/102/91 6495/98/91
f  6496/98/91 6497/102/91 6498/103/91
f  6499/103/207 6500/98/207 6501/97/207
f  6502/97/208 6503/98/208 6504/103/208
f  6505/108/209 6506/109/209 6507/110/209
f  6508/110/210 6509/109/210 6510/108/210
f  6511/108/209 6512/110/209 6513/111/209
f  6514/111/210 6515/110/210 6516/108/210
f  6517/90/89 6518/89/89 6519/88/89
f  6520/88/1 6521/89/1 6522/90/1
f  6523/91/89 6524/90/89 6525/88/89
f  6526/88/1 6527/90/1 6528/91/1
f  6529/93/211 6530/88/211 6531/92/211
f  6532/92/212 6533/88/212 6534/93/212
f  6535/93/211 6536/94/211 6537/88/211
f  6538/88/212 6539/94/212 6540/93/212
f  6541/95/195 6542/91/195 6543/88/195
f  6544/88/196 6545/91/196 6546/95/196
f  6547/94/197 6548/95/197 6549/88/197
f  6550/88/198 6551/95/198 6552/94/198
f  6553/98/213 6554/97/213 6555/96/213
f  6556/96/214 6557/97/214 6558/98/214
f  6559/99/213 6560/98/213 6561/96/213
f  6562/96/214 6563/98/214 6564/99/214
f  6565/102/38 6566/101/38 6567/100/38
f  6568/100/38 6569/101/38 6570/102/38
f  6571/103/215 6572/102/215 6573/100/215
f  6574/100/216 6575/102/216 6576/103/216
f  6577/106/205 6578/105/205 6579/104/205
f  6580/104/217 6581/105/217 6582/106/217
f  6583/107/205 6584/106/205 6585/104/205
f  6586/104/206 6587/106/206 6588/107/206
f  6589/98/38 6590/102/38 6591/103/38
f  6592/103/38 6593/102/38 6594/98/38
f  6595/97/218 6596/98/218 6597/103/218
f  6598/103/219 6599/98/219 6600/97/219
f  6601/110/209 6602/109/209 6603/108/209
f  6604/108/220 6605/109/220 6606/110/220
f  6607/111/209 6608/110/209 6609/108/209
f  6610/108/220 6611/110/220 6612/111/220
f  6613/79/38 6614/112/38 6615/113/38
f  6616/79/91 6617/77/91 6618/78/91
f  6619/80/89 6620/81/89 6621/82/89
f  6622/114/91 6623/77/91 6624/84/91
f  6625/114/38 6626/115/38 6627/116/38
f  6628/117/91 6629/113/91 6630/112/91
f  6631/85/38 6632/78/38 6633/77/38
f  6634/86/89 6635/82/89 6636/81/89
f  6637/118/38 6638/84/38 6639/77/38
f  6640/119/91 6641/116/91 6642/115/91
f  6643/120/221 6644/121/221 6645/122/222
f  6646/122/223 6647/121/221 6648/120/221
f  6649/120/221 6650/122/222 6651/123/224
f  6652/123/223 6653/122/223 6654/120/221
f  6655/124/225 6656/4/225 6657/125/225
f  6658/125/226 6659/4/226 6660/124/226
f  6661/4/227 6662/3/227 6663/125/227
f  6664/125/228 6665/3/228 6666/4/228
f  6667/126/229 6668/4/229 6669/127/229
f  6670/127/230 6671/4/230 6672/126/230
f  6673/126/231 6674/127/231 6675/128/231
f  6676/128/232 6677/127/232 6678/126/232
f  6679/129/233 6680/130/233 6681/131/233
f  6682/131/233 6683/130/233 6684/129/233
f  6685/129/233 6686/131/233 6687/132/233
f  6688/132/233 6689/131/233 6690/129/233
f  6691/133/233 6692/134/233 6693/135/233
f  6694/135/233 6695/134/233 6696/133/233
f  6697/133/233 6698/135/233 6699/136/233
f  6700/136/233 6701/135/233 6702/133/233
f  6703/137/234 6704/138/234 6705/139/234
f  6706/139/234 6707/138/234 6708/137/234
f  6709/137/235 6710/139/235 6711/140/235
f  6712/140/236 6713/139/236 6714/137/236
f  6715/141/237 6716/2/237 6717/1/237
f  6718/1/238 6719/2/238 6720/141/238
f  6721/141/239 6722/1/239 6723/142/239
f  6724/142/240 6725/1/240 6726/141/240
f  6727/143/221 6728/138/221 6729/137/221
f  6730/137/221 6731/138/221 6732/143/221
f  6733/143/221 6734/137/221 6735/144/221
f  6736/144/221 6737/137/221 6738/143/221
f  6739/122/241 6740/121/221 6741/120/221
f  6742/120/221 6743/121/221 6744/122/224
f  6745/123/223 6746/122/241 6747/120/221
f  6748/120/221 6749/122/224 6750/123/224
f  6751/125/242 6752/4/242 6753/124/242
f  6754/124/243 6755/4/243 6756/125/243
f  6757/125/244 6758/3/244 6759/4/244
f  6760/4/245 6761/3/245 6762/125/245
f  6763/127/246 6764/4/246 6765/126/246
f  6766/126/247 6767/4/247 6768/127/247
f  6769/128/231 6770/127/231 6771/126/231
f  6772/126/232 6773/127/232 6774/128/232
f  6775/131/233 6776/130/233 6777/129/233
f  6778/129/233 6779/130/233 6780/131/233
f  6781/132/233 6782/131/233 6783/129/233
f  6784/129/233 6785/131/233 6786/132/233
f  6787/135/233 6788/134/233 6789/133/233
f  6790/133/233 6791/134/233 6792/135/233
f  6793/136/233 6794/135/233 6795/133/233
f  6796/133/233 6797/135/233 6798/136/233
f  6799/139/234 6800/138/234 6801/137/234
f  6802/137/234 6803/138/234 6804/139/234
f  6805/140/248 6806/139/248 6807/137/248
f  6808/137/249 6809/139/249 6810/140/249
f  6811/1/250 6812/2/250 6813/141/250
f  6814/141/251 6815/2/251 6816/1/251
f  6817/142/252 6818/1/252 6819/141/252
f  6820/141/253 6821/1/253 6822/142/253
f  6823/137/221 6824/138/221 6825/143/221
f  6826/143/221 6827/138/221 6828/137/221
f  6829/144/221 6830/137/221 6831/143/221
f  6832/143/221 6833/137/221 6834/144/221
f  6835/120/254 6836/145/254 6837/146/254
f  6838/146/255 6839/145/255 6840/120/255
f  6841/120/256 6842/146/256 6843/123/256
f  6844/123/257 6845/147/257 6846/146/257
f  6847/88/38 6848/89/38 6849/90/38
f  6850/90/91 6851/89/91 6852/88/91
f  6853/88/38 6854/90/38 6855/91/38
f  6856/91/91 6857/90/91 6858/88/91
f  6859/92/258 6860/88/258 6861/93/258
f  6862/93/259 6863/88/259 6864/92/259
f  6865/88/258 6866/94/258 6867/93/258
f  6868/93/259 6869/94/259 6870/88/259
f  6871/88/260 6872/91/260 6873/95/260
f  6874/95/261 6875/91/261 6876/88/261
f  6877/88/260 6878/95/260 6879/94/260
f  6880/94/261 6881/95/261 6882/88/261
f  6883/96/262 6884/97/262 6885/98/262
f  6886/98/263 6887/97/263 6888/96/263
f  6889/96/262 6890/98/262 6891/99/262
f  6892/99/263 6893/98/263 6894/96/263
f  6895/148/264 6896/149/264 6897/150/264
f  6898/150/265 6899/149/265 6900/148/265
f  6901/148/266 6902/150/266 6903/151/266
f  6904/151/267 6905/152/267 6906/150/267
f  6907/100/89 6908/101/89 6909/102/89
f  6910/102/89 6911/101/89 6912/100/89
f  6913/100/268 6914/102/268 6915/103/268
f  6916/103/269 6917/102/269 6918/100/269
f  6919/104/270 6920/105/270 6921/106/270
f  6922/106/271 6923/105/271 6924/104/271
f  6925/104/270 6926/106/270 6927/107/270
f  6928/107/271 6929/106/271 6930/104/271
f  6931/103/89 6932/102/89 6933/98/89
f  6934/98/89 6935/102/89 6936/103/89
f  6937/103/272 6938/98/272 6939/97/272
f  6940/97/273 6941/98/273 6942/103/273
f  6943/153/38 6944/154/38 6945/155/38
f  6946/156/91 6947/155/91 6948/153/91
f  6949/155/38 6950/157/38 6951/156/38
f  6952/156/89 6953/158/89 6954/153/89
f  6955/153/89 6956/158/89 6957/156/89
f  6958/158/89 6959/159/89 6960/153/89
f  6961/153/89 6962/159/89 6963/158/89
f  6964/126/274 6965/4/274 6966/127/274
f  6967/127/275 6968/4/275 6969/126/275
f  6970/126/276 6971/127/276 6972/128/276
f  6973/128/276 6974/127/276 6975/126/276
f  6976/160/221 6977/3/221 6978/161/221
f  6979/161/221 6980/3/221 6981/160/221
f  6982/160/221 6983/161/221 6984/162/221
f  6985/162/221 6986/161/221 6987/160/221
f  6988/163/221 6989/164/221 6990/4/221
f  6991/4/221 6992/164/221 6993/163/221
f  6994/163/221 6995/4/221 6996/165/221
f  6997/165/221 6998/4/221 6999/163/221
f  7000/166/277 7001/167/277 7002/168/277
f  7003/168/277 7004/167/277 7005/166/277
f  7006/166/278 7007/168/278 7008/169/278
f  7009/169/278 7010/168/278 7011/166/278
f  7012/129/233 7013/130/233 7014/131/233
f  7015/131/233 7016/130/233 7017/129/233
f  7018/129/233 7019/131/233 7020/132/233
f  7021/132/233 7022/131/233 7023/129/233
f  7024/137/279 7025/138/279 7026/139/279
f  7027/139/279 7028/138/279 7029/137/279
f  7030/137/280 7031/139/280 7032/140/280
f  7033/140/281 7034/139/281 7035/137/281
f  7036/143/221 7037/138/221 7038/137/221
f  7039/137/221 7040/138/221 7041/143/221
f  7042/143/221 7043/137/221 7044/144/221
f  7045/144/221 7046/137/221 7047/143/221
f  7048/108/282 7049/109/282 7050/110/282
f  7051/110/283 7052/109/283 7053/108/283
f  7054/108/282 7055/110/282 7056/111/282
f  7057/111/283 7058/110/283 7059/108/283
f  7060/108/284 7061/110/284 7062/111/284
f  7063/111/285 7064/110/285 7065/108/285
f  7066/108/282 7067/109/282 7068/110/282
f  7069/110/283 7070/109/283 7071/108/283
f  7072/103/286 7073/98/286 7074/97/286
f  7075/97/287 7076/98/287 7077/103/287
f  7078/103/89 7079/102/89 7080/98/89
f  7081/98/89 7082/102/89 7083/103/89
f  7084/104/288 7085/106/288 7086/107/288
f  7087/107/289 7088/106/289 7089/104/289
f  7090/104/270 7091/105/270 7092/106/270
f  7093/106/271 7094/105/271 7095/104/271
f  7096/100/290 7097/102/290 7098/103/290
f  7099/103/291 7100/102/291 7101/100/291
f  7102/100/292 7103/101/292 7104/102/292
f  7105/102/293 7106/101/293 7107/100/293
f  7108/96/294 7109/98/294 7110/99/294
f  7111/99/295 7112/98/295 7113/96/295
f  7114/96/294 7115/97/294 7116/98/294
f  7117/98/295 7118/97/295 7119/96/295
f  7120/170/296 7121/95/296 7122/171/296
f  7123/171/297 7124/95/297 7125/170/297
f  7126/170/296 7127/91/296 7128/95/296
f  7129/95/297 7130/91/297 7131/170/297
f  7132/88/38 7133/90/38 7134/91/38
f  7135/91/91 7136/90/91 7137/88/91
f  7138/88/38 7139/89/38 7140/90/38
f  7141/90/91 7142/89/91 7143/88/91
f  7144/172/233 7145/173/233 7146/174/233
f  7147/141/298 7148/175/298 7149/176/298
f  7150/177/299 7151/178/299 7152/125/299
f  7153/179/233 7154/180/233 7155/174/233
f  7156/166/300 7157/181/300 7158/182/300
f  7159/183/233 7160/184/233 7161/133/233
f  7162/169/301 7163/185/301 7164/182/301
f  7165/142/302 7166/176/302 7167/141/302
f  7168/125/303 7169/178/303 7170/177/303
f  7171/172/233 7172/174/233 7173/179/233
f  7174/141/304 7175/186/304 7176/175/304
f  7177/124/305 7178/187/305 7179/125/305
f  7180/133/233 7181/183/233 7182/136/233
f  7183/182/306 7184/185/306 7185/169/306
f  7186/174/233 7187/173/233 7188/172/233
f  7189/175/307 7190/186/307 7191/141/307
f  7192/125/308 7193/177/308 7194/187/308
f  7195/136/233 7196/188/233 7197/183/233
f  7198/156/91 7199/157/91 7200/155/91
f  7201/169/309 7202/182/309 7203/166/309
f  7204/133/233 7205/184/233 7206/183/233
f  7207/120/221 7208/121/221 7209/122/310
f  7210/122/311 7211/121/221 7212/120/221
f  7213/120/221 7214/122/310 7215/123/310
f  7216/123/311 7217/122/311 7218/120/221
f  7219/124/312 7220/4/312 7221/125/312
f  7222/125/313 7223/4/313 7224/124/313
f  7225/4/314 7226/3/314 7227/125/314
f  7228/125/315 7229/3/315 7230/4/315
f  7231/126/316 7232/4/316 7233/127/316
f  7234/127/317 7235/4/317 7236/126/317
f  7237/126/318 7238/127/318 7239/128/318
f  7240/128/319 7241/127/319 7242/126/319
f  7243/129/233 7244/130/233 7245/131/233
f  7246/131/233 7247/130/233 7248/129/233
f  7249/129/233 7250/131/233 7251/132/233
f  7252/132/233 7253/131/233 7254/129/233
f  7255/133/233 7256/134/233 7257/135/233
f  7258/135/233 7259/134/233 7260/133/233
f  7261/133/233 7262/135/233 7263/136/233
f  7264/136/233 7265/135/233 7266/133/233
f  7267/137/320 7268/138/320 7269/139/320
f  7270/139/321 7271/138/321 7272/137/321
f  7273/137/322 7274/139/322 7275/140/322
f  7276/140/323 7277/139/323 7278/137/323
f  7279/141/324 7280/2/324 7281/1/324
f  7282/1/325 7283/2/325 7284/141/325
f  7285/141/326 7286/1/326 7287/142/326
f  7288/142/327 7289/1/327 7290/141/327
f  7291/143/221 7292/138/221 7293/137/221
f  7294/137/221 7295/138/221 7296/143/221
f  7297/143/221 7298/137/221 7299/144/221
f  7300/144/221 7301/137/221 7302/143/221
f  7303/122/310 7304/121/221 7305/120/221
f  7306/120/221 7307/121/221 7308/122/311
f  7309/123/310 7310/122/310 7311/120/221
f  7312/120/221 7313/122/311 7314/123/311
f  7315/125/328 7316/4/328 7317/124/328
f  7318/124/313 7319/4/313 7320/125/313
f  7321/125/314 7322/3/314 7323/4/314
f  7324/4/329 7325/3/329 7326/125/329
f  7327/127/330 7328/4/330 7329/126/330
f  7330/126/331 7331/4/331 7332/127/331
f  7333/128/332 7334/127/332 7335/126/332
f  7336/126/333 7337/127/333 7338/128/333
f  7339/131/233 7340/130/233 7341/129/233
f  7342/129/233 7343/130/233 7344/131/233
f  7345/132/233 7346/131/233 7347/129/233
f  7348/129/233 7349/131/233 7350/132/233
f  7351/135/233 7352/134/233 7353/133/233
f  7354/133/233 7355/134/233 7356/135/233
f  7357/136/233 7358/135/233 7359/133/233
f  7360/133/233 7361/135/233 7362/136/233
f  7363/139/334 7364/138/334 7365/137/334
f  7366/137/335 7367/138/335 7368/139/335
f  7369/140/336 7370/139/336 7371/137/336
f  7372/137/337 7373/139/337 7374/140/337
f  7375/1/338 7376/2/338 7377/141/338
f  7378/141/325 7379/2/325 7380/1/325
f  7381/142/339 7382/1/339 7383/141/339
f  7384/141/340 7385/1/340 7386/142/340
f  7387/137/221 7388/138/221 7389/143/221
f  7390/143/221 7391/138/221 7392/137/221
f  7393/144/221 7394/137/221 7395/143/221
f  7396/143/221 7397/137/221 7398/144/221
f  7399/120/221 7400/121/221 7401/122/341
f  7402/122/342 7403/121/221 7404/120/221
f  7405/120/221 7406/122/341 7407/123/343
f  7408/123/344 7409/122/342 7410/120/221
f  7411/124/345 7412/4/345 7413/125/345
f  7414/125/346 7415/4/346 7416/124/346
f  7417/4/347 7418/3/347 7419/125/347
f  7420/125/346 7421/3/346 7422/4/346
f  7423/126/348 7424/4/348 7425/127/348
f  7426/127/349 7427/4/349 7428/126/349
f  7429/126/350 7430/127/350 7431/128/350
f  7432/128/351 7433/127/351 7434/126/351
f  7435/129/233 7436/130/233 7437/131/233
f  7438/131/233 7439/130/233 7440/129/233
f  7441/129/233 7442/131/233 7443/132/233
f  7444/132/233 7445/131/233 7446/129/233
f  7447/133/233 7448/134/233 7449/135/233
f  7450/135/233 7451/134/233 7452/133/233
f  7453/133/233 7454/135/233 7455/136/233
f  7456/136/233 7457/135/233 7458/133/233
f  7459/137/352 7460/138/352 7461/139/352
f  7462/139/353 7463/138/353 7464/137/353
f  7465/137/354 7466/139/354 7467/140/354
f  7468/140/355 7469/139/355 7470/137/355
f  7471/141/356 7472/2/356 7473/1/356
f  7474/1/357 7475/2/357 7476/141/357
f  7477/141/358 7478/1/358 7479/142/358
f  7480/142/359 7481/1/359 7482/141/359
f  7483/143/221 7484/138/221 7485/137/221
f  7486/137/221 7487/138/221 7488/143/221
f  7489/143/221 7490/137/221 7491/144/221
f  7492/144/221 7493/137/221 7494/143/221
f  7495/122/341 7496/121/221 7497/120/221
f  7498/120/221 7499/121/221 7500/122/342
f  7501/123/343 7502/122/341 7503/120/221
f  7504/120/221 7505/122/342 7506/123/344
f  7507/125/360 7508/4/360 7509/124/360
f  7510/124/346 7511/4/346 7512/125/346
f  7513/125/361 7514/3/361 7515/4/361
f  7516/4/362 7517/3/362 7518/125/362
f  7519/127/363 7520/4/363 7521/126/363
f  7522/126/364 7523/4/364 7524/127/364
f  7525/128/365 7526/127/365 7527/126/365
f  7528/126/366 7529/127/366 7530/128/366
f  7531/131/233 7532/130/233 7533/129/233
f  7534/129/233 7535/130/233 7536/131/233
f  7537/132/233 7538/131/233 7539/129/233
f  7540/129/233 7541/131/233 7542/132/233
f  7543/135/233 7544/134/233 7545/133/233
f  7546/133/233 7547/134/233 7548/135/233
f  7549/136/233 7550/135/233 7551/133/233
f  7552/133/233 7553/135/233 7554/136/233
f  7555/139/367 7556/138/367 7557/137/367
f  7558/137/368 7559/138/368 7560/139/368
f  7561/140/369 7562/139/369 7563/137/369
f  7564/137/370 7565/139/370 7566/140/370
f  7567/1/371 7568/2/371 7569/141/371
f  7570/141/357 7571/2/357 7572/1/357
f  7573/142/372 7574/1/372 7575/141/372
f  7576/141/373 7577/1/373 7578/142/373
f  7579/137/221 7580/138/221 7581/143/221
f  7582/143/221 7583/138/221 7584/137/221
f  7585/144/221 7586/137/221 7587/143/221
f  7588/143/221 7589/137/221 7590/144/221
f  7591/189/374 7592/190/374 7593/191/374
f  7594/191/375 7595/190/375 7596/192/375
f  7597/88/89 7598/89/89 7599/90/89
f  7600/90/1 7601/89/1 7602/88/1
f  7603/88/89 7604/90/89 7605/91/89
f  7606/91/1 7607/90/1 7608/88/1
f  7609/92/376 7610/88/376 7611/93/376
f  7612/93/377 7613/88/377 7614/92/377
f  7615/88/376 7616/94/376 7617/93/376
f  7618/93/377 7619/94/377 7620/88/377
f  7621/88/378 7622/91/378 7623/95/378
f  7624/95/379 7625/91/379 7626/88/379
f  7627/88/378 7628/95/378 7629/94/378
f  7630/94/380 7631/95/380 7632/88/380
f  7633/96/381 7634/97/381 7635/98/381
f  7636/98/382 7637/97/382 7638/96/382
f  7639/96/381 7640/98/381 7641/99/381
f  7642/99/382 7643/98/382 7644/96/382
f  7645/100/91 7646/101/91 7647/102/91
f  7648/102/91 7649/101/91 7650/100/91
f  7651/100/383 7652/102/383 7653/103/383
f  7654/103/384 7655/102/384 7656/100/384
f  7657/104/385 7658/105/385 7659/106/385
f  7660/106/386 7661/105/386 7662/104/386
f  7663/104/387 7664/106/387 7665/107/387
f  7666/107/386 7667/106/386 7668/104/386
f  7669/103/91 7670/102/91 7671/98/91
f  7672/98/91 7673/102/91 7674/103/91
f  7675/103/388 7676/98/388 7677/97/388
f  7678/97/389 7679/98/389 7680/103/389
f  7681/108/390 7682/109/390 7683/110/390
f  7684/110/391 7685/109/391 7686/108/391
f  7687/108/390 7688/110/390 7689/111/390
f  7690/111/391 7691/110/391 7692/108/391
f  7693/191/392 7694/190/392 7695/189/392
f  7696/192/393 7697/190/393 7698/191/393
f  7699/90/89 7700/89/89 7701/88/89
f  7702/88/1 7703/89/1 7704/90/1
f  7705/91/89 7706/90/89 7707/88/89
f  7708/88/1 7709/90/1 7710/91/1
f  7711/93/211 7712/88/211 7713/92/211
f  7714/92/212 7715/88/212 7716/93/212
f  7717/93/211 7718/94/211 7719/88/211
f  7720/88/212 7721/94/212 7722/93/212
f  7723/95/378 7724/91/378 7725/88/378
f  7726/88/379 7727/91/379 7728/95/379
f  7729/94/378 7730/95/378 7731/88/378
f  7732/88/379 7733/95/379 7734/94/379
f  7735/98/394 7736/97/394 7737/96/394
f  7738/96/395 7739/97/395 7740/98/395
f  7741/99/394 7742/98/394 7743/96/394
f  7744/96/395 7745/98/395 7746/99/395
f  7747/102/38 7748/101/38 7749/100/38
f  7750/100/38 7751/101/38 7752/102/38
f  7753/103/396 7754/102/396 7755/100/396
f  7756/100/397 7757/102/397 7758/103/397
f  7759/106/385 7760/105/385 7761/104/385
f  7762/104/386 7763/105/386 7764/106/386
f  7765/107/387 7766/106/387 7767/104/387
f  7768/104/386 7769/106/386 7770/107/386
f  7771/98/38 7772/102/38 7773/103/38
f  7774/103/38 7775/102/38 7776/98/38
f  7777/97/398 7778/98/398 7779/103/398
f  7780/103/399 7781/98/399 7782/97/399
f  7783/110/400 7784/109/400 7785/108/400
f  7786/108/401 7787/109/401 7788/110/401
f  7789/111/400 7790/110/400 7791/108/400
f  7792/108/401 7793/110/401 7794/111/401
f  7795/79/91 7796/78/91 7797/85/91
f  7798/86/89 7799/80/89 7800/82/89
f  7801/87/91 7802/83/91 7803/84/91
f  7804/86/191 7805/80/191 7806/82/191
f  7807/79/38 7808/85/38 7809/77/38
f  7810/80/89 7811/86/89 7812/81/89
f  7813/84/38 7814/77/38 7815/83/38
f  7816/80/192 7817/86/192 7818/81/192
f  7819/117/38 7820/79/38 7821/113/38
f  7822/85/91 7823/79/91 7824/78/91
f  7825/86/89 7826/80/89 7827/82/89
f  7828/118/91 7829/114/91 7830/84/91
f  7831/119/38 7832/114/38 7833/116/38
f  7834/79/91 7835/117/91 7836/112/91
f  7837/79/38 7838/85/38 7839/77/38
f  7840/80/89 7841/86/89 7842/81/89
f  7843/114/38 7844/118/38 7845/77/38
f  7846/114/91 7847/119/91 7848/115/91
f  7849/146/402 7850/147/402 7851/123/402
f  7852/120/403 7853/123/403 7854/146/403
f  7855/150/404 7856/152/404 7857/151/404
f  7858/148/405 7859/151/405 7860/150/405
f  7861/156/38 7862/153/38 7863/155/38
f  7864/155/91 7865/154/91 7866/153/91
f  7867/193/221 7868/163/221 7869/165/221
f  7870/193/221 7871/165/221 7872/163/221
f  7873/142/406 7874/141/406 7875/176/406
f  7876/172/233 7877/179/233 7878/174/233
f  7879/169/407 7880/166/407 7881/182/407
f  7882/176/408 7883/175/408 7884/141/408
f  7885/174/233 7886/180/233 7887/179/233
f  7888/187/409 7889/177/409 7890/125/409
f  7891/183/233 7892/188/233 7893/136/233
f  7894/124/410 7895/125/410 7896/187/410
f  7897/133/233 7898/136/233 7899/183/233
f  7900/182/411 7901/181/411 7902/166/411
f  7903/3/1 7904/3/1 7905/4/1
f  7906/1/1 7907/1/1 7908/2/1
f  7909/4/1 7910/3/1 7911/4/1
f  7912/2/1 7913/1/1 7914/2/1

