# File produced by Open Asset Import Library (http://www.assimp.sf.net)
# (assimp v6.0.0)

mtllib hele_fortress_up.mtl

# 9474 vertex positions
v 0.0794913545 0.456277192 -0.013305231
v 0.0794913545 0.443490028 -0.013305231
v 0.316240668 0.443490028 -0.0133051928
v 0.0794913545 0.456277192 -0.013305231
v 0.204866678 0.517090857 -0.133077785
v 0.190865219 0.517090857 -0.133077785
v 0.0794913545 0.456277192 -0.271756589
v 0.0794913545 0.443490028 -0.013305231
v 0.0794913545 0.456277192 -0.013305231
v 0.0794913545 0.456277192 -0.271756589
v 0.0794913545 0.443490028 -0.271756589
v 0.0794913545 0.443490028 -0.013305231
v 0.0794913545 0.456277192 -0.271756589
v 0.190865219 0.517090857 -0.133077785
v 0.190865234 0.517090857 -0.163308695
v 0.0794913545 0.456277192 -0.271756589
v 0.0794913545 0.456277192 -0.013305231
v 0.190865219 0.517090857 -0.133077785
v 0.197866008 0.517095745 -0.14819324
v 0.190865234 0.517095745 -0.163308695
v 0.190865234 0.517095745 -0.14819324
v 0.197866008 0.517095745 -0.14819324
v 0.197866008 0.517095745 -0.16330868
v 0.190865234 0.517095745 -0.163308695
v 0.204866692 0.517095745 -0.14819324
v 0.197866008 0.517095745 -0.16330868
v 0.197866008 0.517095745 -0.14819324
v 0.204866692 0.517095745 -0.14819324
v 0.204866692 0.517095745 -0.16330868
v 0.197866008 0.517095745 -0.16330868
v 0.204866692 0.517095745 -0.148292303
v 0.197865993 0.517095745 -0.133176848
v 0.204866678 0.517095745 -0.133176848
v 0.204866692 0.517095745 -0.148292303
v 0.197866008 0.517095745 -0.148292303
v 0.197865993 0.517095745 -0.133176848
v 0.197866008 0.517095745 -0.148292303
v 0.190865219 0.517095745 -0.133176848
v 0.197865993 0.517095745 -0.133176848
v 0.197866008 0.517095745 -0.148292303
v 0.190865234 0.517095745 -0.148292303
v 0.190865219 0.517095745 -0.133176848
v 0.316240668 0.456277192 -0.0133051928
v 0.204866692 0.518089592 -0.144571483
v 0.204866678 0.518089592 -0.133077785
v 0.316240668 0.456277192 -0.0133051928
v 0.316240668 0.456277192 -0.022911191
v 0.204866692 0.518089592 -0.144571483
v 0.0794913098 0.457251519 -0.013305231
v 0.200930908 0.51906395 -0.133077785
v 0.190865308 0.51906395 -0.133077785
v 0.0794913098 0.457251519 -0.013305231
v 0.0894306079 0.457251519 -0.0133052291
v 0.200930908 0.51906395 -0.133077785
v 0.0794913545 0.4569076 -0.271756589
v 0.190865323 0.518720031 -0.151820436
v 0.190865323 0.518720031 -0.163314223
v 0.0794913545 0.4569076 -0.271756589
v 0.0794913545 0.4569076 -0.262150615
v 0.190865323 0.518720031 -0.151820436
v 0.31624043 0.456277192 -0.27175656
v 0.204866692 0.518089592 -0.151820436
v 0.31624043 0.456277192 -0.262150556
v 0.31624043 0.456277192 -0.27175656
v 0.204866692 0.518089592 -0.163314134
v 0.204866692 0.518089592 -0.151820436
v 0.31624043 0.456277192 -0.27175656
v 0.194801033 0.518089592 -0.163314134
v 0.204866692 0.518089592 -0.163314134
v 0.31624043 0.456277192 -0.27175656
v 0.306301415 0.456277192 -0.27175656
v 0.194801033 0.518089592 -0.163314134
v 0.0794913545 0.4569076 -0.271756589
v 0.200930923 0.518720031 -0.163314223
v 0.089430593 0.4569076 -0.271756589
v 0.0794913545 0.4569076 -0.271756589
v 0.190865323 0.518720031 -0.163314223
v 0.200930923 0.518720031 -0.163314223
v 0.0794913098 0.457251519 -0.013305231
v 0.190865323 0.51906395 -0.144571483
v 0.0794913173 0.457251519 -0.022911286
v 0.0794913098 0.457251519 -0.013305231
v 0.190865308 0.51906395 -0.133077785
v 0.190865323 0.51906395 -0.144571483
v 0.316240668 0.456277192 -0.0133051928
v 0.194801018 0.518089592 -0.133077785
v 0.306301385 0.456277192 -0.0133051937
v 0.316240668 0.456277192 -0.0133051928
v 0.204866678 0.518089592 -0.133077785
v 0.194801018 0.518089592 -0.133077785
v 0.206108525 0.518001199 -0.163667858
v 0.198665679 0.521503329 -0.132601783
v 0.2063099 0.518072844 -0.132446647
v 0.206108525 0.518001199 -0.163667858
v 0.198481426 0.52142489 -0.163667858
v 0.198665679 0.521503329 -0.132601783
v 0.198481426 0.52142489 -0.163667858
v 0.190338925 0.517964125 -0.132601783
v 0.198665679 0.521503329 -0.132601783
v 0.198481426 0.52142489 -0.163667858
v 0.190400586 0.517990053 -0.163667858
v 0.190338925 0.517964125 -0.132601783
v 0.0794913545 0.456277192 -0.013305231
v 0.316240668 0.443490028 -0.0133051928
v 0.316240668 0.456277192 -0.0133051928
v 0.0794913545 0.456277192 -0.013305231
v 0.316240668 0.456277192 -0.0133051928
v 0.204866678 0.517090857 -0.133077785
v 0.31624043 0.456277192 -0.27175656
v 0.316240668 0.443490028 -0.0133051928
v 0.31624043 0.443490028 -0.27175656
v 0.31624043 0.456277192 -0.27175656
v 0.316240668 0.456277192 -0.0133051928
v 0.316240668 0.443490028 -0.0133051928
v 0.31624043 0.456277192 -0.27175656
v 0.204866678 0.517090857 -0.133077785
v 0.316240668 0.456277192 -0.0133051928
v 0.31624043 0.456277192 -0.27175656
v 0.204866692 0.517090857 -0.16330868
v 0.204866678 0.517090857 -0.133077785
v 0.0794913545 0.443490028 -0.271756589
v 0.0794913545 0.456277192 -0.271756589
v 0.31624043 0.456277192 -0.27175656
v 0.31624043 0.456277192 -0.27175656
v 0.31624043 0.443490028 -0.27175656
v 0.0794913545 0.443490028 -0.271756589
v 0.31624043 0.456277192 -0.27175656
v 0.190865234 0.517090857 -0.163308695
v 0.204866692 0.517090857 -0.16330868
v 0.31624043 0.456277192 -0.27175656
v 0.0794913545 0.456277192 -0.271756589
v 0.190865234 0.517090857 -0.163308695
v 0.102320693 0.300215036 -0.203198984
v 0.0899405405 0.285366684 -0.203198984
v 0.0898928121 0.290571928 -0.203198984
v 0.102320693 0.300215036 -0.203198984
v 0.102368504 0.295009524 -0.203198984
v 0.0899405405 0.285366684 -0.203198984
v 0.102320753 0.300215036 -0.146215111
v 0.089940533 0.285366684 -0.146215111
v 0.102368496 0.295009524 -0.146215111
v 0.102320753 0.300215036 -0.146215111
v 0.0898928046 0.290571928 -0.146215111
v 0.089940533 0.285366684 -0.146215111
v 0.102320753 0.300215036 -0.146215111
v 0.0898928121 0.290571928 -0.203198984
v 0.0898928046 0.290571928 -0.146215111
v 0.102320753 0.300215036 -0.146215111
v 0.102320693 0.300215036 -0.203198984
v 0.0898928121 0.290571928 -0.203198984
v 0.0898928046 0.290571928 -0.146215111
v 0.0899405405 0.285366684 -0.203198984
v 0.089940533 0.285366684 -0.146215111
v 0.0898928046 0.290571928 -0.146215111
v 0.0898928121 0.290571928 -0.203198984
v 0.0899405405 0.285366684 -0.203198984
v -0.308758795 0.166469276 -0.132022187
v -0.302145928 0.166469276 -0.132022187
v -0.308758795 0.148875967 -0.132022187
v -0.302145928 0.166469276 -0.121193171
v -0.308758795 0.166469276 -0.121193171
v -0.308758795 0.148875967 -0.121193171
v -0.308758795 0.166469276 -0.121193171
v -0.308758795 0.166469276 -0.132022187
v -0.308758795 0.148875967 -0.132022187
v -0.308758795 0.148875967 -0.132022187
v -0.302145928 0.13767457 -0.132022187
v -0.302145928 0.13767457 -0.121193171
v -0.308758795 0.166469276 -0.107678048
v -0.302145928 0.166469276 -0.107678041
v -0.308758795 0.148875967 -0.107678048
v -0.302145928 0.166469276 -0.0968490317
v -0.308758795 0.166469276 -0.0968490317
v -0.308758795 0.148875967 -0.0968490317
v -0.308758795 0.166469276 -0.0968490317
v -0.308758795 0.166469276 -0.107678048
v -0.308758795 0.148875967 -0.107678048
v -0.308758795 0.148875967 -0.107678048
v -0.302145928 0.13767457 -0.107678071
v -0.302145928 0.13767457 -0.0968490317
v -0.308758825 0.166469276 -0.083333917
v -0.302145958 0.166469276 -0.083333917
v -0.308758825 0.148875967 -0.083333917
v -0.302145958 0.166469276 -0.0725049078
v -0.308758825 0.166469276 -0.0725049078
v -0.308758825 0.148875967 -0.0725049078
v -0.308758825 0.166469276 -0.0725049078
v -0.308758825 0.166469276 -0.083333917
v -0.308758825 0.148875967 -0.083333917
v -0.308758825 0.148875967 -0.083333917
v -0.302145958 0.13767457 -0.083333917
v -0.302145958 0.13767457 -0.0725049078
v -0.308758825 0.166469276 -0.0589897744
v -0.302145958 0.166469276 -0.0589897744
v -0.308758825 0.148875967 -0.0589897744
v -0.302145958 0.166469276 -0.0481607579
v -0.308758825 0.166469276 -0.0481607616
v -0.308758825 0.148875967 -0.0481607616
v -0.308758825 0.166469276 -0.0481607616
v -0.308758825 0.166469276 -0.0589897744
v -0.308758825 0.148875967 -0.0589897744
v -0.308758825 0.148875967 -0.0589897744
v -0.302145958 0.13767457 -0.0589897744
v -0.302145958 0.13767457 -0.0481607579
v -0.308758825 0.166469276 -0.0346456505
v -0.302145958 0.166469276 -0.0346456468
v -0.308758825 0.148875967 -0.0346456505
v -0.302145958 0.166469276 -0.0238166302
v -0.308758825 0.166469276 -0.0238166321
v -0.308758825 0.148875967 -0.0238166321
v -0.308758825 0.166469276 -0.0238166321
v -0.308758825 0.166469276 -0.0346456505
v -0.308758825 0.148875967 -0.0346456505
v -0.308758825 0.148875967 -0.0346456505
v -0.302145958 0.13767457 -0.0346456468
v -0.308758825 0.148875967 -0.0238166321
v -0.308758825 0.166469276 -0.0103015183
v -0.302145958 0.166469276 -0.0103015173
v -0.308758825 0.148875967 -0.0103015183
v -0.302145958 0.166469276 0.000527498371
v -0.308758825 0.166469276 0.000527497265
v -0.308758825 0.148875967 0.000527497265
v -0.308758825 0.166469276 0.000527497265
v -0.308758825 0.166469276 -0.0103015183
v -0.308758825 0.148875967 -0.0103015183
v -0.308758825 0.148875967 -0.0103015183
v -0.302145958 0.13767457 -0.0103015173
v -0.302145958 0.13767457 0.000527498371
v -0.308758825 0.166469276 0.0140426103
v -0.302145958 0.166469276 0.0140426122
v -0.308758825 0.148875967 0.0140426103
v -0.302145958 0.166469276 0.0248716269
v -0.308758825 0.166469276 0.0248716269
v -0.308758825 0.148875967 0.0248716269
v -0.308758825 0.166469276 0.0248716269
v -0.308758825 0.166469276 0.0140426103
v -0.308758825 0.148875967 0.0140426103
v -0.308758825 0.148875967 0.0140426103
v -0.302145958 0.13767457 0.0140426122
v -0.302145958 0.13767457 0.0248716269
v -0.308758825 0.166469276 0.0383867398
v -0.302145958 0.166469276 0.0383867435
v -0.308758825 0.148875967 0.0383867398
v -0.302145958 0.166469276 0.0492157489
v -0.308758825 0.166469276 0.0492157489
v -0.308758825 0.148875967 0.0492157489
v -0.308758825 0.166469276 0.0492157489
v -0.308758825 0.166469276 0.0383867398
v -0.308758825 0.148875967 0.0383867398
v -0.308758825 0.148875967 0.0383867398
v -0.302145958 0.13767457 0.0383867435
v -0.308758825 0.148875967 0.0492157489
v -0.308758825 0.166469276 0.0627308637
v -0.302145958 0.166469276 0.0627308637
v -0.308758825 0.148875967 0.0627308637
v -0.302145958 0.166469276 0.0735598728
v -0.308758825 0.166469276 0.0735598728
v -0.308758825 0.148875967 0.0735598728
v -0.308758825 0.166469276 0.0735598728
v -0.308758825 0.166469276 0.0627308637
v -0.308758825 0.148875967 0.0627308637
v -0.308758825 0.148875967 0.0627308637
v -0.302145958 0.13767457 0.0627308637
v -0.302145958 0.13767457 0.0735598728
v -0.308758825 0.166469276 0.0870750099
v -0.302145958 0.166469276 0.0870750099
v -0.308758825 0.148875967 0.0870750099
v -0.302145988 0.166469276 0.0979040191
v -0.308758855 0.166469276 0.0979040191
v -0.308758855 0.148875967 0.0979040191
v -0.308758855 0.166469276 0.0979040191
v -0.308758825 0.166469276 0.0870750099
v -0.308758825 0.148875967 0.0870750099
v -0.308758825 0.148875967 0.0870750099
v -0.302145958 0.13767457 0.0870750099
v -0.302145988 0.13767457 0.0979040191
v -0.308758855 0.166469276 0.111419126
v -0.302145988 0.166469276 0.111419126
v -0.308758855 0.148875967 0.111419126
v -0.302145988 0.166469276 0.122248143
v -0.308758855 0.166469276 0.122248143
v -0.308758855 0.148875967 0.122248143
v -0.308758855 0.166469276 0.122248143
v -0.308758855 0.166469276 0.111419126
v -0.308758855 0.148875967 0.111419126
v -0.308758855 0.148875967 0.111419126
v -0.302145988 0.13767457 0.111419126
v -0.308758855 0.148875967 0.122248143
v -0.191851571 0.164844662 0.140908927
v -0.161904722 0.164844662 0.140908927
v -0.161904722 -0.0862109214 0.140908927
v -0.161904722 0.164844662 0.140908927
v -0.161904737 0.164844662 0.244862422
v -0.161904737 -0.0862109214 0.244862422
v 0.314085215 0.449021935 -0.0306114424
v 0.30747208 0.449021935 -0.0306114443
v 0.314085215 0.431428611 -0.0306114424
v 0.30747208 0.449021935 -0.0414404571
v 0.314085215 0.449021935 -0.0414404534
v 0.314085215 0.431428611 -0.0414404534
v 0.314085215 0.449021935 -0.0414404534
v 0.314085215 0.449021935 -0.0306114424
v 0.314085215 0.431428611 -0.0306114424
v 0.314085215 0.431428611 -0.0306114424
v 0.30747208 0.42022723 -0.0306114443
v 0.30747208 0.42022723 -0.0414404571
v 0.314084977 0.449021935 -0.0541835837
v 0.30747208 0.449021935 -0.0541835837
v 0.314084977 0.431428611 -0.0541835837
v 0.30747208 0.449021935 -0.0650125965
v 0.314084977 0.449021935 -0.0650125965
v 0.314084977 0.431428611 -0.0650125965
v 0.314084977 0.449021935 -0.0650125965
v 0.314084977 0.449021935 -0.0541835837
v 0.314084977 0.431428611 -0.0541835837
v 0.314084977 0.431428611 -0.0541835837
v 0.30747208 0.42022723 -0.0541835837
v 0.30747208 0.42022723 -0.0650125965
v 0.314084977 0.449021935 -0.0777557194
v 0.30747208 0.449021935 -0.0777557194
v 0.314084977 0.431428611 -0.0777557194
v 0.30747208 0.449021935 -0.088584736
v 0.314084977 0.449021935 -0.088584736
v 0.314084977 0.431428611 -0.088584736
v 0.314084977 0.449021935 -0.088584736
v 0.314084977 0.449021935 -0.0777557194
v 0.314084977 0.431428611 -0.0777557194
v 0.314084977 0.431428611 -0.0777557194
v 0.30747208 0.42022723 -0.0777557194
v 0.30747208 0.42022723 -0.088584736
v 0.314085007 0.449021935 -0.195616439
v 0.30747211 0.449021935 -0.195616454
v 0.314085007 0.431428611 -0.195616439
v 0.30747211 0.449021935 -0.206445485
v 0.314085007 0.449021935 -0.206445485
v 0.314085007 0.431428611 -0.206445485
v 0.314085007 0.449021935 -0.206445485
v 0.314085007 0.449021935 -0.195616439
v 0.314085007 0.431428611 -0.195616439
v 0.314085007 0.431428611 -0.195616439
v 0.30747211 0.42022723 -0.195616424
v 0.30747211 0.42022723 -0.206445485
v 0.314085007 0.449021935 -0.219188601
v 0.30747211 0.449021935 -0.219188601
v 0.314085007 0.431428611 -0.219188601
v 0.30747211 0.449021935 -0.230017588
v 0.314085007 0.449021935 -0.230017588
v 0.314085007 0.431428611 -0.230017588
v 0.314085007 0.449021935 -0.230017588
v 0.314085007 0.449021935 -0.219188601
v 0.314085007 0.431428611 -0.219188601
v 0.314085007 0.431428611 -0.219188601
v 0.30747211 0.42022723 -0.219188586
v 0.30747211 0.42022723 -0.230017588
v 0.314085007 0.449021935 -0.242760763
v 0.30747211 0.449021935 -0.242760733
v 0.314085007 0.431428611 -0.242760763
v 0.30747211 0.449021935 -0.253589779
v 0.314085007 0.449021935 -0.253589779
v 0.314085007 0.431428611 -0.253589779
v 0.314085007 0.449021935 -0.253589779
v 0.314085007 0.449021935 -0.242760763
v 0.314085007 0.431428611 -0.242760763
v 0.314085007 0.431428611 -0.242760763
v 0.30747211 0.42022723 -0.242760763
v 0.30747211 0.42022723 -0.253589779
v 0.081254974 0.449021935 -0.255296886
v 0.0878679901 0.449021935 -0.255296886
v 0.081254974 0.431428611 -0.255296886
v 0.0878679827 0.449021935 -0.244468004
v 0.0812549666 0.449021935 -0.244468004
v 0.0812549666 0.431428611 -0.244468004
v 0.0812549666 0.449021935 -0.244468004
v 0.081254974 0.449021935 -0.255296886
v 0.081254974 0.431428611 -0.255296886
v 0.081254974 0.431428611 -0.255296886
v 0.0878679901 0.42022723 -0.255296886
v 0.0878679827 0.42022723 -0.244468004
v 0.0812549666 0.449021935 -0.231724843
v 0.0878679827 0.449021935 -0.231724843
v 0.0812549666 0.431428611 -0.231724843
v 0.087868005 0.449021935 -0.220895857
v 0.0812549666 0.449021935 -0.220895827
v 0.0812549666 0.431428611 -0.220895827
v 0.0812549666 0.449021935 -0.220895827
v 0.0812549666 0.449021935 -0.231724843
v 0.0812549666 0.431428611 -0.231724843
v 0.0812549666 0.431428611 -0.231724843
v 0.087868005 0.42022723 -0.231724843
v 0.087868005 0.42022723 -0.220895857
v 0.0812549666 0.449021935 -0.208152741
v 0.087868005 0.449021935 -0.208152726
v 0.0812549666 0.431428611 -0.208152741
v 0.0878679976 0.449021935 -0.197323695
v 0.0812549591 0.449021935 -0.197323695
v 0.0812549591 0.431428611 -0.197323695
v 0.0812549591 0.449021935 -0.197323695
v 0.0812549666 0.449021935 -0.208152741
v 0.0812549666 0.431428611 -0.208152741
v 0.0812549666 0.431428611 -0.208152741
v 0.087868005 0.42022723 -0.208152726
v 0.0878679976 0.42022723 -0.197323695
v 0.0812549666 0.449021935 -0.0902919769
v 0.0878679827 0.449021935 -0.0902919769
v 0.0812549666 0.431428611 -0.0902919769
v 0.0878680125 0.449021935 -0.0794629678
v 0.0812549666 0.449021935 -0.0794629678
v 0.0812549666 0.431428611 -0.0794629678
v 0.0812549666 0.449021935 -0.0794629678
v 0.0812549666 0.449021935 -0.0902919769
v 0.0812549666 0.431428611 -0.0902919769
v 0.0812549666 0.431428611 -0.0902919769
v 0.0878680125 0.42022723 -0.0902919769
v 0.0878680125 0.42022723 -0.0794629678
v 0.0812549591 0.449021935 -0.0667198449
v 0.087868005 0.449021935 -0.0667198375
v 0.0812549591 0.431428611 -0.0667198449
v 0.087868005 0.449021935 -0.0558908321
v 0.0812549591 0.449021935 -0.0558908321
v 0.0812549591 0.431428611 -0.0558908321
v 0.0812549591 0.449021935 -0.0558908321
v 0.0812549591 0.449021935 -0.0667198449
v 0.0812549591 0.431428611 -0.0667198449
v 0.0812549591 0.431428611 -0.0667198449
v 0.087868005 0.42022723 -0.0667198375
v 0.087868005 0.42022723 -0.0558908321
v 0.0812549591 0.449021935 -0.0431477055
v 0.087868005 0.449021935 -0.0431477018
v 0.0812549591 0.431428611 -0.0431477055
v 0.087868005 0.449021935 -0.0323186629
v 0.0812549591 0.449021935 -0.0323186666
v 0.0812549591 0.431428611 -0.0323186666
v 0.0812549591 0.449021935 -0.0323186666
v 0.0812549591 0.449021935 -0.0431477055
v 0.0812549591 0.431428611 -0.0431477055
v 0.0812549591 0.431428611 -0.0431477055
v 0.087868005 0.42022723 -0.0431477018
v 0.087868005 0.42022723 -0.0323186629
v 0.298621207 0.449021935 -0.269856423
v 0.298621207 0.449021935 -0.263243258
v 0.298621207 0.431428611 -0.269856423
v 0.287792206 0.449021935 -0.263243258
v 0.287792206 0.449021935 -0.269856423
v 0.287792206 0.431428611 -0.269856423
v 0.287792206 0.449021935 -0.269856423
v 0.298621207 0.449021935 -0.269856423
v 0.298621207 0.431428611 -0.269856423
v 0.298621207 0.431428611 -0.269856423
v 0.298621207 0.42022723 -0.263243258
v 0.287792206 0.42022723 -0.263243258
v 0.275049001 0.449021935 -0.269856423
v 0.275049001 0.449021935 -0.263243258
v 0.275049001 0.431428611 -0.269856423
v 0.26421997 0.449021935 -0.263243258
v 0.26421997 0.449021935 -0.269856423
v 0.26421997 0.431428611 -0.269856423
v 0.26421997 0.449021935 -0.269856423
v 0.275049001 0.449021935 -0.269856423
v 0.275049001 0.431428611 -0.269856423
v 0.275049001 0.431428611 -0.269856423
v 0.275049001 0.42022723 -0.263243258
v 0.26421997 0.42022723 -0.263243258
v 0.251477003 0.449021935 -0.269856423
v 0.251477003 0.449021935 -0.263243258
v 0.251477003 0.431428611 -0.269856423
v 0.240647972 0.449021935 -0.263243258
v 0.240647972 0.449021935 -0.269856423
v 0.240647972 0.431428611 -0.269856423
v 0.240647972 0.449021935 -0.269856423
v 0.251477003 0.449021935 -0.269856423
v 0.251477003 0.431428611 -0.269856423
v 0.251477003 0.431428611 -0.269856423
v 0.251477003 0.42022723 -0.263243258
v 0.240647972 0.42022723 -0.263243258
v 0.157188371 0.449021935 -0.269856453
v 0.157188401 0.449021935 -0.263243288
v 0.157188371 0.431428611 -0.269856453
v 0.146359384 0.449021935 -0.263243288
v 0.146359384 0.449021935 -0.269856453
v 0.146359384 0.431428611 -0.269856453
v 0.146359384 0.449021935 -0.269856453
v 0.157188371 0.449021935 -0.269856453
v 0.157188371 0.431428611 -0.269856453
v 0.157188371 0.431428611 -0.269856453
v 0.157188401 0.42022723 -0.263243288
v 0.146359384 0.42022723 -0.263243288
v 0.133616239 0.449021935 -0.269856453
v 0.133616239 0.449021935 -0.263243288
v 0.133616239 0.431428611 -0.269856453
v 0.122787252 0.449021935 -0.263243288
v 0.122787252 0.449021935 -0.269856453
v 0.122787252 0.431428611 -0.269856453
v 0.122787252 0.449021935 -0.269856453
v 0.133616239 0.449021935 -0.269856453
v 0.133616239 0.431428611 -0.269856453
v 0.133616239 0.431428611 -0.269856453
v 0.133616254 0.42022723 -0.263243288
v 0.122787252 0.42022723 -0.263243288
v 0.110044099 0.449021935 -0.269856453
v 0.110044099 0.449021935 -0.263243288
v 0.110044099 0.431428611 -0.269856453
v 0.0992150903 0.449021935 -0.263243288
v 0.0992150903 0.449021935 -0.269856453
v 0.0992150903 0.431428611 -0.269856453
v 0.0992150903 0.449021935 -0.269856453
v 0.110044099 0.449021935 -0.269856453
v 0.110044099 0.431428611 -0.269856453
v 0.110044099 0.431428611 -0.269856453
v 0.110044129 0.42022723 -0.263243288
v 0.0992151126 0.42022723 -0.263243288
v 0.0992151126 0.449021935 -0.0150020458
v 0.0992151126 0.449021935 -0.0216150638
v 0.0992151126 0.431428611 -0.0150020458
v 0.110044152 0.449021935 -0.0216150619
v 0.110044152 0.449021935 -0.0150020439
v 0.110044152 0.431428611 -0.0150020439
v 0.110044152 0.449021935 -0.0150020439
v 0.0992151126 0.449021935 -0.0150020458
v 0.0992151126 0.431428611 -0.0150020458
v 0.0992151126 0.431428611 -0.0150020458
v 0.0992151126 0.42022723 -0.0216150638
v 0.110044152 0.42022723 -0.0216150619
v 0.122787282 0.449021935 -0.0150020421
v 0.122787282 0.449021935 -0.0216150582
v 0.122787282 0.431428611 -0.0150020421
v 0.133616298 0.449021935 -0.0216150582
v 0.133616298 0.449021935 -0.0150020402
v 0.133616298 0.431428611 -0.0150020402
v 0.133616298 0.449021935 -0.0150020402
v 0.122787282 0.449021935 -0.0150020421
v 0.122787282 0.431428611 -0.0150020421
v 0.122787282 0.431428611 -0.0150020421
v 0.122787282 0.42022723 -0.0216150582
v 0.133616298 0.42022723 -0.0216150582
v 0.146359429 0.449021935 -0.0150020383
v 0.146359429 0.449021935 -0.0216150545
v 0.146359429 0.431428611 -0.0150020383
v 0.15718843 0.449021935 -0.0216150526
v 0.15718843 0.449021935 -0.0150020365
v 0.15718843 0.431428611 -0.0150020365
v 0.15718843 0.449021935 -0.0150020365
v 0.146359429 0.449021935 -0.0150020383
v 0.146359429 0.431428611 -0.0150020383
v 0.146359429 0.431428611 -0.0150020383
v 0.146359429 0.42022723 -0.0216150545
v 0.15718843 0.42022723 -0.0216150526
v 0.240648001 0.449021935 -0.0150020486
v 0.240648001 0.449021935 -0.0216150656
v 0.240648001 0.431428611 -0.0150020486
v 0.251477003 0.449021935 -0.0216150638
v 0.251477003 0.449021935 -0.0150020467
v 0.251477003 0.431428611 -0.0150020467
v 0.251477003 0.449021935 -0.0150020467
v 0.240648001 0.449021935 -0.0150020486
v 0.240648001 0.431428611 -0.0150020486
v 0.240648001 0.431428611 -0.0150020486
v 0.240648001 0.42022723 -0.0216150656
v 0.251477003 0.42022723 -0.0216150638
v 0.264220208 0.449021935 -0.0150020448
v 0.264220208 0.449021935 -0.0216150619
v 0.264220208 0.431428611 -0.0150020448
v 0.27504921 0.449021935 -0.02161506
v 0.27504921 0.449021935 -0.015002043
v 0.27504921 0.431428611 -0.015002043
v 0.27504921 0.449021935 -0.015002043
v 0.264220208 0.449021935 -0.0150020448
v 0.264220208 0.431428611 -0.0150020448
v 0.264220208 0.431428611 -0.0150020448
v 0.264220208 0.42022723 -0.0216150619
v 0.27504921 0.42022723 -0.02161506
v 0.287792414 0.449021935 -0.0150020411
v 0.287792414 0.449021935 -0.0216150582
v 0.287792414 0.431428611 -0.0150020411
v 0.298621178 0.449021935 -0.0216150824
v 0.298621178 0.449021935 -0.0150020653
v 0.298621178 0.431428611 -0.0150020653
v 0.298621178 0.449021935 -0.0150020653
v 0.287792414 0.449021935 -0.0150020411
v 0.287792414 0.431428611 -0.0150020411
v 0.287792414 0.431428611 -0.0150020411
v 0.287792176 0.42022723 -0.0216150582
v 0.298621178 0.42022723 -0.0216150824
v 0.30747208 0.449021935 -0.0306114443
v 0.30747208 0.42022723 -0.0306114443
v 0.314085215 0.431428611 -0.0306114424
v 0.30747208 0.42022723 -0.0414404571
v 0.30747208 0.449021935 -0.0414404571
v 0.314085215 0.431428611 -0.0414404534
v 0.314085215 0.431428611 -0.0414404534
v 0.314085215 0.449021935 -0.0414404534
v 0.314085215 0.431428611 -0.0306114424
v 0.314085215 0.431428611 -0.0414404534
v 0.314085215 0.431428611 -0.0306114424
v 0.30747208 0.42022723 -0.0414404571
v 0.30747208 0.449021935 -0.0541835837
v 0.30747208 0.42022723 -0.0541835837
v 0.314084977 0.431428611 -0.0541835837
v 0.30747208 0.42022723 -0.0650125965
v 0.30747208 0.449021935 -0.0650125965
v 0.314084977 0.431428611 -0.0650125965
v 0.314084977 0.431428611 -0.0650125965
v 0.314084977 0.449021935 -0.0650125965
v 0.314084977 0.431428611 -0.0541835837
v 0.314084977 0.431428611 -0.0650125965
v 0.314084977 0.431428611 -0.0541835837
v 0.30747208 0.42022723 -0.0650125965
v 0.30747208 0.449021935 -0.0777557194
v 0.30747208 0.42022723 -0.0777557194
v 0.314084977 0.431428611 -0.0777557194
v 0.30747208 0.42022723 -0.088584736
v 0.30747208 0.449021935 -0.088584736
v 0.314084977 0.431428611 -0.088584736
v 0.314084977 0.431428611 -0.088584736
v 0.314084977 0.449021935 -0.088584736
v 0.314084977 0.431428611 -0.0777557194
v 0.314084977 0.431428611 -0.088584736
v 0.314084977 0.431428611 -0.0777557194
v 0.30747208 0.42022723 -0.088584736
v 0.30747211 0.449021935 -0.195616454
v 0.30747211 0.42022723 -0.195616424
v 0.314085007 0.431428611 -0.195616439
v 0.30747211 0.42022723 -0.206445485
v 0.30747211 0.449021935 -0.206445485
v 0.314085007 0.431428611 -0.206445485
v 0.314085007 0.431428611 -0.206445485
v 0.314085007 0.449021935 -0.206445485
v 0.314085007 0.431428611 -0.195616439
v 0.314085007 0.431428611 -0.206445485
v 0.314085007 0.431428611 -0.195616439
v 0.30747211 0.42022723 -0.206445485
v 0.30747211 0.449021935 -0.219188601
v 0.30747211 0.42022723 -0.219188586
v 0.314085007 0.431428611 -0.219188601
v 0.30747211 0.42022723 -0.230017588
v 0.30747211 0.449021935 -0.230017588
v 0.314085007 0.431428611 -0.230017588
v 0.314085007 0.431428611 -0.230017588
v 0.314085007 0.449021935 -0.230017588
v 0.314085007 0.431428611 -0.219188601
v 0.314085007 0.431428611 -0.230017588
v 0.314085007 0.431428611 -0.219188601
v 0.30747211 0.42022723 -0.230017588
v 0.30747211 0.449021935 -0.242760733
v 0.30747211 0.42022723 -0.242760763
v 0.314085007 0.431428611 -0.242760763
v 0.30747211 0.42022723 -0.253589779
v 0.30747211 0.449021935 -0.253589779
v 0.314085007 0.431428611 -0.253589779
v 0.314085007 0.431428611 -0.253589779
v 0.314085007 0.449021935 -0.253589779
v 0.314085007 0.431428611 -0.242760763
v 0.314085007 0.431428611 -0.253589779
v 0.314085007 0.431428611 -0.242760763
v 0.30747211 0.42022723 -0.253589779
v 0.0878679901 0.449021935 -0.255296886
v 0.0878679901 0.42022723 -0.255296886
v 0.081254974 0.431428611 -0.255296886
v 0.0878679827 0.42022723 -0.244468004
v 0.0878679827 0.449021935 -0.244468004
v 0.0812549666 0.431428611 -0.244468004
v 0.0812549666 0.431428611 -0.244468004
v 0.0812549666 0.449021935 -0.244468004
v 0.081254974 0.431428611 -0.255296886
v 0.0812549666 0.431428611 -0.244468004
v 0.081254974 0.431428611 -0.255296886
v 0.0878679827 0.42022723 -0.244468004
v 0.0878679827 0.449021935 -0.231724843
v 0.087868005 0.42022723 -0.231724843
v 0.0812549666 0.431428611 -0.231724843
v 0.087868005 0.42022723 -0.220895857
v 0.087868005 0.449021935 -0.220895857
v 0.0812549666 0.431428611 -0.220895827
v 0.0812549666 0.431428611 -0.220895827
v 0.0812549666 0.449021935 -0.220895827
v 0.0812549666 0.431428611 -0.231724843
v 0.0812549666 0.431428611 -0.220895827
v 0.0812549666 0.431428611 -0.231724843
v 0.087868005 0.42022723 -0.220895857
v 0.087868005 0.449021935 -0.208152726
v 0.087868005 0.42022723 -0.208152726
v 0.0812549666 0.431428611 -0.208152741
v 0.0878679976 0.42022723 -0.197323695
v 0.0878679976 0.449021935 -0.197323695
v 0.0812549591 0.431428611 -0.197323695
v 0.0812549591 0.431428611 -0.197323695
v 0.0812549591 0.449021935 -0.197323695
v 0.0812549666 0.431428611 -0.208152741
v 0.0812549591 0.431428611 -0.197323695
v 0.0812549666 0.431428611 -0.208152741
v 0.0878679976 0.42022723 -0.197323695
v 0.0878679827 0.449021935 -0.0902919769
v 0.0878680125 0.42022723 -0.0902919769
v 0.0812549666 0.431428611 -0.0902919769
v 0.0878680125 0.42022723 -0.0794629678
v 0.0878680125 0.449021935 -0.0794629678
v 0.0812549666 0.431428611 -0.0794629678
v 0.0812549666 0.431428611 -0.0794629678
v 0.0812549666 0.449021935 -0.0794629678
v 0.0812549666 0.431428611 -0.0902919769
v 0.0812549666 0.431428611 -0.0794629678
v 0.0812549666 0.431428611 -0.0902919769
v 0.0878680125 0.42022723 -0.0794629678
v 0.087868005 0.449021935 -0.0667198375
v 0.087868005 0.42022723 -0.0667198375
v 0.0812549591 0.431428611 -0.0667198449
v 0.087868005 0.42022723 -0.0558908321
v 0.087868005 0.449021935 -0.0558908321
v 0.0812549591 0.431428611 -0.0558908321
v 0.0812549591 0.431428611 -0.0558908321
v 0.0812549591 0.449021935 -0.0558908321
v 0.0812549591 0.431428611 -0.0667198449
v 0.0812549591 0.431428611 -0.0558908321
v 0.0812549591 0.431428611 -0.0667198449
v 0.087868005 0.42022723 -0.0558908321
v 0.087868005 0.449021935 -0.0431477018
v 0.087868005 0.42022723 -0.0431477018
v 0.0812549591 0.431428611 -0.0431477055
v 0.087868005 0.42022723 -0.0323186629
v 0.087868005 0.449021935 -0.0323186629
v 0.0812549591 0.431428611 -0.0323186666
v 0.0812549591 0.431428611 -0.0323186666
v 0.0812549591 0.449021935 -0.0323186666
v 0.0812549591 0.431428611 -0.0431477055
v 0.0812549591 0.431428611 -0.0323186666
v 0.0812549591 0.431428611 -0.0431477055
v 0.087868005 0.42022723 -0.0323186629
v 0.298621207 0.449021935 -0.263243258
v 0.298621207 0.42022723 -0.263243258
v 0.298621207 0.431428611 -0.269856423
v 0.287792206 0.42022723 -0.263243258
v 0.287792206 0.449021935 -0.263243258
v 0.287792206 0.431428611 -0.269856423
v 0.287792206 0.431428611 -0.269856423
v 0.287792206 0.449021935 -0.269856423
v 0.298621207 0.431428611 -0.269856423
v 0.287792206 0.431428611 -0.269856423
v 0.298621207 0.431428611 -0.269856423
v 0.287792206 0.42022723 -0.263243258
v 0.275049001 0.449021935 -0.263243258
v 0.275049001 0.42022723 -0.263243258
v 0.275049001 0.431428611 -0.269856423
v 0.26421997 0.42022723 -0.263243258
v 0.26421997 0.449021935 -0.263243258
v 0.26421997 0.431428611 -0.269856423
v 0.26421997 0.431428611 -0.269856423
v 0.26421997 0.449021935 -0.269856423
v 0.275049001 0.431428611 -0.269856423
v 0.26421997 0.431428611 -0.269856423
v 0.275049001 0.431428611 -0.269856423
v 0.26421997 0.42022723 -0.263243258
v 0.251477003 0.449021935 -0.263243258
v 0.251477003 0.42022723 -0.263243258
v 0.251477003 0.431428611 -0.269856423
v 0.240647972 0.42022723 -0.263243258
v 0.240647972 0.449021935 -0.263243258
v 0.240647972 0.431428611 -0.269856423
v 0.240647972 0.431428611 -0.269856423
v 0.240647972 0.449021935 -0.269856423
v 0.251477003 0.431428611 -0.269856423
v 0.240647972 0.431428611 -0.269856423
v 0.251477003 0.431428611 -0.269856423
v 0.240647972 0.42022723 -0.263243258
v 0.157188401 0.449021935 -0.263243288
v 0.157188401 0.42022723 -0.263243288
v 0.157188371 0.431428611 -0.269856453
v 0.146359384 0.42022723 -0.263243288
v 0.146359384 0.449021935 -0.263243288
v 0.146359384 0.431428611 -0.269856453
v 0.146359384 0.431428611 -0.269856453
v 0.146359384 0.449021935 -0.269856453
v 0.157188371 0.431428611 -0.269856453
v 0.146359384 0.431428611 -0.269856453
v 0.157188371 0.431428611 -0.269856453
v 0.146359384 0.42022723 -0.263243288
v 0.133616239 0.449021935 -0.263243288
v 0.133616254 0.42022723 -0.263243288
v 0.133616239 0.431428611 -0.269856453
v 0.122787252 0.42022723 -0.263243288
v 0.122787252 0.449021935 -0.263243288
v 0.122787252 0.431428611 -0.269856453
v 0.122787252 0.431428611 -0.269856453
v 0.122787252 0.449021935 -0.269856453
v 0.133616239 0.431428611 -0.269856453
v 0.122787252 0.431428611 -0.269856453
v 0.133616239 0.431428611 -0.269856453
v 0.122787252 0.42022723 -0.263243288
v 0.110044099 0.449021935 -0.263243288
v 0.110044129 0.42022723 -0.263243288
v 0.110044099 0.431428611 -0.269856453
v 0.0992151126 0.42022723 -0.263243288
v 0.0992150903 0.449021935 -0.263243288
v 0.0992150903 0.431428611 -0.269856453
v 0.0992150903 0.431428611 -0.269856453
v 0.0992150903 0.449021935 -0.269856453
v 0.110044099 0.431428611 -0.269856453
v 0.0992150903 0.431428611 -0.269856453
v 0.110044099 0.431428611 -0.269856453
v 0.0992151126 0.42022723 -0.263243288
v 0.0992151126 0.449021935 -0.0216150638
v 0.0992151126 0.42022723 -0.0216150638
v 0.0992151126 0.431428611 -0.0150020458
v 0.110044152 0.42022723 -0.0216150619
v 0.110044152 0.449021935 -0.0216150619
v 0.110044152 0.431428611 -0.0150020439
v 0.110044152 0.431428611 -0.0150020439
v 0.110044152 0.449021935 -0.0150020439
v 0.0992151126 0.431428611 -0.0150020458
v 0.110044152 0.431428611 -0.0150020439
v 0.0992151126 0.431428611 -0.0150020458
v 0.110044152 0.42022723 -0.0216150619
v 0.122787282 0.449021935 -0.0216150582
v 0.122787282 0.42022723 -0.0216150582
v 0.122787282 0.431428611 -0.0150020421
v 0.133616298 0.42022723 -0.0216150582
v 0.133616298 0.449021935 -0.0216150582
v 0.133616298 0.431428611 -0.0150020402
v 0.133616298 0.431428611 -0.0150020402
v 0.133616298 0.449021935 -0.0150020402
v 0.122787282 0.431428611 -0.0150020421
v 0.133616298 0.431428611 -0.0150020402
v 0.122787282 0.431428611 -0.0150020421
v 0.133616298 0.42022723 -0.0216150582
v 0.146359429 0.449021935 -0.0216150545
v 0.146359429 0.42022723 -0.0216150545
v 0.146359429 0.431428611 -0.0150020383
v 0.15718843 0.42022723 -0.0216150526
v 0.15718843 0.449021935 -0.0216150526
v 0.15718843 0.431428611 -0.0150020365
v 0.15718843 0.431428611 -0.0150020365
v 0.15718843 0.449021935 -0.0150020365
v 0.146359429 0.431428611 -0.0150020383
v 0.15718843 0.431428611 -0.0150020365
v 0.146359429 0.431428611 -0.0150020383
v 0.15718843 0.42022723 -0.0216150526
v 0.240648001 0.449021935 -0.0216150656
v 0.240648001 0.42022723 -0.0216150656
v 0.240648001 0.431428611 -0.0150020486
v 0.251477003 0.42022723 -0.0216150638
v 0.251477003 0.449021935 -0.0216150638
v 0.251477003 0.431428611 -0.0150020467
v 0.251477003 0.431428611 -0.0150020467
v 0.251477003 0.449021935 -0.0150020467
v 0.240648001 0.431428611 -0.0150020486
v 0.251477003 0.431428611 -0.0150020467
v 0.240648001 0.431428611 -0.0150020486
v 0.251477003 0.42022723 -0.0216150638
v 0.264220208 0.449021935 -0.0216150619
v 0.264220208 0.42022723 -0.0216150619
v 0.264220208 0.431428611 -0.0150020448
v 0.27504921 0.42022723 -0.02161506
v 0.27504921 0.449021935 -0.02161506
v 0.27504921 0.431428611 -0.015002043
v 0.27504921 0.431428611 -0.015002043
v 0.27504921 0.449021935 -0.015002043
v 0.264220208 0.431428611 -0.0150020448
v 0.27504921 0.431428611 -0.015002043
v 0.264220208 0.431428611 -0.0150020448
v 0.27504921 0.42022723 -0.02161506
v 0.287792414 0.449021935 -0.0216150582
v 0.287792176 0.42022723 -0.0216150582
v 0.287792414 0.431428611 -0.0150020411
v 0.298621178 0.42022723 -0.0216150824
v 0.298621178 0.449021935 -0.0216150824
v 0.298621178 0.431428611 -0.0150020653
v 0.298621178 0.431428611 -0.0150020653
v 0.298621178 0.449021935 -0.0150020653
v 0.287792414 0.431428611 -0.0150020411
v 0.298621178 0.431428611 -0.0150020653
v 0.287792414 0.431428611 -0.0150020411
v 0.298621178 0.42022723 -0.0216150824
v 0.271977633 0.44678244 -0.252389163
v 0.220403567 0.405397445 -0.252389193
v 0.12751478 0.44678244 -0.252389163
v 0.12751478 -0.0980795026 -0.252389163
v 0.12751478 0.0835411251 -0.252389163
v 0.271977633 0.0835411251 -0.252389163
v 0.12751478 0.0835411251 -0.252389163
v 0.12751478 0.265161753 -0.252389163
v 0.271977633 0.265161753 -0.252389193
v 0.176202133 0.405397445 -0.252389222
v 0.176202133 0.405397445 -0.247055426
v 0.176202133 0.33398661 -0.247055411
v 0.12751478 0.265161753 -0.252389163
v 0.176202133 0.33398661 -0.252389163
v 0.220403567 0.33398661 -0.252389193
v 0.271977633 0.265161753 -0.252389193
v 0.220403567 0.33398661 -0.252389193
v 0.271977633 0.44678244 -0.252389163
v 0.12751478 0.44678244 -0.252389163
v 0.176202133 0.405397445 -0.252389222
v 0.176202133 0.33398661 -0.252389163
v 0.176202133 0.33398661 -0.247055411
v 0.176202133 0.405397445 -0.247055426
v 0.220403567 0.405397445 -0.247055426
v 0.176202133 0.33398661 -0.252389163
v 0.176202133 0.33398661 -0.247055411
v 0.220403567 0.33398661 -0.247055426
v 0.220403567 0.405397445 -0.252389193
v 0.220403567 0.405397445 -0.247055426
v 0.176202133 0.405397445 -0.247055426
v 0.220403567 0.33398661 -0.252389193
v 0.220403567 0.33398661 -0.247055426
v 0.220403567 0.405397445 -0.247055426
v 0.12751478 0.44678244 -0.0333467275
v 0.179088995 0.405397445 -0.0333467424
v 0.271977872 0.44678244 -0.0333467275
v 0.271977872 -0.0980795026 -0.0333467498
v 0.271977872 0.0835411251 -0.0333467498
v 0.12751478 0.0835411251 -0.0333467498
v 0.271977872 0.0835411251 -0.0333467498
v 0.271977872 0.265161753 -0.0333467275
v 0.12751478 0.265161753 -0.0333467275
v 0.223290458 0.405397445 -0.0333467349
v 0.223290458 0.405397445 -0.0386805311
v 0.223290458 0.33398661 -0.0386805311
v 0.271977872 0.265161753 -0.0333467275
v 0.223290458 0.33398661 -0.0333467349
v 0.179088995 0.33398661 -0.0333467163
v 0.12751478 0.265161753 -0.0333467275
v 0.179088995 0.33398661 -0.0333467163
v 0.12751478 0.44678244 -0.0333467275
v 0.271977872 0.44678244 -0.0333467275
v 0.223290458 0.405397445 -0.0333467349
v 0.223290458 0.33398661 -0.0333467349
v 0.223290458 0.33398661 -0.0386805311
v 0.223290458 0.405397445 -0.0386805311
v 0.179088995 0.405397445 -0.0386805385
v 0.223290458 0.33398661 -0.0333467349
v 0.223290458 0.33398661 -0.0386805311
v 0.179088995 0.33398661 -0.0386805125
v 0.179088995 0.405397445 -0.0333467424
v 0.179088995 0.405397445 -0.0386805385
v 0.223290458 0.405397445 -0.0386805311
v 0.179088995 0.33398661 -0.0333467163
v 0.179088995 0.33398661 -0.0386805125
v 0.179088995 0.405397445 -0.0386805385
v 0.295559466 0.44678244 -0.0699727088
v 0.295559496 0.405397445 -0.121546932
v 0.295559496 0.44678244 -0.214435726
v 0.295559496 -0.0980795249 -0.214435741
v 0.295559496 0.0835411251 -0.214435726
v 0.295559466 0.0835411251 -0.0699727088
v 0.295559496 0.0835411251 -0.214435726
v 0.295559496 0.265161753 -0.214435726
v 0.295559466 0.265161753 -0.0699727088
v 0.295559496 0.405397445 -0.165748358
v 0.290225774 0.405397445 -0.165748358
v 0.290225774 0.33398661 -0.165748358
v 0.295559496 0.265161753 -0.214435726
v 0.295559496 0.33398661 -0.165748358
v 0.295559496 0.33398661 -0.121546932
v 0.295559466 0.265161753 -0.0699727088
v 0.295559496 0.33398661 -0.121546932
v 0.295559466 0.44678244 -0.0699727088
v 0.295559496 0.44678244 -0.214435726
v 0.295559496 0.405397445 -0.165748358
v 0.295559496 0.33398661 -0.165748358
v 0.290225774 0.33398661 -0.165748358
v 0.290225774 0.405397445 -0.165748358
v 0.290225774 0.405397445 -0.121546932
v 0.295559496 0.33398661 -0.165748358
v 0.290225774 0.33398661 -0.165748358
v 0.290225774 0.33398661 -0.121546932
v 0.295559496 0.405397445 -0.121546932
v 0.290225774 0.405397445 -0.121546932
v 0.290225774 0.405397445 -0.165748358
v 0.295559496 0.33398661 -0.121546932
v 0.290225774 0.33398661 -0.121546932
v 0.290225774 0.405397445 -0.121546932
v 0.100172356 -0.0980795026 -0.0699727163
v 0.100172378 0.0835411251 -0.0699727163
v 0.100172348 0.0835411251 -0.214435756
v 0.100172378 0.0835411251 -0.0699727163
v 0.100172356 0.265161753 -0.0699727163
v 0.100172326 0.265161753 -0.214435726
v 0.100172378 0.265161753 -0.0699727163
v 0.100172356 0.44678244 -0.0699727163
v 0.100172326 0.44678244 -0.214435726
v 0.0956168175 0.0440251306 0.0427717343
v 0.0956168249 0.0440251306 -0.0214342158
v 0.0956168249 -0.0980795026 -0.0214342158
v 0.294372529 0.0440251306 -0.0214342158
v 0.294372767 0.0440251306 0.137650847
v 0.294372767 -0.0980795026 0.137650847
v 0.250097066 0.0440251306 0.137650847
v 0.197259232 0.0440251306 0.137650803
v 0.197259232 -0.0980795026 0.137650803
v 0.115986824 0.346191049 -0.0333467014
v 0.115986794 0.346191049 0.137650803
v 0.130708158 0.346191049 0.122880697
v 0.274546802 0.202593356 0.137650847
v 0.274546564 0.202593356 -0.0333467275
v 0.274546564 0.346191049 -0.0333467275
v 0.294372767 0.0440251306 0.137650847
v 0.250097066 0.0440251306 0.137650847
v 0.250097066 -0.0980795026 0.137650847
v 0.115986824 0.202593356 -0.0333467014
v 0.115986794 0.202593356 0.137650803
v 0.115986794 0.346191049 0.137650803
v 0.130708158 0.346191049 0.122880697
v 0.259825468 0.346191049 0.12288072
v 0.259825468 0.299635142 0.12288072
v 0.274546802 0.346191049 0.137650847
v 0.274546564 0.346191049 -0.0333467275
v 0.259825468 0.346191049 0.12288072
v 0.115986794 0.346191049 0.137650803
v 0.274546802 0.346191049 0.137650847
v 0.259825468 0.346191049 0.12288072
v 0.259825468 0.299635142 0.12288072
v 0.25982523 0.299635142 -0.0333467051
v 0.130708158 0.299635142 0.122880697
v 0.130708173 0.346191049 -0.0333467238
v 0.130708158 0.346191049 0.122880697
v 0.130708158 0.299635142 0.122880697
v 0.259825468 0.346191049 0.12288072
v 0.25982523 0.346191049 -0.0333467051
v 0.25982523 0.299635142 -0.0333467051
v 0.197259232 0.0440251306 0.137650803
v 0.0956168026 0.0440251306 0.137650818
v 0.0956168026 -0.0980795026 0.137650818
v 0.250097066 0.288441867 0.137650847
v 0.274546802 0.288441867 0.137650847
v 0.274546802 0.346191049 0.137650847
v 0.115986794 0.288441867 0.137650803
v 0.197259232 0.288441867 0.137650803
v 0.197259232 0.346191049 0.137650803
v 0.197259232 0.288441867 0.137650803
v 0.250097066 0.288441867 0.137650847
v 0.250097066 0.346191049 0.137650847
v 0.250097066 0.186129764 0.137650847
v 0.274546802 0.202593356 0.137650847
v 0.250097066 0.288441867 0.137650847
v 0.250097066 0.186129764 0.137650847
v 0.250097066 0.288441867 0.137650847
v 0.250097066 0.288441867 0.129342198
v 0.250097066 0.288441867 0.137650847
v 0.197259232 0.288441867 0.137650803
v 0.197259247 0.288441867 0.129342154
v 0.0956168026 0.0440251306 0.137650818
v 0.09561681 0.0440251306 0.101408876
v 0.09561681 -0.0980795026 0.101408876
v 0.0956168175 0.0440251306 0.0427717343
v 0.0956168175 -0.0980795026 0.0427717343
v 0.101333871 -0.0980795026 0.0427717343
v 0.0956168175 0.186129764 0.0427717343
v 0.0956168249 0.186129764 -0.0214342158
v 0.0956168249 0.135415852 -0.0214342158
v 0.0956168026 0.186129764 0.137650818
v 0.09561681 0.186129764 0.101408876
v 0.09561681 0.135415852 0.101408876
v 0.09561681 0.186129764 0.101408876
v 0.0956168175 0.186129764 0.0427717343
v 0.0956168175 0.135415852 0.0427717343
v 0.101333864 0.0440251306 0.101408884
v 0.101333871 0.0440251306 0.0427717343
v 0.101333871 -0.0980795026 0.0427717343
v 0.09561681 0.135415852 0.101408876
v 0.0956168175 0.135415852 0.0427717343
v 0.101333871 0.135415852 0.0427717343
v 0.09561681 0.0440251306 0.101408876
v 0.09561681 0.135415852 0.101408876
v 0.101333864 0.135415852 0.101408884
v 0.294372529 0.186129764 -0.0214342158
v 0.294372767 0.186129764 0.137650847
v 0.294372767 0.0440251306 0.137650847
v 0.197259232 0.186129764 0.137650803
v 0.0956168026 0.186129764 0.137650818
v 0.0956168026 0.0440251306 0.137650818
v 0.0956168026 0.186129764 0.137650818
v 0.197259232 0.186129764 0.137650803
v 0.115986794 0.202593356 0.137650803
v 0.250097066 0.186129764 0.137650847
v 0.294372767 0.186129764 0.137650847
v 0.274546802 0.202593356 0.137650847
v 0.197259232 0.186129764 0.137650803
v 0.250097066 0.186129764 0.137650847
v 0.250097066 0.186129764 0.129342198
v 0.250097066 0.186129764 0.137650847
v 0.197259232 0.186129764 0.137650803
v 0.197259232 0.0440251306 0.137650803
v 0.115986794 0.202593356 0.137650803
v 0.197259232 0.186129764 0.137650803
v 0.197259232 0.288441867 0.137650803
v 0.197259232 0.288441867 0.137650803
v 0.197259232 0.186129764 0.137650803
v 0.197259247 0.186129764 0.129342154
v 0.294372767 0.186129764 0.137650847
v 0.250097066 0.186129764 0.137650847
v 0.250097066 0.0440251306 0.137650847
v 0.0956168175 0.135415852 0.0427717343
v 0.0956168249 0.135415852 -0.0214342158
v 0.0956168249 0.0440251306 -0.0214342158
v 0.0956168026 0.135415852 0.137650818
v 0.09561681 0.135415852 0.101408876
v 0.09561681 0.0440251306 0.101408876
v 0.0956168175 0.135415852 0.0427717343
v 0.0956168175 0.0440251306 0.0427717343
v 0.101333871 0.0440251306 0.0427717343
v 0.101333864 0.135415852 0.101408884
v 0.101333871 0.135415852 0.0427717343
v 0.101333871 0.0440251306 0.0427717343
v 0.09561681 -0.0980795026 0.101408876
v 0.09561681 0.0440251306 0.101408876
v 0.101333864 0.0440251306 0.101408884
v 0.30747211 0.433030605 -0.167676166
v 0.30747211 0.437684625 -0.155103624
v 0.295559496 0.437684625 -0.155103624
v 0.30747211 0.32180959 -0.0961632282
v 0.295559496 0.32180959 -0.0961632282
v 0.295559466 0.32180959 -0.08154881
v 0.30747211 0.107039146 -0.188898832
v 0.30747211 0.32180959 -0.188898832
v 0.295559496 0.32180959 -0.188898832
v 0.30747211 0.411393613 -0.0922407359
v 0.295559496 0.411393613 -0.0922407359
v 0.295559496 0.424888372 -0.104813308
v 0.30747211 0.433030605 -0.167676166
v 0.295559496 0.433030605 -0.167676181
v 0.295559496 0.424888372 -0.180248752
v 0.30747211 0.32180959 -0.188898832
v 0.30747211 0.32180959 -0.203513101
v 0.295559496 0.32180959 -0.203513116
v 0.30747211 0.411393613 -0.0922407359
v 0.30747208 0.394567609 -0.0841501728
v 0.295559466 0.394567609 -0.0841501728
v 0.30747211 0.439260691 -0.142530978
v 0.30747211 0.437684625 -0.129958495
v 0.295559496 0.437684625 -0.129958495
v 0.30747208 0.379650205 -0.08154881
v 0.30747208 0.32180959 -0.08154881
v 0.295559466 0.32180959 -0.08154881
v 0.30747211 0.411393613 -0.192821264
v 0.30747211 0.424888372 -0.180248752
v 0.295559496 0.424888372 -0.180248752
v 0.30747211 0.439260691 -0.142530978
v 0.295559496 0.439260691 -0.142530978
v 0.295559496 0.437684625 -0.155103624
v 0.30747208 0.379650205 -0.08154881
v 0.295559466 0.379650205 -0.08154881
v 0.295559466 0.394567609 -0.0841501728
v 0.30747211 0.411393613 -0.192821264
v 0.295559496 0.411393613 -0.192821264
v 0.295559496 0.394567609 -0.20091176
v 0.30747211 0.433030605 -0.117385842
v 0.295559496 0.433030605 -0.117385842
v 0.295559496 0.437684625 -0.129958495
v 0.30747211 0.379650205 -0.203513101
v 0.295559496 0.379650205 -0.203513116
v 0.295559496 0.32180959 -0.203513116
v 0.30747211 0.107039146 -0.0961632282
v 0.295559496 0.107039146 -0.0961632282
v 0.295559496 0.32180959 -0.0961632282
v 0.30747211 0.433030605 -0.117385842
v 0.30747211 0.424888372 -0.104813308
v 0.295559496 0.424888372 -0.104813308
v 0.30747211 0.379650205 -0.203513101
v 0.30747211 0.394567609 -0.20091176
v 0.295559496 0.394567609 -0.20091176
v 0.244670615 0.107039146 -0.264301687
v 0.244670615 0.032716237 -0.264301687
v 0.244670615 0.032716237 -0.252389163
v 0.210875377 0.437684625 -0.264301687
v 0.210875377 0.437684625 -0.252389163
v 0.198302805 0.439260691 -0.252389163
v 0.160585046 0.424888372 -0.264301687
v 0.160585046 0.424888372 -0.252389163
v 0.148012549 0.411393613 -0.252389163
v 0.137320712 0.32180959 -0.264301687
v 0.137320712 0.32180959 -0.252389163
v 0.151934892 0.32180959 -0.252389163
v 0.185730129 0.437684625 -0.264301687
v 0.185730129 0.437684625 -0.252389163
v 0.173157632 0.433030605 -0.252389163
v 0.139921993 0.394567609 -0.264301687
v 0.139921993 0.394567609 -0.252389163
v 0.137320712 0.379650205 -0.252389163
v 0.137320712 0.32180959 -0.264301687
v 0.137320712 0.379650205 -0.264301687
v 0.137320712 0.379650205 -0.252389163
v 0.185730129 0.437684625 -0.264301687
v 0.198302805 0.439260691 -0.264301687
v 0.198302805 0.439260691 -0.252389163
v 0.139921993 0.394567609 -0.264301687
v 0.148012549 0.411393613 -0.264301687
v 0.148012549 0.411393613 -0.252389163
v 0.259285003 0.32180959 -0.264301687
v 0.244670674 0.32180959 -0.264301687
v 0.244670674 0.32180959 -0.252389163
v 0.23602052 0.424888372 -0.264301687
v 0.23602052 0.424888372 -0.252389163
v 0.223447964 0.433030605 -0.252389163
v 0.256683528 0.394567609 -0.264301687
v 0.259285003 0.379650205 -0.264301687
v 0.259285003 0.379650205 -0.252389163
v 0.259285003 0.32180959 -0.264301687
v 0.259285003 0.32180959 -0.252389163
v 0.259285003 0.379650205 -0.252389163
v 0.23602052 0.424888372 -0.264301687
v 0.248593003 0.411393613 -0.264301687
v 0.248593003 0.411393613 -0.252389163
v 0.256683528 0.394567609 -0.264301687
v 0.256683528 0.394567609 -0.252389163
v 0.248593003 0.411393613 -0.252389163
v 0.151934892 0.107039146 -0.264301687
v 0.151934892 0.107039146 -0.252389163
v 0.151934892 0.032716237 -0.252389163
v 0.210875377 0.437684625 -0.264301687
v 0.223447964 0.433030605 -0.264301687
v 0.223447964 0.433030605 -0.252389163
v 0.160585046 0.424888372 -0.264301687
v 0.173157632 0.433030605 -0.264301687
v 0.173157632 0.433030605 -0.252389163
v 0.244670615 0.107039146 -0.264301687
v 0.244670674 0.32180959 -0.264301687
v 0.30747211 0.278155118 -0.264301658
v 0.198302805 0.439260691 -0.264301687
v 0.198302761 0.44678244 -0.264301687
v 0.30747211 0.44678244 -0.264301658
v 0.148012549 0.411393613 -0.264301687
v 0.088259764 0.44678244 -0.264301717
v 0.088259764 0.44678244 -0.264301717
v 0.151934892 0.32180959 -0.264301687
v 0.088259764 0.278155118 -0.264301717
v 0.137320712 0.32180959 -0.264301687
v 0.173157632 0.433030605 -0.264301687
v 0.088259764 0.44678244 -0.264301717
v 0.088259764 0.44678244 -0.264301717
v 0.137320712 0.379650205 -0.264301687
v 0.088259764 0.379650205 -0.264301717
v 0.139921993 0.394567609 -0.264301687
v 0.137320712 0.379650205 -0.264301687
v 0.137320712 0.32180959 -0.264301687
v 0.088259764 0.32180959 -0.264301717
v 0.198302805 0.439260691 -0.264301687
v 0.185730129 0.437684625 -0.264301687
v 0.088259764 0.44678244 -0.264301717
v 0.148012549 0.411393613 -0.264301687
v 0.139921993 0.394567609 -0.264301687
v 0.088259764 0.44678244 -0.264301717
v 0.244670674 0.32180959 -0.264301687
v 0.259285003 0.32180959 -0.264301687
v 0.30747211 0.278155118 -0.264301658
v 0.223447964 0.433030605 -0.264301687
v 0.30747211 0.44678244 -0.264301658
v 0.30747211 0.44678244 -0.264301658
v 0.259285003 0.379650205 -0.264301687
v 0.256683528 0.394567609 -0.264301687
v 0.30747211 0.379650205 -0.264301658
v 0.259285003 0.379650205 -0.264301687
v 0.30747211 0.379650205 -0.264301658
v 0.30747211 0.32180959 -0.264301658
v 0.248593003 0.411393613 -0.264301687
v 0.23602052 0.424888372 -0.264301687
v 0.30747211 0.44678244 -0.264301658
v 0.248593003 0.411393613 -0.264301687
v 0.30747211 0.44678244 -0.264301658
v 0.30747211 0.44678244 -0.264301658
v 0.151934892 0.107039146 -0.264301687
v 0.088259764 0.107039146 -0.264301717
v 0.088259764 0.278155118 -0.264301717
v 0.223447964 0.433030605 -0.264301687
v 0.210875377 0.437684625 -0.264301687
v 0.30747211 0.44678244 -0.264301658
v 0.173157632 0.433030605 -0.264301687
v 0.160585046 0.424888372 -0.264301687
v 0.088259764 0.44678244 -0.264301717
v 0.30747211 0.437684625 -0.155103624
v 0.30747211 0.433030605 -0.167676166
v 0.30747211 0.44678244 -0.264301658
v 0.30747208 0.32180959 -0.08154881
v 0.30747208 0.32180959 -0.021434214
v 0.30747208 0.278155118 -0.021434214
v 0.30747211 0.107039146 -0.188898832
v 0.30747211 0.032716237 -0.188898832
v 0.30747211 0.032716237 -0.264301658
v 0.30747211 0.424888372 -0.104813308
v 0.30747208 0.44678244 -0.021434214
v 0.30747208 0.44678244 -0.021434214
v 0.30747211 0.424888372 -0.180248752
v 0.30747211 0.44678244 -0.264301658
v 0.30747211 0.44678244 -0.264301658
v 0.30747211 0.32180959 -0.203513101
v 0.30747211 0.32180959 -0.188898832
v 0.30747211 0.278155118 -0.264301658
v 0.30747208 0.394567609 -0.0841501728
v 0.30747211 0.411393613 -0.0922407359
v 0.30747208 0.44678244 -0.021434214
v 0.30747211 0.437684625 -0.129958495
v 0.30747211 0.439260691 -0.142530978
v 0.30747208 0.44678244 -0.021434214
v 0.30747208 0.32180959 -0.08154881
v 0.30747208 0.379650205 -0.08154881
v 0.30747208 0.379650205 -0.021434214
v 0.30747211 0.424888372 -0.180248752
v 0.30747211 0.411393613 -0.192821264
v 0.30747211 0.44678244 -0.264301658
v 0.30747211 0.437684625 -0.155103624
v 0.30747211 0.44678244 -0.264301658
v 0.30747211 0.439260691 -0.142530978
v 0.30747208 0.394567609 -0.0841501728
v 0.30747208 0.44678244 -0.021434214
v 0.30747208 0.379650205 -0.021434214
v 0.30747211 0.394567609 -0.20091176
v 0.30747211 0.44678244 -0.264301658
v 0.30747211 0.44678244 -0.264301658
v 0.30747211 0.437684625 -0.129958495
v 0.30747208 0.44678244 -0.021434214
v 0.30747208 0.44678244 -0.021434214
v 0.30747211 0.32180959 -0.203513101
v 0.30747211 0.32180959 -0.264301658
v 0.30747211 0.379650205 -0.264301658
v 0.30747211 0.107039146 -0.0961632282
v 0.30747208 0.107039146 -0.021434214
v 0.30747208 0.0327162147 -0.021434214
v 0.30747211 0.424888372 -0.104813308
v 0.30747211 0.433030605 -0.117385842
v 0.30747208 0.44678244 -0.021434214
v 0.30747211 0.394567609 -0.20091176
v 0.30747211 0.379650205 -0.203513101
v 0.30747211 0.379650205 -0.264301658
v 0.244670674 0.32180959 -0.264301687
v 0.244670615 0.107039146 -0.264301687
v 0.244670615 0.107039146 -0.252389163
v 0.2446706 -0.0980794728 -0.264301687
v 0.244670615 0.032716237 -0.264301687
v 0.30747211 0.032716237 -0.264301658
v 0.151934892 0.32180959 -0.264301687
v 0.151934892 0.32180959 -0.252389163
v 0.151934892 0.107039146 -0.252389163
v 0.151934892 -0.0980794728 -0.264301687
v 0.088259764 -0.0980795026 -0.264301717
v 0.088259764 0.032716237 -0.264301717
v 0.30747211 -0.0980794728 -0.0961632282
v 0.295559496 -0.0980794728 -0.0961632282
v 0.295559496 0.0327162147 -0.0961632282
v 0.30747211 0.32180959 -0.0961632282
v 0.30747208 0.278155118 -0.021434214
v 0.30747211 0.107039146 -0.0961632282
v 0.30747211 0.32180959 -0.188898832
v 0.30747211 0.107039146 -0.188898832
v 0.30747211 0.278155118 -0.264301658
v 0.30747211 0.032716237 -0.188898832
v 0.30747211 0.107039146 -0.188898832
v 0.295559496 0.107039146 -0.188898832
v 0.151934892 0.032716237 -0.264301687
v 0.151934892 0.032716237 -0.252389163
v 0.151934892 -0.0980794728 -0.252389163
v 0.30747211 0.0327162147 -0.0961632282
v 0.295559496 0.0327162147 -0.0961632282
v 0.295559496 0.107039146 -0.0961632282
v 0.244670615 0.032716237 -0.264301687
v 0.2446706 -0.0980794728 -0.264301687
v 0.2446706 -0.0980794728 -0.252389163
v 0.30747211 0.0327162147 -0.0961632282
v 0.30747208 0.0327162147 -0.021434214
v 0.30747208 -0.0980795026 -0.021434214
v 0.244670615 0.032716237 -0.264301687
v 0.244670615 0.107039146 -0.264301687
v 0.30747211 0.107039146 -0.264301658
v 0.151934892 0.032716237 -0.264301687
v 0.088259764 0.032716237 -0.264301717
v 0.088259764 0.107039146 -0.264301717
v 0.30747211 -0.0980794728 -0.188898832
v 0.30747211 0.032716237 -0.188898832
v 0.295559496 0.032716237 -0.188898832
v 0.30747211 0.032716237 -0.188898832
v 0.30747211 -0.0980794728 -0.188898832
v 0.30747211 -0.0980795026 -0.264301658
v 0.0882597417 0.433030605 -0.11805971
v 0.0882597417 0.437684625 -0.130632266
v 0.100172311 0.437684625 -0.130632252
v 0.0882597491 0.32180959 -0.20418711
v 0.100172319 0.32180959 -0.20418711
v 0.100172319 0.32180959 -0.204187125
v 0.0882597342 0.107039146 -0.0822228044
v 0.0882597342 0.32180959 -0.0822228044
v 0.100172304 0.32180959 -0.0822228044
v 0.0882597491 0.411393613 -0.193495154
v 0.100172319 0.411393613 -0.193495154
v 0.100172319 0.424888372 -0.180922613
v 0.0882597417 0.433030605 -0.11805971
v 0.100172311 0.433030605 -0.11805971
v 0.100172304 0.424888372 -0.105487145
v 0.0882597342 0.32180959 -0.0822228044
v 0.0882597342 0.32180959 -0.0822228044
v 0.100172304 0.32180959 -0.0822228044
v 0.0882597491 0.411393613 -0.193495154
v 0.0882597491 0.394567609 -0.20158574
v 0.100172319 0.394567609 -0.20158574
v 0.0882597417 0.439260691 -0.143204913
v 0.0882597417 0.437684625 -0.155777395
v 0.100172311 0.437684625 -0.155777395
v 0.0882597491 0.379650205 -0.204187125
v 0.0882597491 0.32180959 -0.204187125
v 0.100172319 0.32180959 -0.204187125
v 0.0882597342 0.411393613 -0.0929146558
v 0.0882597342 0.424888372 -0.105487153
v 0.100172304 0.424888372 -0.105487145
v 0.0882597417 0.439260691 -0.143204913
v 0.100172311 0.439260691 -0.143204898
v 0.100172311 0.437684625 -0.130632252
v 0.0882597491 0.379650205 -0.204187125
v 0.100172319 0.379650205 -0.204187125
v 0.100172319 0.394567609 -0.20158574
v 0.0882597342 0.411393613 -0.0929146558
v 0.100172304 0.411393613 -0.0929146558
v 0.100172304 0.394567609 -0.0848241225
v 0.0882597491 0.433030605 -0.168350041
v 0.100172319 0.433030605 -0.168350041
v 0.100172311 0.437684625 -0.155777395
v 0.0882597342 0.379650205 -0.0822228044
v 0.100172304 0.379650205 -0.0822228044
v 0.100172304 0.32180959 -0.0822228044
v 0.0882597491 0.107039146 -0.20418711
v 0.100172319 0.107039146 -0.20418711
v 0.100172319 0.32180959 -0.20418711
v 0.0882597491 0.433030605 -0.168350041
v 0.0882597491 0.424888372 -0.180922613
v 0.100172319 0.424888372 -0.180922613
v 0.0882597342 0.379650205 -0.0822228044
v 0.0882597342 0.394567609 -0.0848241225
v 0.100172304 0.394567609 -0.0848241225
v 0.0882597417 0.437684625 -0.130632266
v 0.0882597417 0.433030605 -0.11805971
v 0.0882597193 0.44678244 -0.021434227
v 0.0882597491 0.32180959 -0.204187125
v 0.088259764 0.32180959 -0.264301717
v 0.088259764 0.278155118 -0.264301717
v 0.0882597342 0.107039146 -0.0822228044
v 0.0882597342 0.032716237 -0.0822228044
v 0.0882597193 0.032716237 -0.021434227
v 0.0882597491 0.424888372 -0.180922613
v 0.088259764 0.44678244 -0.264301717
v 0.088259764 0.44678244 -0.264301717
v 0.0882597342 0.424888372 -0.105487153
v 0.0882597193 0.44678244 -0.021434227
v 0.0882597193 0.44678244 -0.021434227
v 0.0882597342 0.32180959 -0.0822228044
v 0.0882597342 0.32180959 -0.0822228044
v 0.0882597193 0.32180959 -0.021434227
v 0.0882597491 0.394567609 -0.20158574
v 0.0882597491 0.411393613 -0.193495154
v 0.088259764 0.44678244 -0.264301717
v 0.0882597417 0.437684625 -0.155777395
v 0.0882597417 0.439260691 -0.143204913
v 0.088259764 0.44678244 -0.264301717
v 0.0882597491 0.32180959 -0.204187125
v 0.0882597491 0.379650205 -0.204187125
v 0.088259764 0.379650205 -0.264301717
v 0.0882597342 0.424888372 -0.105487153
v 0.0882597342 0.411393613 -0.0929146558
v 0.0882597193 0.44678244 -0.021434227
v 0.0882597417 0.437684625 -0.130632266
v 0.0882597193 0.44678244 -0.021434227
v 0.0882597417 0.439260691 -0.143204913
v 0.0882597491 0.394567609 -0.20158574
v 0.088259764 0.44678244 -0.264301717
v 0.088259764 0.379650205 -0.264301717
v 0.0882597342 0.394567609 -0.0848241225
v 0.0882597193 0.44678244 -0.021434227
v 0.0882597193 0.44678244 -0.021434227
v 0.0882597417 0.437684625 -0.155777395
v 0.088259764 0.44678244 -0.264301717
v 0.088259764 0.44678244 -0.264301717
v 0.0882597342 0.32180959 -0.0822228044
v 0.0882597193 0.32180959 -0.021434227
v 0.0882597193 0.379650205 -0.021434227
v 0.0882597491 0.107039146 -0.20418711
v 0.088259764 0.107039146 -0.264301717
v 0.088259764 0.0327162147 -0.264301717
v 0.0882597491 0.424888372 -0.180922613
v 0.0882597491 0.433030605 -0.168350041
v 0.088259764 0.44678244 -0.264301717
v 0.0882597342 0.394567609 -0.0848241225
v 0.0882597342 0.379650205 -0.0822228044
v 0.0882597193 0.379650205 -0.021434227
v 0.0882597491 -0.0980794728 -0.189572647
v 0.100172319 -0.0980794728 -0.189572647
v 0.100172319 0.0327162147 -0.189572647
v 0.0882597491 0.32180959 -0.20418711
v 0.088259764 0.278155118 -0.264301717
v 0.0882597491 0.107039146 -0.20418711
v 0.0882597342 0.32180959 -0.0822228044
v 0.0882597342 0.107039146 -0.0822228044
v 0.0882597193 0.278155118 -0.021434227
v 0.0882597342 0.032716237 -0.0822228044
v 0.0882597342 0.107039146 -0.0822228044
v 0.100172304 0.107039146 -0.0822228044
v 0.0882597491 0.0327162147 -0.189572647
v 0.100172319 0.0327162147 -0.189572647
v 0.100172319 0.107039146 -0.20418711
v 0.0882597491 0.0327162147 -0.189572647
v 0.088259764 0.0327162147 -0.264301717
v 0.088259764 -0.0980795026 -0.264301717
v 0.0882597342 -0.0980794728 -0.0822228044
v 0.0882597342 0.032716237 -0.0822228044
v 0.100172304 0.032716237 -0.0822228044
v 0.0882597342 0.032716237 -0.0822228044
v 0.0882597342 -0.0980794728 -0.0822228044
v 0.0882596895 -0.0980795026 -0.021434227
v 0.243796989 0.032716237 -0.0214341898
v 0.30747208 0.032716237 -0.0214341786
v 0.30747208 0.107039146 -0.0214341786
v 0.151061267 0.032716237 -0.0214342047
v 0.151061237 0.107039146 -0.0214342047
v 0.0882597417 0.107039146 -0.021434214
v 0.151061267 0.032716237 -0.0214342047
v 0.151061296 -0.0980794728 -0.0214342047
v 0.151061296 -0.0980794728 -0.0333467238
v 0.243796989 0.032716237 -0.0214341898
v 0.243796989 0.032716237 -0.0333467089
v 0.243796989 -0.0980794728 -0.0333467089
v 0.243796989 -0.0980794728 -0.0214341898
v 0.30747208 -0.0980795026 -0.0214341786
v 0.30747208 0.032716237 -0.0214341786
v 0.243796989 0.32180959 -0.0214341898
v 0.243796989 0.32180959 -0.0333467089
v 0.243796989 0.107039146 -0.0333467089
v 0.151061296 -0.0980794728 -0.0214342047
v 0.151061267 0.032716237 -0.0214342047
v 0.0882597417 0.032716237 -0.021434214
v 0.151061207 0.32180959 -0.0214342047
v 0.151061237 0.107039146 -0.0214342047
v 0.151061237 0.107039146 -0.0333467238
v 0.222574249 0.433030605 -0.0214341935
v 0.235146835 0.424888372 -0.0214341916
v 0.30747208 0.44678244 -0.0214342047
v 0.172283962 0.433030605 -0.0214342009
v 0.184856489 0.437684625 -0.0214341991
v 0.0882597417 0.44678244 -0.021434214
v 0.243796989 0.107039146 -0.0214341898
v 0.30747208 0.107039146 -0.0214341786
v 0.30747208 0.278155118 -0.0214341786
v 0.147138879 0.411393613 -0.0214342047
v 0.0882597417 0.44678244 -0.021434214
v 0.0882597417 0.44678244 -0.021434214
v 0.147138879 0.411393613 -0.0214342047
v 0.159711361 0.424888372 -0.0214342028
v 0.0882597417 0.44678244 -0.021434214
v 0.136446849 0.379650205 -0.0214342065
v 0.0882597417 0.379650205 -0.021434214
v 0.0882597417 0.32180959 -0.021434214
v 0.136446849 0.379650205 -0.0214342065
v 0.139048308 0.394567609 -0.0214342065
v 0.0882597417 0.379650205 -0.021434214
v 0.172283962 0.433030605 -0.0214342009
v 0.0882597417 0.44678244 -0.021434214
v 0.0882597417 0.44678244 -0.021434214
v 0.151061207 0.32180959 -0.0214342047
v 0.136446849 0.32180959 -0.0214342065
v 0.0882597417 0.278155118 -0.021434214
v 0.247719347 0.411393613 -0.0214341898
v 0.255809754 0.394567609 -0.0214341879
v 0.30747208 0.44678244 -0.0214342047
v 0.197429061 0.439260691 -0.0214341972
v 0.210001767 0.437684625 -0.0214341953
v 0.30747208 0.44678244 -0.0214342047
v 0.258411199 0.379650205 -0.0214341879
v 0.258411199 0.32180959 -0.0214341879
v 0.30747208 0.32180959 -0.0214341786
v 0.258411199 0.379650205 -0.0214341879
v 0.30747208 0.379650205 -0.0214341786
v 0.255809754 0.394567609 -0.0214341879
v 0.222574249 0.433030605 -0.0214341935
v 0.30747208 0.44678244 -0.0214342047
v 0.30747208 0.44678244 -0.0214342047
v 0.243796989 0.32180959 -0.0214341898
v 0.30747208 0.278155118 -0.0214341786
v 0.258411199 0.32180959 -0.0214341879
v 0.247719347 0.411393613 -0.0214341898
v 0.30747208 0.44678244 -0.0214342047
v 0.30747208 0.44678244 -0.0214342047
v 0.197429061 0.439260691 -0.0214341972
v 0.197429091 0.44678244 -0.0214341972
v 0.0882597417 0.44678244 -0.021434214
v 0.151061237 0.107039146 -0.0214342047
v 0.151061207 0.32180959 -0.0214342047
v 0.0882597417 0.278155118 -0.021434214
v 0.235146835 0.424888372 -0.0214341916
v 0.222574249 0.433030605 -0.0214341935
v 0.222574249 0.433030605 -0.0333467089
v 0.184856489 0.437684625 -0.0214341991
v 0.172283962 0.433030605 -0.0214342009
v 0.172283962 0.433030605 -0.03334672
v 0.243796989 0.107039146 -0.0214341898
v 0.243796989 0.107039146 -0.0333467089
v 0.243796989 0.032716237 -0.0333467089
v 0.139048308 0.394567609 -0.0214342065
v 0.139048308 0.394567609 -0.0333467238
v 0.147138879 0.411393613 -0.0333467238
v 0.159711361 0.424888372 -0.0214342028
v 0.147138879 0.411393613 -0.0214342047
v 0.147138879 0.411393613 -0.0333467238
v 0.136446849 0.32180959 -0.0214342065
v 0.136446849 0.32180959 -0.0333467238
v 0.136446849 0.379650205 -0.0333467238
v 0.139048308 0.394567609 -0.0214342065
v 0.136446849 0.379650205 -0.0214342065
v 0.136446849 0.379650205 -0.0333467238
v 0.159711361 0.424888372 -0.0214342028
v 0.159711361 0.424888372 -0.03334672
v 0.172283962 0.433030605 -0.03334672
v 0.136446849 0.32180959 -0.0214342065
v 0.151061207 0.32180959 -0.0214342047
v 0.151061207 0.32180959 -0.0333467238
v 0.255809754 0.394567609 -0.0214341879
v 0.247719347 0.411393613 -0.0214341898
v 0.247719347 0.411393613 -0.0333467051
v 0.210001767 0.437684625 -0.0214341953
v 0.197429061 0.439260691 -0.0214341972
v 0.197429061 0.439260691 -0.0333467163
v 0.258411199 0.32180959 -0.0214341879
v 0.258411199 0.379650205 -0.0214341879
v 0.258411199 0.379650205 -0.0333467051
v 0.255809754 0.394567609 -0.0214341879
v 0.255809754 0.394567609 -0.0333467051
v 0.258411199 0.379650205 -0.0333467051
v 0.210001767 0.437684625 -0.0214341953
v 0.210001767 0.437684625 -0.0333467126
v 0.222574249 0.433030605 -0.0333467089
v 0.258411199 0.32180959 -0.0214341879
v 0.258411199 0.32180959 -0.0333467051
v 0.243796989 0.32180959 -0.0333467089
v 0.235146835 0.424888372 -0.0214341916
v 0.235146835 0.424888372 -0.0333467089
v 0.247719347 0.411393613 -0.0333467051
v 0.184856489 0.437684625 -0.0214341991
v 0.184856489 0.437684625 -0.0333467163
v 0.197429061 0.439260691 -0.0333467163
v 0.151061237 0.107039146 -0.0214342047
v 0.151061267 0.032716237 -0.0214342047
v 0.151061267 0.032716237 -0.0333467238
v 0.226557195 0.423551828 -0.0338737071
v 0.167309031 0.415515244 -0.0235159881
v 0.167309031 0.423551828 -0.0338737145
v 0.226557195 0.423551828 -0.0338737071
v 0.226557195 0.415515244 -0.0235159788
v 0.167309031 0.415515244 -0.0235159881
v 0.226557195 0.419853598 -0.0234761368
v 0.167309031 0.415515244 -0.0235159881
v 0.226557195 0.415515244 -0.0235159788
v 0.226557195 0.419853598 -0.0234761368
v 0.167309031 0.419853598 -0.0234760977
v 0.167309031 0.415515244 -0.0235159881
v 0.167309031 0.427890122 -0.0338339433
v 0.226557195 0.423551828 -0.0338737071
v 0.167309031 0.423551828 -0.0338737145
v 0.167309031 0.427890122 -0.0338339433
v 0.226557195 0.427890122 -0.0338339321
v 0.226557195 0.423551828 -0.0338737071
v 0.226557195 0.427890122 -0.0338339321
v 0.167309031 0.419853598 -0.0234760977
v 0.226557195 0.419853598 -0.0234761368
v 0.226557195 0.427890122 -0.0338339321
v 0.167309031 0.427890122 -0.0338339433
v 0.167309031 0.419853598 -0.0234760977
v 0.226557195 0.427890122 -0.0338339321
v 0.226557195 0.415515244 -0.0235159788
v 0.226557195 0.423551828 -0.0338737071
v 0.226557195 0.427890122 -0.0338339321
v 0.226557195 0.419853598 -0.0234761368
v 0.226557195 0.415515244 -0.0235159788
v 0.167309031 0.427890122 -0.0338339433
v 0.167309031 0.415515244 -0.0235159881
v 0.167309031 0.419853598 -0.0234760977
v 0.167309031 0.427890122 -0.0338339433
v 0.167309031 0.423551828 -0.0338737145
v 0.167309031 0.415515244 -0.0235159881
v 0.0927656591 0.192983747 0.137650818
v 0.0928549543 0.183257729 -0.0214342494
v 0.092854932 0.183257729 0.137650818
v 0.0927656591 0.192983747 0.137650818
v 0.0927656218 0.192983747 -0.0214342494
v 0.0928549543 0.183257729 -0.0214342494
v 0.297223926 0.192509472 -0.0214342158
v 0.297313064 0.182783455 0.137650847
v 0.297313094 0.182783455 -0.0214342158
v 0.297223926 0.192509472 -0.0214342158
v 0.297223896 0.192509472 0.137650847
v 0.297313064 0.182783455 0.137650847
v 0.274546802 0.209447488 0.137650847
v 0.274635971 0.199721426 -0.0214342196
v 0.274635941 0.199721426 0.137650847
v 0.274546802 0.209447488 0.137650847
v 0.274546832 0.209447488 -0.0214342196
v 0.274635971 0.199721426 -0.0214342196
v 0.274546832 0.209447488 -0.0214342196
v 0.297223896 0.192509472 0.137650847
v 0.297223926 0.192509472 -0.0214342158
v 0.274546832 0.209447488 -0.0214342196
v 0.274546802 0.209447488 0.137650847
v 0.297223896 0.192509472 0.137650847
v 0.115986794 0.211000934 0.137650818
v 0.0927656218 0.192983747 -0.0214342494
v 0.0927656591 0.192983747 0.137650818
v 0.115986794 0.211000934 0.137650818
v 0.115986764 0.211000934 -0.0214342456
v 0.0927656218 0.192983747 -0.0214342494
v 0.115986794 0.211000934 0.137650818
v 0.092854932 0.183257729 0.137650818
v 0.11607597 0.201274872 0.137650818
v 0.115986794 0.211000934 0.137650818
v 0.0927656591 0.192983747 0.137650818
v 0.092854932 0.183257729 0.137650818
v 0.115986764 0.211000934 -0.0214342456
v 0.0928549543 0.183257729 -0.0214342494
v 0.0927656218 0.192983747 -0.0214342494
v 0.115986764 0.211000934 -0.0214342456
v 0.116075993 0.201274872 -0.0214342456
v 0.0928549543 0.183257729 -0.0214342494
v 0.274546802 0.209447488 0.137650847
v 0.297313064 0.182783455 0.137650847
v 0.297223896 0.192509472 0.137650847
v 0.274546802 0.209447488 0.137650847
v 0.274635941 0.199721426 0.137650847
v 0.297313064 0.182783455 0.137650847
v 0.0838299692 0.143992126 0.105440088
v 0.0838777274 0.138786778 0.0390891135
v 0.0838777199 0.138786778 0.105440088
v 0.0838299692 0.143992126 0.105440088
v 0.0838299766 0.143992126 0.0390891135
v 0.0838777274 0.138786778 0.0390891135
v 0.096257925 0.15363501 0.105440088
v 0.0838299766 0.143992126 0.0390891135
v 0.0838299692 0.143992126 0.105440088
v 0.096257925 0.15363501 0.105440088
v 0.0962579325 0.15363501 0.0390891172
v 0.0838299766 0.143992126 0.0390891135
v 0.096257925 0.15363501 0.105440088
v 0.0838777199 0.138786778 0.105440088
v 0.0963057876 0.148429587 0.105440088
v 0.096257925 0.15363501 0.105440088
v 0.0838299692 0.143992126 0.105440088
v 0.0838777199 0.138786778 0.105440088
v 0.0962579325 0.15363501 0.0390891172
v 0.0838777274 0.138786778 0.0390891135
v 0.0838299766 0.143992126 0.0390891135
v 0.0962579325 0.15363501 0.0390891172
v 0.0963057429 0.148429587 0.0390891172
v 0.0838777274 0.138786778 0.0390891135
v 0.190564826 0.297279298 0.135596335
v 0.190564811 0.282430977 0.147976518
v 0.190564811 0.287636161 0.148024261
v 0.190564826 0.297279298 0.135596335
v 0.190564826 0.292073816 0.135548577
v 0.190564811 0.282430977 0.147976518
v 0.256915897 0.297279298 0.135596335
v 0.256915897 0.282430977 0.147976533
v 0.256915897 0.292073816 0.135548592
v 0.256915897 0.297279298 0.135596335
v 0.256915897 0.287636161 0.148024276
v 0.256915897 0.282430977 0.147976533
v 0.256915897 0.297279298 0.135596335
v 0.190564811 0.287636161 0.148024261
v 0.256915897 0.287636161 0.148024276
v 0.256915897 0.297279298 0.135596335
v 0.190564826 0.297279298 0.135596335
v 0.190564811 0.287636161 0.148024261
v 0.256915897 0.287636161 0.148024276
v 0.190564811 0.282430977 0.147976518
v 0.256915897 0.282430977 0.147976533
v 0.256915897 0.287636161 0.148024276
v 0.190564811 0.287636161 0.148024261
v 0.190564811 0.282430977 0.147976518
v 0.265901655 0.327591151 0.071785599
v 0.265901655 0.312026799 0.071785599
v 0.265901655 0.312026799 0.0873499587
v 0.288585156 0.312026799 0.0873499587
v 0.288585156 0.312026799 0.071785599
v 0.288585156 0.327591151 0.071785599
v 0.288585156 0.312026799 0.0873499587
v 0.265901655 0.312026799 0.0873499587
v 0.265901655 0.312026799 0.071785599
v 0.288585156 0.327591151 0.0873499587
v 0.265901655 0.327591151 0.0873499587
v 0.265901655 0.312026799 0.0873499587
v 0.288585156 0.327591151 0.071785599
v 0.265901655 0.327591151 0.071785599
v 0.265901655 0.327591151 0.0873499587
v 0.288585156 0.312026799 0.071785599
v 0.265901655 0.312026799 0.071785599
v 0.265901655 0.327591151 0.071785599
v 0.265901655 0.327591151 0.0159625914
v 0.265901655 0.312026799 0.0159625914
v 0.265901655 0.312026799 0.0315269567
v 0.288585156 0.312026799 0.0315269604
v 0.288585156 0.312026799 0.0159625951
v 0.288585156 0.327591151 0.0159625951
v 0.288585156 0.312026799 0.0315269604
v 0.265901655 0.312026799 0.0315269567
v 0.265901655 0.312026799 0.0159625914
v 0.288585156 0.327591151 0.0315269604
v 0.265901655 0.327591151 0.0315269567
v 0.265901655 0.312026799 0.0315269567
v 0.288585156 0.327591151 0.0159625951
v 0.265901655 0.327591151 0.0159625914
v 0.265901655 0.327591151 0.0315269567
v 0.288585156 0.312026799 0.0159625951
v 0.265901655 0.312026799 0.0159625914
v 0.265901655 0.327591151 0.0159625914
v 0.0988554135 0.327591151 0.0717855692
v 0.0988554135 0.312026799 0.0717855692
v 0.0988554135 0.312026799 0.0873498768
v 0.121539026 0.312026799 0.0873498842
v 0.121539026 0.312026799 0.0717855692
v 0.121539026 0.327591151 0.0717855692
v 0.121539026 0.312026799 0.0873498842
v 0.0988554135 0.312026799 0.0873498768
v 0.0988554135 0.312026799 0.0717855692
v 0.121539026 0.327591151 0.0873498842
v 0.0988554135 0.327591151 0.0873498768
v 0.0988554135 0.312026799 0.0873498768
v 0.121539026 0.327591151 0.0717855692
v 0.0988554135 0.327591151 0.0717855692
v 0.0988554135 0.327591151 0.0873498768
v 0.121539026 0.312026799 0.0717855692
v 0.0988554135 0.312026799 0.0717855692
v 0.0988554135 0.327591151 0.0717855692
v 0.0988554284 0.327591151 0.0159625653
v 0.0988554284 0.312026799 0.0159625653
v 0.0988554209 0.312026799 0.0315269269
v 0.121539034 0.312026799 0.0315269306
v 0.121539041 0.312026799 0.015962569
v 0.121539041 0.327591151 0.015962569
v 0.121539034 0.312026799 0.0315269306
v 0.0988554209 0.312026799 0.0315269269
v 0.0988554284 0.312026799 0.0159625653
v 0.121539034 0.327591151 0.0315269306
v 0.0988554209 0.327591151 0.0315269269
v 0.0988554209 0.312026799 0.0315269269
v 0.121539041 0.327591151 0.015962569
v 0.0988554284 0.327591151 0.0159625653
v 0.0988554209 0.327591151 0.0315269269
v 0.121539041 0.312026799 0.015962569
v 0.0988554284 0.312026799 0.0159625653
v 0.0988554284 0.327591151 0.0159625653
v 0.220282629 0.312026799 0.134095699
v 0.220282555 0.312026799 0.156779349
v 0.220282555 0.327591151 0.156779349
v 0.220282629 0.327591151 0.134095699
v 0.220282555 0.327591151 0.156779349
v 0.235846907 0.327591151 0.156779349
v 0.235846967 0.327591151 0.134095699
v 0.235846907 0.327591151 0.156779349
v 0.235846907 0.312026799 0.156779349
v 0.235846967 0.312026799 0.134095699
v 0.235846907 0.312026799 0.156779349
v 0.220282629 0.312026799 0.134095699
v 0.235846967 0.312026799 0.134095699
v 0.220282629 0.312026799 0.134095699
v 0.220282629 0.327591151 0.134095699
v 0.220282555 0.327591151 0.156779349
v 0.220282555 0.312026799 0.156779349
v 0.235846907 0.312026799 0.156779349
v 0.153175905 0.312026799 0.134095684
v 0.153175861 0.312026799 0.156779334
v 0.153175861 0.327591151 0.156779334
v 0.153175905 0.327591151 0.134095684
v 0.153175861 0.327591151 0.156779334
v 0.168740243 0.327591151 0.156779334
v 0.168740287 0.327591151 0.134095699
v 0.168740243 0.327591151 0.156779334
v 0.168740243 0.312026799 0.156779334
v 0.168740287 0.312026799 0.134095699
v 0.168740243 0.312026799 0.156779334
v 0.153175905 0.312026799 0.134095684
v 0.168740287 0.312026799 0.134095699
v 0.153175905 0.312026799 0.134095684
v 0.153175905 0.327591151 0.134095684
v 0.153175861 0.327591151 0.156779334
v 0.153175861 0.312026799 0.156779334
v 0.168740243 0.312026799 0.156779334
v 0.116394639 0.368985772 -0.0142950658
v 0.130656853 0.368985772 -0.0537269488
v 0.116394646 0.368985772 -0.0537268966
v 0.116394639 0.368985772 -0.0142950658
v 0.130656838 0.368985772 -0.0142950639
v 0.130656853 0.368985772 -0.0537269488
v 0.130656853 0.345923573 -0.0537269488
v 0.116394646 0.368985772 -0.0537268966
v 0.130656853 0.368985772 -0.0537269488
v 0.130656853 0.345923573 -0.0537269488
v 0.116394594 0.345923573 -0.0537268966
v 0.116394646 0.368985772 -0.0537268966
v 0.130656838 0.345923573 -0.0142950639
v 0.130656853 0.368985772 -0.0537269488
v 0.130656838 0.368985772 -0.0142950639
v 0.130656838 0.345923573 -0.0142950639
v 0.130656853 0.345923573 -0.0537269488
v 0.130656853 0.368985772 -0.0537269488
v 0.116394594 0.345923573 -0.0537268966
v 0.116394639 0.368985772 -0.0142950658
v 0.116394646 0.368985772 -0.0537268966
v 0.116394594 0.345923573 -0.0537268966
v 0.116394639 0.345923573 -0.0142950658
v 0.116394639 0.368985772 -0.0142950658
v 0.116394639 0.345923573 -0.0142950658
v 0.130656838 0.368985772 -0.0142950639
v 0.116394639 0.368985772 -0.0142950658
v 0.116394639 0.345923573 -0.0142950658
v 0.130656838 0.345923573 -0.0142950639
v 0.130656838 0.368985772 -0.0142950639
v 0.116394624 0.368985772 0.101594426
v 0.130656824 0.368985772 0.0621625297
v 0.116394632 0.368985772 0.062162526
v 0.116394624 0.368985772 0.101594426
v 0.130656824 0.368985772 0.101594433
v 0.130656824 0.368985772 0.0621625297
v 0.130656824 0.345923573 0.0621625297
v 0.116394632 0.368985772 0.062162526
v 0.130656824 0.368985772 0.0621625297
v 0.130656824 0.345923573 0.0621625297
v 0.116394579 0.345923573 0.062162526
v 0.116394632 0.368985772 0.062162526
v 0.130656824 0.345923573 0.101594433
v 0.130656824 0.368985772 0.0621625297
v 0.130656824 0.368985772 0.101594433
v 0.130656824 0.345923573 0.101594433
v 0.130656824 0.345923573 0.0621625297
v 0.130656824 0.368985772 0.0621625297
v 0.116394579 0.345923573 0.062162526
v 0.116394624 0.368985772 0.101594426
v 0.116394632 0.368985772 0.062162526
v 0.116394579 0.345923573 0.062162526
v 0.116394624 0.345923573 0.101594426
v 0.116394624 0.368985772 0.101594426
v 0.116394624 0.345923573 0.101594426
v 0.130656824 0.368985772 0.101594433
v 0.116394624 0.368985772 0.101594426
v 0.116394624 0.345923573 0.101594426
v 0.130656824 0.345923573 0.101594433
v 0.130656824 0.368985772 0.101594433
v 0.116394632 0.368985772 0.0434825793
v 0.130656838 0.368985772 0.00405074982
v 0.116394639 0.368985772 0.00405074749
v 0.116394632 0.368985772 0.0434825793
v 0.130656838 0.368985772 0.043482583
v 0.130656838 0.368985772 0.00405074982
v 0.130656838 0.345923573 0.00405074982
v 0.116394639 0.368985772 0.00405074749
v 0.130656838 0.368985772 0.00405074982
v 0.130656838 0.345923573 0.00405074982
v 0.116394587 0.345923573 0.00405074749
v 0.116394639 0.368985772 0.00405074749
v 0.130656838 0.345923573 0.043482583
v 0.130656838 0.368985772 0.00405074982
v 0.130656838 0.368985772 0.043482583
v 0.130656838 0.345923573 0.043482583
v 0.130656838 0.345923573 0.00405074982
v 0.130656838 0.368985772 0.00405074982
v 0.116394587 0.345923573 0.00405074749
v 0.116394632 0.368985772 0.0434825793
v 0.116394639 0.368985772 0.00405074749
v 0.116394587 0.345923573 0.00405074749
v 0.116394632 0.345923573 0.0434825793
v 0.116394632 0.368985772 0.0434825793
v 0.116394632 0.345923573 0.0434825793
v 0.130656838 0.368985772 0.043482583
v 0.116394632 0.368985772 0.0434825793
v 0.116394632 0.345923573 0.0434825793
v 0.130656838 0.345923573 0.043482583
v 0.130656838 0.368985772 0.043482583
v 0.2598961 0.345923573 0.0434826054
v 0.27415818 0.368985772 0.0434826054
v 0.2598961 0.368985772 0.0434826054
v 0.2598961 0.345923573 0.0434826054
v 0.27415818 0.345923573 0.0434826054
v 0.27415818 0.368985772 0.0434826054
v 0.259895831 0.345923573 0.00405077077
v 0.2598961 0.368985772 0.0434826054
v 0.259895831 0.368985772 0.00405077077
v 0.259895831 0.345923573 0.00405077077
v 0.2598961 0.345923573 0.0434826054
v 0.2598961 0.368985772 0.0434826054
v 0.27415818 0.345923573 0.0434826054
v 0.27415818 0.368985772 0.0040507731
v 0.27415818 0.368985772 0.0434826054
v 0.27415818 0.345923573 0.0434826054
v 0.27415818 0.345923573 0.0040507731
v 0.27415818 0.368985772 0.0040507731
v 0.27415818 0.345923573 0.0040507731
v 0.259895831 0.368985772 0.00405077077
v 0.27415818 0.368985772 0.0040507731
v 0.27415818 0.345923573 0.0040507731
v 0.259895831 0.345923573 0.00405077077
v 0.259895831 0.368985772 0.00405077077
v 0.2598961 0.368985772 0.0434826054
v 0.27415818 0.368985772 0.0040507731
v 0.259895831 0.368985772 0.00405077077
v 0.2598961 0.368985772 0.0434826054
v 0.27415818 0.368985772 0.0434826054
v 0.27415818 0.368985772 0.0040507731
v 0.25989607 0.345923573 0.101594448
v 0.27415815 0.368985772 0.101594456
v 0.25989607 0.368985772 0.101594448
v 0.25989607 0.345923573 0.101594448
v 0.27415815 0.345923573 0.101594456
v 0.27415815 0.368985772 0.101594456
v 0.259895831 0.345923573 0.062162552
v 0.25989607 0.368985772 0.101594448
v 0.259895831 0.368985772 0.062162552
v 0.259895831 0.345923573 0.062162552
v 0.25989607 0.345923573 0.101594448
v 0.25989607 0.368985772 0.101594448
v 0.27415815 0.345923573 0.101594456
v 0.27415818 0.368985772 0.062162552
v 0.27415815 0.368985772 0.101594456
v 0.27415815 0.345923573 0.101594456
v 0.27415818 0.345923573 0.062162552
v 0.27415818 0.368985772 0.062162552
v 0.27415818 0.345923573 0.062162552
v 0.259895831 0.368985772 0.062162552
v 0.27415818 0.368985772 0.062162552
v 0.27415818 0.345923573 0.062162552
v 0.259895831 0.345923573 0.062162552
v 0.259895831 0.368985772 0.062162552
v 0.25989607 0.368985772 0.101594448
v 0.27415818 0.368985772 0.062162552
v 0.259895831 0.368985772 0.062162552
v 0.25989607 0.368985772 0.101594448
v 0.27415815 0.368985772 0.101594456
v 0.27415818 0.368985772 0.062162552
v 0.2598961 0.345923573 -0.0142950425
v 0.27415818 0.368985772 -0.0142950397
v 0.2598961 0.368985772 -0.0142950425
v 0.2598961 0.345923573 -0.0142950425
v 0.27415818 0.345923573 -0.0142950397
v 0.27415818 0.368985772 -0.0142950397
v 0.259895831 0.345923573 -0.0537269264
v 0.2598961 0.368985772 -0.0142950425
v 0.259895831 0.368985772 -0.0537269264
v 0.259895831 0.345923573 -0.0537269264
v 0.2598961 0.345923573 -0.0142950425
v 0.2598961 0.368985772 -0.0142950425
v 0.27415818 0.345923573 -0.0142950397
v 0.27415818 0.368985772 -0.0537268706
v 0.27415818 0.368985772 -0.0142950397
v 0.27415818 0.345923573 -0.0142950397
v 0.27415818 0.345923573 -0.0537268706
v 0.27415818 0.368985772 -0.0537268706
v 0.27415818 0.345923573 -0.0537268706
v 0.259895831 0.368985772 -0.0537269264
v 0.27415818 0.368985772 -0.0537268706
v 0.27415818 0.345923573 -0.0537268706
v 0.259895831 0.345923573 -0.0537269264
v 0.259895831 0.368985772 -0.0537269264
v 0.2598961 0.368985772 -0.0142950425
v 0.27415818 0.368985772 -0.0537268706
v 0.259895831 0.368985772 -0.0537269264
v 0.2598961 0.368985772 -0.0142950425
v 0.27415818 0.368985772 -0.0142950397
v 0.27415818 0.368985772 -0.0537268706
v 0.175699234 0.345923573 0.123109527
v 0.175699219 0.368985772 0.137371749
v 0.175699234 0.368985772 0.123109527
v 0.175699234 0.345923573 0.123109527
v 0.175699219 0.345923573 0.137371749
v 0.175699219 0.368985772 0.137371749
v 0.216137782 0.345923573 0.12310949
v 0.175699234 0.368985772 0.123109527
v 0.216137782 0.368985772 0.12310949
v 0.216137782 0.345923573 0.12310949
v 0.175699234 0.345923573 0.123109527
v 0.175699234 0.368985772 0.123109527
v 0.175699219 0.345923573 0.137371749
v 0.216137767 0.368985772 0.137371644
v 0.175699219 0.368985772 0.137371749
v 0.175699219 0.345923573 0.137371749
v 0.216137767 0.345923573 0.137371644
v 0.216137767 0.368985772 0.137371644
v 0.216137767 0.345923573 0.137371644
v 0.216137782 0.368985772 0.12310949
v 0.216137767 0.368985772 0.137371644
v 0.216137767 0.345923573 0.137371644
v 0.216137782 0.345923573 0.12310949
v 0.216137782 0.368985772 0.12310949
v 0.175699234 0.368985772 0.123109527
v 0.216137767 0.368985772 0.137371644
v 0.216137782 0.368985772 0.12310949
v 0.175699234 0.368985772 0.123109527
v 0.175699219 0.368985772 0.137371749
v 0.216137767 0.368985772 0.137371644
v 0.116103835 0.345923573 0.123109519
v 0.116103835 0.368985772 0.137371734
v 0.116103835 0.368985772 0.123109519
v 0.116103835 0.345923573 0.123109519
v 0.116103835 0.345923573 0.137371734
v 0.116103835 0.368985772 0.137371734
v 0.156542316 0.345923573 0.123109482
v 0.116103835 0.368985772 0.123109519
v 0.156542316 0.368985772 0.123109482
v 0.156542316 0.345923573 0.123109482
v 0.116103835 0.345923573 0.123109519
v 0.116103835 0.368985772 0.123109519
v 0.116103835 0.345923573 0.137371734
v 0.156542301 0.368985772 0.137371629
v 0.116103835 0.368985772 0.137371734
v 0.116103835 0.345923573 0.137371734
v 0.156542301 0.345923573 0.137371629
v 0.156542301 0.368985772 0.137371629
v 0.156542301 0.345923573 0.137371629
v 0.156542316 0.368985772 0.123109482
v 0.156542301 0.368985772 0.137371629
v 0.156542301 0.345923573 0.137371629
v 0.156542316 0.345923573 0.123109482
v 0.156542316 0.368985772 0.123109482
v 0.116103835 0.368985772 0.123109519
v 0.156542301 0.368985772 0.137371629
v 0.156542316 0.368985772 0.123109482
v 0.116103835 0.368985772 0.123109519
v 0.116103835 0.368985772 0.137371734
v 0.156542301 0.368985772 0.137371629
v 0.234951779 0.345923573 0.123109542
v 0.234951764 0.368985772 0.137371749
v 0.234951779 0.368985772 0.123109542
v 0.234951779 0.345923573 0.123109542
v 0.234951764 0.345923573 0.137371749
v 0.234951764 0.368985772 0.137371749
v 0.274506897 0.345923573 0.123109497
v 0.234951779 0.368985772 0.123109542
v 0.274506897 0.368985772 0.123109497
v 0.274506897 0.345923573 0.123109497
v 0.234951779 0.345923573 0.123109542
v 0.234951779 0.368985772 0.123109542
v 0.234951764 0.345923573 0.137371749
v 0.274506897 0.368985772 0.137371644
v 0.234951764 0.368985772 0.137371749
v 0.234951764 0.345923573 0.137371749
v 0.274506897 0.345923573 0.137371644
v 0.274506897 0.368985772 0.137371644
v 0.274506897 0.345923573 0.137371644
v 0.274506897 0.368985772 0.123109497
v 0.274506897 0.368985772 0.137371644
v 0.274506897 0.345923573 0.137371644
v 0.274506897 0.345923573 0.123109497
v 0.274506897 0.368985772 0.123109497
v 0.234951779 0.368985772 0.123109542
v 0.274506897 0.368985772 0.137371644
v 0.274506897 0.368985772 0.123109497
v 0.234951779 0.368985772 0.123109542
v 0.234951764 0.368985772 0.137371749
v 0.274506897 0.368985772 0.137371644
v -0.124593869 -0.00253903121 0.244116738
v -0.124593876 0.186129764 0.259627104
v -0.124593876 -0.00253903121 0.259614885
v -0.124593869 -0.00253903121 0.244116738
v -0.124593869 0.186129764 0.244116783
v -0.124593876 0.186129764 0.259627104
v -0.124593869 0.186129764 0.244116783
v -0.19400014 -0.00253903121 0.244116724
v -0.19400014 0.186129764 0.244116768
v -0.124593869 0.186129764 0.244116783
v -0.124593869 -0.00253903121 0.244116738
v -0.19400014 -0.00253903121 0.244116724
v -0.159637645 0.172177017 -0.000396631513
v -0.159637675 0.162780464 0.140722364
v -0.159637645 0.162780464 -0.000396631513
v -0.159637645 0.172177017 -0.000396631513
v -0.159637675 0.172177017 0.140722364
v -0.159637675 0.162780464 0.140722364
v -0.309577018 0.172177017 0.140722349
v -0.309576988 0.162780464 -0.00039665596
v -0.309577018 0.162780464 0.140722349
v -0.309577018 0.172177017 0.140722349
v -0.309576988 0.172177017 -0.00039665596
v -0.309576988 0.162780464 -0.00039665596
v -0.309576958 0.172177017 -0.134695157
v -0.309576988 0.162780464 -0.00039665596
v -0.309576988 0.172177017 -0.00039665596
v -0.309576958 0.172177017 -0.134695157
v -0.309576958 0.162780464 -0.134695157
v -0.309576988 0.162780464 -0.00039665596
v -0.159637645 0.172177017 -0.000396631513
v -0.15963763 0.162780464 -0.134695128
v -0.15963763 0.172177017 -0.134695128
v -0.159637645 0.172177017 -0.000396631513
v -0.159637645 0.162780464 -0.000396631513
v -0.15963763 0.162780464 -0.134695128
v -0.309576988 0.172177017 -0.00039665596
v -0.243347123 0.217969239 0.140722349
v -0.243347093 0.217969239 -0.000396645162
v -0.309576988 0.172177017 -0.00039665596
v -0.309577018 0.172177017 0.140722349
v -0.243347123 0.217969239 0.140722349
v -0.243347093 0.217969239 -0.000396645162
v -0.234040245 0.224404022 0.140722349
v -0.234040216 0.224404022 -0.000396643649
v -0.243347093 0.217969239 -0.000396645162
v -0.243347123 0.217969239 0.140722349
v -0.234040245 0.224404022 0.140722349
v -0.309576958 0.172177017 -0.134695157
v -0.243347093 0.217969239 -0.000396645162
v -0.243347079 0.217969239 -0.134695143
v -0.309576958 0.172177017 -0.134695157
v -0.309576988 0.172177017 -0.00039665596
v -0.243347093 0.217969239 -0.000396645162
v -0.243347079 0.217969239 -0.134695143
v -0.234040216 0.224404022 -0.000396643649
v -0.234040201 0.224404022 -0.134695143
v -0.243347079 0.217969239 -0.134695143
v -0.243347093 0.217969239 -0.000396645162
v -0.234040216 0.224404022 -0.000396643649
v -0.234040216 0.224404022 -0.000396643649
v -0.225149244 0.218162954 0.140722349
v -0.225149214 0.218162954 -0.000396642194
v -0.234040216 0.224404022 -0.000396643649
v -0.234040245 0.224404022 0.140722349
v -0.225149244 0.218162954 0.140722349
v -0.225149214 0.218162954 -0.000396642194
v -0.159637675 0.172177017 0.140722364
v -0.159637645 0.172177017 -0.000396631513
v -0.225149214 0.218162954 -0.000396642194
v -0.225149244 0.218162954 0.140722349
v -0.159637675 0.172177017 0.140722364
v -0.234040201 0.224404022 -0.134695143
v -0.225149214 0.218162954 -0.000396642194
v -0.225149199 0.218162954 -0.134695143
v -0.234040201 0.224404022 -0.134695143
v -0.234040216 0.224404022 -0.000396643649
v -0.225149214 0.218162954 -0.000396642194
v -0.225149199 0.218162954 -0.134695143
v -0.159637645 0.172177017 -0.000396631513
v -0.15963763 0.172177017 -0.134695128
v -0.225149199 0.218162954 -0.134695143
v -0.225149214 0.218162954 -0.000396642194
v -0.159637645 0.172177017 -0.000396631513
v -0.273646623 0.241514668 -0.153139293
v -0.273646683 0.241514668 0.159085393
v -0.201483265 0.241514668 0.159085393
v -0.273646623 0.235627428 -0.153139293
v -0.201483265 0.235627428 -0.153139278
v -0.201483265 0.235627428 0.159085393
v -0.201483265 0.241514668 0.159085393
v -0.273646683 0.241514668 0.159085393
v -0.273646683 0.235627428 0.159085393
v -0.201483265 0.241514668 -0.153139278
v -0.201483265 0.241514668 0.159085393
v -0.201483265 0.235627428 0.159085393
v -0.273646683 0.241514668 0.159085393
v -0.273646623 0.241514668 -0.153139293
v -0.273646623 0.235627428 -0.153139293
v -0.273646623 0.241514668 -0.153139293
v -0.201483265 0.241514668 -0.153139278
v -0.201483265 0.235627428 -0.153139278
v -0.2439854 0.397817582 0.143021435
v -0.244054481 0.397362888 0.146023646
v -0.241142988 0.397352993 0.146089122
v -0.244054481 0.397362888 0.146023646
v -0.2439854 0.397817582 0.143021435
v -0.24398531 0.239703327 0.119077019
v -0.2439854 0.397817582 0.143021435
v -0.241073832 0.397807658 0.143086925
v -0.241073817 0.239693418 0.119142495
v -0.241073832 0.397807658 0.143086925
v -0.241142988 0.397352993 0.146089122
v -0.241142929 0.239238769 0.122144669
v -0.241142988 0.397352993 0.146089122
v -0.244054481 0.397362888 0.146023646
v -0.244054377 0.239248648 0.122079194
v -0.247928262 0.383786589 0.143051922
v -0.247923821 0.383986503 0.14173241
v -0.247923821 0.381801069 0.141401455
v -0.247928262 0.381601185 0.142720953
v -0.247923821 0.381801069 0.141401455
v -0.222272173 0.381788135 0.141487211
v -0.247923821 0.381801069 0.141401455
v -0.247923821 0.383986503 0.14173241
v -0.222272173 0.383973539 0.141818151
v -0.247923821 0.383986503 0.14173241
v -0.247928262 0.383786589 0.143051922
v -0.222272173 0.383973539 0.141818151
v -0.247928262 0.383786589 0.143051922
v -0.247928262 0.381601185 0.142720953
v -0.222276717 0.381588221 0.142806694
v -0.222272173 0.381788135 0.141487211
v -0.222272173 0.383973539 0.141818151
v -0.222276717 0.383773625 0.143137649
v -0.247928262 0.373974055 0.141565889
v -0.247923821 0.374173969 0.140246391
v -0.247923821 0.371988565 0.139915451
v -0.247928262 0.371788651 0.141234934
v -0.247923821 0.371988565 0.139915451
v -0.222272173 0.371975601 0.140001178
v -0.247923821 0.371988565 0.139915451
v -0.247923821 0.374173969 0.140246391
v -0.222272173 0.374161035 0.140332147
v -0.247923821 0.374173969 0.140246391
v -0.247928262 0.373974055 0.141565889
v -0.222272173 0.374161035 0.140332147
v -0.247928262 0.373974055 0.141565889
v -0.247928262 0.371788651 0.141234934
v -0.222276717 0.371775687 0.141320691
v -0.222272173 0.371975601 0.140001178
v -0.222272173 0.374161035 0.140332147
v -0.222276717 0.373961121 0.141651645
v -0.247928262 0.366307855 0.140404955
v -0.247923821 0.366507739 0.139085457
v -0.247923821 0.364322335 0.138754502
v -0.247928262 0.36412245 0.140074
v -0.247923821 0.364322335 0.138754502
v -0.222272173 0.364309371 0.138840258
v -0.247923821 0.364322335 0.138754502
v -0.247923821 0.366507739 0.139085457
v -0.222272173 0.366494805 0.139171213
v -0.247923821 0.366507739 0.139085457
v -0.247928262 0.366307855 0.140404955
v -0.222272173 0.366494805 0.139171213
v -0.247928262 0.366307855 0.140404955
v -0.247928262 0.36412245 0.140074
v -0.222276717 0.364109486 0.140159756
v -0.222272173 0.364309371 0.138840258
v -0.222272173 0.366494805 0.139171213
v -0.222276717 0.366294891 0.140490711
v -0.247928247 0.260515332 0.124383934
v -0.247923806 0.260714978 0.123064451
v -0.247928247 0.258329928 0.124052994
v -0.247928247 0.258329928 0.124052994
v -0.247923806 0.258529574 0.122733489
v -0.222272158 0.25851661 0.122819245
v -0.247923806 0.258529574 0.122733489
v -0.247923806 0.260714978 0.123064451
v -0.222272158 0.260702014 0.123150207
v -0.247923806 0.260714978 0.123064451
v -0.247928247 0.260515332 0.124383934
v -0.222272158 0.260702014 0.123150207
v -0.247928247 0.260515332 0.124383934
v -0.247928247 0.258329928 0.124052994
v -0.222276658 0.258316964 0.124138728
v -0.222272158 0.25851661 0.122819245
v -0.222272158 0.260702014 0.123150207
v -0.222276658 0.258316964 0.124138728
v -0.247928247 0.27002129 0.125823498
v -0.247923806 0.270221174 0.124504
v -0.247923806 0.268035769 0.124173075
v -0.247928247 0.267835855 0.125492558
v -0.247923806 0.268035769 0.124173075
v -0.222272158 0.268022537 0.124258824
v -0.247923806 0.268035769 0.124173075
v -0.247923806 0.270221174 0.124504
v -0.222272158 0.27020821 0.124589756
v -0.247923806 0.270221174 0.124504
v -0.247928247 0.27002129 0.125823498
v -0.222272158 0.27020821 0.124589756
v -0.247928247 0.27002129 0.125823498
v -0.247928247 0.267835855 0.125492558
v -0.222276658 0.267822921 0.125578299
v -0.222272158 0.268022537 0.124258824
v -0.222272158 0.27020821 0.124589756
v -0.222276658 0.267822921 0.125578299
v -0.247928247 0.280447215 0.127402395
v -0.247923806 0.280647129 0.126082882
v -0.247923806 0.278461725 0.125751927
v -0.247928247 0.278261781 0.127071425
v -0.247923806 0.278461725 0.125751927
v -0.222272158 0.278448761 0.125837699
v -0.247923806 0.278461725 0.125751927
v -0.247923806 0.280647129 0.126082882
v -0.222272158 0.280634165 0.126168638
v -0.247923806 0.280647129 0.126082882
v -0.247928247 0.280447215 0.127402395
v -0.222272158 0.280634165 0.126168638
v -0.247928247 0.280447215 0.127402395
v -0.247928247 0.278261781 0.127071425
v -0.222276658 0.278248847 0.127157182
v -0.222272158 0.278448761 0.125837699
v -0.222272158 0.280634165 0.126168638
v -0.222276658 0.280434251 0.127488151
v -0.247928247 0.289340019 0.128749073
v -0.247923806 0.289539665 0.127429575
v -0.247928247 0.287154585 0.128418118
v -0.247928247 0.287154585 0.128418118
v -0.247923806 0.287354231 0.127098635
v -0.222272158 0.287341267 0.127184391
v -0.247923806 0.287354231 0.127098635
v -0.247923806 0.289539665 0.127429575
v -0.222272158 0.289526701 0.127515346
v -0.247923806 0.289539665 0.127429575
v -0.247928247 0.289340019 0.128749073
v -0.222272158 0.289526701 0.127515346
v -0.247928247 0.289340019 0.128749073
v -0.247928247 0.287154585 0.128418118
v -0.222276658 0.289327055 0.128834829
v -0.222272158 0.287341267 0.127184391
v -0.222272158 0.289526701 0.127515346
v -0.222276658 0.287141383 0.128503874
v -0.247928247 0.298845947 0.130188644
v -0.247923806 0.299045861 0.128869176
v -0.247928247 0.296660542 0.129857674
v -0.247928247 0.296660542 0.129857674
v -0.247923806 0.296860188 0.128538206
v -0.222272158 0.296847224 0.128623962
v -0.247923806 0.296860188 0.128538206
v -0.247923806 0.299045861 0.128869176
v -0.222272158 0.299032897 0.128954887
v -0.247923806 0.299045861 0.128869176
v -0.247928247 0.298845947 0.130188644
v -0.222272158 0.299032897 0.128954887
v -0.247928247 0.298845947 0.130188644
v -0.247928247 0.296660542 0.129857674
v -0.222276658 0.296647578 0.12994343
v -0.222272158 0.296847224 0.128623962
v -0.222272158 0.299032897 0.128954887
v -0.222276658 0.296647578 0.12994343
v -0.247928247 0.308045328 0.131581783
v -0.247923806 0.308245242 0.130262285
v -0.247928247 0.305859923 0.131250829
v -0.247928247 0.305859923 0.131250829
v -0.247923806 0.306059569 0.129931316
v -0.222272158 0.306046605 0.130017102
v -0.247923806 0.306059569 0.129931316
v -0.247923806 0.308245242 0.130262285
v -0.222272158 0.308232039 0.130348042
v -0.247923806 0.308245242 0.130262285
v -0.247928247 0.308045328 0.131581783
v -0.222272158 0.308232039 0.130348042
v -0.247928247 0.308045328 0.131581783
v -0.247928247 0.305859923 0.131250829
v -0.222276658 0.305846959 0.131336585
v -0.222272158 0.306046605 0.130017102
v -0.222272158 0.308232039 0.130348042
v -0.222276658 0.305846959 0.131336585
v -0.247928247 0.319084406 0.13325353
v -0.247923806 0.31928432 0.131934032
v -0.247923806 0.317098916 0.131603062
v -0.247928247 0.316899002 0.132922575
v -0.247923806 0.317098916 0.131603062
v -0.222272158 0.317085952 0.131688818
v -0.247923806 0.317098916 0.131603062
v -0.247923806 0.31928432 0.131934032
v -0.222272158 0.319271386 0.132019788
v -0.247923806 0.31928432 0.131934032
v -0.247928247 0.319084406 0.13325353
v -0.222272158 0.319271386 0.132019788
v -0.247928247 0.319084406 0.13325353
v -0.247928247 0.316899002 0.132922575
v -0.222276658 0.316886067 0.133008331
v -0.222272158 0.317085952 0.131688818
v -0.222272158 0.319271386 0.132019788
v -0.222276658 0.319071472 0.133339286
v -0.247928247 0.32797721 0.134600222
v -0.247923806 0.328177094 0.133280739
v -0.247923806 0.32599169 0.132949769
v -0.247928247 0.325791806 0.134269282
v -0.247923806 0.32599169 0.132949769
v -0.222272158 0.325978756 0.133035526
v -0.247923806 0.32599169 0.132949769
v -0.247923806 0.328177094 0.133280739
v -0.222272158 0.32816416 0.133366466
v -0.247923806 0.328177094 0.133280739
v -0.247928247 0.32797721 0.134600222
v -0.222272158 0.32816416 0.133366466
v -0.247928247 0.32797721 0.134600222
v -0.247928247 0.325791806 0.134269282
v -0.222276658 0.325778842 0.134355009
v -0.222272158 0.325978756 0.133035526
v -0.222272158 0.32816416 0.133366466
v -0.222276658 0.327964246 0.134685978
v -0.247928247 0.338403165 0.136179104
v -0.247923806 0.33860305 0.134859607
v -0.247923806 0.336417645 0.134528667
v -0.247928247 0.336217761 0.13584815
v -0.247923806 0.336417645 0.134528667
v -0.222272158 0.336404681 0.134614393
v -0.247923806 0.336417645 0.134528667
v -0.247923806 0.33860305 0.134859607
v -0.222272158 0.338590115 0.134945363
v -0.247923806 0.33860305 0.134859607
v -0.247928247 0.338403165 0.136179104
v -0.222272158 0.338590115 0.134945363
v -0.247928247 0.338403165 0.136179104
v -0.247928247 0.336217761 0.13584815
v -0.222276658 0.336204797 0.135933906
v -0.222272158 0.336404681 0.134614393
v -0.222272158 0.338590115 0.134945363
v -0.222276658 0.338390201 0.136264861
v -0.247928262 0.347909123 0.137618676
v -0.247923806 0.348109007 0.136299193
v -0.247923806 0.345923573 0.135968238
v -0.247928262 0.345723689 0.137287751
v -0.247923806 0.345923573 0.135968238
v -0.222272158 0.345910639 0.136053964
v -0.247923806 0.345923573 0.135968238
v -0.247923806 0.348109007 0.136299193
v -0.222272158 0.348096043 0.136384934
v -0.247923806 0.348109007 0.136299193
v -0.247928262 0.347909123 0.137618676
v -0.222272158 0.348096043 0.136384934
v -0.247928262 0.347909123 0.137618676
v -0.247928262 0.345723689 0.137287751
v -0.222276673 0.345710725 0.137373462
v -0.222272158 0.345910639 0.136053964
v -0.222272158 0.348096043 0.136384934
v -0.222276673 0.347896159 0.137704432
v -0.247928262 0.358028442 0.139151141
v -0.247923821 0.358228356 0.137831643
v -0.247923821 0.356042951 0.137500674
v -0.247928262 0.355843037 0.138820171
v -0.247923821 0.356042951 0.137500674
v -0.222272173 0.356029987 0.13758643
v -0.247923821 0.356042951 0.137500674
v -0.247923821 0.358228356 0.137831643
v -0.222272173 0.358215421 0.137917385
v -0.247923821 0.358228356 0.137831643
v -0.247928262 0.358028442 0.139151141
v -0.222272173 0.358215421 0.137917385
v -0.247928262 0.358028442 0.139151141
v -0.247928262 0.355843037 0.138820171
v -0.222276673 0.355830103 0.138905928
v -0.222272173 0.356029987 0.13758643
v -0.222272173 0.358215421 0.137917385
v -0.222276673 0.358015507 0.139236897
v -0.224705428 0.397352993 0.146089152
v -0.224636346 0.397807658 0.143086955
v -0.227616921 0.397362888 0.146023646
v -0.227616921 0.397362888 0.146023646
v -0.227547839 0.397817582 0.143021464
v -0.227547824 0.239703402 0.119077019
v -0.227547839 0.397817582 0.143021464
v -0.224636346 0.397807658 0.143086955
v -0.224636331 0.239693508 0.119142495
v -0.224636346 0.397807658 0.143086955
v -0.224705428 0.397352993 0.146089152
v -0.224705413 0.239238769 0.122144699
v -0.224705428 0.397352993 0.146089152
v -0.227616921 0.397362888 0.146023646
v -0.227616906 0.239248693 0.122079223
v -0.241142884 0.395811975 -0.141473785
v -0.241073772 0.39497456 -0.144392416
v -0.243985265 0.394956261 -0.144456089
v -0.244054422 0.395793945 -0.141537473
v -0.243985265 0.394956261 -0.144456089
v -0.243985236 0.241244078 -0.100342713
v -0.243985265 0.394956261 -0.144456089
v -0.241073772 0.39497456 -0.144392416
v -0.241073787 0.241262332 -0.100279041
v -0.241073772 0.39497456 -0.144392416
v -0.241142884 0.395811975 -0.141473785
v -0.241073787 0.241262332 -0.100279041
v -0.241142884 0.395811975 -0.141473785
v -0.244054422 0.395793945 -0.141537473
v -0.244054347 0.242081687 -0.0974240974
v -0.247928202 0.382214099 -0.138582259
v -0.247923762 0.38184604 -0.139865041
v -0.247928202 0.380089641 -0.137972564
v -0.247928202 0.380089641 -0.137972564
v -0.247923762 0.379721344 -0.139255315
v -0.222272113 0.379745185 -0.139171943
v -0.247923762 0.379721344 -0.139255315
v -0.247923762 0.38184604 -0.139865041
v -0.222272113 0.381869912 -0.139781699
v -0.247923762 0.38184604 -0.139865041
v -0.247928202 0.382214099 -0.138582259
v -0.222272113 0.381869912 -0.139781699
v -0.247928202 0.382214099 -0.138582259
v -0.247928202 0.380089641 -0.137972564
v -0.222276613 0.380113512 -0.137889192
v -0.222272113 0.379745185 -0.139171943
v -0.222272113 0.381869912 -0.139781699
v -0.222276613 0.380113512 -0.137889192
v -0.247928217 0.372674614 -0.135844573
v -0.247923777 0.372306556 -0.137127355
v -0.247928262 0.370550156 -0.135234848
v -0.247928262 0.370550156 -0.135234848
v -0.247923777 0.370181859 -0.136517629
v -0.222272128 0.370205969 -0.136434287
v -0.247923777 0.370181859 -0.136517629
v -0.247923777 0.372306556 -0.137127355
v -0.222272128 0.370205969 -0.136434287
v -0.247923777 0.372306556 -0.137127355
v -0.247928217 0.372674614 -0.135844573
v -0.222276628 0.372698486 -0.135761201
v -0.247928217 0.372674614 -0.135844573
v -0.247928262 0.370550156 -0.135234848
v -0.222276628 0.370574027 -0.135151476
v -0.222272128 0.370205969 -0.136434287
v -0.222272128 0.372330427 -0.137043983
v -0.222276628 0.372698486 -0.135761201
v -0.247928262 0.365222007 -0.133705735
v -0.247923777 0.36485368 -0.134988517
v -0.247928262 0.36309728 -0.13309598
v -0.247928262 0.36309728 -0.13309598
v -0.247923777 0.362729222 -0.134378791
v -0.222276628 0.363121182 -0.133012682
v -0.247923777 0.362729222 -0.134378791
v -0.247923777 0.36485368 -0.134988517
v -0.222272128 0.362753123 -0.134295419
v -0.247923777 0.36485368 -0.134988517
v -0.247928262 0.365222007 -0.133705735
v -0.222276628 0.365245879 -0.133622408
v -0.247928262 0.365222007 -0.133705735
v -0.247928262 0.36309728 -0.13309598
v -0.222276628 0.363121182 -0.133012682
v -0.222272128 0.362753123 -0.134295419
v -0.222272128 0.36487782 -0.13490513
v -0.222276628 0.365245879 -0.133622408
v -0.247928217 0.26237461 -0.104189925
v -0.247923777 0.262006551 -0.105472699
v -0.247923777 0.259881854 -0.104862943
v -0.247928262 0.260249913 -0.103580199
v -0.247923777 0.259881854 -0.104862943
v -0.222272128 0.259905726 -0.104779616
v -0.247923777 0.259881854 -0.104862943
v -0.247923777 0.262006551 -0.105472699
v -0.222272128 0.259905726 -0.104779616
v -0.247923777 0.262006551 -0.105472699
v -0.247928217 0.26237461 -0.104189925
v -0.222276628 0.262398481 -0.104106553
v -0.247928217 0.26237461 -0.104189925
v -0.247928262 0.260249913 -0.103580199
v -0.222276628 0.260274023 -0.103496805
v -0.222272128 0.259905726 -0.104779616
v -0.222272128 0.262030452 -0.105389342
v -0.222276628 0.262398481 -0.104106553
v -0.247928262 0.271615893 -0.106842041
v -0.247923777 0.271247864 -0.108124845
v -0.247928262 0.269491434 -0.106232338
v -0.247928262 0.269491434 -0.106232338
v -0.247923777 0.269123137 -0.107515112
v -0.222272128 0.269147247 -0.107431754
v -0.247923777 0.269123137 -0.107515112
v -0.247923777 0.271247864 -0.108124845
v -0.222272128 0.271271706 -0.10804148
v -0.247923777 0.271247864 -0.108124845
v -0.247928262 0.271615893 -0.106842041
v -0.222272128 0.271271706 -0.10804148
v -0.247928262 0.271615893 -0.106842041
v -0.247928262 0.269491434 -0.106232338
v -0.222276628 0.269515306 -0.106148973
v -0.222272128 0.269147247 -0.107431754
v -0.222272128 0.271271706 -0.10804148
v -0.222276628 0.269515306 -0.106148973
v -0.247928262 0.281751513 -0.109750874
v -0.247923777 0.281383455 -0.111033641
v -0.247923777 0.279258996 -0.110423923
v -0.247928262 0.279627055 -0.109141149
v -0.247923777 0.279258996 -0.110423923
v -0.222272128 0.279282868 -0.110340528
v -0.247923777 0.279258996 -0.110423923
v -0.247923777 0.281383455 -0.111033641
v -0.222272128 0.281407326 -0.110950291
v -0.247923777 0.281383455 -0.111033641
v -0.247928262 0.281751513 -0.109750874
v -0.222272128 0.281407326 -0.110950291
v -0.247928262 0.281751513 -0.109750874
v -0.247928262 0.279627055 -0.109141149
v -0.222276628 0.279650927 -0.109057806
v -0.222272128 0.279282868 -0.110340528
v -0.222272128 0.281407326 -0.110950291
v -0.222276628 0.279650927 -0.109057806
v -0.247928262 0.290396631 -0.112231925
v -0.247923777 0.290028602 -0.113514669
v -0.247923777 0.287904143 -0.112904944
v -0.247928262 0.288272202 -0.111622199
v -0.247923777 0.287904143 -0.112904944
v -0.222272128 0.287928015 -0.112821579
v -0.247923777 0.287904143 -0.112904944
v -0.247923777 0.290028602 -0.113514669
v -0.222272128 0.290052474 -0.113431327
v -0.247923777 0.290028602 -0.113514669
v -0.247928262 0.290396631 -0.112231925
v -0.222276628 0.2904208 -0.112148553
v -0.247928262 0.290396631 -0.112231925
v -0.247928262 0.288272202 -0.111622199
v -0.222276628 0.288296074 -0.111538827
v -0.222272128 0.287928015 -0.112821579
v -0.222272128 0.290052474 -0.113431327
v -0.222276628 0.288296074 -0.111538827
v -0.247928262 0.299638182 -0.114884086
v -0.247923777 0.299269885 -0.116166808
v -0.247928262 0.297513485 -0.114274338
v -0.247928262 0.297513485 -0.114274338
v -0.247923777 0.297145426 -0.115557082
v -0.222272128 0.297169298 -0.11547374
v -0.247923777 0.297145426 -0.115557082
v -0.247923777 0.299269885 -0.116166808
v -0.222272128 0.297169298 -0.11547374
v -0.247923777 0.299269885 -0.116166808
v -0.247928262 0.299638182 -0.114884086
v -0.222272128 0.299294025 -0.116083466
v -0.247928262 0.299638182 -0.114884086
v -0.247928262 0.297513485 -0.114274338
v -0.222276628 0.297537357 -0.114190966
v -0.222272128 0.297169298 -0.11547374
v -0.222272128 0.299294025 -0.116083466
v -0.222276628 0.299662054 -0.114800692
v -0.247928262 0.308581293 -0.117450655
v -0.247923777 0.308213234 -0.118733406
v -0.247923777 0.306088775 -0.11812368
v -0.247928262 0.306456834 -0.116840936
v -0.247923777 0.306088775 -0.11812368
v -0.222272128 0.306112647 -0.118040338
v -0.247923777 0.306088775 -0.11812368
v -0.247923777 0.308213234 -0.118733406
v -0.222272128 0.306112647 -0.118040338
v -0.247923777 0.308213234 -0.118733406
v -0.247928262 0.308581293 -0.117450655
v -0.222272128 0.308237106 -0.118650056
v -0.247928262 0.308581293 -0.117450655
v -0.247928262 0.306456834 -0.116840936
v -0.222276628 0.306480676 -0.116757564
v -0.222272128 0.306112647 -0.118040338
v -0.222272128 0.308237106 -0.118650056
v -0.222276628 0.306480676 -0.116757564
v -0.247928217 0.319313288 -0.120530561
v -0.247923777 0.318945229 -0.121813342
v -0.247923777 0.316820532 -0.121203601
v -0.247928262 0.317188561 -0.119920835
v -0.247923777 0.316820532 -0.121203601
v -0.222276628 0.317212701 -0.119837485
v -0.247923777 0.316820532 -0.121203601
v -0.247923777 0.318945229 -0.121813342
v -0.222272128 0.318969131 -0.12172997
v -0.247923777 0.318945229 -0.121813342
v -0.247928217 0.319313288 -0.120530561
v -0.222272128 0.318969131 -0.12172997
v -0.247928217 0.319313288 -0.120530561
v -0.247928262 0.317188561 -0.119920835
v -0.222276628 0.317212701 -0.119837485
v -0.222272128 0.316844404 -0.121120237
v -0.222272128 0.318969131 -0.12172997
v -0.222276628 0.317212701 -0.119837485
v -0.247928262 0.327958405 -0.123011634
v -0.247923777 0.327590138 -0.124294356
v -0.247923777 0.325465679 -0.12368463
v -0.247928262 0.325833708 -0.122401848
v -0.247923777 0.325465679 -0.12368463
v -0.222272128 0.325489551 -0.12360128
v -0.247923777 0.325465679 -0.12368463
v -0.247923777 0.327590138 -0.124294356
v -0.222272128 0.327614248 -0.124210984
v -0.247923777 0.327590138 -0.124294356
v -0.247928262 0.327958405 -0.123011634
v -0.222272128 0.327614248 -0.124210984
v -0.247928262 0.327958405 -0.123011634
v -0.247928262 0.325833708 -0.122401848
v -0.222276628 0.325857848 -0.122318514
v -0.222272128 0.325489551 -0.12360128
v -0.222272128 0.327614248 -0.124210984
v -0.222276628 0.325857848 -0.122318514
v -0.247928217 0.338094026 -0.125920385
v -0.247923777 0.337725997 -0.127203166
v -0.247928262 0.335969567 -0.125310674
v -0.247928262 0.335969567 -0.125310674
v -0.247923777 0.3356013 -0.126593441
v -0.222272128 0.335625142 -0.126510069
v -0.247923777 0.3356013 -0.126593441
v -0.247923777 0.337725997 -0.127203166
v -0.222272128 0.335625142 -0.126510069
v -0.247923777 0.337725997 -0.127203166
v -0.247928217 0.338094026 -0.125920385
v -0.222276628 0.338117927 -0.125837073
v -0.247928217 0.338094026 -0.125920385
v -0.247928262 0.335969567 -0.125310674
v -0.222276628 0.335993469 -0.125227317
v -0.222272128 0.335625142 -0.126510069
v -0.222272128 0.337749869 -0.127119824
v -0.222276628 0.335993469 -0.125227317
v -0.247928262 0.347335309 -0.128572583
v -0.247923777 0.34696725 -0.129855275
v -0.247923777 0.344842821 -0.129245579
v -0.247928262 0.34521085 -0.127962828
v -0.247923777 0.344842821 -0.129245579
v -0.222276628 0.345234722 -0.127879456
v -0.247923777 0.344842821 -0.129245579
v -0.247923777 0.34696725 -0.129855275
v -0.222272128 0.346991152 -0.129771963
v -0.247923777 0.34696725 -0.129855275
v -0.247928262 0.347335309 -0.128572583
v -0.222276628 0.34735918 -0.128489181
v -0.247928262 0.347335309 -0.128572583
v -0.247928262 0.34521085 -0.127962828
v -0.222276628 0.345234722 -0.127879456
v -0.222272128 0.344866693 -0.129162237
v -0.222272128 0.346991152 -0.129771963
v -0.222276628 0.34735918 -0.128489181
v -0.247928217 0.357172996 -0.131395817
v -0.247923777 0.356804937 -0.132678568
v -0.247928262 0.355048537 -0.130786061
v -0.247928262 0.355048537 -0.130786061
v -0.247923777 0.35468024 -0.132068843
v -0.222272128 0.354704112 -0.131985471
v -0.247923777 0.35468024 -0.132068843
v -0.247923777 0.356804937 -0.132678568
v -0.222272128 0.356828809 -0.132595196
v -0.247923777 0.356804937 -0.132678568
v -0.247928217 0.357172996 -0.131395817
v -0.222272128 0.356828809 -0.132595196
v -0.247928217 0.357172996 -0.131395817
v -0.247928262 0.355048537 -0.130786061
v -0.222276628 0.355072409 -0.130702689
v -0.222272128 0.354704112 -0.131985471
v -0.222272128 0.356828809 -0.132595196
v -0.222276628 0.355072409 -0.130702689
v -0.224705368 0.395812243 -0.141473785
v -0.224636286 0.39497456 -0.144392401
v -0.22754778 0.394956261 -0.144456074
v -0.227616861 0.395793945 -0.141537473
v -0.22754778 0.394956261 -0.144456074
v -0.227547795 0.241244122 -0.100342713
v -0.22754778 0.394956261 -0.144456074
v -0.224636286 0.39497456 -0.144392401
v -0.224636301 0.241262391 -0.100279033
v -0.224636286 0.39497456 -0.144392401
v -0.224705368 0.395812243 -0.141473785
v -0.224705383 0.2421 -0.0973604172
v -0.224705368 0.395812243 -0.141473785
v -0.227616861 0.395793945 -0.141537473
v -0.227616876 0.242081717 -0.0974240974
v 0.0744408891 0.223479986 -0.252179325
v 0.0744408891 0.231015921 -0.252179325
v 0.0819768161 0.231015921 -0.252179325
v 0.0819768161 0.223479986 -0.252179325
v 0.0819768161 0.231015921 -0.252179325
v 0.0819768086 0.231015921 -0.227580979
v 0.0819768161 0.231015921 -0.252179325
v 0.0744408891 0.231015921 -0.252179325
v 0.0744408816 0.231015921 -0.227580979
v 0.0744408891 0.231015921 -0.252179325
v 0.0744408891 0.223479986 -0.252179325
v 0.0744408816 0.223479986 -0.227580979
v 0.0744408891 0.223479986 -0.252179325
v 0.0819768161 0.223479986 -0.252179325
v 0.0819768086 0.223479986 -0.227580979
v -0.151736408 0.223479986 -0.252179354
v -0.151736408 0.231015921 -0.252179354
v -0.144200474 0.231015921 -0.252179354
v -0.144200474 0.223479986 -0.252179354
v -0.144200474 0.231015921 -0.252179354
v -0.144200489 0.231015921 -0.227581024
v -0.144200474 0.231015921 -0.252179354
v -0.151736408 0.231015921 -0.252179354
v -0.151736423 0.231015921 -0.227581024
v -0.151736408 0.231015921 -0.252179354
v -0.151736408 0.223479986 -0.252179354
v -0.151736423 0.223479986 -0.227581024
v -0.151736408 0.223479986 -0.252179354
v -0.144200474 0.223479986 -0.252179354
v -0.144200489 0.223479986 -0.227581024
v -0.104913257 0.223479986 -0.252179354
v -0.104913257 0.231015921 -0.252179354
v -0.0973773301 0.231015921 -0.252179325
v -0.0973773301 0.223479986 -0.252179325
v -0.0973773301 0.231015921 -0.252179325
v -0.0973773375 0.231015921 -0.227581009
v -0.0973773301 0.231015921 -0.252179325
v -0.104913257 0.231015921 -0.252179354
v -0.104913265 0.231015921 -0.227581009
v -0.104913257 0.231015921 -0.252179354
v -0.104913257 0.223479986 -0.252179354
v -0.104913265 0.223479986 -0.227581009
v -0.104913257 0.223479986 -0.252179354
v -0.0973773301 0.223479986 -0.252179325
v -0.0973773375 0.223479986 -0.227581009
v -0.0631981045 0.223479986 -0.252179325
v -0.0631981045 0.231015921 -0.252179325
v -0.0556621812 0.231015921 -0.252179325
v -0.0556621812 0.223479986 -0.252179325
v -0.0556621812 0.231015921 -0.252179325
v -0.055662185 0.231015921 -0.227581009
v -0.0556621812 0.231015921 -0.252179325
v -0.0631981045 0.231015921 -0.252179325
v -0.063198112 0.231015921 -0.227581009
v -0.0631981045 0.231015921 -0.252179325
v -0.0631981045 0.223479986 -0.252179325
v -0.063198112 0.223479986 -0.227581009
v -0.0631981045 0.223479986 -0.252179325
v -0.0556621812 0.223479986 -0.252179325
v -0.055662185 0.223479986 -0.227581009
v -0.0193201527 0.223479986 -0.252179325
v -0.0193201527 0.231015921 -0.252179325
v -0.0117842183 0.231015921 -0.252179325
v -0.0117842183 0.223479986 -0.252179325
v -0.0117842183 0.231015921 -0.252179325
v -0.011784222 0.231015921 -0.227580994
v -0.0117842183 0.231015921 -0.252179325
v -0.0193201527 0.231015921 -0.252179325
v -0.0193201564 0.231015921 -0.227580994
v -0.0193201527 0.231015921 -0.252179325
v -0.0193201527 0.223479986 -0.252179325
v -0.0193201564 0.223479986 -0.227580994
v -0.0193201527 0.223479986 -0.252179325
v -0.0117842183 0.223479986 -0.252179325
v -0.011784222 0.223479986 -0.227580994
v 0.0242555253 0.223479986 -0.252179325
v 0.0242555253 0.231015921 -0.252179325
v 0.0317914449 0.231015921 -0.252179325
v 0.0317914449 0.223479986 -0.252179325
v 0.0317914449 0.231015921 -0.252179325
v 0.0317914411 0.231015921 -0.227580994
v 0.0317914449 0.231015921 -0.252179325
v 0.0242555253 0.231015921 -0.252179325
v 0.0242555216 0.231015921 -0.227580994
v 0.0242555253 0.231015921 -0.252179325
v 0.0242555253 0.223479986 -0.252179325
v 0.0242555216 0.223479986 -0.227580994
v 0.0242555253 0.223479986 -0.252179325
v 0.0317914449 0.223479986 -0.252179325
v 0.0317914411 0.223479986 -0.227580994
v 0.290277004 0.246534079 0.143926024
v 0.290277004 0.254069835 0.143926024
v 0.290277004 0.254069835 0.151461929
v 0.290277004 0.246534079 0.151461929
v 0.290277004 0.254069835 0.151461929
v 0.265678883 0.254069835 0.151461914
v 0.290277004 0.254069835 0.151461929
v 0.290277004 0.254069835 0.143926024
v 0.265678883 0.254069835 0.143926024
v 0.290277004 0.254069835 0.143926024
v 0.290277004 0.246534079 0.143926024
v 0.265678883 0.246534079 0.143926024
v 0.290277004 0.246534079 0.143926024
v 0.290277004 0.246534079 0.151461929
v 0.265678883 0.246534079 0.151461914
v 0.291758358 0.223479986 0.144044623
v 0.291758358 0.231015921 0.144044623
v 0.291758358 0.231015921 0.151580513
v 0.291758358 0.223479986 0.151580513
v 0.291758358 0.231015921 0.151580513
v 0.267159969 0.231015921 0.151580513
v 0.291758358 0.231015921 0.151580513
v 0.291758358 0.231015921 0.144044623
v 0.267159969 0.231015921 0.144044623
v 0.291758358 0.231015921 0.144044623
v 0.291758358 0.223479986 0.144044623
v 0.267159969 0.223479986 0.144044623
v 0.291758358 0.223479986 0.144044623
v 0.291758358 0.223479986 0.151580513
v 0.267159969 0.223479986 0.151580513
v 0.291758358 0.223479986 0.181604907
v 0.291758358 0.231015921 0.181604907
v 0.291758358 0.231015921 0.189140812
v 0.291758358 0.223479986 0.189140812
v 0.291758358 0.231015921 0.189140812
v 0.267159969 0.231015921 0.189140812
v 0.291758358 0.231015921 0.189140812
v 0.291758358 0.231015921 0.181604907
v 0.267159969 0.231015921 0.181604907
v 0.291758358 0.231015921 0.181604907
v 0.291758358 0.223479986 0.181604907
v 0.267159969 0.223479986 0.181604907
v 0.291758358 0.223479986 0.181604907
v 0.291758358 0.223479986 0.189140812
v 0.267159969 0.223479986 0.189140812
v 0.291758358 0.223479986 0.238839626
v 0.291758358 0.231015921 0.238839626
v 0.291758358 0.231015921 0.246375516
v 0.291758358 0.223479986 0.246375516
v 0.291758358 0.231015921 0.246375516
v 0.267159969 0.231015921 0.246375501
v 0.291758358 0.231015921 0.246375516
v 0.291758358 0.231015921 0.238839626
v 0.267159969 0.231015921 0.238839626
v 0.291758358 0.231015921 0.238839626
v 0.291758358 0.223479986 0.238839626
v 0.267159969 0.223479986 0.238839626
v 0.291758358 0.223479986 0.238839626
v 0.291758358 0.223479986 0.246375516
v 0.267159969 0.223479986 0.246375501
v -0.147952765 0.223479986 0.275610805
v -0.147952765 0.231015921 0.275610805
v -0.155488715 0.231015921 0.275610775
v -0.155488715 0.223479986 0.275610775
v -0.155488715 0.231015921 0.275610775
v -0.155488715 0.231015921 0.251012594
v -0.155488715 0.231015921 0.275610775
v -0.147952765 0.231015921 0.275610805
v -0.147952765 0.231015921 0.251012594
v -0.147952765 0.231015921 0.275610805
v -0.147952765 0.223479986 0.275610805
v -0.147952765 0.223479986 0.251012594
v -0.147952765 0.223479986 0.275610805
v -0.155488715 0.223479986 0.275610775
v -0.155488715 0.223479986 0.251012594
v -0.0588389896 0.223479986 0.275610805
v -0.0588389896 0.231015921 0.275610805
v -0.0663749427 0.231015921 0.275610805
v -0.0663749427 0.223479986 0.275610805
v -0.0663749427 0.231015921 0.275610805
v -0.0663749352 0.231015921 0.251012623
v -0.0663749427 0.231015921 0.275610805
v -0.0588389896 0.231015921 0.275610805
v -0.0588389859 0.231015921 0.251012623
v -0.0588389896 0.231015921 0.275610805
v -0.0588389896 0.223479986 0.275610805
v -0.0588389859 0.223479986 0.251012623
v -0.0588389896 0.223479986 0.275610805
v -0.0663749427 0.223479986 0.275610805
v -0.0663749352 0.223479986 0.251012623
v -0.105025031 0.223479986 0.275610805
v -0.105025031 0.231015921 0.275610805
v -0.11256095 0.231015921 0.275610805
v -0.11256095 0.223479986 0.275610805
v -0.11256095 0.231015921 0.275610805
v -0.112560943 0.231015921 0.251012623
v -0.11256095 0.231015921 0.275610805
v -0.105025031 0.231015921 0.275610805
v -0.105025023 0.231015921 0.251012623
v -0.105025031 0.231015921 0.275610805
v -0.105025031 0.223479986 0.275610805
v -0.105025023 0.223479986 0.251012623
v -0.105025031 0.223479986 0.275610805
v -0.11256095 0.223479986 0.275610805
v -0.112560943 0.223479986 0.251012623
v -0.010779581 0.223479986 0.275610805
v -0.010779581 0.231015921 0.275610805
v -0.0183155108 0.231015921 0.275610805
v -0.0183155108 0.223479986 0.275610805
v -0.0183155108 0.231015921 0.275610805
v -0.0183155071 0.231015921 0.251012623
v -0.0183155108 0.231015921 0.275610805
v -0.010779581 0.231015921 0.275610805
v -0.0107795773 0.231015921 0.251012623
v -0.010779581 0.231015921 0.275610805
v -0.010779581 0.223479986 0.275610805
v -0.0107795773 0.223479986 0.251012623
v -0.010779581 0.223479986 0.275610805
v -0.0183155108 0.223479986 0.275610805
v -0.0183155071 0.223479986 0.251012623
v 0.119345106 0.223479986 0.275610834
v 0.119345106 0.231015921 0.275610834
v 0.111809179 0.231015921 0.275610834
v 0.111809179 0.223479986 0.275610834
v 0.111809179 0.231015921 0.275610834
v 0.111809187 0.231015921 0.251012653
v 0.111809179 0.231015921 0.275610834
v 0.119345106 0.231015921 0.275610834
v 0.119345114 0.231015921 0.251012653
v 0.119345106 0.231015921 0.275610834
v 0.119345106 0.223479986 0.275610834
v 0.119345114 0.223479986 0.251012653
v 0.119345106 0.223479986 0.275610834
v 0.111809179 0.223479986 0.275610834
v 0.111809187 0.223479986 0.251012653
v 0.0250996556 0.223479986 0.275610805
v 0.0250996556 0.231015921 0.275610805
v 0.0175637268 0.231015921 0.275610805
v 0.0175637268 0.223479986 0.275610805
v 0.0175637268 0.231015921 0.275610805
v 0.0175637305 0.231015921 0.251012623
v 0.0175637268 0.231015921 0.275610805
v 0.0250996556 0.231015921 0.275610805
v 0.0250996593 0.231015921 0.251012623
v 0.0250996556 0.231015921 0.275610805
v 0.0250996556 0.223479986 0.275610805
v 0.0250996593 0.223479986 0.251012623
v 0.0250996556 0.223479986 0.275610805
v 0.0175637268 0.223479986 0.275610805
v 0.0175637305 0.223479986 0.251012623
v 0.0712856874 0.223479986 0.275610834
v 0.0712856874 0.231015921 0.275610834
v 0.0637497604 0.231015921 0.275610834
v 0.0637497604 0.223479986 0.275610834
v 0.0637497604 0.231015921 0.275610834
v 0.0637497678 0.231015921 0.251012653
v 0.0637497604 0.231015921 0.275610834
v 0.0712856874 0.231015921 0.275610834
v 0.0712856948 0.231015921 0.251012653
v 0.0712856874 0.231015921 0.275610834
v 0.0712856874 0.223479986 0.275610834
v 0.0712856948 0.223479986 0.251012653
v 0.0712856874 0.223479986 0.275610834
v 0.0637497604 0.223479986 0.275610834
v 0.0637497678 0.223479986 0.251012653
v 0.20677641 0.223479986 0.275610834
v 0.20677641 0.231015921 0.275610834
v 0.199240401 0.231015921 0.275610834
v 0.199240401 0.223479986 0.275610834
v 0.199240401 0.231015921 0.275610834
v 0.199240401 0.231015921 0.251012653
v 0.199240401 0.231015921 0.275610834
v 0.20677641 0.231015921 0.275610834
v 0.20677641 0.231015921 0.251012653
v 0.20677641 0.231015921 0.275610834
v 0.20677641 0.223479986 0.275610834
v 0.20677641 0.223479986 0.251012653
v 0.20677641 0.223479986 0.275610834
v 0.199240401 0.223479986 0.275610834
v 0.199240401 0.223479986 0.251012653
v 0.160590291 0.223479986 0.275610834
v 0.160590291 0.231015921 0.275610834
v 0.153054357 0.231015921 0.275610834
v 0.153054357 0.223479986 0.275610834
v 0.153054357 0.231015921 0.275610834
v 0.153054357 0.231015921 0.251012653
v 0.153054357 0.231015921 0.275610834
v 0.160590291 0.231015921 0.275610834
v 0.160590291 0.231015921 0.251012653
v 0.160590291 0.231015921 0.275610834
v 0.160590291 0.223479986 0.275610834
v 0.160590291 0.223479986 0.251012653
v 0.160590291 0.223479986 0.275610834
v 0.153054357 0.223479986 0.275610834
v 0.153054357 0.223479986 0.251012653
v 0.254835874 0.223479986 0.275610864
v 0.254835874 0.231015921 0.275610864
v 0.247299835 0.231015921 0.275610864
v 0.247299835 0.223479986 0.275610864
v 0.247299835 0.231015921 0.275610864
v 0.247299835 0.231015921 0.251012683
v 0.247299835 0.231015921 0.275610864
v 0.254835874 0.231015921 0.275610864
v 0.254835904 0.231015921 0.251012683
v 0.254835874 0.231015921 0.275610864
v 0.254835874 0.223479986 0.275610864
v 0.254835904 0.223479986 0.251012683
v 0.254835874 0.223479986 0.275610864
v 0.247299835 0.223479986 0.275610864
v 0.247299835 0.223479986 0.251012683
v 0.290277004 0.246534079 0.181073666
v 0.290277004 0.254069835 0.181073666
v 0.290277004 0.254069835 0.18860957
v 0.290277004 0.246534079 0.18860957
v 0.290277004 0.254069835 0.18860957
v 0.265678883 0.254069835 0.18860957
v 0.290277004 0.254069835 0.18860957
v 0.290277004 0.254069835 0.181073666
v 0.265678883 0.254069835 0.181073666
v 0.290277004 0.254069835 0.181073666
v 0.290277004 0.246534079 0.181073666
v 0.265678883 0.246534079 0.181073666
v 0.290277004 0.246534079 0.181073666
v 0.290277004 0.246534079 0.18860957
v 0.265678883 0.246534079 0.18860957
v 0.291386992 0.246534079 0.239041194
v 0.291386992 0.254069835 0.239041194
v 0.291386992 0.254069835 0.246577099
v 0.291386992 0.246534079 0.246577099
v 0.291386992 0.254069835 0.246577099
v 0.266788632 0.254069835 0.246577099
v 0.291386992 0.254069835 0.246577099
v 0.291386992 0.254069835 0.239041194
v 0.266788632 0.254069835 0.239041194
v 0.291386992 0.254069835 0.239041194
v 0.291386992 0.246534079 0.239041194
v 0.266788632 0.246534079 0.239041194
v 0.291386992 0.246534079 0.239041194
v 0.291386992 0.246534079 0.246577099
v 0.266788632 0.246534079 0.246577099
v 0.254835874 0.246534079 0.275610864
v 0.254835874 0.254069835 0.275610864
v 0.247299835 0.254069835 0.275610864
v 0.247299835 0.246534079 0.275610864
v 0.247299835 0.254069835 0.275610864
v 0.247299835 0.254069835 0.251012683
v 0.247299835 0.254069835 0.275610864
v 0.254835874 0.254069835 0.275610864
v 0.254835904 0.254069835 0.251012683
v 0.254835874 0.254069835 0.275610864
v 0.254835874 0.246534079 0.275610864
v 0.254835904 0.246534079 0.251012683
v 0.254835874 0.246534079 0.275610864
v 0.247299835 0.246534079 0.275610864
v 0.247299835 0.246534079 0.251012683
v 0.160590291 0.246534079 0.275610834
v 0.160590291 0.254069835 0.275610834
v 0.153054357 0.254069835 0.275610834
v 0.153054357 0.246534079 0.275610834
v 0.153054357 0.254069835 0.275610834
v 0.153054357 0.254069835 0.251012653
v 0.153054357 0.254069835 0.275610834
v 0.160590291 0.254069835 0.275610834
v 0.160590291 0.254069835 0.251012653
v 0.160590291 0.254069835 0.275610834
v 0.160590291 0.246534079 0.275610834
v 0.160590291 0.246534079 0.251012653
v 0.160590291 0.246534079 0.275610834
v 0.153054357 0.246534079 0.275610834
v 0.153054357 0.246534079 0.251012653
v 0.20677641 0.246534079 0.275610834
v 0.20677641 0.254069835 0.275610834
v 0.199240401 0.254069835 0.275610834
v 0.199240401 0.246534079 0.275610834
v 0.199240401 0.254069835 0.275610834
v 0.199240401 0.254069835 0.251012653
v 0.199240401 0.254069835 0.275610834
v 0.20677641 0.254069835 0.275610834
v 0.20677641 0.254069835 0.251012653
v 0.20677641 0.254069835 0.275610834
v 0.20677641 0.246534079 0.275610834
v 0.20677641 0.246534079 0.251012653
v 0.20677641 0.246534079 0.275610834
v 0.199240401 0.246534079 0.275610834
v 0.199240401 0.246534079 0.251012653
v -0.320943713 0.30888176 -0.219515935
v -0.298259974 0.30888176 -0.219515905
v -0.298259974 0.324446112 -0.219515905
v -0.320943713 0.324446112 -0.219515935
v -0.298259974 0.324446112 -0.219515905
v -0.298259974 0.324446112 -0.235080302
v -0.320943713 0.324446112 -0.235080346
v -0.298259974 0.324446112 -0.235080302
v -0.298259974 0.30888176 -0.235080302
v -0.320943713 0.30888176 -0.235080346
v -0.298259974 0.30888176 -0.235080302
v -0.320943713 0.30888176 -0.219515935
v -0.320943713 0.30888176 -0.235080346
v -0.320943713 0.30888176 -0.219515935
v -0.320943713 0.324446112 -0.219515935
v -0.298259974 0.324446112 -0.219515905
v -0.298259974 0.30888176 -0.219515905
v -0.298259974 0.30888176 -0.235080302
v -0.271254957 0.307734936 -0.141314566
v -0.271254957 0.307734936 -0.118630946
v -0.271254957 0.323299289 -0.118630946
v -0.271254957 0.323299289 -0.141314566
v -0.271254957 0.323299289 -0.118630946
v -0.255690575 0.323299289 -0.118630938
v -0.255690575 0.323299289 -0.141314566
v -0.255690575 0.323299289 -0.118630938
v -0.255690575 0.307734936 -0.118630938
v -0.255690575 0.307734936 -0.141314566
v -0.255690575 0.307734936 -0.118630938
v -0.271254957 0.307734936 -0.118630946
v -0.255690575 0.307734936 -0.141314566
v -0.271254957 0.307734936 -0.141314566
v -0.271254957 0.323299289 -0.141314566
v -0.271254957 0.323299289 -0.118630946
v -0.271254957 0.307734936 -0.118630946
v -0.255690575 0.307734936 -0.118630938
v -0.211899221 0.307734936 -0.141314551
v -0.211899236 0.307734936 -0.118630931
v -0.211899236 0.323299289 -0.118630931
v -0.211899221 0.323299289 -0.141314551
v -0.211899236 0.323299289 -0.118630931
v -0.196334824 0.323299289 -0.118630931
v -0.196334779 0.323299289 -0.141314551
v -0.196334824 0.323299289 -0.118630931
v -0.196334824 0.307734936 -0.118630931
v -0.196334779 0.307734936 -0.141314551
v -0.196334824 0.307734936 -0.118630931
v -0.211899221 0.307734936 -0.141314551
v -0.196334779 0.307734936 -0.141314551
v -0.211899221 0.307734936 -0.141314551
v -0.211899221 0.323299289 -0.141314551
v -0.211899236 0.323299289 -0.118630931
v -0.211899236 0.307734936 -0.118630931
v -0.196334824 0.307734936 -0.118630931
v -0.147903383 0.312026799 -0.179072335
v -0.170587003 0.312026799 -0.179072335
v -0.170587003 0.327591151 -0.179072335
v -0.147903383 0.327591151 -0.179072335
v -0.170587003 0.327591151 -0.179072335
v -0.170587003 0.327591151 -0.163507983
v -0.147903383 0.327591151 -0.163507983
v -0.170587003 0.327591151 -0.163507983
v -0.170587003 0.312026799 -0.163507983
v -0.147903383 0.312026799 -0.163507983
v -0.170587003 0.312026799 -0.163507983
v -0.170587003 0.312026799 -0.179072335
v -0.147903383 0.312026799 -0.163507983
v -0.147903383 0.312026799 -0.179072335
v -0.147903383 0.327591151 -0.179072335
v -0.170587003 0.327591151 -0.179072335
v -0.170587003 0.312026799 -0.179072335
v -0.170587003 0.312026799 -0.163507983
v -0.147903338 0.312026799 -0.241875589
v -0.170586959 0.312026799 -0.241875589
v -0.170586959 0.327591151 -0.241875589
v -0.147903338 0.327591151 -0.241875589
v -0.170586959 0.327591151 -0.241875589
v -0.170586973 0.327591151 -0.226311207
v -0.147903353 0.327591151 -0.226311207
v -0.170586973 0.327591151 -0.226311207
v -0.170586973 0.312026799 -0.226311207
v -0.147903353 0.312026799 -0.226311207
v -0.170586973 0.312026799 -0.226311207
v -0.170586959 0.312026799 -0.241875589
v -0.147903353 0.312026799 -0.226311207
v -0.147903338 0.312026799 -0.241875589
v -0.147903338 0.327591151 -0.241875589
v -0.170586959 0.327591151 -0.241875589
v -0.170586959 0.312026799 -0.241875589
v -0.170586973 0.312026799 -0.226311207
v -0.211899161 0.307734936 -0.273352057
v -0.211899161 0.307734936 -0.250668287
v -0.211899161 0.323299289 -0.250668287
v -0.211899161 0.323299289 -0.273352057
v -0.211899161 0.323299289 -0.250668287
v -0.196334764 0.323299289 -0.250668287
v -0.196334735 0.323299289 -0.273352057
v -0.196334764 0.323299289 -0.250668287
v -0.196334764 0.307734936 -0.250668287
v -0.196334735 0.307734936 -0.273352057
v -0.196334764 0.307734936 -0.250668287
v -0.211899161 0.307734936 -0.273352057
v -0.196334735 0.307734936 -0.273352057
v -0.211899161 0.307734936 -0.273352057
v -0.211899161 0.323299289 -0.273352057
v -0.211899161 0.323299289 -0.250668287
v -0.211899161 0.307734936 -0.250668287
v -0.196334764 0.307734936 -0.250668287
v -0.271254957 0.307734936 -0.273352057
v -0.271254957 0.307734936 -0.250668287
v -0.271254957 0.323299289 -0.250668287
v -0.271254957 0.323299289 -0.273352057
v -0.271254957 0.323299289 -0.250668287
v -0.255690575 0.323299289 -0.250668287
v -0.255690575 0.323299289 -0.273352057
v -0.255690575 0.323299289 -0.250668287
v -0.255690575 0.307734936 -0.250668287
v -0.255690575 0.307734936 -0.273352057
v -0.255690575 0.307734936 -0.250668287
v -0.271254957 0.307734936 -0.250668287
v -0.255690575 0.307734936 -0.273352057
v -0.271254957 0.307734936 -0.273352057
v -0.271254957 0.323299289 -0.273352057
v -0.271254957 0.323299289 -0.250668287
v -0.271254957 0.307734936 -0.250668287
v -0.255690575 0.307734936 -0.250668287
v -0.276143491 0.307734936 0.126230076
v -0.276143491 0.307734936 0.148913726
v -0.276143491 0.323299289 0.148913726
v -0.276143491 0.323299289 0.126230076
v -0.276143491 0.323299289 0.148913726
v -0.260579139 0.323299289 0.148913741
v -0.260579139 0.323299289 0.126230076
v -0.260579139 0.323299289 0.148913741
v -0.260579139 0.307734936 0.148913741
v -0.260579139 0.307734936 0.126230076
v -0.260579139 0.307734936 0.148913741
v -0.276143491 0.307734936 0.148913726
v -0.260579139 0.307734936 0.126230076
v -0.276143491 0.307734936 0.126230076
v -0.276143491 0.323299289 0.126230076
v -0.276143491 0.323299289 0.148913726
v -0.276143491 0.307734936 0.148913726
v -0.260579139 0.307734936 0.148913741
v -0.216787815 0.307734936 0.126230091
v -0.21678783 0.307734936 0.148913741
v -0.21678783 0.323299289 0.148913741
v -0.216787815 0.323299289 0.126230091
v -0.21678783 0.323299289 0.148913741
v -0.201223448 0.323299289 0.148913741
v -0.201223433 0.323299289 0.126230091
v -0.201223448 0.323299289 0.148913741
v -0.201223448 0.307734936 0.148913741
v -0.201223433 0.307734936 0.126230091
v -0.201223448 0.307734936 0.148913741
v -0.21678783 0.307734936 0.148913741
v -0.201223433 0.307734936 0.126230091
v -0.216787815 0.307734936 0.126230091
v -0.216787815 0.323299289 0.126230091
v -0.21678783 0.323299289 0.148913741
v -0.21678783 0.307734936 0.148913741
v -0.201223448 0.307734936 0.148913741
v -0.147932306 0.312026799 0.160379887
v -0.170615926 0.312026799 0.160379887
v -0.170615926 0.327591151 0.160379887
v -0.147932306 0.327591151 0.160379887
v -0.170615926 0.327591151 0.160379887
v -0.170615926 0.327591151 0.175944269
v -0.147932306 0.327591151 0.175944269
v -0.170615926 0.327591151 0.175944269
v -0.170615926 0.312026799 0.175944269
v -0.147932306 0.312026799 0.175944269
v -0.170615926 0.312026799 0.175944269
v -0.170615926 0.312026799 0.160379887
v -0.147932306 0.312026799 0.175944269
v -0.147932306 0.312026799 0.160379887
v -0.147932306 0.327591151 0.160379887
v -0.170615926 0.327591151 0.160379887
v -0.170615926 0.312026799 0.160379887
v -0.170615926 0.312026799 0.175944269
v -0.147932321 0.312026799 0.22318317
v -0.170615941 0.312026799 0.22318317
v -0.170615941 0.327591151 0.22318317
v -0.147932321 0.327591151 0.22318317
v -0.170615941 0.327591151 0.22318317
v -0.170615956 0.327591151 0.238747537
v -0.147932336 0.327591151 0.238747537
v -0.170615956 0.327591151 0.238747537
v -0.170615956 0.312026799 0.238747537
v -0.147932336 0.312026799 0.238747537
v -0.170615956 0.312026799 0.238747537
v -0.170615941 0.312026799 0.22318317
v -0.147932336 0.312026799 0.238747537
v -0.147932321 0.312026799 0.22318317
v -0.147932321 0.327591151 0.22318317
v -0.170615941 0.327591151 0.22318317
v -0.170615941 0.312026799 0.22318317
v -0.170615956 0.312026799 0.238747537
v -0.216787905 0.307734936 0.254926324
v -0.216787905 0.307734936 0.277610034
v -0.216787905 0.323299289 0.277610034
v -0.216787905 0.323299289 0.254926324
v -0.216787905 0.323299289 0.277610034
v -0.201223493 0.323299289 0.277610034
v -0.201223493 0.323299289 0.254926324
v -0.201223493 0.323299289 0.277610034
v -0.201223493 0.307734936 0.277610034
v -0.201223493 0.307734936 0.254926324
v -0.201223493 0.307734936 0.277610034
v -0.216787905 0.307734936 0.277610034
v -0.201223493 0.307734936 0.254926324
v -0.216787905 0.307734936 0.254926324
v -0.216787905 0.323299289 0.254926324
v -0.216787905 0.323299289 0.277610034
v -0.216787905 0.307734936 0.277610034
v -0.201223493 0.307734936 0.277610034
v -0.320972711 0.30888176 0.241633773
v -0.298289001 0.30888176 0.241633773
v -0.298289001 0.324446112 0.241633773
v -0.320972711 0.324446112 0.241633773
v -0.298289001 0.324446112 0.241633773
v -0.298289001 0.324446112 0.226069361
v -0.320972711 0.324446112 0.226069331
v -0.298289001 0.324446112 0.226069361
v -0.298289001 0.30888176 0.226069361
v -0.320972711 0.30888176 0.226069331
v -0.298289001 0.30888176 0.226069361
v -0.298289001 0.30888176 0.241633773
v -0.320972711 0.30888176 0.226069331
v -0.320972711 0.30888176 0.241633773
v -0.320972711 0.324446112 0.241633773
v -0.298289001 0.324446112 0.241633773
v -0.298289001 0.30888176 0.241633773
v -0.298289001 0.30888176 0.226069361
v -0.276143759 0.307734936 0.254926294
v -0.276143789 0.307734936 0.277610004
v -0.276143789 0.323299289 0.277610004
v -0.276143759 0.323299289 0.254926294
v -0.276143789 0.323299289 0.277610004
v -0.260579169 0.323299289 0.277610034
v -0.260579139 0.323299289 0.254926294
v -0.260579169 0.323299289 0.277610034
v -0.260579169 0.307734936 0.277610034
v -0.260579139 0.307734936 0.254926294
v -0.260579169 0.307734936 0.277610034
v -0.276143789 0.307734936 0.277610004
v -0.260579139 0.307734936 0.254926294
v -0.276143759 0.307734936 0.254926294
v -0.276143759 0.323299289 0.254926294
v -0.276143789 0.323299289 0.277610004
v -0.276143789 0.307734936 0.277610004
v -0.260579169 0.307734936 0.277610034
v -0.320972711 0.30888176 0.182739511
v -0.298289001 0.30888176 0.182739511
v -0.298289001 0.324446112 0.182739511
v -0.320972711 0.324446112 0.182739511
v -0.298289001 0.324446112 0.182739511
v -0.298289001 0.324446112 0.167175189
v -0.320972711 0.324446112 0.167175129
v -0.298289001 0.324446112 0.167175189
v -0.298289001 0.30888176 0.167175189
v -0.320972711 0.30888176 0.167175129
v -0.298289001 0.30888176 0.167175189
v -0.320972711 0.30888176 0.182739511
v -0.320972711 0.30888176 0.167175129
v -0.320972711 0.30888176 0.182739511
v -0.320972711 0.324446112 0.182739511
v -0.298289001 0.324446112 0.182739511
v -0.298289001 0.30888176 0.182739511
v -0.298289001 0.30888176 0.167175189
v -0.320943713 0.30888176 -0.18648091
v -0.320943713 0.324446112 -0.18648091
v -0.298260212 0.324445873 -0.186480895
v -0.320943713 0.324446112 -0.18648091
v -0.320943713 0.324446112 -0.170916513
v -0.298260212 0.324445873 -0.170916513
v -0.320943713 0.324446112 -0.170916513
v -0.320943713 0.30888176 -0.170916513
v -0.298260212 0.324445873 -0.170916513
v -0.320943713 0.30888176 -0.170916513
v -0.320943713 0.30888176 -0.18648091
v -0.298260212 0.308881521 -0.186480895
v -0.320943713 0.30888176 -0.170916513
v -0.320943713 0.324446112 -0.170916513
v -0.320943713 0.324446112 -0.18648091
v -0.298260212 0.324445873 -0.186480895
v -0.298260212 0.324445873 -0.170916513
v -0.298260212 0.308881521 -0.170916513
v 0.268138379 0.205255404 0.255535215
v 0.268138379 0.205255404 0.267623574
v 0.268138379 0.283335209 0.267623574
v 0.268138379 0.205255404 0.267623574
v 0.280226499 0.205255404 0.267623574
v 0.280226499 0.283335209 0.267623574
v 0.280226499 0.205255404 0.267623574
v 0.280226499 0.205255404 0.255535215
v 0.280226499 0.283335209 0.255535215
v 0.280226499 0.205255404 0.255535215
v 0.268138379 0.205255404 0.255535215
v 0.268138379 0.283335209 0.255535215
v 0.280226499 0.205255404 0.255535215
v 0.280226499 0.205255404 0.267623574
v 0.268138379 0.205255404 0.267623574
v 0.268138379 0.283335209 0.267623574
v 0.280226499 0.283335209 0.267623574
v 0.280226499 0.283335209 0.255535215
v -0.309556186 0.228521854 0.13593483
v -0.29628849 0.228521854 0.13593483
v -0.296288252 0.228521794 0.265783519
v -0.29628849 0.228521854 0.13593483
v -0.29628849 0.241789579 0.13593483
v -0.296288252 0.241789535 0.265783519
v -0.29628849 0.241789579 0.13593483
v -0.309556186 0.241789579 0.13593483
v -0.309556186 0.241789535 0.265783519
v -0.309556186 0.241789579 0.13593483
v -0.309556186 0.228521854 0.13593483
v -0.309556186 0.228521794 0.265783519
v -0.309556186 0.241789579 0.13593483
v -0.29628849 0.241789579 0.13593483
v -0.29628849 0.228521854 0.13593483
v -0.296288252 0.228521794 0.265783519
v -0.296288252 0.241789535 0.265783519
v -0.309556186 0.241789535 0.265783519
v -0.309556186 0.294258475 0.13593483
v -0.29628849 0.294258475 0.13593483
v -0.296288252 0.294258475 0.265783519
v -0.29628849 0.294258475 0.13593483
v -0.29628849 0.307526171 0.13593486
v -0.296288252 0.307526171 0.265783519
v -0.29628849 0.307526171 0.13593486
v -0.309556186 0.307526171 0.13593483
v -0.309556186 0.307526171 0.265783519
v -0.309556186 0.307526171 0.13593483
v -0.309556186 0.294258475 0.13593483
v -0.309556186 0.294258475 0.265783519
v -0.309556186 0.307526171 0.13593483
v -0.29628849 0.307526171 0.13593486
v -0.29628849 0.294258475 0.13593483
v -0.296288252 0.294258475 0.265783519
v -0.296288252 0.307526171 0.265783519
v -0.309556186 0.307526171 0.265783519
v -0.162987351 0.294258475 0.253962129
v -0.162987351 0.294258475 0.267229795
v -0.308305472 0.294258475 0.267229795
v -0.162987351 0.294258475 0.267229795
v -0.162987351 0.307526171 0.267229795
v -0.308305472 0.307526171 0.267229795
v -0.162987351 0.307526171 0.267229795
v -0.162987351 0.307526171 0.253962129
v -0.308305472 0.307526171 0.267229795
v -0.162987351 0.307526171 0.253962129
v -0.162987351 0.294258475 0.253962129
v -0.308305711 0.294258475 0.25396207
v -0.162987351 0.307526171 0.253962129
v -0.162987351 0.307526171 0.267229795
v -0.162987351 0.294258475 0.267229795
v -0.308305472 0.294258475 0.267229795
v -0.308305472 0.307526171 0.267229795
v -0.308305711 0.307526171 0.25396207
v -0.162987351 0.164366886 0.253962129
v -0.162987351 0.164366871 0.267229795
v -0.308305472 0.164366871 0.267229795
v -0.162987351 0.164366871 0.267229795
v -0.162987351 0.177634656 0.267229795
v -0.308305472 0.177634656 0.267229795
v -0.162987351 0.177634656 0.267229795
v -0.162987351 0.177634686 0.253962129
v -0.308305472 0.177634656 0.267229795
v -0.162987351 0.177634686 0.253962129
v -0.162987351 0.164366886 0.253962129
v -0.308305711 0.164366886 0.25396207
v -0.162987351 0.177634686 0.253962129
v -0.162987351 0.177634656 0.267229795
v -0.162987351 0.164366886 0.253962129
v -0.308305472 0.164366871 0.267229795
v -0.308305472 0.177634656 0.267229795
v -0.308305711 0.164366886 0.25396207
v -0.162987351 0.228521794 0.253962129
v -0.162987351 0.228521794 0.267229795
v -0.308305472 0.228521794 0.267229795
v -0.162987351 0.228521794 0.267229795
v -0.162987351 0.241789535 0.267229795
v -0.308305472 0.241789535 0.267229795
v -0.162987351 0.241789535 0.267229795
v -0.162987351 0.241789535 0.253962129
v -0.308305472 0.241789535 0.267229795
v -0.162987351 0.241789535 0.253962129
v -0.162987351 0.228521794 0.253962129
v -0.308305711 0.228521794 0.25396207
v -0.162987351 0.241789535 0.253962129
v -0.162987351 0.241789535 0.267229795
v -0.162987351 0.228521794 0.267229795
v -0.308305472 0.228521794 0.267229795
v -0.308305472 0.241789535 0.267229795
v -0.308305711 0.241789535 0.25396207
v -0.309556186 0.164366886 0.13593483
v -0.29628849 0.164366886 0.13593483
v -0.296288252 0.164366886 0.265783519
v -0.29628849 0.164366886 0.13593483
v -0.29628849 0.177634686 0.13593483
v -0.296288252 0.177634656 0.265783519
v -0.29628849 0.177634686 0.13593483
v -0.309556186 0.177634686 0.13593483
v -0.309556186 0.177634656 0.265783519
v -0.309556186 0.177634686 0.13593483
v -0.309556186 0.164366886 0.13593483
v -0.309556186 0.164366886 0.265783519
v -0.309556186 0.177634686 0.13593483
v -0.29628849 0.177634686 0.13593483
v -0.29628849 0.164366886 0.13593483
v -0.296288252 0.164366886 0.265783519
v -0.296288252 0.177634656 0.265783519
v -0.309556186 0.177634656 0.265783519
v -0.174520716 0.164844662 0.137521103
v -0.174520716 0.164844662 0.150788873
v -0.174520716 0.36197409 0.150788859
v -0.174520716 0.164844662 0.150788873
v -0.161252946 0.164844662 0.150788873
v -0.161252946 0.36197409 0.150788859
v -0.161252946 0.164844662 0.150788873
v -0.161252946 0.164844662 0.137521103
v -0.161252946 0.36197409 0.137521058
v -0.161252946 0.164844662 0.137521103
v -0.174520716 0.164844662 0.137521103
v -0.174520716 0.36197409 0.137521058
v -0.161252946 0.164844662 0.137521103
v -0.161252946 0.164844662 0.150788873
v -0.174520716 0.164844662 0.150788873
v -0.174520716 0.36197409 0.150788859
v -0.161252946 0.36197409 0.150788859
v -0.161252946 0.36197409 0.137521058
v -0.174520746 0.164844751 0.251650572
v -0.174520731 0.164844751 0.264918417
v -0.174520746 0.36197409 0.264918417
v -0.174520731 0.164844751 0.264918417
v -0.161252931 0.164844751 0.264918417
v -0.161252931 0.36197409 0.264918417
v -0.161252931 0.164844751 0.264918417
v -0.161252931 0.164844751 0.251650572
v -0.161252961 0.36197409 0.251650542
v -0.161252931 0.164844751 0.251650572
v -0.174520746 0.164844751 0.251650572
v -0.174520746 0.36197409 0.251650542
v -0.161252931 0.164844751 0.251650572
v -0.161252931 0.164844751 0.264918417
v -0.174520731 0.164844751 0.264918417
v -0.174520746 0.36197409 0.264918417
v -0.161252931 0.36197409 0.264918417
v -0.161252961 0.36197409 0.251650542
v -0.30786252 0.164844662 0.251650542
v -0.30786252 0.164844662 0.264918119
v -0.30786252 0.36197409 0.264918119
v -0.30786252 0.164844662 0.264918119
v -0.294594824 0.164844662 0.264918119
v -0.294594824 0.36197409 0.264918119
v -0.294594824 0.164844662 0.264918119
v -0.294594824 0.164844662 0.251650542
v -0.294594824 0.36197409 0.251650542
v -0.294594824 0.164844662 0.251650542
v -0.30786252 0.164844662 0.251650542
v -0.30786252 0.36197409 0.251650542
v -0.294594824 0.164844662 0.251650542
v -0.294594824 0.164844662 0.264918119
v -0.30786252 0.164844662 0.264918119
v -0.30786252 0.36197409 0.264918119
v -0.294594824 0.36197409 0.264918119
v -0.294594824 0.36197409 0.251650542
v -0.30786252 0.164844662 0.137521058
v -0.30786252 0.164844662 0.150788873
v -0.30786252 0.36197409 0.150788859
v -0.30786252 0.164844662 0.150788873
v -0.294594824 0.164844662 0.150788873
v -0.294594824 0.36197409 0.150788859
v -0.294594824 0.164844662 0.150788873
v -0.294594824 0.164844662 0.137521058
v -0.294594824 0.36197409 0.137521088
v -0.294594824 0.164844662 0.137521058
v -0.30786252 0.164844662 0.137521058
v -0.30786252 0.36197409 0.137521088
v -0.294594824 0.164844662 0.137521058
v -0.294594824 0.164844662 0.150788873
v -0.30786252 0.164844662 0.150788873
v -0.30786252 0.36197409 0.150788859
v -0.294594824 0.36197409 0.150788859
v -0.294594824 0.36197409 0.137521088
v -0.174510434 0.164366886 0.13593483
v -0.161242649 0.164366886 0.13593483
v -0.161242723 0.164366886 0.26578328
v -0.161242649 0.164366886 0.13593483
v -0.161242649 0.177634686 0.13593483
v -0.161242723 0.177634656 0.26578328
v -0.161242649 0.177634686 0.13593483
v -0.174510434 0.177634686 0.13593483
v -0.174510509 0.177634656 0.26578328
v -0.174510434 0.177634686 0.13593483
v -0.174510434 0.164366886 0.13593483
v -0.174510509 0.164366886 0.26578328
v -0.174510434 0.177634686 0.13593483
v -0.161242649 0.177634686 0.13593483
v -0.161242649 0.164366886 0.13593483
v -0.161242723 0.164366886 0.26578328
v -0.161242723 0.177634656 0.26578328
v -0.174510509 0.177634656 0.26578328
v -0.175190225 0.294213504 -0.261414558
v -0.16192244 0.294213504 -0.261414528
v -0.161922485 0.294213504 -0.131565973
v -0.16192244 0.294213504 -0.261414528
v -0.16192244 0.3074812 -0.261414528
v -0.161922485 0.3074812 -0.131565973
v -0.16192244 0.3074812 -0.261414528
v -0.175190225 0.3074812 -0.261414558
v -0.1751903 0.3074812 -0.131565973
v -0.175190225 0.3074812 -0.261414558
v -0.175190225 0.294213504 -0.261414558
v -0.1751903 0.294213504 -0.131565973
v -0.175190225 0.3074812 -0.261414558
v -0.16192244 0.3074812 -0.261414528
v -0.16192244 0.294213504 -0.261414528
v -0.161922485 0.294213504 -0.131565973
v -0.161922485 0.3074812 -0.131565973
v -0.1751903 0.3074812 -0.131565973
v -0.309556127 0.294213504 -0.261414558
v -0.296288431 0.294213504 -0.261414558
v -0.296288431 0.294213504 -0.131566018
v -0.296288431 0.294213504 -0.261414558
v -0.296288431 0.3074812 -0.261414558
v -0.296288431 0.3074812 -0.131566003
v -0.296288431 0.3074812 -0.261414558
v -0.309556127 0.3074812 -0.261414558
v -0.309556127 0.3074812 -0.131566018
v -0.309556127 0.3074812 -0.261414558
v -0.309556127 0.294213504 -0.261414558
v -0.309556127 0.294213504 -0.131566018
v -0.309556127 0.3074812 -0.261414558
v -0.296288431 0.3074812 -0.261414558
v -0.296288431 0.294213504 -0.261414558
v -0.296288431 0.294213504 -0.131566018
v -0.296288431 0.3074812 -0.131566003
v -0.309556127 0.3074812 -0.131566018
v -0.162987307 0.294213265 -0.262921512
v -0.162987307 0.294213265 -0.249653772
v -0.308305651 0.294213265 -0.249653831
v -0.162987307 0.294213265 -0.249653772
v -0.162987307 0.3074812 -0.249653772
v -0.308305651 0.3074812 -0.249653831
v -0.162987307 0.3074812 -0.249653772
v -0.162987307 0.3074812 -0.262921512
v -0.308305651 0.3074812 -0.262921542
v -0.162987307 0.3074812 -0.262921512
v -0.162987307 0.294213265 -0.262921512
v -0.308305651 0.294213265 -0.262921542
v -0.162987307 0.3074812 -0.262921512
v -0.162987307 0.3074812 -0.249653772
v -0.162987307 0.294213265 -0.249653772
v -0.308305651 0.294213265 -0.249653831
v -0.308305651 0.3074812 -0.249653831
v -0.308305651 0.3074812 -0.262921542
v -0.162987307 0.228521854 -0.262921512
v -0.162987307 0.228521854 -0.249653772
v -0.308305651 0.228521854 -0.249653831
v -0.162987307 0.228521854 -0.249653772
v -0.162987307 0.241789624 -0.249653772
v -0.308305651 0.241789624 -0.249653831
v -0.162987307 0.241789624 -0.249653772
v -0.162987307 0.241789624 -0.262921512
v -0.308305651 0.241789624 -0.262921542
v -0.162987307 0.241789624 -0.262921512
v -0.162987307 0.228521854 -0.262921512
v -0.308305651 0.228521854 -0.262921542
v -0.162987307 0.241789624 -0.262921512
v -0.162987307 0.241789624 -0.249653772
v -0.162987307 0.228521854 -0.249653772
v -0.308305651 0.228521854 -0.249653831
v -0.308305651 0.241789624 -0.249653831
v -0.308305651 0.241789624 -0.262921542
v -0.309556127 0.228521854 -0.261414558
v -0.296288431 0.228521854 -0.261414558
v -0.296288431 0.228521854 -0.131566018
v -0.296288431 0.228521854 -0.261414558
v -0.296288431 0.241789624 -0.261414558
v -0.296288431 0.241789624 -0.131566018
v -0.296288431 0.241789624 -0.261414558
v -0.309556127 0.241789624 -0.261414558
v -0.309556127 0.241789624 -0.131566018
v -0.309556127 0.241789624 -0.261414558
v -0.309556127 0.228521854 -0.261414558
v -0.309556127 0.228521854 -0.131566018
v -0.309556127 0.241789624 -0.261414558
v -0.296288431 0.241789624 -0.261414558
v -0.296288431 0.228521854 -0.261414558
v -0.296288431 0.228521854 -0.131566018
v -0.296288431 0.241789624 -0.131566018
v -0.309556127 0.241789624 -0.131566018
v -0.175416574 0.164366916 -0.261414558
v -0.162148803 0.164366946 -0.261414528
v -0.162148848 0.164366916 -0.131565973
v -0.162148803 0.164366946 -0.261414528
v -0.162148803 0.177634731 -0.261414528
v -0.162148848 0.177634731 -0.131565973
v -0.162148803 0.177634731 -0.261414528
v -0.175416574 0.177634731 -0.261414558
v -0.175416648 0.177634731 -0.131565973
v -0.175416574 0.177634731 -0.261414558
v -0.175416574 0.164366916 -0.261414558
v -0.175416648 0.164366916 -0.131565973
v -0.175416574 0.177634731 -0.261414558
v -0.162148803 0.177634731 -0.261414528
v -0.162148803 0.164366946 -0.261414528
v -0.162148848 0.164366916 -0.131565973
v -0.162148848 0.177634731 -0.131565973
v -0.175416648 0.177634731 -0.131565973
v -0.309556127 0.164366886 -0.261414558
v -0.296288431 0.164366916 -0.261414558
v -0.296288431 0.164366886 -0.131566018
v -0.296288431 0.164366916 -0.261414558
v -0.296288431 0.177634731 -0.261414558
v -0.296288431 0.177634731 -0.131566018
v -0.296288431 0.177634731 -0.261414558
v -0.309556127 0.177634731 -0.261414558
v -0.309556127 0.177634716 -0.131566018
v -0.309556127 0.177634731 -0.261414558
v -0.309556127 0.164366886 -0.261414558
v -0.309556127 0.164366886 -0.131566018
v -0.309556127 0.177634731 -0.261414558
v -0.296288431 0.177634731 -0.261414558
v -0.296288431 0.164366916 -0.261414558
v -0.296288431 0.164366886 -0.131566018
v -0.296288431 0.177634731 -0.131566018
v -0.309556127 0.177634716 -0.131566018
v -0.162987307 0.164366886 -0.262921512
v -0.162987307 0.164366886 -0.249653772
v -0.308305651 0.164366886 -0.249653831
v -0.162987307 0.164366886 -0.249653772
v -0.162987307 0.177634731 -0.249653772
v -0.308305651 0.177634731 -0.249653831
v -0.162987307 0.177634731 -0.249653772
v -0.162987307 0.177634731 -0.262921512
v -0.308305651 0.177634731 -0.262921542
v -0.162987307 0.177634731 -0.262921512
v -0.162987307 0.164366886 -0.262921512
v -0.308305651 0.164366886 -0.262921542
v -0.162987307 0.177634731 -0.262921512
v -0.162987307 0.177634731 -0.249653772
v -0.162987307 0.164366886 -0.249653772
v -0.308305651 0.164366886 -0.249653831
v -0.308305651 0.177634731 -0.249653831
v -0.308305651 0.177634731 -0.262921542
v -0.176195443 0.164844751 -0.259819925
v -0.176195443 0.164844751 -0.246552229
v -0.176195443 0.36197409 -0.246552229
v -0.176195443 0.164844751 -0.246552229
v -0.162927642 0.164844751 -0.246552229
v -0.162927642 0.36197409 -0.246552229
v -0.162927642 0.164844751 -0.246552229
v -0.162927642 0.164844751 -0.259819925
v -0.162927642 0.36197409 -0.259819925
v -0.162927642 0.164844751 -0.259819925
v -0.176195443 0.164844751 -0.259819925
v -0.176195443 0.36197409 -0.259819925
v -0.162927642 0.164844751 -0.259819925
v -0.162927642 0.164844751 -0.246552229
v -0.176195443 0.164844751 -0.246552229
v -0.176195443 0.36197409 -0.246552229
v -0.162927642 0.36197409 -0.246552229
v -0.162927642 0.36197409 -0.259819925
v -0.176195472 0.164844751 -0.144589931
v -0.176195487 0.164844751 -0.131322145
v -0.176195487 0.36197409 -0.131322145
v -0.176195487 0.164844751 -0.131322145
v -0.162927702 0.164844751 -0.131322145
v -0.162927702 0.36197409 -0.131322145
v -0.162927702 0.164844751 -0.131322145
v -0.162927687 0.164844751 -0.144589931
v -0.162927687 0.36197409 -0.144589931
v -0.162927687 0.164844751 -0.144589931
v -0.176195472 0.164844751 -0.144589931
v -0.176195472 0.36197409 -0.144589931
v -0.162927687 0.164844751 -0.144589931
v -0.162927702 0.164844751 -0.131322145
v -0.176195487 0.164844751 -0.131322145
v -0.176195487 0.36197409 -0.131322145
v -0.162927702 0.36197409 -0.131322145
v -0.162927687 0.36197409 -0.144589931
v -0.307862461 0.164844751 -0.144589946
v -0.307862461 0.164844751 -0.131322175
v -0.307862461 0.36197409 -0.131322175
v -0.307862461 0.164844751 -0.131322175
v -0.294594765 0.164844751 -0.13132216
v -0.294594765 0.36197409 -0.13132216
v -0.294594765 0.164844751 -0.13132216
v -0.294594765 0.164844751 -0.144589946
v -0.294594765 0.36197409 -0.144589946
v -0.294594765 0.164844751 -0.144589946
v -0.307862461 0.164844751 -0.144589946
v -0.307862461 0.36197409 -0.144589946
v -0.294594765 0.164844751 -0.144589946
v -0.294594765 0.164844751 -0.13132216
v -0.307862461 0.164844751 -0.131322175
v -0.307862461 0.36197409 -0.131322175
v -0.294594765 0.36197409 -0.13132216
v -0.294594765 0.36197409 -0.144589946
v -0.307862461 0.164844751 -0.262444794
v -0.307862461 0.164844751 -0.249177039
v -0.307862461 0.36197409 -0.249177039
v -0.307862461 0.164844751 -0.249177039
v -0.294594765 0.164844751 -0.249177039
v -0.294594765 0.36197409 -0.249177039
v -0.294594765 0.164844751 -0.249177039
v -0.294594765 0.164844751 -0.262444794
v -0.294594765 0.36197409 -0.262444794
v -0.294594765 0.164844751 -0.262444794
v -0.307862461 0.164844751 -0.262444794
v -0.307862461 0.36197409 -0.262444794
v -0.294594765 0.164844751 -0.262444794
v -0.294594765 0.164844751 -0.249177039
v -0.307862461 0.164844751 -0.249177039
v -0.307862461 0.36197409 -0.249177039
v -0.294594765 0.36197409 -0.249177039
v -0.294594765 0.36197409 -0.262444794
v -0.299835026 0.223887146 -0.098244682
v -0.299835026 0.23510699 -0.098244682
v -0.169510618 0.23510699 -0.0982446596
v -0.299835026 0.23510699 -0.098244682
v -0.299835056 0.23510699 -0.0870248377
v -0.169510618 0.23510699 -0.0870248228
v -0.299835056 0.23510699 -0.0870248377
v -0.299835056 0.223887146 -0.0870248377
v -0.169510618 0.223887146 -0.0870248228
v -0.299835056 0.223887146 -0.0870248377
v -0.299835026 0.223887146 -0.098244682
v -0.169510618 0.223887146 -0.0982446596
v -0.299835056 0.223887146 -0.0870248377
v -0.299835056 0.23510699 -0.0870248377
v -0.299835026 0.23510699 -0.098244682
v -0.169510618 0.23510699 -0.0982446596
v -0.169510618 0.23510699 -0.0870248228
v -0.169510618 0.223887146 -0.0870248228
v -0.299835056 0.223887146 -0.00439724093
v -0.299835056 0.23510699 -0.00439724093
v -0.169510633 0.23510699 -0.00439721951
v -0.299835056 0.23510699 -0.00439724093
v -0.299835056 0.23510699 0.00682260934
v -0.169510633 0.23510699 0.00682263309
v -0.299835056 0.23510699 0.00682260934
v -0.299835056 0.223887146 0.00682260934
v -0.169510633 0.223887146 0.00682263309
v -0.299835056 0.223887146 0.00682260934
v -0.299835056 0.223887146 -0.00439724093
v -0.169510633 0.223887146 -0.00439721951
v -0.299835056 0.223887146 0.00682260934
v -0.299835056 0.23510699 0.00682260934
v -0.299835056 0.23510699 -0.00439724093
v -0.169510633 0.23510699 -0.00439721951
v -0.169510633 0.23510699 0.00682263309
v -0.169510633 0.223887146 0.00682263309
v -0.299835056 0.223887146 0.0837967396
v -0.299835056 0.23510699 0.0837967396
v -0.169510648 0.23510699 0.0837967545
v -0.299835056 0.23510699 0.0837967396
v -0.299835086 0.23510699 0.0950165987
v -0.169510648 0.23510699 0.0950166211
v -0.299835086 0.23510699 0.0950165987
v -0.299835086 0.223887146 0.0950165987
v -0.169510648 0.223887146 0.0950166211
v -0.299835086 0.223887146 0.0950165987
v -0.299835056 0.223887146 0.0837967396
v -0.169510648 0.223887146 0.0837967545
v -0.299835086 0.223887146 0.0950165987
v -0.299835086 0.23510699 0.0950165987
v -0.299835056 0.23510699 0.0837967396
v -0.169510648 0.23510699 0.0837967545
v -0.169510648 0.23510699 0.0950166211
v -0.169510648 0.223887146 0.0950166211
v -0.299835086 0.223887146 0.112064041
v -0.299835086 0.23510699 0.112064041
v -0.169510648 0.23510699 0.112064064
v -0.299835086 0.23510699 0.112064041
v -0.299835086 0.23510699 0.123283908
v -0.169510648 0.23510699 0.12328393
v -0.299835086 0.23510699 0.123283908
v -0.299835086 0.223887146 0.123283908
v -0.169510648 0.223887146 0.12328393
v -0.299835086 0.223887146 0.123283908
v -0.299835086 0.223887146 0.112064041
v -0.169510648 0.223887146 0.112064064
v -0.299835086 0.223887146 0.123283908
v -0.299835086 0.23510699 0.123283908
v -0.299835086 0.23510699 0.112064041
v -0.169510648 0.23510699 0.112064064
v -0.169510648 0.23510699 0.12328393
v -0.169510648 0.223887146 0.12328393
v -0.299835026 0.223887146 -0.125381306
v -0.299835026 0.23510699 -0.125381306
v -0.169510618 0.23510699 -0.125381276
v -0.299835026 0.23510699 -0.125381306
v -0.299835026 0.23510699 -0.114161439
v -0.169510618 0.23510699 -0.114161417
v -0.299835026 0.23510699 -0.114161439
v -0.299835026 0.223887146 -0.114161439
v -0.169510618 0.223887146 -0.114161417
v -0.299835026 0.223887146 -0.114161439
v -0.299835026 0.223887146 -0.125381306
v -0.169510618 0.223887146 -0.125381276
v -0.299835026 0.223887146 -0.114161439
v -0.299835026 0.23510699 -0.114161439
v -0.299835026 0.23510699 -0.125381306
v -0.169510618 0.23510699 -0.125381276
v -0.169510618 0.23510699 -0.114161417
v -0.169510618 0.223887146 -0.114161417
v -0.299835056 0.223887146 -0.0678214282
v -0.299835056 0.23510699 -0.0678214282
v -0.169510618 0.23510699 -0.0678214058
v -0.299835056 0.23510699 -0.0678214282
v -0.299835056 0.23510699 -0.0566015579
v -0.169510618 0.23510699 -0.0566015393
v -0.299835056 0.23510699 -0.0566015579
v -0.299835056 0.223887146 -0.0566015579
v -0.169510618 0.223887146 -0.0566015393
v -0.299835056 0.223887146 -0.0566015579
v -0.299835056 0.223887146 -0.0678214282
v -0.169510618 0.223887146 -0.0678214058
v -0.299835056 0.223887146 -0.0566015579
v -0.299835056 0.23510699 -0.0566015579
v -0.299835056 0.23510699 -0.0678214282
v -0.169510618 0.23510699 -0.0678214058
v -0.169510618 0.23510699 -0.0566015393
v -0.169510618 0.223887146 -0.0566015393
v -0.299835056 0.223887146 -0.0360277407
v -0.299835056 0.23510699 -0.0360277407
v -0.169510633 0.23510699 -0.0360277183
v -0.299835056 0.23510699 -0.0360277407
v -0.299835056 0.23510699 -0.0248078778
v -0.169510633 0.23510699 -0.0248078555
v -0.299835056 0.23510699 -0.0248078778
v -0.299835056 0.223887146 -0.0248078778
v -0.169510633 0.223887146 -0.0248078555
v -0.299835056 0.223887146 -0.0248078778
v -0.299835056 0.223887146 -0.0360277407
v -0.169510633 0.223887146 -0.0360277183
v -0.299835056 0.223887146 -0.0248078778
v -0.299835056 0.23510699 -0.0248078778
v -0.299835056 0.23510699 -0.0360277407
v -0.169510633 0.23510699 -0.0360277183
v -0.169510633 0.23510699 -0.0248078555
v -0.169510633 0.223887146 -0.0248078555
v -0.299835056 0.223887146 0.0534853898
v -0.299835056 0.23510699 0.0534853898
v -0.169510648 0.23510699 0.0534854122
v -0.299835056 0.23510699 0.0534853898
v -0.299835056 0.23510699 0.0647052526
v -0.169510648 0.23510699 0.064705275
v -0.299835056 0.23510699 0.0647052526
v -0.299835056 0.223887146 0.0647052526
v -0.169510648 0.223887146 0.064705275
v -0.299835056 0.223887146 0.0647052526
v -0.299835056 0.223887146 0.0534853898
v -0.169510648 0.223887146 0.0534854122
v -0.299835056 0.223887146 0.0647052526
v -0.299835056 0.23510699 0.0647052526
v -0.299835056 0.23510699 0.0534853898
v -0.169510648 0.23510699 0.0534854122
v -0.169510648 0.23510699 0.064705275
v -0.169510648 0.223887146 0.064705275
v -0.299835056 0.223887146 0.0216917172
v -0.299835056 0.23510699 0.0216917172
v -0.169510633 0.23510699 0.0216917377
v -0.299835056 0.23510699 0.0216917172
v -0.299835056 0.23510699 0.0329115689
v -0.169510633 0.23510699 0.0329115912
v -0.299835056 0.23510699 0.0329115689
v -0.299835056 0.223887146 0.0329115689
v -0.169510633 0.223887146 0.0329115912
v -0.299835056 0.223887146 0.0329115689
v -0.299835056 0.223887146 0.0216917172
v -0.169510633 0.223887146 0.0216917377
v -0.299835056 0.223887146 0.0329115689
v -0.299835056 0.23510699 0.0329115689
v -0.299835056 0.23510699 0.0216917172
v -0.169510633 0.23510699 0.0216917377
v -0.169510633 0.23510699 0.0329115912
v -0.169510633 0.223887146 0.0329115912
v -0.217344224 0.283423096 0.0829862058
v -0.206124425 0.283423096 0.0829862058
v -0.206124425 0.153098717 0.0829862058
v -0.206124425 0.283423096 0.0829862058
v -0.206124425 0.283423096 0.09420605
v -0.206124425 0.153098717 0.09420605
v -0.206124425 0.283423096 0.09420605
v -0.217344224 0.283423096 0.09420605
v -0.217344224 0.153098717 0.09420605
v -0.217344224 0.283423096 0.09420605
v -0.217344224 0.283423096 0.0829862058
v -0.217344224 0.153098717 0.0829862058
v -0.217344224 0.283423096 0.09420605
v -0.206124425 0.283423096 0.09420605
v -0.206124425 0.283423096 0.0829862058
v -0.21734421 0.283423096 -0.00513115525
v -0.20612441 0.283423096 -0.00513115339
v -0.20612441 0.153098717 -0.00513115339
v -0.20612441 0.283423096 -0.00513115339
v -0.20612441 0.283423096 0.00608869409
v -0.20612441 0.153098717 0.00608869409
v -0.20612441 0.283423096 0.00608869409
v -0.21734421 0.283423096 0.00608869223
v -0.21734421 0.153098717 0.00608869223
v -0.21734421 0.283423096 0.00608869223
v -0.21734421 0.283423096 -0.00513115525
v -0.21734421 0.153098717 -0.00513115525
v -0.21734421 0.283423096 0.00608869223
v -0.20612441 0.283423096 0.00608869409
v -0.20612441 0.283423096 -0.00513115339
v -0.217344195 0.283423096 -0.0974003971
v -0.206124395 0.283423096 -0.0974003971
v -0.206124395 0.153098717 -0.0974003971
v -0.206124395 0.283423096 -0.0974003971
v -0.206124395 0.283423096 -0.0861805305
v -0.206124395 0.153098717 -0.0861805305
v -0.206124395 0.283423096 -0.0861805305
v -0.217344195 0.283423096 -0.0861805305
v -0.217344195 0.153098717 -0.0861805305
v -0.217344195 0.283423096 -0.0861805305
v -0.217344195 0.283423096 -0.0974003971
v -0.217344195 0.153098717 -0.0974003971
v -0.217344195 0.283423096 -0.0861805305
v -0.206124395 0.283423096 -0.0861805305
v -0.206124395 0.283423096 -0.0974003971
v -0.268360108 0.283423096 -0.0974004045
v -0.257140428 0.283423096 -0.0974004045
v -0.257140428 0.153098717 -0.0974004045
v -0.257140428 0.283423096 -0.0974004045
v -0.257140458 0.283423096 -0.0861805379
v -0.257140458 0.153098717 -0.0861805379
v -0.257140458 0.283423096 -0.0861805379
v -0.268360138 0.283423096 -0.0861805379
v -0.268360138 0.153098717 -0.0861805379
v -0.268360138 0.283423096 -0.0861805379
v -0.268360108 0.283423096 -0.0974004045
v -0.268360108 0.153098717 -0.0974004045
v -0.268360138 0.283423096 -0.0861805379
v -0.257140458 0.283423096 -0.0861805379
v -0.257140428 0.283423096 -0.0974004045
v -0.268360138 0.283423096 -0.00513116363
v -0.257140458 0.283423096 -0.00513116177
v -0.257140458 0.153098717 -0.00513116177
v -0.257140458 0.283423096 -0.00513116177
v -0.257140458 0.283423096 0.00608868618
v -0.257140458 0.153098717 0.00608868618
v -0.257140458 0.283423096 0.00608868618
v -0.268360138 0.283423096 0.00608868431
v -0.268360138 0.153098717 0.00608868431
v -0.268360138 0.283423096 0.00608868431
v -0.268360138 0.283423096 -0.00513116363
v -0.268360138 0.153098717 -0.00513116363
v -0.268360138 0.283423096 0.00608868431
v -0.257140458 0.283423096 0.00608868618
v -0.257140458 0.283423096 -0.00513116177
v -0.268360138 0.283423096 0.0829861984
v -0.257140458 0.283423096 0.0829861984
v -0.257140458 0.153098717 0.0829861984
v -0.257140458 0.283423096 0.0829861984
v -0.257140487 0.283423096 0.0942060426
v -0.257140487 0.153098717 0.0942060426
v -0.257140487 0.283423096 0.0942060426
v -0.268360168 0.283423096 0.0942060351
v -0.268360168 0.153098717 0.0942060351
v -0.268360168 0.283423096 0.0942060351
v -0.268360138 0.283423096 0.0829861984
v -0.268360138 0.153098717 0.0829861984
v -0.268360168 0.283423096 0.0942060351
v -0.257140487 0.283423096 0.0942060426
v -0.257140458 0.283423096 0.0829861984
v -0.216639578 0.261040598 -0.00255526765
v -0.216639578 0.268576533 -0.00255527021
v -0.175993279 0.268576533 -0.0025552609
v -0.216639578 0.268576533 -0.00255527021
v -0.216639578 0.268576533 0.00498066563
v -0.175993279 0.268576533 0.00498067215
v -0.216639578 0.268576533 0.00498066563
v -0.216639578 0.261040598 0.00498066563
v -0.175993279 0.261040598 0.00498067215
v -0.216639578 0.261040598 0.00498066563
v -0.216639578 0.261040598 -0.00255526765
v -0.175993279 0.261040598 -0.0025552609
v -0.297932357 0.261040598 0.00498065259
v -0.297932357 0.268576533 0.00498065259
v -0.297932357 0.268576533 -0.00255528348
v -0.175993279 0.268576533 -0.0025552609
v -0.175993279 0.268576533 0.00498067215
v -0.175993279 0.261040598 0.00498067215
v -0.297932357 0.261040598 -0.00255528348
v -0.297932357 0.268576533 -0.00255528348
v -0.257285982 0.268576533 -0.00255527697
v -0.297932357 0.268576533 -0.00255528348
v -0.297932357 0.268576533 0.00498065259
v -0.257285982 0.268576533 0.00498065911
v -0.297932357 0.268576533 0.00498065259
v -0.297932357 0.261040598 0.00498065259
v -0.257285982 0.261040598 0.00498065911
v -0.297932357 0.261040598 0.00498065259
v -0.297932357 0.261040598 -0.00255528348
v -0.257285982 0.261040598 -0.00255527697
v -0.216639593 0.261040598 0.0843510032
v -0.216639593 0.268576533 0.0843510032
v -0.175993294 0.268576533 0.0843510106
v -0.216639593 0.268576533 0.0843510032
v -0.216639593 0.268576533 0.0918869302
v -0.175993294 0.268576533 0.0918869376
v -0.216639593 0.268576533 0.0918869302
v -0.216639593 0.261040598 0.0918869302
v -0.175993294 0.261040598 0.0918869376
v -0.216639593 0.261040598 0.0918869302
v -0.216639593 0.261040598 0.0843510032
v -0.175993294 0.261040598 0.0843510106
v -0.297932386 0.261040598 0.0918869153
v -0.297932386 0.268576533 0.0918869153
v -0.297932357 0.268576533 0.0843509883
v -0.175993294 0.268576533 0.0843510106
v -0.175993294 0.268576533 0.0918869376
v -0.175993294 0.261040598 0.0918869376
v -0.297932357 0.261040598 0.0843509883
v -0.297932357 0.268576533 0.0843509883
v -0.257285982 0.268576533 0.0843509957
v -0.297932357 0.268576533 0.0843509883
v -0.297932386 0.268576533 0.0918869153
v -0.257286012 0.268576533 0.0918869227
v -0.297932386 0.268576533 0.0918869153
v -0.297932386 0.261040598 0.0918869153
v -0.257286012 0.261040598 0.0918869227
v -0.297932386 0.261040598 0.0918869153
v -0.297932357 0.261040598 0.0843509883
v -0.257285982 0.261040598 0.0843509957
v -0.216639563 0.261040598 -0.0956326053
v -0.216639563 0.268576533 -0.0956326053
v -0.175993264 0.268576533 -0.0956325978
v -0.216639563 0.268576533 -0.0956326053
v -0.216639563 0.268576533 -0.0880966783
v -0.175993264 0.268576533 -0.0880966708
v -0.216639563 0.268576533 -0.0880966783
v -0.216639563 0.261040598 -0.0880966783
v -0.175993264 0.261040598 -0.0880966708
v -0.216639563 0.261040598 -0.0880966783
v -0.216639563 0.261040598 -0.0956326053
v -0.175993264 0.261040598 -0.0956325978
v -0.297932357 0.261040598 -0.0880966932
v -0.297932357 0.268576533 -0.0880966932
v -0.297932327 0.268576533 -0.0956326202
v -0.175993264 0.268576533 -0.0956325978
v -0.175993264 0.268576533 -0.0880966708
v -0.175993264 0.261040598 -0.0880966708
v -0.297932327 0.261040598 -0.0956326202
v -0.297932327 0.268576533 -0.0956326202
v -0.257285953 0.268576533 -0.0956326127
v -0.297932327 0.268576533 -0.0956326202
v -0.297932357 0.268576533 -0.0880966932
v -0.257285982 0.268576533 -0.0880966857
v -0.297932357 0.268576533 -0.0880966932
v -0.297932357 0.261040598 -0.0880966932
v -0.257285982 0.261040598 -0.0880966857
v -0.297932357 0.261040598 -0.0880966932
v -0.297932327 0.261040598 -0.0956326202
v -0.257285953 0.261040598 -0.0956326127
v -0.165177003 0.283819556 0.262066245
v -0.165176988 0.165399402 0.140908927
v -0.165176988 0.283819556 0.140908927
v -0.165177003 0.283819556 0.262066245
v -0.165177003 0.165399402 0.262066245
v -0.165176988 0.165399402 0.140908927
v -0.304009825 0.165399402 0.140908912
v -0.304009825 0.283819556 0.262066215
v -0.304009825 0.283819556 0.140908912
v -0.304009825 0.165399402 0.140908912
v -0.304009825 0.165399402 0.262066215
v -0.304009825 0.283819556 0.262066215
v -0.165177003 0.283819556 0.262066245
v -0.304009825 0.165399402 0.262066215
v -0.165177003 0.165399402 0.262066245
v -0.165177003 0.283819556 0.262066245
v -0.304009825 0.283819556 0.262066215
v -0.304009825 0.165399402 0.262066215
v -0.165176988 0.165399402 0.140908927
v -0.304009825 0.283819556 0.140908912
v -0.165176988 0.283819556 0.140908927
v -0.165176988 0.165399402 0.140908927
v -0.304009825 0.165399402 0.140908912
v -0.304009825 0.283819556 0.140908912
v -0.179529473 0.283819556 0.24786824
v -0.289731234 0.283819556 0.155106857
v -0.289731473 0.283819556 0.247868225
v -0.179529473 0.283819556 0.24786824
v -0.179529414 0.283819556 0.155106947
v -0.289731234 0.283819556 0.155106857
v -0.179529414 0.283819556 0.155106947
v -0.179529473 0.338563681 0.24786824
v -0.179529414 0.338563681 0.155106947
v -0.179529414 0.283819556 0.155106947
v -0.179529473 0.283819556 0.24786824
v -0.179529473 0.338563681 0.24786824
v -0.289731473 0.283819556 0.247868225
v -0.289731234 0.338563681 0.155106857
v -0.289731234 0.338563681 0.247868225
v -0.289731473 0.283819556 0.247868225
v -0.289731234 0.283819556 0.155106857
v -0.289731234 0.338563681 0.155106857
v -0.179529473 0.283819556 0.24786824
v -0.289731234 0.338563681 0.247868225
v -0.179529473 0.338563681 0.24786824
v -0.179529473 0.283819556 0.24786824
v -0.289731473 0.283819556 0.247868225
v -0.289731234 0.338563681 0.247868225
v -0.289731234 0.283819556 0.155106857
v -0.179529414 0.338563681 0.155106947
v -0.289731234 0.338563681 0.155106857
v -0.289731234 0.283819556 0.155106857
v -0.179529414 0.283819556 0.155106947
v -0.179529414 0.338563681 0.155106947
v -0.165176988 0.283819556 0.140908927
v -0.304009825 0.338563681 0.140908912
v -0.165176988 0.338563681 0.140908927
v -0.165176988 0.283819556 0.140908927
v -0.304009825 0.283819556 0.140908912
v -0.304009825 0.338563681 0.140908912
v -0.304009825 0.283819556 0.262066215
v -0.165177003 0.338563681 0.262066245
v -0.304009825 0.338563681 0.262066215
v -0.304009825 0.283819556 0.262066215
v -0.165177003 0.283819556 0.262066245
v -0.165177003 0.338563681 0.262066245
v -0.304009825 0.283819556 0.140908912
v -0.304009825 0.338563681 0.262066215
v -0.304009825 0.338563681 0.140908912
v -0.304009825 0.283819556 0.140908912
v -0.304009825 0.283819556 0.262066215
v -0.304009825 0.338563681 0.262066215
v -0.165176988 0.338563681 0.140908927
v -0.165177003 0.283819556 0.262066245
v -0.165176988 0.283819556 0.140908927
v -0.165176988 0.338563681 0.140908927
v -0.165177003 0.338563681 0.262066245
v -0.165177003 0.283819556 0.262066245
v -0.165177003 0.338563681 0.262066245
v -0.179529414 0.338563681 0.155106947
v -0.179529473 0.338563681 0.24786824
v -0.165177003 0.338563681 0.262066245
v -0.165176988 0.338563681 0.140908927
v -0.179529414 0.338563681 0.155106947
v -0.304009825 0.338563681 0.140908912
v -0.289731234 0.338563681 0.247868225
v -0.289731234 0.338563681 0.155106857
v -0.304009825 0.338563681 0.140908912
v -0.304009825 0.338563681 0.262066215
v -0.289731234 0.338563681 0.247868225
v -0.304009825 0.338563681 0.262066215
v -0.179529473 0.338563681 0.24786824
v -0.289731234 0.338563681 0.247868225
v -0.304009825 0.338563681 0.262066215
v -0.165177003 0.338563681 0.262066245
v -0.179529473 0.338563681 0.24786824
v -0.165176988 0.338563681 0.140908927
v -0.289731234 0.338563681 0.155106857
v -0.179529414 0.338563681 0.155106947
v -0.165176988 0.338563681 0.140908927
v -0.304009825 0.338563681 0.140908912
v -0.289731234 0.338563681 0.155106857
v -0.165176913 0.338563681 -0.256104916
v -0.289731175 0.338563681 -0.241906986
v -0.179529339 0.338563681 -0.241906971
v -0.165176913 0.338563681 -0.256104916
v -0.304009765 0.338563681 -0.256104946
v -0.289731175 0.338563681 -0.241906986
v -0.304009765 0.338563681 -0.134947643
v -0.179529399 0.338563681 -0.149145484
v -0.289731175 0.338563681 -0.149145544
v -0.304009765 0.338563681 -0.134947643
v -0.165176943 0.338563681 -0.134947523
v -0.179529399 0.338563681 -0.149145484
v -0.304009765 0.338563681 -0.256104946
v -0.289731175 0.338563681 -0.149145544
v -0.289731175 0.338563681 -0.241906986
v -0.304009765 0.338563681 -0.256104946
v -0.304009765 0.338563681 -0.134947643
v -0.289731175 0.338563681 -0.149145544
v -0.165176943 0.338563681 -0.134947523
v -0.179529339 0.338563681 -0.241906971
v -0.179529399 0.338563681 -0.149145484
v -0.165176943 0.338563681 -0.134947523
v -0.165176913 0.338563681 -0.256104916
v -0.179529339 0.338563681 -0.241906971
v -0.165176943 0.283819556 -0.134947523
v -0.165176913 0.338563681 -0.256104916
v -0.165176943 0.338563681 -0.134947523
v -0.165176943 0.283819556 -0.134947523
v -0.165176913 0.283819556 -0.256104916
v -0.165176913 0.338563681 -0.256104916
v -0.304009765 0.283819556 -0.256104946
v -0.304009765 0.338563681 -0.134947643
v -0.304009765 0.338563681 -0.256104946
v -0.304009765 0.283819556 -0.256104946
v -0.304009765 0.283819556 -0.134947643
v -0.304009765 0.338563681 -0.134947643
v -0.304009765 0.283819556 -0.134947643
v -0.165176943 0.338563681 -0.134947523
v -0.304009765 0.338563681 -0.134947643
v -0.304009765 0.283819556 -0.134947643
v -0.165176943 0.283819556 -0.134947523
v -0.165176943 0.338563681 -0.134947523
v -0.165176913 0.283819556 -0.256104916
v -0.304009765 0.338563681 -0.256104946
v -0.165176913 0.338563681 -0.256104916
v -0.165176913 0.283819556 -0.256104916
v -0.304009765 0.283819556 -0.256104946
v -0.304009765 0.338563681 -0.256104946
v -0.289731175 0.283819556 -0.241906986
v -0.179529339 0.338563681 -0.241906971
v -0.289731175 0.338563681 -0.241906986
v -0.289731175 0.283819556 -0.241906986
v -0.179529339 0.283819556 -0.241906971
v -0.179529339 0.338563681 -0.241906971
v -0.179529399 0.283819556 -0.149145484
v -0.289731175 0.338563681 -0.149145544
v -0.179529399 0.338563681 -0.149145484
v -0.179529399 0.283819556 -0.149145484
v -0.289731413 0.283819556 -0.149145544
v -0.289731175 0.338563681 -0.149145544
v -0.289731413 0.283819556 -0.149145544
v -0.289731175 0.338563681 -0.241906986
v -0.289731175 0.338563681 -0.149145544
v -0.289731413 0.283819556 -0.149145544
v -0.289731175 0.283819556 -0.241906986
v -0.289731175 0.338563681 -0.241906986
v -0.179529339 0.283819556 -0.241906971
v -0.179529399 0.338563681 -0.149145484
v -0.179529339 0.338563681 -0.241906971
v -0.179529339 0.283819556 -0.241906971
v -0.179529399 0.283819556 -0.149145484
v -0.179529399 0.338563681 -0.149145484
v -0.179529399 0.283819556 -0.149145484
v -0.289731175 0.283819556 -0.241906986
v -0.289731413 0.283819556 -0.149145544
v -0.179529399 0.283819556 -0.149145484
v -0.179529339 0.283819556 -0.241906971
v -0.289731175 0.283819556 -0.241906986
v -0.304009765 0.283819556 -0.256104946
v -0.165176913 0.165399402 -0.256104916
v -0.304009765 0.165399402 -0.256104946
v -0.304009765 0.283819556 -0.256104946
v -0.165176913 0.283819556 -0.256104916
v -0.165176913 0.165399402 -0.256104916
v -0.165176943 0.283819556 -0.134947523
v -0.304009765 0.165399402 -0.134947643
v -0.165176943 0.165399402 -0.134947523
v -0.165176943 0.283819556 -0.134947523
v -0.304009765 0.283819556 -0.134947643
v -0.304009765 0.165399402 -0.134947643
v -0.304009765 0.165399402 -0.256104946
v -0.304009765 0.283819556 -0.134947643
v -0.304009765 0.283819556 -0.256104946
v -0.304009765 0.165399402 -0.256104946
v -0.304009765 0.165399402 -0.134947643
v -0.304009765 0.283819556 -0.134947643
v -0.165176913 0.165399402 -0.256104916
v -0.165176943 0.283819556 -0.134947523
v -0.165176943 0.165399402 -0.134947523
v -0.165176913 0.165399402 -0.256104916
v -0.165176913 0.283819556 -0.256104916
v -0.165176943 0.283819556 -0.134947523
v 0.218983412 0.234873146 0.244705811
v 0.218983412 0.257935196 0.260885477
v 0.218983412 0.234873146 0.260885477
v 0.218983412 0.234873146 0.244705811
v 0.218983412 0.257935196 0.244705811
v 0.218983412 0.257935196 0.260885477
v 0.188398436 0.234873146 0.244705796
v 0.218983412 0.257935196 0.244705811
v 0.218983412 0.234873146 0.244705811
v 0.188398436 0.234873146 0.244705796
v 0.188398436 0.257935196 0.244705796
v 0.218983412 0.257935196 0.244705811
v 0.218983412 0.234873146 0.260885477
v 0.188398436 0.257935196 0.260885447
v 0.188398436 0.234873146 0.260885447
v 0.218983412 0.234873146 0.260885477
v 0.218983412 0.257935196 0.260885477
v 0.188398436 0.257935196 0.260885447
v 0.188398436 0.234873146 0.260885447
v 0.188398436 0.257935196 0.244705796
v 0.188398436 0.234873146 0.244705796
v 0.188398436 0.234873146 0.260885447
v 0.188398436 0.257935196 0.260885447
v 0.188398436 0.257935196 0.244705796
v 0.218983412 0.257935196 0.244705811
v 0.188398436 0.257935196 0.260885447
v 0.218983412 0.257935196 0.260885477
v 0.218983412 0.257935196 0.244705811
v 0.188398436 0.257935196 0.244705796
v 0.188398436 0.257935196 0.260885447
v 0.17490308 0.257935196 0.244705796
v 0.144318148 0.257935196 0.244705796
v 0.144318148 0.257935196 0.260885447
v 0.17490308 0.257935196 0.244705796
v 0.144318148 0.257935196 0.260885447
v 0.17490308 0.257935196 0.260885447
v 0.144318148 0.234873146 0.260885447
v 0.144318148 0.257935196 0.260885447
v 0.144318148 0.257935196 0.244705796
v 0.144318148 0.234873146 0.260885447
v 0.144318148 0.257935196 0.244705796
v 0.144318148 0.234873146 0.244705796
v 0.17490308 0.234873146 0.260885447
v 0.17490308 0.257935196 0.260885447
v 0.144318148 0.257935196 0.260885447
v 0.17490308 0.234873146 0.260885447
v 0.144318148 0.257935196 0.260885447
v 0.144318148 0.234873146 0.260885447
v 0.144318148 0.234873146 0.244705796
v 0.144318148 0.257935196 0.244705796
v 0.17490308 0.257935196 0.244705796
v 0.144318148 0.234873146 0.244705796
v 0.17490308 0.257935196 0.244705796
v 0.17490308 0.234873146 0.244705796
v 0.17490308 0.234873146 0.244705796
v 0.17490308 0.257935196 0.244705796
v 0.17490308 0.257935196 0.260885447
v 0.17490308 0.234873146 0.244705796
v 0.17490308 0.257935196 0.260885447
v 0.17490308 0.234873146 0.260885447
v 0.131645679 0.234873146 0.260281175
v 0.131645679 0.234873146 0.243925437
v 0.131645679 0.257935196 0.243925437
v 0.131645679 0.234873146 0.260281175
v 0.131645679 0.257935196 0.243925437
v 0.131645679 0.257935196 0.260281175
v 0.101060763 0.234873146 0.260281175
v 0.131645679 0.234873146 0.260281175
v 0.131645679 0.257935196 0.260281175
v 0.101060763 0.234873146 0.260281175
v 0.131645679 0.257935196 0.260281175
v 0.101060763 0.257935196 0.260281175
v 0.131645679 0.234873146 0.243925437
v 0.10106077 0.234873146 0.243925437
v 0.10106077 0.257935196 0.243925437
v 0.131645679 0.234873146 0.243925437
v 0.10106077 0.257935196 0.243925437
v 0.131645679 0.257935196 0.243925437
v 0.10106077 0.234873146 0.243925437
v 0.101060763 0.234873146 0.260281175
v 0.101060763 0.257935196 0.260281175
v 0.10106077 0.234873146 0.243925437
v 0.101060763 0.257935196 0.260281175
v 0.10106077 0.257935196 0.243925437
v 0.131645679 0.257935196 0.260281175
v 0.131645679 0.257935196 0.243925437
v 0.10106077 0.257935196 0.243925437
v 0.131645679 0.257935196 0.260281175
v 0.10106077 0.257935196 0.243925437
v 0.101060763 0.257935196 0.260281175
v 0.271136314 0.234873146 0.124664791
v 0.254780769 0.234873146 0.124664791
v 0.254780769 0.257935196 0.124664791
v 0.271136314 0.234873146 0.124664791
v 0.254780769 0.257935196 0.124664791
v 0.271136314 0.257935196 0.124664791
v 0.271136314 0.234873146 0.155249745
v 0.271136314 0.234873146 0.124664791
v 0.271136314 0.257935196 0.124664791
v 0.271136314 0.234873146 0.155249745
v 0.271136314 0.257935196 0.124664791
v 0.271136314 0.257935196 0.155249745
v 0.254780769 0.234873146 0.124664791
v 0.254780769 0.234873146 0.155249745
v 0.254780769 0.257935196 0.155249745
v 0.254780769 0.234873146 0.124664791
v 0.254780769 0.257935196 0.155249745
v 0.254780769 0.257935196 0.124664791
v 0.254780769 0.234873146 0.155249745
v 0.271136314 0.234873146 0.155249745
v 0.271136314 0.257935196 0.155249745
v 0.254780769 0.234873146 0.155249745
v 0.271136314 0.257935196 0.155249745
v 0.254780769 0.257935196 0.155249745
v 0.271136314 0.257935196 0.124664791
v 0.254780769 0.257935196 0.124664791
v 0.254780769 0.257935196 0.155249745
v 0.271136314 0.257935196 0.124664791
v 0.254780769 0.257935196 0.155249745
v 0.271136314 0.257935196 0.155249745
v 0.271136314 0.257935196 0.163959324
v 0.254780769 0.257935196 0.194544286
v 0.271136314 0.257935196 0.194544286
v 0.271136314 0.257935196 0.163959324
v 0.254780769 0.257935196 0.163959324
v 0.254780769 0.257935196 0.194544286
v 0.254780769 0.234873146 0.194544286
v 0.271136314 0.257935196 0.194544286
v 0.254780769 0.257935196 0.194544286
v 0.254780769 0.234873146 0.194544286
v 0.271136314 0.234873146 0.194544286
v 0.271136314 0.257935196 0.194544286
v 0.254780769 0.234873146 0.163959324
v 0.254780769 0.257935196 0.194544286
v 0.254780769 0.257935196 0.163959324
v 0.254780769 0.234873146 0.163959324
v 0.254780769 0.234873146 0.194544286
v 0.254780769 0.257935196 0.194544286
v 0.271136314 0.234873146 0.194544286
v 0.271136314 0.257935196 0.163959324
v 0.271136314 0.257935196 0.194544286
v 0.271136314 0.234873146 0.194544286
v 0.271136314 0.234873146 0.163959324
v 0.271136314 0.257935196 0.163959324
v 0.271136314 0.234873146 0.163959324
v 0.254780769 0.257935196 0.163959324
v 0.271136314 0.257935196 0.163959324
v 0.271136314 0.234873146 0.163959324
v 0.254780769 0.234873146 0.163959324
v 0.254780769 0.257935196 0.163959324
v -0.263483584 0.361788422 -0.255873293
v -0.289727598 0.361788422 -0.241675094
v -0.263483584 0.361788422 -0.241675034
v -0.263483584 0.361788422 -0.255873293
v -0.304036945 0.361788422 -0.255873293
v -0.289727598 0.361788422 -0.241675094
v -0.263483584 0.338726491 -0.241675034
v -0.289727598 0.361788422 -0.241675094
v -0.289727598 0.338726491 -0.241675094
v -0.263483584 0.338726491 -0.241675034
v -0.263483584 0.361788422 -0.241675034
v -0.289727598 0.361788422 -0.241675094
v -0.304036945 0.338726491 -0.255873293
v -0.263483584 0.361788422 -0.255873293
v -0.263483584 0.338726491 -0.255873293
v -0.304036945 0.338726491 -0.255873293
v -0.304036945 0.361788422 -0.255873293
v -0.263483584 0.361788422 -0.255873293
v -0.263483584 0.338726491 -0.255873293
v -0.263483584 0.361788422 -0.241675034
v -0.263483584 0.338726491 -0.241675034
v -0.263483584 0.338726491 -0.255873293
v -0.263483584 0.361788422 -0.255873293
v -0.263483584 0.361788422 -0.241675034
v -0.221587151 0.338726491 -0.255873263
v -0.221587151 0.361788422 -0.241675034
v -0.221587151 0.338726491 -0.241675034
v -0.221587151 0.338726491 -0.255873263
v -0.221587151 0.361788422 -0.255873263
v -0.221587151 0.361788422 -0.241675034
v -0.252172112 0.338726491 -0.255873263
v -0.221587151 0.361788422 -0.255873263
v -0.221587151 0.338726491 -0.255873263
v -0.252172112 0.338726491 -0.255873263
v -0.252172112 0.361788422 -0.255873263
v -0.221587151 0.361788422 -0.255873263
v -0.221587151 0.338726491 -0.241675034
v -0.252172112 0.361788422 -0.241675094
v -0.252172112 0.338726491 -0.241675094
v -0.221587151 0.338726491 -0.241675034
v -0.221587151 0.361788422 -0.241675034
v -0.252172112 0.361788422 -0.241675094
v -0.252172112 0.338726491 -0.241675094
v -0.252172112 0.361788422 -0.255873263
v -0.252172112 0.338726491 -0.255873263
v -0.252172112 0.338726491 -0.241675094
v -0.252172112 0.361788422 -0.241675094
v -0.252172112 0.361788422 -0.255873263
v -0.221587151 0.361788422 -0.255873263
v -0.252172112 0.361788422 -0.241675094
v -0.221587151 0.361788422 -0.241675034
v -0.221587151 0.361788422 -0.255873263
v -0.252172112 0.361788422 -0.255873263
v -0.252172112 0.361788422 -0.241675094
v -0.207098216 0.338726491 -0.255873263
v -0.16517666 0.361788422 -0.255873263
v -0.16517666 0.338726491 -0.255873263
v -0.207098216 0.338726491 -0.255873263
v -0.207098216 0.361788422 -0.255873263
v -0.16517666 0.361788422 -0.255873263
v -0.179529339 0.338726491 -0.241675034
v -0.207098216 0.361788422 -0.241675079
v -0.207098216 0.338726491 -0.241675079
v -0.179529339 0.338726491 -0.241675034
v -0.179529339 0.361788422 -0.241675034
v -0.207098216 0.361788422 -0.241675079
v -0.207098216 0.338726491 -0.241675079
v -0.207098216 0.361788422 -0.255873263
v -0.207098216 0.338726491 -0.255873263
v -0.207098216 0.338726491 -0.241675079
v -0.207098216 0.361788422 -0.241675079
v -0.207098216 0.361788422 -0.255873263
v -0.16517666 0.361788422 -0.255873263
v -0.207098216 0.361788422 -0.241675079
v -0.179529339 0.361788422 -0.241675034
v -0.16517666 0.361788422 -0.255873263
v -0.207098216 0.361788422 -0.255873263
v -0.207098216 0.361788422 -0.241675079
v -0.179529354 0.338726491 -0.223917335
v -0.179529339 0.361788422 -0.241675034
v -0.179529339 0.338726491 -0.241675034
v -0.179529354 0.338726491 -0.223917335
v -0.179529354 0.361788422 -0.223917335
v -0.179529339 0.361788422 -0.241675034
v -0.16517666 0.338726491 -0.255873263
v -0.165176675 0.361788422 -0.223917335
v -0.165176675 0.338726491 -0.223917335
v -0.16517666 0.338726491 -0.255873263
v -0.16517666 0.361788422 -0.255873263
v -0.165176675 0.361788422 -0.223917335
v -0.165176675 0.338726491 -0.223917335
v -0.179529354 0.361788422 -0.223917335
v -0.179529354 0.338726491 -0.223917335
v -0.165176675 0.338726491 -0.223917335
v -0.165176675 0.361788422 -0.223917335
v -0.179529354 0.361788422 -0.223917335
v -0.179529339 0.361788422 -0.241675034
v -0.165176675 0.361788422 -0.223917335
v -0.16517666 0.361788422 -0.255873263
v -0.179529339 0.361788422 -0.241675034
v -0.179529354 0.361788422 -0.223917335
v -0.165176675 0.361788422 -0.223917335
v -0.304036945 0.361788422 -0.255873293
v -0.289727598 0.361788422 -0.223917365
v -0.289727598 0.361788422 -0.241675094
v -0.304036945 0.361788422 -0.255873293
v -0.304036945 0.361788422 -0.223917365
v -0.289727598 0.361788422 -0.223917365
v -0.289727598 0.338726491 -0.223917365
v -0.304036945 0.361788422 -0.223917365
v -0.304036945 0.338726491 -0.223917365
v -0.289727598 0.338726491 -0.223917365
v -0.289727598 0.361788422 -0.223917365
v -0.304036945 0.361788422 -0.223917365
v -0.289727598 0.338726491 -0.241675094
v -0.289727598 0.361788422 -0.223917365
v -0.289727598 0.338726491 -0.223917365
v -0.289727598 0.338726491 -0.241675094
v -0.289727598 0.361788422 -0.241675094
v -0.289727598 0.361788422 -0.223917365
v -0.304036945 0.338726491 -0.223917365
v -0.304036945 0.361788422 -0.255873293
v -0.304036945 0.338726491 -0.255873293
v -0.304036945 0.338726491 -0.223917365
v -0.304036945 0.361788422 -0.223917365
v -0.304036945 0.361788422 -0.255873293
v -0.303983122 0.338726491 -0.181160688
v -0.289727598 0.361788422 -0.181160688
v -0.303983122 0.361788422 -0.181160688
v -0.303983122 0.338726491 -0.181160688
v -0.289727598 0.338726491 -0.181160688
v -0.289727598 0.361788422 -0.181160688
v -0.303983122 0.338726491 -0.21174565
v -0.303983122 0.361788422 -0.181160688
v -0.303983122 0.361788422 -0.21174565
v -0.303983122 0.338726491 -0.21174565
v -0.303983122 0.338726491 -0.181160688
v -0.303983122 0.361788422 -0.181160688
v -0.289727598 0.338726491 -0.181160688
v -0.289727598 0.361788422 -0.21174565
v -0.289727598 0.361788422 -0.181160688
v -0.289727598 0.338726491 -0.181160688
v -0.289727598 0.338726491 -0.21174565
v -0.289727598 0.361788422 -0.21174565
v -0.289727598 0.338726491 -0.21174565
v -0.303983122 0.361788422 -0.21174565
v -0.289727598 0.361788422 -0.21174565
v -0.289727598 0.338726491 -0.21174565
v -0.303983122 0.338726491 -0.21174565
v -0.303983122 0.361788422 -0.21174565
v -0.303983122 0.361788422 -0.181160688
v -0.289727598 0.361788422 -0.21174565
v -0.303983122 0.361788422 -0.21174565
v -0.303983122 0.361788422 -0.181160688
v -0.289727598 0.361788422 -0.181160688
v -0.289727598 0.361788422 -0.21174565
v -0.304036945 0.338726491 -0.166671827
v -0.304036945 0.361788422 -0.1347159
v -0.304036945 0.361788422 -0.166671827
v -0.304036945 0.338726491 -0.166671827
v -0.304036945 0.338726491 -0.1347159
v -0.304036945 0.361788422 -0.1347159
v -0.289727598 0.338726491 -0.148914024
v -0.289727598 0.361788422 -0.166671827
v -0.289727598 0.361788422 -0.148914024
v -0.289727598 0.338726491 -0.148914024
v -0.289727598 0.338726491 -0.166671827
v -0.289727598 0.361788422 -0.166671827
v -0.289727598 0.338726491 -0.166671827
v -0.304036945 0.361788422 -0.166671827
v -0.289727598 0.361788422 -0.166671827
v -0.289727598 0.338726491 -0.166671827
v -0.304036945 0.338726491 -0.166671827
v -0.304036945 0.361788422 -0.166671827
v -0.304036945 0.361788422 -0.1347159
v -0.289727598 0.361788422 -0.166671827
v -0.304036945 0.361788422 -0.166671827
v -0.304036945 0.361788422 -0.1347159
v -0.289727598 0.361788422 -0.148914024
v -0.289727598 0.361788422 -0.166671827
v -0.179529354 0.361788422 -0.148914084
v -0.165176675 0.361788422 -0.166671798
v -0.179529354 0.361788422 -0.166671813
v -0.179529354 0.361788422 -0.148914084
v -0.16517669 0.361788422 -0.134715885
v -0.165176675 0.361788422 -0.166671798
v -0.165176675 0.338726491 -0.166671798
v -0.179529354 0.361788422 -0.166671813
v -0.165176675 0.361788422 -0.166671798
v -0.165176675 0.338726491 -0.166671798
v -0.179529354 0.338726491 -0.166671813
v -0.179529354 0.361788422 -0.166671813
v -0.16517669 0.338726491 -0.134715885
v -0.165176675 0.361788422 -0.166671798
v -0.16517669 0.361788422 -0.134715885
v -0.16517669 0.338726491 -0.134715885
v -0.165176675 0.338726491 -0.166671798
v -0.165176675 0.361788422 -0.166671798
v -0.179529354 0.338726491 -0.166671813
v -0.179529354 0.361788422 -0.148914084
v -0.179529354 0.361788422 -0.166671813
v -0.179529354 0.338726491 -0.166671813
v -0.179529354 0.338726491 -0.148914084
v -0.179529354 0.361788422 -0.148914084
v -0.179529354 0.361788422 -0.181160673
v -0.165176675 0.361788422 -0.21174562
v -0.179529354 0.361788422 -0.211745635
v -0.179529354 0.361788422 -0.181160673
v -0.165176675 0.361788422 -0.181160673
v -0.165176675 0.361788422 -0.21174562
v -0.165176675 0.338726491 -0.21174562
v -0.179529354 0.361788422 -0.211745635
v -0.165176675 0.361788422 -0.21174562
v -0.165176675 0.338726491 -0.21174562
v -0.179529354 0.338726491 -0.211745635
v -0.179529354 0.361788422 -0.211745635
v -0.165176675 0.338726491 -0.181160673
v -0.165176675 0.361788422 -0.21174562
v -0.165176675 0.361788422 -0.181160673
v -0.165176675 0.338726491 -0.181160673
v -0.165176675 0.338726491 -0.21174562
v -0.165176675 0.361788422 -0.21174562
v -0.179529354 0.338726491 -0.211745635
v -0.179529354 0.361788422 -0.181160673
v -0.179529354 0.361788422 -0.211745635
v -0.179529354 0.338726491 -0.211745635
v -0.179529354 0.338726491 -0.181160673
v -0.179529354 0.361788422 -0.181160673
v -0.179529354 0.338726491 -0.181160673
v -0.165176675 0.361788422 -0.181160673
v -0.179529354 0.361788422 -0.181160673
v -0.179529354 0.338726491 -0.181160673
v -0.165176675 0.338726491 -0.181160673
v -0.165176675 0.361788422 -0.181160673
v -0.16517669 0.361788422 -0.134715885
v -0.207098231 0.361788422 -0.148914009
v -0.207098246 0.361788422 -0.134715885
v -0.16517669 0.361788422 -0.134715885
v -0.179529354 0.361788422 -0.148914084
v -0.207098231 0.361788422 -0.148914009
v -0.207098231 0.338726491 -0.148914009
v -0.207098246 0.361788422 -0.134715885
v -0.207098231 0.361788422 -0.148914009
v -0.207098231 0.338726491 -0.148914009
v -0.207098246 0.338726491 -0.134715885
v -0.207098246 0.361788422 -0.134715885
v -0.179529354 0.338726491 -0.148914084
v -0.207098231 0.361788422 -0.148914009
v -0.179529354 0.361788422 -0.148914084
v -0.179529354 0.338726491 -0.148914084
v -0.207098231 0.338726491 -0.148914009
v -0.207098231 0.361788422 -0.148914009
v -0.207098246 0.338726491 -0.134715885
v -0.16517669 0.361788422 -0.134715885
v -0.207098246 0.361788422 -0.134715885
v -0.207098246 0.338726491 -0.134715885
v -0.16517669 0.338726491 -0.134715885
v -0.16517669 0.361788422 -0.134715885
v -0.221587181 0.361788422 -0.134715885
v -0.252172112 0.361788422 -0.148914009
v -0.252172112 0.361788422 -0.1347159
v -0.221587181 0.361788422 -0.134715885
v -0.221587166 0.361788422 -0.148914099
v -0.252172112 0.361788422 -0.148914009
v -0.252172112 0.338726491 -0.148914009
v -0.252172112 0.361788422 -0.1347159
v -0.252172112 0.361788422 -0.148914009
v -0.252172112 0.338726491 -0.148914009
v -0.252172112 0.338726491 -0.1347159
v -0.252172112 0.361788422 -0.1347159
v -0.221587166 0.338726491 -0.148914099
v -0.252172112 0.361788422 -0.148914009
v -0.221587166 0.361788422 -0.148914099
v -0.221587166 0.338726491 -0.148914099
v -0.252172112 0.338726491 -0.148914009
v -0.252172112 0.361788422 -0.148914009
v -0.252172112 0.338726491 -0.1347159
v -0.221587181 0.361788422 -0.134715885
v -0.252172112 0.361788422 -0.1347159
v -0.252172112 0.338726491 -0.1347159
v -0.221587181 0.338726491 -0.134715885
v -0.221587181 0.361788422 -0.134715885
v -0.221587181 0.338726491 -0.134715885
v -0.221587166 0.361788422 -0.148914099
v -0.221587181 0.361788422 -0.134715885
v -0.221587181 0.338726491 -0.134715885
v -0.221587166 0.338726491 -0.148914099
v -0.221587166 0.361788422 -0.148914099
v -0.263483584 0.338726491 -0.1347159
v -0.263483584 0.361788422 -0.148914099
v -0.263483584 0.361788422 -0.1347159
v -0.263483584 0.338726491 -0.1347159
v -0.263483584 0.338726491 -0.148914099
v -0.263483584 0.361788422 -0.148914099
v -0.304036945 0.338726491 -0.1347159
v -0.263483584 0.361788422 -0.1347159
v -0.304036945 0.361788422 -0.1347159
v -0.304036945 0.338726491 -0.1347159
v -0.263483584 0.338726491 -0.1347159
v -0.263483584 0.361788422 -0.1347159
v -0.263483584 0.338726491 -0.148914099
v -0.289727598 0.361788422 -0.148914024
v -0.263483584 0.361788422 -0.148914099
v -0.263483584 0.338726491 -0.148914099
v -0.289727598 0.338726491 -0.148914024
v -0.289727598 0.361788422 -0.148914024
v -0.263483584 0.361788422 -0.1347159
v -0.289727598 0.361788422 -0.148914024
v -0.304036945 0.361788422 -0.1347159
v -0.263483584 0.361788422 -0.1347159
v -0.263483584 0.361788422 -0.148914099
v -0.289727598 0.361788422 -0.148914024
v -0.16682443 0.300215036 -0.152633801
v -0.154444262 0.285366684 -0.152633801
v -0.154396534 0.290571928 -0.152633801
v -0.16682443 0.300215036 -0.152633801
v -0.166872233 0.295009524 -0.152633801
v -0.154444262 0.285366684 -0.152633801
v -0.166824475 0.300215036 -0.209617704
v -0.154444262 0.285366684 -0.209617704
v -0.166872233 0.295009524 -0.209617704
v -0.166824475 0.300215036 -0.209617704
v -0.154396534 0.290571928 -0.209617704
v -0.154444262 0.285366684 -0.209617704
v -0.166824475 0.300215036 -0.209617704
v -0.154396534 0.290571928 -0.152633801
v -0.154396534 0.290571928 -0.209617704
v -0.166824475 0.300215036 -0.209617704
v -0.16682443 0.300215036 -0.152633801
v -0.154396534 0.290571928 -0.152633801
v -0.154396534 0.290571928 -0.209617704
v -0.154444262 0.285366684 -0.152633801
v -0.154444262 0.285366684 -0.209617704
v -0.154396534 0.290571928 -0.209617704
v -0.154396534 0.290571928 -0.152633801
v -0.154444262 0.285366684 -0.152633801
v -0.263483644 0.361788422 0.139403999
v -0.289727658 0.361788422 0.153602079
v -0.263483644 0.361788422 0.153602153
v -0.263483644 0.361788422 0.139403999
v -0.304037005 0.361788422 0.139403984
v -0.289727658 0.361788422 0.153602079
v -0.263483644 0.338726491 0.153602153
v -0.289727658 0.361788422 0.153602079
v -0.289727658 0.338726491 0.153602079
v -0.263483644 0.338726491 0.153602153
v -0.263483644 0.361788422 0.153602153
v -0.289727658 0.361788422 0.153602079
v -0.304037005 0.338726491 0.139403984
v -0.263483644 0.361788422 0.139403999
v -0.263483644 0.338726491 0.139403999
v -0.304037005 0.338726491 0.139403984
v -0.304037005 0.361788422 0.139403984
v -0.263483644 0.361788422 0.139403999
v -0.263483644 0.338726491 0.139403999
v -0.263483644 0.361788422 0.153602153
v -0.263483644 0.338726491 0.153602153
v -0.263483644 0.338726491 0.139403999
v -0.263483644 0.361788422 0.139403999
v -0.263483644 0.361788422 0.153602153
v -0.221587226 0.338726491 0.139403999
v -0.221587226 0.361788422 0.153602168
v -0.221587226 0.338726491 0.153602168
v -0.221587226 0.338726491 0.139403999
v -0.221587226 0.361788422 0.139403999
v -0.221587226 0.361788422 0.153602168
v -0.252172172 0.338726491 0.139403999
v -0.221587226 0.361788422 0.139403999
v -0.221587226 0.338726491 0.139403999
v -0.252172172 0.338726491 0.139403999
v -0.252172172 0.361788422 0.139403999
v -0.221587226 0.361788422 0.139403999
v -0.221587226 0.338726491 0.153602168
v -0.252172172 0.361788422 0.153602093
v -0.252172172 0.338726491 0.153602093
v -0.221587226 0.338726491 0.153602168
v -0.221587226 0.361788422 0.153602168
v -0.252172172 0.361788422 0.153602093
v -0.252172172 0.338726491 0.153602093
v -0.252172172 0.361788422 0.139403999
v -0.252172172 0.338726491 0.139403999
v -0.252172172 0.338726491 0.153602093
v -0.252172172 0.361788422 0.153602093
v -0.252172172 0.361788422 0.139403999
v -0.221587226 0.361788422 0.139403999
v -0.252172172 0.361788422 0.153602093
v -0.221587226 0.361788422 0.153602168
v -0.221587226 0.361788422 0.139403999
v -0.252172172 0.361788422 0.139403999
v -0.252172172 0.361788422 0.153602093
v -0.20709829 0.338726491 0.139403999
v -0.165176734 0.361788422 0.139404014
v -0.165176734 0.338726491 0.139404014
v -0.20709829 0.338726491 0.139403999
v -0.20709829 0.361788422 0.139403999
v -0.165176734 0.361788422 0.139404014
v -0.179529414 0.338726491 0.153602168
v -0.20709829 0.361788422 0.153602093
v -0.20709829 0.338726491 0.153602093
v -0.179529414 0.338726491 0.153602168
v -0.179529414 0.361788422 0.153602168
v -0.20709829 0.361788422 0.153602093
v -0.20709829 0.338726491 0.153602093
v -0.20709829 0.361788422 0.139403999
v -0.20709829 0.338726491 0.139403999
v -0.20709829 0.338726491 0.153602093
v -0.20709829 0.361788422 0.153602093
v -0.20709829 0.361788422 0.139403999
v -0.165176734 0.361788422 0.139404014
v -0.20709829 0.361788422 0.153602093
v -0.179529414 0.361788422 0.153602168
v -0.165176734 0.361788422 0.139404014
v -0.20709829 0.361788422 0.139403999
v -0.20709829 0.361788422 0.153602093
v -0.179529414 0.338726491 0.171359912
v -0.179529414 0.361788422 0.153602168
v -0.179529414 0.338726491 0.153602168
v -0.179529414 0.338726491 0.171359912
v -0.179529414 0.361788422 0.171359912
v -0.179529414 0.361788422 0.153602168
v -0.165176734 0.338726491 0.139404014
v -0.165176734 0.361788422 0.171359912
v -0.165176734 0.338726491 0.171359912
v -0.165176734 0.338726491 0.139404014
v -0.165176734 0.361788422 0.139404014
v -0.165176734 0.361788422 0.171359912
v -0.165176734 0.338726491 0.171359912
v -0.179529414 0.361788422 0.171359912
v -0.179529414 0.338726491 0.171359912
v -0.165176734 0.338726491 0.171359912
v -0.165176734 0.361788422 0.171359912
v -0.179529414 0.361788422 0.171359912
v -0.179529414 0.361788422 0.153602168
v -0.165176734 0.361788422 0.171359912
v -0.165176734 0.361788422 0.139404014
v -0.179529414 0.361788422 0.153602168
v -0.179529414 0.361788422 0.171359912
v -0.165176734 0.361788422 0.171359912
v -0.304037005 0.361788422 0.139403984
v -0.289727658 0.361788422 0.171359882
v -0.289727658 0.361788422 0.153602079
v -0.304037005 0.361788422 0.139403984
v -0.304037005 0.361788422 0.171359882
v -0.289727658 0.361788422 0.171359882
v -0.289727658 0.338726491 0.171359882
v -0.304037005 0.361788422 0.171359882
v -0.304037005 0.338726491 0.171359882
v -0.289727658 0.338726491 0.171359882
v -0.289727658 0.361788422 0.171359882
v -0.304037005 0.361788422 0.171359882
v -0.289727658 0.338726491 0.153602079
v -0.289727658 0.361788422 0.171359882
v -0.289727658 0.338726491 0.171359882
v -0.289727658 0.338726491 0.153602079
v -0.289727658 0.361788422 0.153602079
v -0.289727658 0.361788422 0.171359882
v -0.304037005 0.338726491 0.171359882
v -0.304037005 0.361788422 0.139403984
v -0.304037005 0.338726491 0.139403984
v -0.304037005 0.338726491 0.171359882
v -0.304037005 0.361788422 0.171359882
v -0.304037005 0.361788422 0.139403984
v -0.303983182 0.338726491 0.214116499
v -0.289727658 0.361788422 0.214116514
v -0.303983182 0.361788422 0.214116499
v -0.303983182 0.338726491 0.214116499
v -0.289727658 0.338726491 0.214116514
v -0.289727658 0.361788422 0.214116514
v -0.303983182 0.338726491 0.183531567
v -0.303983182 0.361788422 0.214116499
v -0.303983182 0.361788422 0.183531567
v -0.303983182 0.338726491 0.183531567
v -0.303983182 0.338726491 0.214116499
v -0.303983182 0.361788422 0.214116499
v -0.289727658 0.338726491 0.214116514
v -0.289727658 0.361788422 0.183531567
v -0.289727658 0.361788422 0.214116514
v -0.289727658 0.338726491 0.214116514
v -0.289727658 0.338726491 0.183531567
v -0.289727658 0.361788422 0.183531567
v -0.289727658 0.338726491 0.183531567
v -0.303983182 0.361788422 0.183531567
v -0.289727658 0.361788422 0.183531567
v -0.289727658 0.338726491 0.183531567
v -0.303983182 0.338726491 0.183531567
v -0.303983182 0.361788422 0.183531567
v -0.303983182 0.361788422 0.214116499
v -0.289727658 0.361788422 0.183531567
v -0.303983182 0.361788422 0.183531567
v -0.303983182 0.361788422 0.214116499
v -0.289727658 0.361788422 0.214116514
v -0.289727658 0.361788422 0.183531567
v -0.304037005 0.338726491 0.228605375
v -0.304037005 0.361788422 0.260561258
v -0.304037005 0.361788422 0.228605375
v -0.304037005 0.338726491 0.228605375
v -0.304037005 0.338726491 0.260561258
v -0.304037005 0.361788422 0.260561258
v -0.289727658 0.338726491 0.246363163
v -0.289727658 0.361788422 0.228605375
v -0.289727658 0.361788422 0.246363163
v -0.289727658 0.338726491 0.246363163
v -0.289727658 0.338726491 0.228605375
v -0.289727658 0.361788422 0.228605375
v -0.289727658 0.338726491 0.228605375
v -0.304037005 0.361788422 0.228605375
v -0.289727658 0.361788422 0.228605375
v -0.289727658 0.338726491 0.228605375
v -0.304037005 0.338726491 0.228605375
v -0.304037005 0.361788422 0.228605375
v -0.304037005 0.361788422 0.260561258
v -0.289727658 0.361788422 0.228605375
v -0.304037005 0.361788422 0.228605375
v -0.304037005 0.361788422 0.260561258
v -0.289727658 0.361788422 0.246363163
v -0.289727658 0.361788422 0.228605375
v -0.179529428 0.361788422 0.246363133
v -0.165176734 0.361788422 0.22860539
v -0.179529414 0.361788422 0.22860539
v -0.179529428 0.361788422 0.246363133
v -0.165176749 0.361788422 0.260561287
v -0.165176734 0.361788422 0.22860539
v -0.165176734 0.338726491 0.22860539
v -0.179529414 0.361788422 0.22860539
v -0.165176734 0.361788422 0.22860539
v -0.165176734 0.338726491 0.22860539
v -0.179529414 0.338726491 0.22860539
v -0.179529414 0.361788422 0.22860539
v -0.165176749 0.338726491 0.260561287
v -0.165176734 0.361788422 0.22860539
v -0.165176749 0.361788422 0.260561287
v -0.165176749 0.338726491 0.260561287
v -0.165176734 0.338726491 0.22860539
v -0.165176734 0.361788422 0.22860539
v -0.179529414 0.338726491 0.22860539
v -0.179529428 0.361788422 0.246363133
v -0.179529414 0.361788422 0.22860539
v -0.179529414 0.338726491 0.22860539
v -0.179529428 0.338726491 0.246363133
v -0.179529428 0.361788422 0.246363133
v -0.179529414 0.361788422 0.214116529
v -0.165176734 0.361788422 0.183531582
v -0.179529414 0.361788422 0.183531582
v -0.179529414 0.361788422 0.214116529
v -0.165176734 0.361788422 0.214116529
v -0.165176734 0.361788422 0.183531582
v -0.165176734 0.338726491 0.183531582
v -0.179529414 0.361788422 0.183531582
v -0.165176734 0.361788422 0.183531582
v -0.165176734 0.338726491 0.183531582
v -0.179529414 0.338726491 0.183531582
v -0.179529414 0.361788422 0.183531582
v -0.165176734 0.338726491 0.214116529
v -0.165176734 0.361788422 0.183531582
v -0.165176734 0.361788422 0.214116529
v -0.165176734 0.338726491 0.214116529
v -0.165176734 0.338726491 0.183531582
v -0.165176734 0.361788422 0.183531582
v -0.179529414 0.338726491 0.183531582
v -0.179529414 0.361788422 0.214116529
v -0.179529414 0.361788422 0.183531582
v -0.179529414 0.338726491 0.183531582
v -0.179529414 0.338726491 0.214116529
v -0.179529414 0.361788422 0.214116529
v -0.179529414 0.338726491 0.214116529
v -0.165176734 0.361788422 0.214116529
v -0.179529414 0.361788422 0.214116529
v -0.179529414 0.338726491 0.214116529
v -0.165176734 0.338726491 0.214116529
v -0.165176734 0.361788422 0.214116529
v -0.165176749 0.361788422 0.260561287
v -0.207098305 0.361788422 0.246363178
v -0.207098305 0.361788422 0.260561287
v -0.165176749 0.361788422 0.260561287
v -0.179529428 0.361788422 0.246363133
v -0.207098305 0.361788422 0.246363178
v -0.207098305 0.338726491 0.246363178
v -0.207098305 0.361788422 0.260561287
v -0.207098305 0.361788422 0.246363178
v -0.207098305 0.338726491 0.246363178
v -0.207098305 0.338726491 0.260561287
v -0.207098305 0.361788422 0.260561287
v -0.179529428 0.338726491 0.246363133
v -0.207098305 0.361788422 0.246363178
v -0.179529428 0.361788422 0.246363133
v -0.179529428 0.338726491 0.246363133
v -0.207098305 0.338726491 0.246363178
v -0.207098305 0.361788422 0.246363178
v -0.207098305 0.338726491 0.260561287
v -0.165176749 0.361788422 0.260561287
v -0.207098305 0.361788422 0.260561287
v -0.207098305 0.338726491 0.260561287
v -0.165176749 0.338726491 0.260561287
v -0.165176749 0.361788422 0.260561287
v -0.221587241 0.361788422 0.260561287
v -0.252172172 0.361788422 0.246363163
v -0.252172172 0.361788422 0.260561287
v -0.221587241 0.361788422 0.260561287
v -0.221587241 0.361788422 0.246363118
v -0.252172172 0.361788422 0.246363163
v -0.252172172 0.338726491 0.246363163
v -0.252172172 0.361788422 0.260561287
v -0.252172172 0.361788422 0.246363163
v -0.252172172 0.338726491 0.246363163
v -0.252172172 0.338726491 0.260561287
v -0.252172172 0.361788422 0.260561287
v -0.221587241 0.338726491 0.246363118
v -0.252172172 0.361788422 0.246363163
v -0.221587241 0.361788422 0.246363118
v -0.221587241 0.338726491 0.246363118
v -0.252172172 0.338726491 0.246363163
v -0.252172172 0.361788422 0.246363163
v -0.252172172 0.338726491 0.260561287
v -0.221587241 0.361788422 0.260561287
v -0.252172172 0.361788422 0.260561287
v -0.252172172 0.338726491 0.260561287
v -0.221587241 0.338726491 0.260561287
v -0.221587241 0.361788422 0.260561287
v -0.221587241 0.338726491 0.260561287
v -0.221587241 0.361788422 0.246363118
v -0.221587241 0.361788422 0.260561287
v -0.221587241 0.338726491 0.260561287
v -0.221587241 0.338726491 0.246363118
v -0.221587241 0.361788422 0.246363118
v -0.263483644 0.338726491 0.260561287
v -0.263483644 0.361788422 0.246363118
v -0.263483644 0.361788422 0.260561287
v -0.263483644 0.338726491 0.260561287
v -0.263483644 0.338726491 0.246363118
v -0.263483644 0.361788422 0.246363118
v -0.304037005 0.338726491 0.260561258
v -0.263483644 0.361788422 0.260561287
v -0.304037005 0.361788422 0.260561258
v -0.304037005 0.338726491 0.260561258
v -0.263483644 0.338726491 0.260561287
v -0.263483644 0.361788422 0.260561287
v -0.263483644 0.338726491 0.246363118
v -0.289727658 0.361788422 0.246363163
v -0.263483644 0.361788422 0.246363118
v -0.263483644 0.338726491 0.246363118
v -0.289727658 0.338726491 0.246363163
v -0.289727658 0.361788422 0.246363163
v -0.263483644 0.361788422 0.260561287
v -0.289727658 0.361788422 0.246363163
v -0.304037005 0.361788422 0.260561258
v -0.263483644 0.361788422 0.260561287
v -0.263483644 0.361788422 0.246363118
v -0.289727658 0.361788422 0.246363163
v -0.132826954 0.234873146 0.244705752
v -0.132826954 0.257935196 0.260885417
v -0.132826954 0.234873146 0.260885417
v -0.132826954 0.234873146 0.244705752
v -0.132826954 0.257935196 0.244705752
v -0.132826954 0.257935196 0.260885417
v -0.163411885 0.234873146 0.244705752
v -0.132826954 0.257935196 0.244705752
v -0.132826954 0.234873146 0.244705752
v -0.163411885 0.234873146 0.244705752
v -0.163411885 0.257935196 0.244705752
v -0.132826954 0.257935196 0.244705752
v -0.132826954 0.234873146 0.260885417
v -0.163411885 0.257935196 0.260885417
v -0.163411885 0.234873146 0.260885417
v -0.132826954 0.234873146 0.260885417
v -0.132826954 0.257935196 0.260885417
v -0.163411885 0.257935196 0.260885417
v -0.163411885 0.234873146 0.260885417
v -0.163411885 0.257935196 0.244705752
v -0.163411885 0.234873146 0.244705752
v -0.163411885 0.234873146 0.260885417
v -0.163411885 0.257935196 0.260885417
v -0.163411885 0.257935196 0.244705752
v -0.132826954 0.257935196 0.244705752
v -0.163411885 0.257935196 0.260885417
v -0.132826954 0.257935196 0.260885417
v -0.132826954 0.257935196 0.244705752
v -0.163411885 0.257935196 0.244705752
v -0.163411885 0.257935196 0.260885417
v -0.0894337222 0.257935196 0.260281146
v -0.120018646 0.257935196 0.243925393
v -0.120018654 0.257935196 0.260281146
v -0.0894337222 0.257935196 0.260281146
v -0.0894337147 0.257935196 0.243925408
v -0.120018646 0.257935196 0.243925393
v -0.120018646 0.234873146 0.243925393
v -0.120018654 0.257935196 0.260281146
v -0.120018646 0.257935196 0.243925393
v -0.120018646 0.234873146 0.243925393
v -0.120018654 0.234873146 0.260281146
v -0.120018654 0.257935196 0.260281146
v -0.0894337147 0.234873146 0.243925408
v -0.120018646 0.257935196 0.243925393
v -0.0894337147 0.257935196 0.243925408
v -0.0894337147 0.234873146 0.243925408
v -0.120018646 0.234873146 0.243925393
v -0.120018646 0.257935196 0.243925393
v -0.120018654 0.234873146 0.260281146
v -0.0894337222 0.257935196 0.260281146
v -0.120018654 0.257935196 0.260281146
v -0.120018654 0.234873146 0.260281146
v -0.0894337222 0.234873146 0.260281146
v -0.0894337222 0.257935196 0.260281146
v -0.0894337222 0.234873146 0.260281146
v -0.0894337147 0.257935196 0.243925408
v -0.0894337222 0.257935196 0.260281146
v -0.0894337222 0.234873146 0.260281146
v -0.0894337147 0.234873146 0.243925408
v -0.0894337147 0.257935196 0.243925408
v -0.0445362739 0.234873146 0.244705766
v -0.0445362739 0.257935196 0.260885417
v -0.0445362739 0.234873146 0.260885417
v -0.0445362739 0.234873146 0.244705766
v -0.0445362739 0.257935196 0.244705766
v -0.0445362739 0.257935196 0.260885417
v -0.0751211941 0.234873146 0.244705766
v -0.0445362739 0.257935196 0.244705766
v -0.0445362739 0.234873146 0.244705766
v -0.0751211941 0.234873146 0.244705766
v -0.0751211941 0.257935196 0.244705766
v -0.0445362739 0.257935196 0.244705766
v -0.0445362739 0.234873146 0.260885417
v -0.0751212016 0.257935196 0.260885417
v -0.0751212016 0.234873146 0.260885417
v -0.0445362739 0.234873146 0.260885417
v -0.0445362739 0.257935196 0.260885417
v -0.0751212016 0.257935196 0.260885417
v -0.0751212016 0.234873146 0.260885417
v -0.0751211941 0.257935196 0.244705766
v -0.0751211941 0.234873146 0.244705766
v -0.0751212016 0.234873146 0.260885417
v -0.0751212016 0.257935196 0.260885417
v -0.0751211941 0.257935196 0.244705766
v -0.0445362739 0.257935196 0.244705766
v -0.0751212016 0.257935196 0.260885417
v -0.0445362739 0.257935196 0.260885417
v -0.0445362739 0.257935196 0.244705766
v -0.0751211941 0.257935196 0.244705766
v -0.0751212016 0.257935196 0.260885417
v -0.0016126663 0.257935196 0.260281146
v -0.0321975872 0.257935196 0.243925408
v -0.0321975872 0.257935196 0.260281146
v -0.0016126663 0.257935196 0.260281146
v -0.00161266362 0.257935196 0.243925422
v -0.0321975872 0.257935196 0.243925408
v -0.0321975872 0.234873146 0.243925408
v -0.0321975872 0.257935196 0.260281146
v -0.0321975872 0.257935196 0.243925408
v -0.0321975872 0.234873146 0.243925408
v -0.0321975872 0.234873146 0.260281146
v -0.0321975872 0.257935196 0.260281146
v -0.00161266362 0.234873146 0.243925422
v -0.0321975872 0.257935196 0.243925408
v -0.00161266362 0.257935196 0.243925422
v -0.00161266362 0.234873146 0.243925422
v -0.0321975872 0.234873146 0.243925408
v -0.0321975872 0.257935196 0.243925408
v -0.0321975872 0.234873146 0.260281146
v -0.0016126663 0.257935196 0.260281146
v -0.0321975872 0.257935196 0.260281146
v -0.0321975872 0.234873146 0.260281146
v -0.0016126663 0.234873146 0.260281146
v -0.0016126663 0.257935196 0.260281146
v -0.0016126663 0.234873146 0.260281146
v -0.00161266362 0.257935196 0.243925422
v -0.0016126663 0.257935196 0.260281146
v -0.0016126663 0.234873146 0.260281146
v -0.00161266362 0.234873146 0.243925422
v -0.00161266362 0.257935196 0.243925422
v 0.0446936451 0.234873146 0.244705781
v 0.0446936451 0.257935196 0.260885447
v 0.0446936451 0.234873146 0.260885447
v 0.0446936451 0.234873146 0.244705781
v 0.0446936451 0.257935196 0.244705781
v 0.0446936451 0.257935196 0.260885447
v 0.0141087221 0.234873146 0.244705781
v 0.0446936451 0.257935196 0.244705781
v 0.0446936451 0.234873146 0.244705781
v 0.0141087221 0.234873146 0.244705781
v 0.0141087221 0.257935196 0.244705781
v 0.0446936451 0.257935196 0.244705781
v 0.0446936451 0.234873146 0.260885447
v 0.0141087193 0.257935196 0.260885417
v 0.0141087193 0.234873146 0.260885417
v 0.0446936451 0.234873146 0.260885447
v 0.0446936451 0.257935196 0.260885447
v 0.0141087193 0.257935196 0.260885417
v 0.0141087193 0.234873146 0.260885417
v 0.0141087221 0.257935196 0.244705781
v 0.0141087221 0.234873146 0.244705781
v 0.0141087193 0.234873146 0.260885417
v 0.0141087193 0.257935196 0.260885417
v 0.0141087221 0.257935196 0.244705781
v 0.0446936451 0.257935196 0.244705781
v 0.0141087193 0.257935196 0.260885417
v 0.0446936451 0.257935196 0.260885447
v 0.0446936451 0.257935196 0.244705781
v 0.0141087221 0.257935196 0.244705781
v 0.0141087193 0.257935196 0.260885417
v 0.089026168 0.257935196 0.260281175
v 0.058441218 0.257935196 0.243925422
v 0.058441218 0.257935196 0.260281175
v 0.089026168 0.257935196 0.260281175
v 0.0890261754 0.257935196 0.243925437
v 0.058441218 0.257935196 0.243925422
v 0.058441218 0.234873146 0.243925422
v 0.058441218 0.257935196 0.260281175
v 0.058441218 0.257935196 0.243925422
v 0.058441218 0.234873146 0.243925422
v 0.058441218 0.234873146 0.260281175
v 0.058441218 0.257935196 0.260281175
v 0.0890261754 0.234873146 0.243925437
v 0.058441218 0.257935196 0.243925422
v 0.0890261754 0.257935196 0.243925437
v 0.0890261754 0.234873146 0.243925437
v 0.058441218 0.234873146 0.243925422
v 0.058441218 0.257935196 0.243925422
v 0.058441218 0.234873146 0.260281175
v 0.089026168 0.257935196 0.260281175
v 0.058441218 0.257935196 0.260281175
v 0.058441218 0.234873146 0.260281175
v 0.089026168 0.234873146 0.260281175
v 0.089026168 0.257935196 0.260281175
v 0.089026168 0.234873146 0.260281175
v 0.0890261754 0.257935196 0.243925437
v 0.089026168 0.257935196 0.260281175
v 0.089026168 0.234873146 0.260281175
v 0.0890261754 0.234873146 0.243925437
v 0.0890261754 0.257935196 0.243925437
v 0.256716251 0.262147278 0.240064412
v 0.274720758 0.262147278 0.217685178
v 0.256716251 0.262147278 0.217685178
v 0.256716251 0.262147278 0.240064412
v 0.274720758 0.262147278 0.257957637
v 0.274720758 0.262147278 0.217685178
v 0.274720758 0.236656711 0.217685178
v 0.256716251 0.262147278 0.217685178
v 0.274720758 0.262147278 0.217685178
v 0.274720758 0.236656711 0.217685178
v 0.256716251 0.236656711 0.217685178
v 0.256716251 0.262147278 0.217685178
v 0.274720758 0.236656711 0.257957637
v 0.274720758 0.262147278 0.217685178
v 0.274720758 0.262147278 0.257957637
v 0.274720758 0.236656711 0.257957637
v 0.274720758 0.236656711 0.217685178
v 0.274720758 0.262147278 0.217685178
v 0.256716251 0.236656711 0.217685178
v 0.256716251 0.262147278 0.240064412
v 0.256716251 0.262147278 0.217685178
v 0.256716251 0.236656711 0.217685178
v 0.256716251 0.236656711 0.240064412
v 0.256716251 0.262147278 0.240064412
v 0.274720758 0.262147278 0.257957637
v 0.222132638 0.262147278 0.240064427
v 0.222132638 0.262147278 0.257957608
v 0.274720758 0.262147278 0.257957637
v 0.256716251 0.262147278 0.240064412
v 0.222132638 0.262147278 0.240064427
v 0.222132638 0.236656711 0.240064427
v 0.222132638 0.262147278 0.257957608
v 0.222132638 0.262147278 0.240064427
v 0.222132638 0.236656711 0.240064427
v 0.222132638 0.236656711 0.257957608
v 0.222132638 0.262147278 0.257957608
v 0.256716251 0.236656711 0.240064412
v 0.222132638 0.262147278 0.240064427
v 0.256716251 0.262147278 0.240064412
v 0.256716251 0.236656711 0.240064412
v 0.222132638 0.236656711 0.240064427
v 0.222132638 0.262147278 0.240064427
v 0.222132638 0.236656711 0.257957608
v 0.274720758 0.262147278 0.257957637
v 0.222132638 0.262147278 0.257957608
v 0.222132638 0.236656711 0.257957608
v 0.274720758 0.236656711 0.257957637
v 0.274720758 0.262147278 0.257957637
v -0.165176958 0.165399402 -0.000399637473
v -0.165177003 -0.00227811909 0.249228776
v -0.165176958 -0.00227811909 -0.000399637473
v -0.165176958 0.165399402 -0.000399637473
v -0.165177003 0.165399402 0.249228776
v -0.165177003 -0.00227811909 0.249228776
v -0.165103674 -0.00253896788 -0.138107806
v -0.165176958 0.165399402 -0.000399637473
v -0.165176958 -0.00227811909 -0.000399637473
v -0.165103674 -0.00253896788 -0.138107806
v -0.165103674 0.165399402 -0.138107806
v -0.165176958 0.165399402 -0.000399637473
v -0.165176958 -0.00227811909 -0.000399637473
v -0.165177003 -0.00227811909 0.249228776
v -0.165177003 -0.0862109214 0.249228776
v -0.165103674 -0.00253896788 -0.138107806
v -0.165176958 -0.00227811909 -0.000399637473
v -0.165176958 -0.0862109214 -0.000399637473
v 0.257861525 0.186129764 0.137650818
v 0.195031136 0.186129764 0.248754799
v 0.257861525 0.186129764 0.248754814
v 0.257861525 0.186129764 0.137650818
v 0.195031151 0.186129764 0.137650803
v 0.195031136 0.186129764 0.248754799
v 0.195031151 0.186129764 0.137650803
v 0.195031136 0.167084992 0.248754799
v 0.195031136 0.186129764 0.248754799
v 0.195031151 0.186129764 0.137650803
v 0.195031151 0.167084992 0.137650803
v 0.195031136 0.167084992 0.248754799
v 0.195031151 0.167084992 0.137650803
v 0.185721606 0.167084992 0.248754859
v 0.195031136 0.167084992 0.248754799
v 0.195031151 0.167084992 0.137650803
v 0.185721621 0.167084992 0.137650803
v 0.185721606 0.167084992 0.248754859
v 0.185721621 0.167084992 0.137650803
v 0.185721606 0.149991274 0.248754859
v 0.185721606 0.167084992 0.248754859
v 0.185721621 0.167084992 0.137650803
v 0.185721621 0.149991274 0.137650803
v 0.185721606 0.149991274 0.248754859
v 0.185721621 0.149991274 0.137650803
v 0.176412076 0.149991274 0.248754859
v 0.185721606 0.149991274 0.248754859
v 0.185721621 0.149991274 0.137650803
v 0.176412001 0.149991274 0.137650803
v 0.176412076 0.149991274 0.248754859
v 0.176412001 0.149991274 0.137650803
v 0.176412076 0.134271279 0.248754859
v 0.176412076 0.149991274 0.248754859
v 0.176412001 0.149991274 0.137650803
v 0.176412001 0.134271279 0.137650803
v 0.176412076 0.134271279 0.248754859
v 0.176412001 0.134271279 0.137650803
v 0.167102456 0.134271279 0.248754844
v 0.176412076 0.134271279 0.248754859
v 0.176412001 0.134271279 0.137650803
v 0.167102471 0.134271279 0.137650803
v 0.167102456 0.134271279 0.248754844
v 0.167102471 0.134271279 0.137650803
v 0.167102456 0.11918477 0.248754844
v 0.167102456 0.134271279 0.248754844
v 0.167102471 0.134271279 0.137650803
v 0.167102471 0.11918477 0.137650803
v 0.167102456 0.11918477 0.248754844
v 0.167102471 0.11918477 0.137650803
v 0.157792941 0.11918477 0.248754844
v 0.167102456 0.11918477 0.248754844
v 0.167102471 0.11918477 0.137650803
v 0.157792956 0.11918477 0.137650803
v 0.157792941 0.11918477 0.248754844
v 0.157792956 0.11918477 0.137650803
v 0.157792941 0.106804654 0.248754844
v 0.157792941 0.11918477 0.248754844
v 0.157792956 0.11918477 0.137650803
v 0.157792956 0.106804654 0.137650803
v 0.157792941 0.106804654 0.248754844
v 0.157792956 0.106804654 0.137650803
v 0.148483455 0.106804654 0.248754844
v 0.157792941 0.106804654 0.248754844
v 0.157792956 0.106804654 0.137650803
v 0.148483425 0.106804654 0.137650803
v 0.148483455 0.106804654 0.248754844
v 0.148483425 0.106804654 0.137650803
v 0.148483455 0.095283471 0.248754844
v 0.148483455 0.106804654 0.248754844
v 0.148483425 0.106804654 0.137650803
v 0.148483425 0.095283471 0.137650803
v 0.148483455 0.095283471 0.248754844
v 0.148483425 0.095283471 0.137650803
v 0.13917385 0.095283471 0.248754844
v 0.148483455 0.095283471 0.248754844
v 0.148483425 0.095283471 0.137650803
v 0.139173865 0.095283471 0.137650803
v 0.13917385 0.095283471 0.248754844
v 0.139173865 0.095283471 0.137650803
v 0.13917385 0.0830622837 0.248754844
v 0.13917385 0.095283471 0.248754844
v 0.139173865 0.095283471 0.137650803
v 0.139173865 0.0830622837 0.137650803
v 0.13917385 0.0830622837 0.248754844
v 0.139173865 0.0830622837 0.137650803
v 0.12986432 0.0830622837 0.248754844
v 0.13917385 0.0830622837 0.248754844
v 0.139173865 0.0830622837 0.137650803
v 0.129864335 0.0830622837 0.137650803
v 0.12986432 0.0830622837 0.248754844
v 0.129864335 0.0830622837 0.137650803
v 0.12986432 0.0712785423 0.248754844
v 0.12986432 0.0830622837 0.248754844
v 0.129864335 0.0830622837 0.137650803
v 0.129864335 0.0712785423 0.137650803
v 0.12986432 0.0712785423 0.248754844
v 0.129864335 0.0712785423 0.137650803
v 0.12055479 0.0712785423 0.248754844
v 0.12986432 0.0712785423 0.248754844
v 0.129864335 0.0712785423 0.137650803
v 0.12055473 0.0712785423 0.137650818
v 0.12055479 0.0712785423 0.248754844
v 0.12055473 0.0712785423 0.137650818
v 0.12055479 0.0611055605 0.248754844
v 0.12055479 0.0712785423 0.248754844
v 0.12055473 0.0712785423 0.137650818
v 0.12055473 0.0611055605 0.137650818
v 0.12055479 0.0611055605 0.248754844
v 0.12055473 0.0611055605 0.137650818
v 0.111245185 0.0611055605 0.248754844
v 0.12055479 0.0611055605 0.248754844
v 0.12055473 0.0611055605 0.137650818
v 0.1112452 0.0611055605 0.137650818
v 0.111245185 0.0611055605 0.248754844
v 0.1112452 0.0611055605 0.137650818
v 0.111245185 0.0500208512 0.248754844
v 0.111245185 0.0611055605 0.248754844
v 0.1112452 0.0611055605 0.137650818
v 0.1112452 0.0500208512 0.137650818
v 0.111245185 0.0500208512 0.248754844
v 0.1112452 0.0500208512 0.137650818
v 0.102166183 0.0500208512 0.248754844
v 0.111245185 0.0500208512 0.248754844
v 0.1112452 0.0500208512 0.137650818
v 0.102166198 0.0500208512 0.137650818
v 0.102166183 0.0500208512 0.248754844
v 0.102166198 0.0500208512 0.137650818
v 0.102166183 0.0378768817 0.248754844
v 0.102166183 0.0500208512 0.248754844
v 0.102166198 0.0500208512 0.137650818
v 0.102166198 0.0378768817 0.137650818
v 0.102166183 0.0378768817 0.248754844
v 0.102166198 -0.006606651 0.137650818
v 0.102166198 0.0378768817 0.137650818
v 0.102166198 0.0500208512 0.137650818
v 0.102166198 -0.006606651 0.137650818
v 0.0926094949 0.0378768817 0.137650818
v 0.102166198 0.0378768817 0.137650818
v 0.102166198 -0.006606651 0.137650818
v 0.0926094949 -0.006606651 0.137650818
v 0.0926094949 0.0378768817 0.137650818
v 0.102166198 0.0378768817 0.137650818
v 0.09260948 0.0378768817 0.248754844
v 0.102166183 0.0378768817 0.248754844
v 0.102166198 0.0378768817 0.137650818
v 0.0926094949 0.0378768817 0.137650818
v 0.09260948 0.0378768817 0.248754844
v 0.0926094949 0.0378768817 0.137650818
v 0.09260948 0.0272340029 0.248754844
v 0.09260948 0.0378768817 0.248754844
v 0.0926094949 0.0378768817 0.137650818
v 0.0926094949 0.0272340029 0.137650818
v 0.09260948 0.0272340029 0.248754844
v 0.0926094949 -0.006606651 0.137650818
v 0.0926094949 0.0272340029 0.137650818
v 0.0926094949 0.0378768817 0.137650818
v 0.0926094949 -0.006606651 0.137650818
v 0.0830527693 0.0272340812 0.137650818
v 0.0926094949 0.0272340029 0.137650818
v 0.0926094949 -0.006606651 0.137650818
v 0.0830527693 -0.006606651 0.137650818
v 0.0830527693 0.0272340812 0.137650818
v 0.0926094949 0.0272340029 0.137650818
v 0.0830527544 0.0272340812 0.248754829
v 0.09260948 0.0272340029 0.248754844
v 0.0926094949 0.0272340029 0.137650818
v 0.0830527693 0.0272340812 0.137650818
v 0.0830527544 0.0272340812 0.248754829
v 0.0830527693 0.0272340812 0.137650818
v 0.0830527544 0.0147054372 0.248754829
v 0.0830527544 0.0272340812 0.248754829
v 0.0830527693 0.0272340812 0.137650818
v 0.0830527693 0.0147054372 0.137650818
v 0.0830527544 0.0147054372 0.248754829
v 0.0830527693 -0.006606651 0.137650818
v 0.0830527693 0.0147054372 0.137650818
v 0.0830527693 0.0272340812 0.137650818
v 0.0830527693 -0.006606651 0.137650818
v 0.0736551732 0.0147054372 0.137650818
v 0.0830527693 0.0147054372 0.137650818
v 0.0830527693 -0.006606651 0.137650818
v 0.0736551732 -0.006606651 0.137650818
v 0.0736551732 0.0147054372 0.137650818
v 0.0830527693 0.0147054372 0.137650818
v 0.0736551583 0.0147054372 0.248754829
v 0.0830527544 0.0147054372 0.248754829
v 0.0830527693 0.0147054372 0.137650818
v 0.0736551732 0.0147054372 0.137650818
v 0.0736551583 0.0147054372 0.248754829
v 0.0736551732 0.0147054372 0.137650818
v 0.0736551583 0.00454040943 0.248754829
v 0.0736551583 0.0147054372 0.248754829
v 0.0736551732 0.0147054372 0.137650818
v 0.0736551732 0.00454041222 0.137650818
v 0.0736551583 0.00454040943 0.248754829
v 0.0736551732 -0.006606651 0.137650818
v 0.0736551732 0.00454041222 0.137650818
v 0.0736551732 0.0147054372 0.137650818
v 0.0736551732 -0.006606651 0.137650818
v 0.0637799129 0.00454041222 0.137650818
v 0.0736551732 0.00454041222 0.137650818
v 0.0736551732 -0.006606651 0.137650818
v 0.0637799129 -0.006606651 0.137650818
v 0.0637799129 0.00454041222 0.137650818
v 0.0736551732 0.00454041222 0.137650818
v 0.063779898 0.00454040943 0.248754829
v 0.0736551583 0.00454040943 0.248754829
v 0.0736551732 0.00454041222 0.137650818
v 0.0637799129 0.00454041222 0.137650818
v 0.063779898 0.00454040943 0.248754829
v 0.063779898 0.00454040943 0.248754829
v 0.0637799129 -0.006606651 0.137650818
v 0.063779898 -0.0066066538 0.248754829
v 0.063779898 0.00454040943 0.248754829
v 0.0637799129 0.00454041222 0.137650818
v 0.0637799129 -0.006606651 0.137650818
v 0.27221787 0.187495008 0.259533942
v -0.165183291 0.236502498 0.259533852
v -0.165183291 0.187495008 0.259533852
v 0.27221787 0.187495008 0.259533942
v 0.27221787 0.236502498 0.259533942
v -0.165183291 0.236502498 0.259533852
v 0.0503944494 0.187495008 0.259521723
v 0.0505394563 0.0772713646 0.259533882
v 0.272218108 0.0772713646 0.259533942
v 0.0505394563 0.0772713646 0.259533882
v 0.279339492 0.0728502721 0.266885728
v 0.272218108 0.0772713646 0.259533942
v 0.0505394563 0.0772713646 0.259533882
v 0.0505394526 0.0728502721 0.266885668
v 0.279339492 0.0728502721 0.266885728
v 0.0505394526 0.0728502721 0.266885668
v 0.279339492 -0.00305334385 0.266885728
v 0.279339492 0.0728502721 0.266885728
v 0.0505394526 0.0728502721 0.266885668
v 0.0505394526 -0.00305334385 0.266885668
v 0.279339492 -0.00305334385 0.266885728
v 0.254427969 0.186129764 0.244116724
v 0.0503943674 -0.00253896625 0.244116694
v 0.0503944494 0.186129764 0.244116768
v 0.254427969 0.186129764 0.244116724
v 0.254428208 -0.00390421832 0.244116649
v 0.0503943674 -0.00253896625 0.244116694
v 0.0503944494 0.187495008 0.259521723
v 0.0503943674 -0.00253896625 0.244116694
v 0.0503943674 -0.00253896625 0.26202184
v 0.0503944494 0.187495008 0.259521723
v 0.0503944494 0.186129764 0.244116768
v 0.0503943674 -0.00253896625 0.244116694
v 0.27221787 0.236502498 0.259533942
v -0.165183291 0.236502498 0.259637237
v -0.165183291 0.236502498 0.259533852
v 0.27221787 0.236502498 0.259533942
v 0.27221787 0.236502498 0.259637058
v -0.165183291 0.236502498 0.259637237
v 0.272218108 0.0772713646 0.259533942
v 0.279339284 0.0728502721 -0.0226907637
v 0.2722179 0.0772713646 -0.0226908252
v 0.272218108 0.0772713646 0.259533942
v 0.279339492 0.0728502721 0.266885728
v 0.279339284 0.0728502721 -0.0226907637
v 0.279339522 -0.00305334385 -0.0226908233
v 0.279339492 0.0728502721 0.266885728
v 0.279339492 -0.00305334385 0.266885728
v 0.279339522 -0.00305334385 -0.0226908233
v 0.279339284 0.0728502721 -0.0226907637
v 0.279339492 0.0728502721 0.266885728
v -0.165183291 0.186129764 0.244116783
v 0.254427969 0.236502498 0.244116724
v 0.254427969 0.186129764 0.244116724
v -0.165183291 0.186129764 0.244116783
v -0.165183291 0.236502498 0.244116783
v 0.254427969 0.236502498 0.244116724
v 0.0503944494 0.187495008 0.259521723
v 0.272218108 0.0772713646 0.259533942
v 0.27221787 0.187495008 0.259533942
v 0.254427969 0.236502498 0.244116724
v 0.27221787 0.236502498 0.259637058
v 0.27221787 0.236502498 0.259533942
v -0.165183291 0.236502498 0.244116783
v 0.27221787 0.236502498 0.259637058
v 0.254427969 0.236502498 0.244116724
v -0.165183291 0.236502498 0.244116783
v -0.165183291 0.236502498 0.259637237
v 0.27221787 0.236502498 0.259637058
v 0.254428208 -0.00390421832 0.244116649
v 0.254427999 -0.00253896625 -0.022690827
v 0.254427999 0.186129764 -0.022690827
v 0.254428208 -0.00390421832 0.244116649
v 0.254427999 0.186129764 -0.022690827
v 0.254427969 0.186129764 0.244116724
v 0.2722179 0.236502498 -0.0226907656
v 0.254427969 0.236502498 0.244116724
v 0.27221787 0.236502498 0.259533942
v 0.2722179 0.236502498 -0.0226907656
v 0.254427999 0.236502498 -0.022690827
v 0.254427969 0.236502498 0.244116724
v 0.2722179 0.187495008 -0.0226907656
v 0.27221787 0.236502498 0.259533942
v 0.27221787 0.187495008 0.259533942
v 0.2722179 0.187495008 -0.0226907656
v 0.2722179 0.236502498 -0.0226907656
v 0.27221787 0.236502498 0.259533942
v 0.254427969 0.186129764 0.244116724
v 0.254427999 0.236502498 -0.022690827
v 0.254427999 0.186129764 -0.022690827
v 0.254427969 0.186129764 0.244116724
v 0.254427969 0.236502498 0.244116724
v 0.254427999 0.236502498 -0.022690827
v 0.27221787 0.187495008 0.259533942
v 0.2722179 0.0772713646 -0.0226908252
v 0.2722179 0.187495008 -0.0226907656
v 0.27221787 0.187495008 0.259533942
v 0.272218108 0.0772713646 0.259533942
v 0.2722179 0.0772713646 -0.0226908252
v 0.0505394526 -0.0869861543 0.266885668
v 0.279339492 -0.0869861543 0.266885728
v 0.279339492 -0.00305334385 0.266885728
v 0.279339522 -0.00305334385 -0.0226908233
v 0.279339492 -0.00305334385 0.266885728
v 0.279339492 -0.0869861543 0.266885728
v -0.179155737 0.236502498 -0.235258237
v 0.101419896 0.236502498 -0.217101753
v 0.101419896 0.236502498 -0.235258341
v -0.179155737 0.236502498 -0.235258237
v -0.165103674 0.236502498 -0.217101723
v 0.101419896 0.236502498 -0.217101753
v -0.19400005 0.187495008 -0.235258251
v -0.179155737 0.236502498 -0.235258237
v 0.101419896 0.236502498 -0.235258341
v 0.101419896 0.187495008 -0.217101753
v -0.165103674 0.236502498 -0.217101723
v -0.165103674 0.187495008 -0.217101723
v 0.101419896 0.187495008 -0.217101753
v 0.101419896 0.236502498 -0.217101753
v -0.165103674 0.236502498 -0.217101723
v 0.101419896 0.187495008 -0.235258415
v -0.179154947 0.0772713646 -0.235258237
v -0.179154947 0.187495008 -0.235258237
v 0.101419896 0.187495008 -0.235258415
v 0.101419896 0.0772713646 -0.235258326
v -0.179154947 0.0772713646 -0.235258237
v 0.101419896 0.0772713646 -0.235258326
v -0.18598938 0.0728503168 -0.242610291
v -0.179154947 0.0772713646 -0.235258237
v 0.101419896 0.0772713646 -0.235258326
v 0.101419896 0.0728502721 -0.242610335
v -0.18598938 0.0728503168 -0.242610291
v 0.101419896 0.0728502721 -0.242610335
v -0.185989425 -0.00305334385 -0.242610291
v -0.18598938 0.0728503168 -0.242610291
v 0.101419896 0.0728502721 -0.242610335
v 0.101419896 -0.00305334385 -0.242610335
v -0.185989425 -0.00305334385 -0.242610291
v 0.101419881 0.187495008 -0.147295758
v 0.101419888 0.187495008 -0.187577486
v -0.165103674 0.187495008 -0.151103303
v -0.165103674 0.187495008 -0.151103303
v 0.101419881 0.187495008 -0.144938305
v 0.101419881 0.187495008 -0.147295758
v -0.165103674 0.187495008 -0.151103303
v -0.165103674 0.187495008 -0.145024553
v 0.101419881 0.187495008 -0.144938305
v -0.165103674 0.187495008 -0.217101723
v 0.101419888 0.187495008 -0.187577486
v 0.101419896 0.187495008 -0.217101753
v -0.165103674 0.187495008 -0.217101723
v -0.165103674 0.187495008 -0.151103303
v 0.101419888 0.187495008 -0.187577486
v -0.165106118 0.187495008 -0.138107806
v 0.101417549 -0.00253896625 -0.138021618
v 0.101417549 0.187495008 -0.138021618
v -0.165106118 0.187495008 -0.138107806
v -0.165106058 -0.00253896625 -0.138108
v 0.101417549 -0.00253896625 -0.138021618
v -0.165106118 0.187495008 -0.138107806
v -0.165103674 0.193853751 -0.145024553
v -0.165103674 0.187495008 -0.145024553
v -0.165106118 0.187495008 -0.138107806
v -0.165106118 0.193853751 -0.138107806
v -0.165103674 0.193853751 -0.145024553
v 0.101417549 0.187495008 -0.138021618
v -0.165106118 0.193853751 -0.138107806
v -0.165106118 0.187495008 -0.138107806
v 0.101417549 0.187495008 -0.138021618
v 0.101417549 0.193853706 -0.138021618
v -0.165106118 0.193853751 -0.138107806
v -0.165103674 0.187495008 -0.145024553
v 0.101419881 0.193853706 -0.144938305
v 0.101419881 0.187495008 -0.144938305
v -0.165103674 0.187495008 -0.145024553
v -0.165103674 0.193853751 -0.145024553
v 0.101419881 0.193853706 -0.144938305
v -0.165103674 0.193853751 -0.145024553
v 0.101417549 0.193853706 -0.138021618
v 0.101419881 0.193853706 -0.144938305
v -0.165103674 0.193853751 -0.145024553
v -0.165106118 0.193853751 -0.138107806
v 0.101417549 0.193853706 -0.138021618
v -0.132826865 0.234873146 -0.23518835
v -0.13282688 0.257935196 -0.219008669
v -0.13282688 0.234873146 -0.219008669
v -0.132826865 0.234873146 -0.23518835
v -0.132826865 0.257935196 -0.23518835
v -0.13282688 0.257935196 -0.219008669
v -0.163411796 0.234873146 -0.23518835
v -0.132826865 0.257935196 -0.23518835
v -0.132826865 0.234873146 -0.23518835
v -0.163411796 0.234873146 -0.23518835
v -0.163411796 0.257935196 -0.23518835
v -0.132826865 0.257935196 -0.23518835
v -0.13282688 0.234873146 -0.219008669
v -0.163411811 0.257935196 -0.219008744
v -0.163411811 0.234873146 -0.219008744
v -0.13282688 0.234873146 -0.219008669
v -0.13282688 0.257935196 -0.219008669
v -0.163411811 0.257935196 -0.219008744
v -0.163411811 0.234873146 -0.219008744
v -0.163411796 0.257935196 -0.23518835
v -0.163411796 0.234873146 -0.23518835
v -0.163411811 0.234873146 -0.219008744
v -0.163411811 0.257935196 -0.219008744
v -0.163411796 0.257935196 -0.23518835
v -0.132826865 0.257935196 -0.23518835
v -0.163411811 0.257935196 -0.219008744
v -0.13282688 0.257935196 -0.219008669
v -0.132826865 0.257935196 -0.23518835
v -0.163411796 0.257935196 -0.23518835
v -0.163411811 0.257935196 -0.219008744
v -0.0894336402 0.257935196 -0.21961306
v -0.120018572 0.257935196 -0.235968679
v -0.120018572 0.257935196 -0.21961306
v -0.0894336402 0.257935196 -0.21961306
v -0.0894336402 0.257935196 -0.235968679
v -0.120018572 0.257935196 -0.235968679
v -0.120018572 0.234873146 -0.235968679
v -0.120018572 0.257935196 -0.21961306
v -0.120018572 0.257935196 -0.235968679
v -0.120018572 0.234873146 -0.235968679
v -0.120018572 0.234873146 -0.21961306
v -0.120018572 0.257935196 -0.21961306
v -0.0894336402 0.234873146 -0.235968679
v -0.120018572 0.257935196 -0.235968679
v -0.0894336402 0.257935196 -0.235968679
v -0.0894336402 0.234873146 -0.235968679
v -0.120018572 0.234873146 -0.235968679
v -0.120018572 0.257935196 -0.235968679
v -0.120018572 0.234873146 -0.21961306
v -0.0894336402 0.257935196 -0.21961306
v -0.120018572 0.257935196 -0.21961306
v -0.120018572 0.234873146 -0.21961306
v -0.0894336402 0.234873146 -0.21961306
v -0.0894336402 0.257935196 -0.21961306
v -0.0894336402 0.234873146 -0.21961306
v -0.0894336402 0.257935196 -0.235968679
v -0.0894336402 0.257935196 -0.21961306
v -0.0894336402 0.234873146 -0.21961306
v -0.0894336402 0.234873146 -0.235968679
v -0.0894336402 0.257935196 -0.235968679
v -0.0445361957 0.234873146 -0.235188335
v -0.0445361957 0.257935196 -0.219008654
v -0.0445361957 0.234873146 -0.219008654
v -0.0445361957 0.234873146 -0.235188335
v -0.0445361957 0.257935196 -0.235188335
v -0.0445361957 0.257935196 -0.219008654
v -0.0751211196 0.234873146 -0.23518835
v -0.0445361957 0.257935196 -0.235188335
v -0.0445361957 0.234873146 -0.235188335
v -0.0751211196 0.234873146 -0.23518835
v -0.0751211196 0.257935196 -0.23518835
v -0.0445361957 0.257935196 -0.235188335
v -0.0445361957 0.234873146 -0.219008654
v -0.0751211196 0.257935196 -0.219008729
v -0.0751211196 0.234873146 -0.219008729
v -0.0445361957 0.234873146 -0.219008654
v -0.0445361957 0.257935196 -0.219008654
v -0.0751211196 0.257935196 -0.219008729
v -0.0751211196 0.234873146 -0.219008729
v -0.0751211196 0.257935196 -0.23518835
v -0.0751211196 0.234873146 -0.23518835
v -0.0751211196 0.234873146 -0.219008729
v -0.0751211196 0.257935196 -0.219008729
v -0.0751211196 0.257935196 -0.23518835
v -0.0445361957 0.257935196 -0.235188335
v -0.0751211196 0.257935196 -0.219008729
v -0.0445361957 0.257935196 -0.219008654
v -0.0445361957 0.257935196 -0.235188335
v -0.0751211196 0.257935196 -0.23518835
v -0.0751211196 0.257935196 -0.219008729
v -0.00161258818 0.257935196 -0.219613045
v -0.032197509 0.257935196 -0.235968664
v -0.032197509 0.257935196 -0.219613045
v -0.00161258818 0.257935196 -0.219613045
v -0.0016125855 0.257935196 -0.235968664
v -0.032197509 0.257935196 -0.235968664
v -0.032197509 0.234873146 -0.235968664
v -0.032197509 0.257935196 -0.219613045
v -0.032197509 0.257935196 -0.235968664
v -0.032197509 0.234873146 -0.235968664
v -0.032197509 0.234873146 -0.219613045
v -0.032197509 0.257935196 -0.219613045
v -0.0016125855 0.234873146 -0.235968664
v -0.032197509 0.257935196 -0.235968664
v -0.0016125855 0.257935196 -0.235968664
v -0.0016125855 0.234873146 -0.235968664
v -0.032197509 0.234873146 -0.235968664
v -0.032197509 0.257935196 -0.235968664
v -0.032197509 0.234873146 -0.219613045
v -0.00161258818 0.257935196 -0.219613045
v -0.032197509 0.257935196 -0.219613045
v -0.032197509 0.234873146 -0.219613045
v -0.00161258818 0.234873146 -0.219613045
v -0.00161258818 0.257935196 -0.219613045
v -0.00161258818 0.234873146 -0.219613045
v -0.0016125855 0.257935196 -0.235968664
v -0.00161258818 0.257935196 -0.219613045
v -0.00161258818 0.234873146 -0.219613045
v -0.0016125855 0.234873146 -0.235968664
v -0.0016125855 0.257935196 -0.235968664
v 0.0446937233 0.234873146 -0.23518832
v 0.0446937233 0.257935196 -0.219008639
v 0.0446937233 0.234873146 -0.219008639
v 0.0446937233 0.234873146 -0.23518832
v 0.0446937233 0.257935196 -0.23518832
v 0.0446937233 0.257935196 -0.219008639
v 0.0141088003 0.234873146 -0.235188335
v 0.0446937233 0.257935196 -0.23518832
v 0.0446937233 0.234873146 -0.23518832
v 0.0141088003 0.234873146 -0.235188335
v 0.0141088003 0.257935196 -0.235188335
v 0.0446937233 0.257935196 -0.23518832
v 0.0446937233 0.234873146 -0.219008639
v 0.0141087975 0.257935196 -0.219008714
v 0.0141087975 0.234873146 -0.219008714
v 0.0446937233 0.234873146 -0.219008639
v 0.0446937233 0.257935196 -0.219008639
v 0.0141087975 0.257935196 -0.219008714
v 0.0141087975 0.234873146 -0.219008714
v 0.0141088003 0.257935196 -0.235188335
v 0.0141088003 0.234873146 -0.235188335
v 0.0141087975 0.234873146 -0.219008714
v 0.0141087975 0.257935196 -0.219008714
v 0.0141088003 0.257935196 -0.235188335
v 0.0446937233 0.257935196 -0.23518832
v 0.0141087975 0.257935196 -0.219008714
v 0.0446937233 0.257935196 -0.219008639
v 0.0446937233 0.257935196 -0.23518832
v 0.0141088003 0.257935196 -0.235188335
v 0.0141087975 0.257935196 -0.219008714
v 0.0987095609 0.257935196 -0.219613031
v 0.0584412962 0.257935196 -0.235968649
v 0.0584412962 0.257935196 -0.219613031
v 0.0987095609 0.257935196 -0.219613031
v 0.0987095609 0.257935196 -0.235968649
v 0.0584412962 0.257935196 -0.235968649
v 0.0584412962 0.234873146 -0.235968649
v 0.0584412962 0.257935196 -0.219613031
v 0.0584412962 0.257935196 -0.235968649
v 0.0584412962 0.234873146 -0.235968649
v 0.0584412962 0.234873146 -0.219613031
v 0.0584412962 0.257935196 -0.219613031
v 0.0987095609 0.234873146 -0.235968649
v 0.0584412962 0.257935196 -0.235968649
v 0.0987095609 0.257935196 -0.235968649
v 0.0987095609 0.234873146 -0.235968649
v 0.0584412962 0.234873146 -0.235968649
v 0.0584412962 0.257935196 -0.235968649
v 0.0584412962 0.234873146 -0.219613031
v 0.0987095609 0.257935196 -0.219613031
v 0.0584412962 0.257935196 -0.219613031
v 0.0584412962 0.234873146 -0.219613031
v 0.0987095609 0.234873146 -0.219613031
v 0.0987095609 0.257935196 -0.219613031
v 0.0987095609 0.234873146 -0.219613031
v 0.0987095609 0.257935196 -0.235968649
v 0.0987095609 0.257935196 -0.219613031
v 0.0987095609 0.234873146 -0.219613031
v 0.0987095609 0.234873146 -0.235968649
v 0.0987095609 0.257935196 -0.235968649
v -0.19400005 0.187495008 -0.235258251
v 0.101419896 0.236502498 -0.235258341
v 0.101419896 0.187495008 -0.235258415
v 0.101419896 -0.0869861543 -0.242610335
v -0.185989425 -0.0869861543 -0.242610291
v -0.185989425 -0.00305334385 -0.242610291
v 0.101417549 -0.00253896625 -0.138021618
v -0.165106058 -0.00253896625 -0.138108
v -0.165106058 -0.0864717811 -0.138108
v -0.124828242 -0.00305334385 0.259533882
v -0.124828242 -0.0869861543 0.261168361
v -0.124593876 -0.0869861543 0.261168361
v -0.124828242 0.0772713646 0.259533882
v -0.124828242 0.0728503168 0.266885638
v -0.124828242 0.0728503168 0.259533882
v -0.124828242 -0.00305334385 0.266885638
v -0.124828242 0.0728503168 0.259533882
v -0.124828242 0.0728503168 0.266885638
v -0.124828242 -0.00305334385 0.266885638
v -0.124828242 -0.00305334385 0.259533882
v -0.124828242 0.0728503168 0.259533882
v -0.200834587 0.0728503168 0.266885638
v -0.124828242 -0.00305334385 0.266885638
v -0.124828242 0.0728503168 0.266885638
v -0.200834587 0.0728503168 0.266885638
v -0.200834587 -0.00305334385 0.266885638
v -0.124828242 -0.00305334385 0.266885638
v -0.194000199 0.0772713646 0.259533852
v -0.124828242 0.0728503168 0.266885638
v -0.124828242 0.0772713646 0.259533882
v -0.194000199 0.0772713646 0.259533852
v -0.200834587 0.0728503168 0.266885638
v -0.124828242 0.0728503168 0.266885638
v -0.194000199 0.187495008 0.259533852
v -0.124828242 0.0772713646 0.259533882
v -0.124593817 0.187495008 0.259533882
v -0.194000199 0.187495008 0.259533852
v -0.194000199 0.0772713646 0.259533852
v -0.124828242 0.0772713646 0.259533882
v -0.165176928 0.165399402 -0.206507787
v -0.165176913 0.0785580575 -0.256035835
v -0.165176913 0.165399402 -0.256035835
v -0.165176928 0.165399402 -0.206507787
v -0.165176928 0.0785580575 -0.206507787
v -0.165176913 0.0785580575 -0.256035835
v -0.156244263 0.0725909397 -0.215038151
v -0.156244248 -0.00219324185 -0.263991624
v -0.156244248 0.0725909397 -0.263991624
v -0.156244263 0.0725909397 -0.215038151
v -0.156244263 -0.00219324185 -0.215038151
v -0.156244248 -0.00219324185 -0.263991624
v -0.165176928 0.0785580575 -0.206507787
v -0.156244248 0.0725909397 -0.263991624
v -0.165176913 0.0785580575 -0.256035835
v -0.165176928 0.0785580575 -0.206507787
v -0.156244263 0.0725909397 -0.215038151
v -0.156244248 0.0725909397 -0.263991624
v -0.193993852 0.165399402 -0.256035835
v -0.165176913 0.0785580575 -0.256035835
v -0.193993852 0.0785580575 -0.256035835
v -0.193993852 0.165399402 -0.256035835
v -0.165176913 0.165399402 -0.256035835
v -0.165176913 0.0785580575 -0.256035835
v -0.156244248 0.0725909397 -0.263991624
v -0.200833842 -0.00305334385 -0.264022112
v -0.200833797 0.0728503168 -0.264022112
v -0.156244248 0.0725909397 -0.263991624
v -0.156244248 -0.00219324185 -0.263991624
v -0.200833842 -0.00305334385 -0.264022112
v -0.165176913 0.0785580575 -0.256035835
v -0.200833797 0.0728503168 -0.264022112
v -0.193993852 0.0785580575 -0.256035835
v -0.165176913 0.0785580575 -0.256035835
v -0.156244248 0.0725909397 -0.263991624
v -0.200833797 0.0728503168 -0.264022112
v -0.310894936 -0.00305334385 -0.143272758
v -0.291195989 0.0728503168 -0.143216908
v -0.291195989 -0.00305334385 -0.143216908
v -0.30377382 0.0772713646 -0.134888634
v -0.285267353 0.165415227 -0.13483274
v -0.285267353 0.0772713646 -0.13483274
v -0.291195989 0.0728503168 -0.143216908
v -0.291195989 -0.00305334385 -0.22084555
v -0.291195989 -0.00305334385 -0.143216908
v -0.291195989 0.0728503168 -0.143216908
v -0.291195989 0.0728503168 -0.22084555
v -0.291195989 -0.00305334385 -0.22084555
v -0.285267353 0.0772713646 -0.13483274
v -0.291195989 0.0728503168 -0.22084555
v -0.291195989 0.0728503168 -0.143216908
v -0.285267353 0.0772713646 -0.13483274
v -0.285267353 0.0772713646 -0.21517989
v -0.291195989 0.0728503168 -0.22084555
v -0.285267353 0.165415227 -0.13483274
v -0.285267353 0.0772713646 -0.21517989
v -0.285267353 0.0772713646 -0.13483274
v -0.291195989 0.0728503168 -0.22084555
v -0.200794384 -0.00305334385 -0.220845491
v -0.291195989 -0.00305334385 -0.22084555
v -0.291195989 0.0728503168 -0.22084555
v -0.200794384 0.0728503168 -0.220845535
v -0.200794384 -0.00305334385 -0.220845491
v -0.285267353 0.0772713646 -0.21517989
v -0.200794384 0.0728503168 -0.220845535
v -0.291195989 0.0728503168 -0.22084555
v -0.285695672 0.187495008 0.234457195
v -0.194388375 0.0772713646 0.23445721
v -0.194388375 0.187495008 0.23445721
v -0.285695672 0.187495008 0.234457195
v -0.285695672 0.0772713646 0.234457195
v -0.194388375 0.0772713646 0.23445721
v -0.285695672 0.0772713646 0.234457195
v -0.201222807 0.0728503168 0.240122899
v -0.194388375 0.0772713646 0.23445721
v -0.285695672 0.0772713646 0.234457195
v -0.291624546 0.0728503168 0.240122885
v -0.201222807 0.0728503168 0.240122899
v -0.291624546 0.0728503168 0.240122885
v -0.201222807 -0.00305334385 0.240122765
v -0.201222807 0.0728503168 0.240122899
v -0.291624546 0.0728503168 0.240122885
v -0.291624546 -0.00305334385 0.240122885
v -0.201222807 -0.00305334385 0.240122765
v -0.285695672 0.165415227 0.140414432
v -0.285695672 0.0772713646 0.234457195
v -0.285695672 0.187495008 0.234457195
v -0.285695672 0.165415227 0.140414432
v -0.285695672 0.0772713646 0.140414432
v -0.285695672 0.0772713646 0.234457195
v -0.285695672 0.0772713646 0.140414432
v -0.291624546 0.0728503168 0.240122885
v -0.285695672 0.0772713646 0.234457195
v -0.285695672 0.0772713646 0.140414432
v -0.291624546 0.0728503168 0.148798555
v -0.291624546 0.0728503168 0.240122885
v -0.291624546 0.0728503168 0.148798555
v -0.291624546 -0.00305334385 0.240122885
v -0.291624546 0.0728503168 0.240122885
v -0.291624546 0.0728503168 0.148798555
v -0.291624546 -0.00305334385 0.148798555
v -0.291624546 -0.00305334385 0.240122885
v -0.194000199 0.187495008 0.259533852
v -0.194388375 0.0772713646 0.23445721
v -0.194000199 0.0772713646 0.259533852
v -0.194000199 0.187495008 0.259533852
v -0.194388375 0.187495008 0.23445721
v -0.194388375 0.0772713646 0.23445721
v -0.194000199 0.0772713646 0.259533852
v -0.201222807 0.0728503168 0.240122899
v -0.200834587 0.0728503168 0.266885638
v -0.194000199 0.0772713646 0.259533852
v -0.194388375 0.0772713646 0.23445721
v -0.201222807 0.0728503168 0.240122899
v -0.200834587 0.0728503168 0.266885638
v -0.201222807 -0.00305334385 0.240122765
v -0.200834587 -0.00305334385 0.266885638
v -0.200834587 0.0728503168 0.266885638
v -0.201222807 0.0728503168 0.240122899
v -0.201222807 -0.00305334385 0.240122765
v -0.310796201 -0.00305334385 0.148854285
v -0.291624546 -0.00305334385 0.148798555
v -0.291624546 0.0728503168 0.148798555
v -0.30377382 0.165415227 -0.134888634
v -0.303674549 0.0772713646 0.140470207
v -0.303674549 0.165415227 0.140470207
v -0.30377382 0.165415227 -0.134888634
v -0.30377382 0.0772713646 -0.134888634
v -0.303674549 0.0772713646 0.140470207
v -0.30377382 0.0772713646 -0.134888634
v -0.310796201 0.0728503168 0.148854285
v -0.303674549 0.0772713646 0.140470207
v -0.30377382 0.0772713646 -0.134888634
v -0.310894936 0.0728503168 -0.143272758
v -0.310796201 0.0728503168 0.148854285
v -0.310894936 0.0728503168 -0.143272758
v -0.310796201 -0.00305334385 0.148854285
v -0.310796201 0.0728503168 0.148854285
v -0.310894936 0.0728503168 -0.143272758
v -0.310894936 -0.00305334385 -0.143272758
v -0.310796201 -0.00305334385 0.148854285
v -0.285267353 0.187495008 -0.215179935
v -0.193959936 0.0772713646 -0.215179875
v -0.285267353 0.0772713646 -0.21517989
v -0.285267353 0.187495008 -0.215179935
v -0.193959936 0.187495008 -0.215179875
v -0.193959936 0.0772713646 -0.215179875
v -0.193993852 0.165399402 -0.256035835
v -0.193959936 0.0772713646 -0.215179875
v -0.193959936 0.187495008 -0.215179875
v -0.193993852 0.165399402 -0.256035835
v -0.193993852 0.0785580575 -0.256035835
v -0.193959936 0.0772713646 -0.215179875
v -0.193993852 0.0785580575 -0.256035835
v -0.200794384 0.0728503168 -0.220845535
v -0.193959936 0.0772713646 -0.215179875
v -0.193993852 0.0785580575 -0.256035835
v -0.200833797 0.0728503168 -0.264022112
v -0.200794384 0.0728503168 -0.220845535
v -0.200833797 0.0728503168 -0.264022112
v -0.200794384 -0.00305334385 -0.220845491
v -0.200794384 0.0728503168 -0.220845535
v -0.200833797 0.0728503168 -0.264022112
v -0.200833842 -0.00305334385 -0.264022112
v -0.200794384 -0.00305334385 -0.220845491
v -0.310894936 -0.00305334385 -0.143272758
v -0.310894936 0.0728503168 -0.143272758
v -0.291195989 0.0728503168 -0.143216908
v -0.310894936 0.0728503168 -0.143272758
v -0.285267353 0.0772713646 -0.13483274
v -0.291195989 0.0728503168 -0.143216908
v -0.310894936 0.0728503168 -0.143272758
v -0.30377382 0.0772713646 -0.134888634
v -0.285267353 0.0772713646 -0.13483274
v -0.30377382 0.0772713646 -0.134888634
v -0.30377382 0.165415227 -0.134888634
v -0.285267353 0.165415227 -0.13483274
v -0.285267353 0.165415227 -0.13483274
v -0.285267353 0.187495008 -0.215179935
v -0.285267353 0.0772713646 -0.21517989
v -0.285267353 0.0772713646 -0.21517989
v -0.193959936 0.0772713646 -0.215179875
v -0.200794384 0.0728503168 -0.220845535
v -0.303674549 0.0772713646 0.140470207
v -0.285695672 0.165415227 0.140414432
v -0.303674549 0.165415227 0.140470207
v -0.303674549 0.0772713646 0.140470207
v -0.285695672 0.0772713646 0.140414432
v -0.285695672 0.165415227 0.140414432
v -0.310796201 0.0728503168 0.148854285
v -0.285695672 0.0772713646 0.140414432
v -0.303674549 0.0772713646 0.140470207
v -0.310796201 0.0728503168 0.148854285
v -0.291624546 0.0728503168 0.148798555
v -0.285695672 0.0772713646 0.140414432
v -0.310796201 -0.00305334385 0.148854285
v -0.291624546 0.0728503168 0.148798555
v -0.310796201 0.0728503168 0.148854285
v -0.156244248 -0.0861260369 -0.263991624
v -0.200833842 -0.0869861543 -0.264022112
v -0.200833842 -0.00305334385 -0.264022112
v -0.310894936 -0.00305334385 -0.143272758
v -0.291195989 -0.00305334385 -0.143216908
v -0.291195989 -0.0869861543 -0.143216908
v -0.124828242 -0.00305334385 0.259533882
v -0.124828242 -0.00305334385 0.266885638
v -0.124828242 -0.0869861543 0.261168361
v -0.156244248 -0.00219324185 -0.263991624
v -0.156244263 -0.00219324185 -0.215038151
v -0.156244263 -0.0861260369 -0.215038151
v -0.291195989 -0.00305334385 -0.22084555
v -0.200794384 -0.00305334385 -0.220845491
v -0.200794384 -0.0869861543 -0.220845491
v -0.200833842 -0.0869861543 -0.264022112
v -0.200794384 -0.0869861543 -0.220845491
v -0.200794384 -0.00305334385 -0.220845491
v -0.200834587 -0.0869861543 0.266885638
v -0.124828242 -0.0869861543 0.266885638
v -0.124828242 -0.00305334385 0.266885638
v -0.201222807 -0.00305334385 0.240122765
v -0.291624546 -0.00305334385 0.240122885
v -0.291624546 -0.0869861543 0.240122885
v -0.200834587 -0.00305334385 0.266885638
v -0.201222807 -0.00305334385 0.240122765
v -0.201222807 -0.0869861543 0.240122765
v -0.291624546 -0.0869861543 0.148798555
v -0.291624546 -0.0869861543 0.240122885
v -0.291624546 -0.00305334385 0.240122885
v -0.291624546 -0.00305334385 0.148798555
v -0.310796201 -0.00305334385 0.148854285
v -0.310796201 -0.0869861543 0.148854285
v -0.310894936 -0.0869861543 -0.143272758
v -0.310796201 -0.0869861543 0.148854285
v -0.310796201 -0.00305334385 0.148854285
v -0.291195989 -0.0869861543 -0.22084555
v -0.291195989 -0.0869861543 -0.143216908
v -0.291195989 -0.00305334385 -0.143216908
v -0.124828242 0.0728503168 0.259533882
v -0.124828242 -0.00305334385 0.259533882
v -0.124593876 -0.00305334385 0.259533882
v -0.124593876 0.0728503168 0.259533882
v -0.124828242 0.0772713646 0.259533882
v -0.124828242 0.0728503168 0.259533882
v -0.302145928 0.166469276 -0.132022187
v -0.302145928 0.13767457 -0.132022187
v -0.308758795 0.148875967 -0.132022187
v -0.302145928 0.13767457 -0.121193171
v -0.302145928 0.166469276 -0.121193171
v -0.308758795 0.148875967 -0.121193171
v -0.308758795 0.148875967 -0.121193171
v -0.308758795 0.166469276 -0.121193171
v -0.308758795 0.148875967 -0.132022187
v -0.308758795 0.148875967 -0.121193171
v -0.308758795 0.148875967 -0.132022187
v -0.302145928 0.13767457 -0.121193171
v -0.302145928 0.166469276 -0.107678041
v -0.302145928 0.13767457 -0.107678071
v -0.308758795 0.148875967 -0.107678048
v -0.302145928 0.13767457 -0.0968490317
v -0.302145928 0.166469276 -0.0968490317
v -0.308758795 0.148875967 -0.0968490317
v -0.308758795 0.148875967 -0.0968490317
v -0.308758795 0.166469276 -0.0968490317
v -0.308758795 0.148875967 -0.107678048
v -0.308758795 0.148875967 -0.0968490317
v -0.308758795 0.148875967 -0.107678048
v -0.302145928 0.13767457 -0.0968490317
v -0.302145958 0.166469276 -0.083333917
v -0.302145958 0.13767457 -0.083333917
v -0.308758825 0.148875967 -0.083333917
v -0.302145958 0.13767457 -0.0725049078
v -0.302145958 0.166469276 -0.0725049078
v -0.308758825 0.148875967 -0.0725049078
v -0.308758825 0.148875967 -0.0725049078
v -0.308758825 0.166469276 -0.0725049078
v -0.308758825 0.148875967 -0.083333917
v -0.308758825 0.148875967 -0.0725049078
v -0.308758825 0.148875967 -0.083333917
v -0.302145958 0.13767457 -0.0725049078
v -0.302145958 0.166469276 -0.0589897744
v -0.302145958 0.13767457 -0.0589897744
v -0.308758825 0.148875967 -0.0589897744
v -0.302145958 0.13767457 -0.0481607579
v -0.302145958 0.166469276 -0.0481607579
v -0.308758825 0.148875967 -0.0481607616
v -0.308758825 0.148875967 -0.0481607616
v -0.308758825 0.166469276 -0.0481607616
v -0.308758825 0.148875967 -0.0589897744
v -0.308758825 0.148875967 -0.0481607616
v -0.308758825 0.148875967 -0.0589897744
v -0.302145958 0.13767457 -0.0481607579
v -0.302145958 0.166469276 -0.0346456468
v -0.302145958 0.13767457 -0.0346456468
v -0.308758825 0.148875967 -0.0346456505
v -0.302145958 0.13767457 -0.0238166302
v -0.302145958 0.166469276 -0.0238166302
v -0.308758825 0.148875967 -0.0238166321
v -0.308758825 0.148875967 -0.0238166321
v -0.308758825 0.166469276 -0.0238166321
v -0.308758825 0.148875967 -0.0346456505
v -0.302145958 0.13767457 -0.0346456468
v -0.302145958 0.13767457 -0.0238166302
v -0.308758825 0.148875967 -0.0238166321
v -0.302145958 0.166469276 -0.0103015173
v -0.302145958 0.13767457 -0.0103015173
v -0.308758825 0.148875967 -0.0103015183
v -0.302145958 0.13767457 0.000527498371
v -0.302145958 0.166469276 0.000527498371
v -0.308758825 0.148875967 0.000527497265
v -0.308758825 0.148875967 0.000527497265
v -0.308758825 0.166469276 0.000527497265
v -0.308758825 0.148875967 -0.0103015183
v -0.308758825 0.148875967 0.000527497265
v -0.308758825 0.148875967 -0.0103015183
v -0.302145958 0.13767457 0.000527498371
v -0.302145958 0.166469276 0.0140426122
v -0.302145958 0.13767457 0.0140426122
v -0.308758825 0.148875967 0.0140426103
v -0.302145958 0.13767457 0.0248716269
v -0.302145958 0.166469276 0.0248716269
v -0.308758825 0.148875967 0.0248716269
v -0.308758825 0.148875967 0.0248716269
v -0.308758825 0.166469276 0.0248716269
v -0.308758825 0.148875967 0.0140426103
v -0.308758825 0.148875967 0.0248716269
v -0.308758825 0.148875967 0.0140426103
v -0.302145958 0.13767457 0.0248716269
v -0.302145958 0.166469276 0.0383867435
v -0.302145958 0.13767457 0.0383867435
v -0.308758825 0.148875967 0.0383867398
v -0.302145958 0.13767457 0.0492157489
v -0.302145958 0.166469276 0.0492157489
v -0.308758825 0.148875967 0.0492157489
v -0.308758825 0.148875967 0.0492157489
v -0.308758825 0.166469276 0.0492157489
v -0.308758825 0.148875967 0.0383867398
v -0.302145958 0.13767457 0.0383867435
v -0.302145958 0.13767457 0.0492157489
v -0.308758825 0.148875967 0.0492157489
v -0.302145958 0.166469276 0.0627308637
v -0.302145958 0.13767457 0.0627308637
v -0.308758825 0.148875967 0.0627308637
v -0.302145958 0.13767457 0.0735598728
v -0.302145958 0.166469276 0.0735598728
v -0.308758825 0.148875967 0.0735598728
v -0.308758825 0.148875967 0.0735598728
v -0.308758825 0.166469276 0.0735598728
v -0.308758825 0.148875967 0.0627308637
v -0.308758825 0.148875967 0.0735598728
v -0.308758825 0.148875967 0.0627308637
v -0.302145958 0.13767457 0.0735598728
v -0.302145958 0.166469276 0.0870750099
v -0.302145958 0.13767457 0.0870750099
v -0.308758825 0.148875967 0.0870750099
v -0.302145988 0.13767457 0.0979040191
v -0.302145988 0.166469276 0.0979040191
v -0.308758855 0.148875967 0.0979040191
v -0.308758855 0.148875967 0.0979040191
v -0.308758855 0.166469276 0.0979040191
v -0.308758825 0.148875967 0.0870750099
v -0.308758855 0.148875967 0.0979040191
v -0.308758825 0.148875967 0.0870750099
v -0.302145988 0.13767457 0.0979040191
v -0.302145988 0.166469276 0.111419126
v -0.302145988 0.13767457 0.111419126
v -0.308758855 0.148875967 0.111419126
v -0.302145988 0.13767457 0.122248143
v -0.302145988 0.166469276 0.122248143
v -0.308758855 0.148875967 0.122248143
v -0.308758855 0.148875967 0.122248143
v -0.308758855 0.166469276 0.122248143
v -0.308758855 0.148875967 0.111419126
v -0.302145988 0.13767457 0.111419126
v -0.302145988 0.13767457 0.122248143
v -0.308758855 0.148875967 0.122248143
v -0.191851571 -0.0862109214 0.140908927
v -0.191851571 0.164844662 0.140908927
v -0.161904722 -0.0862109214 0.140908927
v -0.161904722 -0.0862109214 0.140908927
v -0.161904722 0.164844662 0.140908927
v -0.161904737 -0.0862109214 0.244862422
v 0.220403567 0.405397445 -0.252389193
v 0.176202133 0.405397445 -0.252389222
v 0.12751478 0.44678244 -0.252389163
v 0.271977633 -0.0980795026 -0.252389193
v 0.12751478 -0.0980795026 -0.252389163
v 0.271977633 0.0835411251 -0.252389163
v 0.271977633 0.0835411251 -0.252389163
v 0.12751478 0.0835411251 -0.252389163
v 0.271977633 0.265161753 -0.252389193
v 0.176202133 0.33398661 -0.252389163
v 0.176202133 0.405397445 -0.252389222
v 0.176202133 0.33398661 -0.247055411
v 0.271977633 0.265161753 -0.252389193
v 0.12751478 0.265161753 -0.252389163
v 0.220403567 0.33398661 -0.252389193
v 0.220403567 0.33398661 -0.252389193
v 0.220403567 0.405397445 -0.252389193
v 0.271977633 0.44678244 -0.252389163
v 0.12751478 0.265161753 -0.252389163
v 0.12751478 0.44678244 -0.252389163
v 0.176202133 0.33398661 -0.252389163
v 0.220403567 0.33398661 -0.247055426
v 0.176202133 0.33398661 -0.247055411
v 0.220403567 0.405397445 -0.247055426
v 0.220403567 0.33398661 -0.252389193
v 0.176202133 0.33398661 -0.252389163
v 0.220403567 0.33398661 -0.247055426
v 0.176202133 0.405397445 -0.252389222
v 0.220403567 0.405397445 -0.252389193
v 0.176202133 0.405397445 -0.247055426
v 0.220403567 0.405397445 -0.252389193
v 0.220403567 0.33398661 -0.252389193
v 0.220403567 0.405397445 -0.247055426
v 0.179088995 0.405397445 -0.0333467424
v 0.223290458 0.405397445 -0.0333467349
v 0.271977872 0.44678244 -0.0333467275
v 0.12751478 -0.0980795026 -0.0333467498
v 0.271977872 -0.0980795026 -0.0333467498
v 0.12751478 0.0835411251 -0.0333467498
v 0.12751478 0.0835411251 -0.0333467498
v 0.271977872 0.0835411251 -0.0333467498
v 0.12751478 0.265161753 -0.0333467275
v 0.223290458 0.33398661 -0.0333467349
v 0.223290458 0.405397445 -0.0333467349
v 0.223290458 0.33398661 -0.0386805311
v 0.12751478 0.265161753 -0.0333467275
v 0.271977872 0.265161753 -0.0333467275
v 0.179088995 0.33398661 -0.0333467163
v 0.179088995 0.33398661 -0.0333467163
v 0.179088995 0.405397445 -0.0333467424
v 0.12751478 0.44678244 -0.0333467275
v 0.271977872 0.265161753 -0.0333467275
v 0.271977872 0.44678244 -0.0333467275
v 0.223290458 0.33398661 -0.0333467349
v 0.179088995 0.33398661 -0.0386805125
v 0.223290458 0.33398661 -0.0386805311
v 0.179088995 0.405397445 -0.0386805385
v 0.179088995 0.33398661 -0.0333467163
v 0.223290458 0.33398661 -0.0333467349
v 0.179088995 0.33398661 -0.0386805125
v 0.223290458 0.405397445 -0.0333467349
v 0.179088995 0.405397445 -0.0333467424
v 0.223290458 0.405397445 -0.0386805311
v 0.179088995 0.405397445 -0.0333467424
v 0.179088995 0.33398661 -0.0333467163
v 0.179088995 0.405397445 -0.0386805385
v 0.295559496 0.405397445 -0.121546932
v 0.295559496 0.405397445 -0.165748358
v 0.295559496 0.44678244 -0.214435726
v 0.295559466 -0.0980795026 -0.0699727088
v 0.295559496 -0.0980795249 -0.214435741
v 0.295559466 0.0835411251 -0.0699727088
v 0.295559466 0.0835411251 -0.0699727088
v 0.295559496 0.0835411251 -0.214435726
v 0.295559466 0.265161753 -0.0699727088
v 0.295559496 0.33398661 -0.165748358
v 0.295559496 0.405397445 -0.165748358
v 0.290225774 0.33398661 -0.165748358
v 0.295559466 0.265161753 -0.0699727088
v 0.295559496 0.265161753 -0.214435726
v 0.295559496 0.33398661 -0.121546932
v 0.295559496 0.33398661 -0.121546932
v 0.295559496 0.405397445 -0.121546932
v 0.295559466 0.44678244 -0.0699727088
v 0.295559496 0.265161753 -0.214435726
v 0.295559496 0.44678244 -0.214435726
v 0.295559496 0.33398661 -0.165748358
v 0.290225774 0.33398661 -0.121546932
v 0.290225774 0.33398661 -0.165748358
v 0.290225774 0.405397445 -0.121546932
v 0.295559496 0.33398661 -0.121546932
v 0.295559496 0.33398661 -0.165748358
v 0.290225774 0.33398661 -0.121546932
v 0.295559496 0.405397445 -0.165748358
v 0.295559496 0.405397445 -0.121546932
v 0.290225774 0.405397445 -0.165748358
v 0.295559496 0.405397445 -0.121546932
v 0.295559496 0.33398661 -0.121546932
v 0.290225774 0.405397445 -0.121546932
v 0.100172326 -0.0980795249 -0.214435756
v 0.100172356 -0.0980795026 -0.0699727163
v 0.100172348 0.0835411251 -0.214435756
v 0.100172348 0.0835411251 -0.214435756
v 0.100172378 0.0835411251 -0.0699727163
v 0.100172326 0.265161753 -0.214435726
v 0.100172348 0.265161753 -0.214435756
v 0.100172378 0.265161753 -0.0699727163
v 0.100172326 0.44678244 -0.214435726
v 0.0956168175 -0.0980795026 0.0427717343
v 0.0956168175 0.0440251306 0.0427717343
v 0.0956168249 -0.0980795026 -0.0214342158
v 0.294372529 -0.0980795026 -0.0214342158
v 0.294372529 0.0440251306 -0.0214342158
v 0.294372767 -0.0980795026 0.137650847
v 0.250097066 -0.0980795026 0.137650847
v 0.250097066 0.0440251306 0.137650847
v 0.197259232 -0.0980795026 0.137650803
v 0.130708173 0.346191049 -0.0333467238
v 0.115986824 0.346191049 -0.0333467014
v 0.130708158 0.346191049 0.122880697
v 0.274546802 0.346191049 0.137650847
v 0.274546802 0.202593356 0.137650847
v 0.274546564 0.346191049 -0.0333467275
v 0.294372767 -0.0980795026 0.137650847
v 0.294372767 0.0440251306 0.137650847
v 0.250097066 -0.0980795026 0.137650847
v 0.115986824 0.346191049 -0.0333467014
v 0.115986824 0.202593356 -0.0333467014
v 0.115986794 0.346191049 0.137650803
v 0.130708158 0.299635142 0.122880697
v 0.130708158 0.346191049 0.122880697
v 0.259825468 0.299635142 0.12288072
v 0.274546564 0.346191049 -0.0333467275
v 0.25982523 0.346191049 -0.0333467051
v 0.259825468 0.346191049 0.12288072
v 0.130708158 0.346191049 0.122880697
v 0.115986794 0.346191049 0.137650803
v 0.259825468 0.346191049 0.12288072
v 0.25982523 0.299635142 -0.0333467051
v 0.130708173 0.299635142 -0.0333467238
v 0.130708158 0.299635142 0.122880697
v 0.130708173 0.299635142 -0.0333467238
v 0.130708173 0.346191049 -0.0333467238
v 0.130708158 0.299635142 0.122880697
v 0.259825468 0.299635142 0.12288072
v 0.259825468 0.346191049 0.12288072
v 0.25982523 0.299635142 -0.0333467051
v 0.197259232 -0.0980795026 0.137650803
v 0.197259232 0.0440251306 0.137650803
v 0.0956168026 -0.0980795026 0.137650818
v 0.250097066 0.346191049 0.137650847
v 0.250097066 0.288441867 0.137650847
v 0.274546802 0.346191049 0.137650847
v 0.115986794 0.346191049 0.137650803
v 0.115986794 0.288441867 0.137650803
v 0.197259232 0.346191049 0.137650803
v 0.197259232 0.346191049 0.137650803
v 0.197259232 0.288441867 0.137650803
v 0.250097066 0.346191049 0.137650847
v 0.274546802 0.202593356 0.137650847
v 0.274546802 0.288441867 0.137650847
v 0.250097066 0.288441867 0.137650847
v 0.250097066 0.186129764 0.129342198
v 0.250097066 0.186129764 0.137650847
v 0.250097066 0.288441867 0.129342198
v 0.250097066 0.288441867 0.129342198
v 0.250097066 0.288441867 0.137650847
v 0.197259247 0.288441867 0.129342154
v 0.0956168026 -0.0980795026 0.137650818
v 0.0956168026 0.0440251306 0.137650818
v 0.09561681 -0.0980795026 0.101408876
v 0.101333871 0.0440251306 0.0427717343
v 0.0956168175 0.0440251306 0.0427717343
v 0.101333871 -0.0980795026 0.0427717343
v 0.0956168175 0.135415852 0.0427717343
v 0.0956168175 0.186129764 0.0427717343
v 0.0956168249 0.135415852 -0.0214342158
v 0.0956168026 0.135415852 0.137650818
v 0.0956168026 0.186129764 0.137650818
v 0.09561681 0.135415852 0.101408876
v 0.09561681 0.135415852 0.101408876
v 0.09561681 0.186129764 0.101408876
v 0.0956168175 0.135415852 0.0427717343
v 0.101333864 -0.0980795026 0.101408884
v 0.101333864 0.0440251306 0.101408884
v 0.101333871 -0.0980795026 0.0427717343
v 0.101333864 0.135415852 0.101408884
v 0.09561681 0.135415852 0.101408876
v 0.101333871 0.135415852 0.0427717343
v 0.101333864 0.0440251306 0.101408884
v 0.09561681 0.0440251306 0.101408876
v 0.101333864 0.135415852 0.101408884
v 0.294372529 0.0440251306 -0.0214342158
v 0.294372529 0.186129764 -0.0214342158
v 0.294372767 0.0440251306 0.137650847
v 0.197259232 0.0440251306 0.137650803
v 0.197259232 0.186129764 0.137650803
v 0.0956168026 0.0440251306 0.137650818
v 0.197259247 0.186129764 0.129342154
v 0.197259232 0.186129764 0.137650803
v 0.250097066 0.186129764 0.129342198
v 0.250097066 0.0440251306 0.137650847
v 0.250097066 0.186129764 0.137650847
v 0.197259232 0.0440251306 0.137650803
v 0.115986794 0.288441867 0.137650803
v 0.115986794 0.202593356 0.137650803
v 0.197259232 0.288441867 0.137650803
v 0.197259247 0.288441867 0.129342154
v 0.197259232 0.288441867 0.137650803
v 0.197259247 0.186129764 0.129342154
v 0.294372767 0.0440251306 0.137650847
v 0.294372767 0.186129764 0.137650847
v 0.250097066 0.0440251306 0.137650847
v 0.0956168175 0.0440251306 0.0427717343
v 0.0956168175 0.135415852 0.0427717343
v 0.0956168249 0.0440251306 -0.0214342158
v 0.0956168026 0.0440251306 0.137650818
v 0.0956168026 0.135415852 0.137650818
v 0.09561681 0.0440251306 0.101408876
v 0.101333871 0.135415852 0.0427717343
v 0.0956168175 0.135415852 0.0427717343
v 0.101333871 0.0440251306 0.0427717343
v 0.101333864 0.0440251306 0.101408884
v 0.101333864 0.135415852 0.101408884
v 0.101333871 0.0440251306 0.0427717343
v 0.101333864 -0.0980795026 0.101408884
v 0.09561681 -0.0980795026 0.101408876
v 0.101333864 0.0440251306 0.101408884
v 0.295559496 0.433030605 -0.167676181
v 0.30747211 0.433030605 -0.167676166
v 0.295559496 0.437684625 -0.155103624
v 0.30747208 0.32180959 -0.08154881
v 0.30747211 0.32180959 -0.0961632282
v 0.295559466 0.32180959 -0.08154881
v 0.295559496 0.107039146 -0.188898832
v 0.30747211 0.107039146 -0.188898832
v 0.295559496 0.32180959 -0.188898832
v 0.30747211 0.424888372 -0.104813308
v 0.30747211 0.411393613 -0.0922407359
v 0.295559496 0.424888372 -0.104813308
v 0.30747211 0.424888372 -0.180248752
v 0.30747211 0.433030605 -0.167676166
v 0.295559496 0.424888372 -0.180248752
v 0.295559496 0.32180959 -0.188898832
v 0.30747211 0.32180959 -0.188898832
v 0.295559496 0.32180959 -0.203513116
v 0.295559496 0.411393613 -0.0922407359
v 0.30747211 0.411393613 -0.0922407359
v 0.295559466 0.394567609 -0.0841501728
v 0.295559496 0.439260691 -0.142530978
v 0.30747211 0.439260691 -0.142530978
v 0.295559496 0.437684625 -0.129958495
v 0.295559466 0.379650205 -0.08154881
v 0.30747208 0.379650205 -0.08154881
v 0.295559466 0.32180959 -0.08154881
v 0.295559496 0.411393613 -0.192821264
v 0.30747211 0.411393613 -0.192821264
v 0.295559496 0.424888372 -0.180248752
v 0.30747211 0.437684625 -0.155103624
v 0.30747211 0.439260691 -0.142530978
v 0.295559496 0.437684625 -0.155103624
v 0.30747208 0.394567609 -0.0841501728
v 0.30747208 0.379650205 -0.08154881
v 0.295559466 0.394567609 -0.0841501728
v 0.30747211 0.394567609 -0.20091176
v 0.30747211 0.411393613 -0.192821264
v 0.295559496 0.394567609 -0.20091176
v 0.30747211 0.437684625 -0.129958495
v 0.30747211 0.433030605 -0.117385842
v 0.295559496 0.437684625 -0.129958495
v 0.30747211 0.32180959 -0.203513101
v 0.30747211 0.379650205 -0.203513101
v 0.295559496 0.32180959 -0.203513116
v 0.30747211 0.32180959 -0.0961632282
v 0.30747211 0.107039146 -0.0961632282
v 0.295559496 0.32180959 -0.0961632282
v 0.295559496 0.433030605 -0.117385842
v 0.30747211 0.433030605 -0.117385842
v 0.295559496 0.424888372 -0.104813308
v 0.295559496 0.379650205 -0.203513116
v 0.30747211 0.379650205 -0.203513101
v 0.295559496 0.394567609 -0.20091176
v 0.244670615 0.107039146 -0.252389163
v 0.244670615 0.107039146 -0.264301687
v 0.244670615 0.032716237 -0.252389163
v 0.198302805 0.439260691 -0.264301687
v 0.210875377 0.437684625 -0.264301687
v 0.198302805 0.439260691 -0.252389163
v 0.148012549 0.411393613 -0.264301687
v 0.160585046 0.424888372 -0.264301687
v 0.148012549 0.411393613 -0.252389163
v 0.151934892 0.32180959 -0.264301687
v 0.137320712 0.32180959 -0.264301687
v 0.151934892 0.32180959 -0.252389163
v 0.173157632 0.433030605 -0.264301687
v 0.185730129 0.437684625 -0.264301687
v 0.173157632 0.433030605 -0.252389163
v 0.137320712 0.379650205 -0.264301687
v 0.139921993 0.394567609 -0.264301687
v 0.137320712 0.379650205 -0.252389163
v 0.137320712 0.32180959 -0.252389163
v 0.137320712 0.32180959 -0.264301687
v 0.137320712 0.379650205 -0.252389163
v 0.185730129 0.437684625 -0.252389163
v 0.185730129 0.437684625 -0.264301687
v 0.198302805 0.439260691 -0.252389163
v 0.139921993 0.394567609 -0.252389163
v 0.139921993 0.394567609 -0.264301687
v 0.148012549 0.411393613 -0.252389163
v 0.259285003 0.32180959 -0.252389163
v 0.259285003 0.32180959 -0.264301687
v 0.244670674 0.32180959 -0.252389163
v 0.223447964 0.433030605 -0.264301687
v 0.23602052 0.424888372 -0.264301687
v 0.223447964 0.433030605 -0.252389163
v 0.256683528 0.394567609 -0.252389163
v 0.256683528 0.394567609 -0.264301687
v 0.259285003 0.379650205 -0.252389163
v 0.259285003 0.379650205 -0.264301687
v 0.259285003 0.32180959 -0.264301687
v 0.259285003 0.379650205 -0.252389163
v 0.23602052 0.424888372 -0.252389163
v 0.23602052 0.424888372 -0.264301687
v 0.248593003 0.411393613 -0.252389163
v 0.248593003 0.411393613 -0.264301687
v 0.256683528 0.394567609 -0.264301687
v 0.248593003 0.411393613 -0.252389163
v 0.151934892 0.032716237 -0.264301687
v 0.151934892 0.107039146 -0.264301687
v 0.151934892 0.032716237 -0.252389163
v 0.210875377 0.437684625 -0.252389163
v 0.210875377 0.437684625 -0.264301687
v 0.223447964 0.433030605 -0.252389163
v 0.160585046 0.424888372 -0.252389163
v 0.160585046 0.424888372 -0.264301687
v 0.173157632 0.433030605 -0.252389163
v 0.30747211 0.107039146 -0.264301658
v 0.244670615 0.107039146 -0.264301687
v 0.30747211 0.278155118 -0.264301658
v 0.210875377 0.437684625 -0.264301687
v 0.198302805 0.439260691 -0.264301687
v 0.30747211 0.44678244 -0.264301658
v 0.160585046 0.424888372 -0.264301687
v 0.148012549 0.411393613 -0.264301687
v 0.088259764 0.44678244 -0.264301717
v 0.088259764 0.278155118 -0.264301717
v 0.088259764 0.32180959 -0.264301717
v 0.137320712 0.32180959 -0.264301687
v 0.185730129 0.437684625 -0.264301687
v 0.173157632 0.433030605 -0.264301687
v 0.088259764 0.44678244 -0.264301717
v 0.088259764 0.379650205 -0.264301717
v 0.088259764 0.44678244 -0.264301717
v 0.139921993 0.394567609 -0.264301687
v 0.088259764 0.379650205 -0.264301717
v 0.137320712 0.379650205 -0.264301687
v 0.088259764 0.32180959 -0.264301717
v 0.198302761 0.44678244 -0.264301687
v 0.198302805 0.439260691 -0.264301687
v 0.088259764 0.44678244 -0.264301717
v 0.139921993 0.394567609 -0.264301687
v 0.088259764 0.44678244 -0.264301717
v 0.088259764 0.44678244 -0.264301717
v 0.259285003 0.32180959 -0.264301687
v 0.30747211 0.32180959 -0.264301658
v 0.30747211 0.278155118 -0.264301658
v 0.23602052 0.424888372 -0.264301687
v 0.223447964 0.433030605 -0.264301687
v 0.30747211 0.44678244 -0.264301658
v 0.256683528 0.394567609 -0.264301687
v 0.30747211 0.44678244 -0.264301658
v 0.30747211 0.379650205 -0.264301658
v 0.259285003 0.32180959 -0.264301687
v 0.259285003 0.379650205 -0.264301687
v 0.30747211 0.32180959 -0.264301658
v 0.23602052 0.424888372 -0.264301687
v 0.30747211 0.44678244 -0.264301658
v 0.30747211 0.44678244 -0.264301658
v 0.256683528 0.394567609 -0.264301687
v 0.248593003 0.411393613 -0.264301687
v 0.30747211 0.44678244 -0.264301658
v 0.151934892 0.32180959 -0.264301687
v 0.151934892 0.107039146 -0.264301687
v 0.088259764 0.278155118 -0.264301717
v 0.30747211 0.44678244 -0.264301658
v 0.223447964 0.433030605 -0.264301687
v 0.30747211 0.44678244 -0.264301658
v 0.088259764 0.44678244 -0.264301717
v 0.173157632 0.433030605 -0.264301687
v 0.088259764 0.44678244 -0.264301717
v 0.30747211 0.433030605 -0.167676166
v 0.30747211 0.44678244 -0.264301658
v 0.30747211 0.44678244 -0.264301658
v 0.30747211 0.32180959 -0.0961632282
v 0.30747208 0.32180959 -0.08154881
v 0.30747208 0.278155118 -0.021434214
v 0.30747211 0.107039146 -0.264301658
v 0.30747211 0.107039146 -0.188898832
v 0.30747211 0.032716237 -0.264301658
v 0.30747211 0.411393613 -0.0922407359
v 0.30747211 0.424888372 -0.104813308
v 0.30747208 0.44678244 -0.021434214
v 0.30747211 0.433030605 -0.167676166
v 0.30747211 0.424888372 -0.180248752
v 0.30747211 0.44678244 -0.264301658
v 0.30747211 0.32180959 -0.264301658
v 0.30747211 0.32180959 -0.203513101
v 0.30747211 0.278155118 -0.264301658
v 0.30747208 0.44678244 -0.021434214
v 0.30747208 0.394567609 -0.0841501728
v 0.30747208 0.44678244 -0.021434214
v 0.30747211 0.439260691 -0.142530978
v 0.30747211 0.44678244 -0.142531008
v 0.30747208 0.44678244 -0.021434214
v 0.30747208 0.32180959 -0.021434214
v 0.30747208 0.32180959 -0.08154881
v 0.30747208 0.379650205 -0.021434214
v 0.30747211 0.44678244 -0.264301658
v 0.30747211 0.424888372 -0.180248752
v 0.30747211 0.44678244 -0.264301658
v 0.30747211 0.44678244 -0.264301658
v 0.30747211 0.44678244 -0.142531008
v 0.30747211 0.439260691 -0.142530978
v 0.30747208 0.379650205 -0.08154881
v 0.30747208 0.394567609 -0.0841501728
v 0.30747208 0.379650205 -0.021434214
v 0.30747211 0.411393613 -0.192821264
v 0.30747211 0.394567609 -0.20091176
v 0.30747211 0.44678244 -0.264301658
v 0.30747211 0.433030605 -0.117385842
v 0.30747211 0.437684625 -0.129958495
v 0.30747208 0.44678244 -0.021434214
v 0.30747211 0.379650205 -0.203513101
v 0.30747211 0.32180959 -0.203513101
v 0.30747211 0.379650205 -0.264301658
v 0.30747211 0.0327162147 -0.0961632282
v 0.30747211 0.107039146 -0.0961632282
v 0.30747208 0.0327162147 -0.021434214
v 0.30747211 0.433030605 -0.117385842
v 0.30747208 0.44678244 -0.021434214
v 0.30747208 0.44678244 -0.021434214
v 0.30747211 0.44678244 -0.264301658
v 0.30747211 0.394567609 -0.20091176
v 0.30747211 0.379650205 -0.264301658
v 0.244670674 0.32180959 -0.252389163
v 0.244670674 0.32180959 -0.264301687
v 0.244670615 0.107039146 -0.252389163
v 0.30747211 -0.0980795026 -0.264301658
v 0.2446706 -0.0980794728 -0.264301687
v 0.30747211 0.032716237 -0.264301658
v 0.151934892 0.107039146 -0.264301687
v 0.151934892 0.32180959 -0.264301687
v 0.151934892 0.107039146 -0.252389163
v 0.151934892 0.032716237 -0.264301687
v 0.151934892 -0.0980794728 -0.264301687
v 0.088259764 0.032716237 -0.264301717
v 0.30747211 0.0327162147 -0.0961632282
v 0.30747211 -0.0980794728 -0.0961632282
v 0.295559496 0.0327162147 -0.0961632282
v 0.30747208 0.278155118 -0.021434214
v 0.30747208 0.107039146 -0.021434214
v 0.30747211 0.107039146 -0.0961632282
v 0.30747211 0.107039146 -0.188898832
v 0.30747211 0.107039146 -0.264301658
v 0.30747211 0.278155118 -0.264301658
v 0.295559496 0.032716237 -0.188898832
v 0.30747211 0.032716237 -0.188898832
v 0.295559496 0.107039146 -0.188898832
v 0.151934892 -0.0980794728 -0.264301687
v 0.151934892 0.032716237 -0.264301687
v 0.151934892 -0.0980794728 -0.252389163
v 0.30747211 0.107039146 -0.0961632282
v 0.30747211 0.0327162147 -0.0961632282
v 0.295559496 0.107039146 -0.0961632282
v 0.244670615 0.032716237 -0.252389163
v 0.244670615 0.032716237 -0.264301687
v 0.2446706 -0.0980794728 -0.252389163
v 0.30747211 -0.0980794728 -0.0961632282
v 0.30747211 0.0327162147 -0.0961632282
v 0.30747208 -0.0980795026 -0.021434214
v 0.30747211 0.032716237 -0.264301658
v 0.244670615 0.032716237 -0.264301687
v 0.30747211 0.107039146 -0.264301658
v 0.151934892 0.107039146 -0.264301687
v 0.151934892 0.032716237 -0.264301687
v 0.088259764 0.107039146 -0.264301717
v 0.295559496 -0.0980794728 -0.188898832
v 0.30747211 -0.0980794728 -0.188898832
v 0.295559496 0.032716237 -0.188898832
v 0.30747211 0.032716237 -0.264301658
v 0.30747211 0.032716237 -0.188898832
v 0.30747211 -0.0980795026 -0.264301658
v 0.100172311 0.433030605 -0.11805971
v 0.0882597417 0.433030605 -0.11805971
v 0.100172311 0.437684625 -0.130632252
v 0.0882597491 0.32180959 -0.204187125
v 0.0882597491 0.32180959 -0.20418711
v 0.100172319 0.32180959 -0.204187125
v 0.100172304 0.107039146 -0.0822228044
v 0.0882597342 0.107039146 -0.0822228044
v 0.100172304 0.32180959 -0.0822228044
v 0.0882597491 0.424888372 -0.180922613
v 0.0882597491 0.411393613 -0.193495154
v 0.100172319 0.424888372 -0.180922613
v 0.0882597342 0.424888372 -0.105487153
v 0.0882597417 0.433030605 -0.11805971
v 0.100172304 0.424888372 -0.105487145
v 0.0882597342 0.32180959 -0.0822228044
v 0.100172304 0.32180959 -0.0822228044
v 0.100172304 0.32180959 -0.0822228044
v 0.100172319 0.411393613 -0.193495154
v 0.0882597491 0.411393613 -0.193495154
v 0.100172319 0.394567609 -0.20158574
v 0.100172311 0.439260691 -0.143204898
v 0.0882597417 0.439260691 -0.143204913
v 0.100172311 0.437684625 -0.155777395
v 0.100172319 0.379650205 -0.204187125
v 0.0882597491 0.379650205 -0.204187125
v 0.100172319 0.32180959 -0.204187125
v 0.100172304 0.411393613 -0.0929146558
v 0.0882597342 0.411393613 -0.0929146558
v 0.100172304 0.424888372 -0.105487145
v 0.0882597417 0.437684625 -0.130632266
v 0.0882597417 0.439260691 -0.143204913
v 0.100172311 0.437684625 -0.130632252
v 0.0882597491 0.394567609 -0.20158574
v 0.0882597491 0.379650205 -0.204187125
v 0.100172319 0.394567609 -0.20158574
v 0.0882597342 0.394567609 -0.0848241225
v 0.0882597342 0.411393613 -0.0929146558
v 0.100172304 0.394567609 -0.0848241225
v 0.0882597417 0.437684625 -0.155777395
v 0.0882597491 0.433030605 -0.168350041
v 0.100172311 0.437684625 -0.155777395
v 0.0882597342 0.32180959 -0.0822228044
v 0.0882597342 0.379650205 -0.0822228044
v 0.100172304 0.32180959 -0.0822228044
v 0.0882597491 0.32180959 -0.20418711
v 0.0882597491 0.107039146 -0.20418711
v 0.100172319 0.32180959 -0.20418711
v 0.100172319 0.433030605 -0.168350041
v 0.0882597491 0.433030605 -0.168350041
v 0.100172319 0.424888372 -0.180922613
v 0.100172304 0.379650205 -0.0822228044
v 0.0882597342 0.379650205 -0.0822228044
v 0.100172304 0.394567609 -0.0848241225
v 0.0882597417 0.433030605 -0.11805971
v 0.0882597193 0.44678244 -0.021434227
v 0.0882597193 0.44678244 -0.021434227
v 0.0882597491 0.32180959 -0.20418711
v 0.0882597491 0.32180959 -0.204187125
v 0.088259764 0.278155118 -0.264301717
v 0.0882597193 0.107039146 -0.021434227
v 0.0882597342 0.107039146 -0.0822228044
v 0.0882597193 0.032716237 -0.021434227
v 0.0882597491 0.411393613 -0.193495154
v 0.0882597491 0.424888372 -0.180922613
v 0.088259764 0.44678244 -0.264301717
v 0.0882597417 0.433030605 -0.11805971
v 0.0882597342 0.424888372 -0.105487153
v 0.0882597193 0.44678244 -0.021434227
v 0.0882597342 0.32180959 -0.0822228044
v 0.0882597193 0.278155118 -0.021434227
v 0.0882597193 0.32180959 -0.021434227
v 0.088259764 0.44678244 -0.264301717
v 0.0882597491 0.394567609 -0.20158574
v 0.088259764 0.44678244 -0.264301717
v 0.0882597417 0.439260691 -0.143204913
v 0.0882597417 0.44678244 -0.143204913
v 0.088259764 0.44678244 -0.264301717
v 0.088259764 0.32180959 -0.264301717
v 0.0882597491 0.32180959 -0.204187125
v 0.088259764 0.379650205 -0.264301717
v 0.0882597193 0.44678244 -0.021434227
v 0.0882597342 0.424888372 -0.105487153
v 0.0882597193 0.44678244 -0.021434227
v 0.0882597193 0.44678244 -0.021434227
v 0.0882597417 0.44678244 -0.143204913
v 0.0882597417 0.439260691 -0.143204913
v 0.0882597491 0.379650205 -0.204187125
v 0.0882597491 0.394567609 -0.20158574
v 0.088259764 0.379650205 -0.264301717
v 0.0882597342 0.411393613 -0.0929146558
v 0.0882597342 0.394567609 -0.0848241225
v 0.0882597193 0.44678244 -0.021434227
v 0.0882597491 0.433030605 -0.168350041
v 0.0882597417 0.437684625 -0.155777395
v 0.088259764 0.44678244 -0.264301717
v 0.0882597342 0.379650205 -0.0822228044
v 0.0882597342 0.32180959 -0.0822228044
v 0.0882597193 0.379650205 -0.021434227
v 0.0882597491 0.0327162147 -0.189572647
v 0.0882597491 0.107039146 -0.20418711
v 0.088259764 0.0327162147 -0.264301717
v 0.0882597491 0.433030605 -0.168350041
v 0.088259764 0.44678244 -0.264301717
v 0.088259764 0.44678244 -0.264301717
v 0.0882597193 0.44678244 -0.021434227
v 0.0882597342 0.394567609 -0.0848241225
v 0.0882597193 0.379650205 -0.021434227
v 0.0882597491 0.0327162147 -0.189572647
v 0.0882597491 -0.0980794728 -0.189572647
v 0.100172319 0.0327162147 -0.189572647
v 0.088259764 0.278155118 -0.264301717
v 0.088259764 0.107039146 -0.264301717
v 0.0882597491 0.107039146 -0.20418711
v 0.0882597342 0.107039146 -0.0822228044
v 0.0882597193 0.107039146 -0.021434227
v 0.0882597193 0.278155118 -0.021434227
v 0.100172304 0.032716237 -0.0822228044
v 0.0882597342 0.032716237 -0.0822228044
v 0.100172304 0.107039146 -0.0822228044
v 0.0882597491 0.107039146 -0.20418711
v 0.0882597491 0.0327162147 -0.189572647
v 0.100172319 0.107039146 -0.20418711
v 0.0882597491 -0.0980794728 -0.189572647
v 0.0882597491 0.0327162147 -0.189572647
v 0.088259764 -0.0980795026 -0.264301717
v 0.100172304 -0.0980794728 -0.0822228044
v 0.0882597342 -0.0980794728 -0.0822228044
v 0.100172304 0.032716237 -0.0822228044
v 0.0882597193 0.032716237 -0.021434227
v 0.0882597342 0.032716237 -0.0822228044
v 0.0882596895 -0.0980795026 -0.021434227
v 0.243796989 0.107039146 -0.0214341898
v 0.243796989 0.032716237 -0.0214341898
v 0.30747208 0.107039146 -0.0214341786
v 0.0882597417 0.032716237 -0.021434214
v 0.151061267 0.032716237 -0.0214342047
v 0.0882597417 0.107039146 -0.021434214
v 0.151061267 0.032716237 -0.0333467238
v 0.151061267 0.032716237 -0.0214342047
v 0.151061296 -0.0980794728 -0.0333467238
v 0.243796989 -0.0980794728 -0.0214341898
v 0.243796989 0.032716237 -0.0214341898
v 0.243796989 -0.0980794728 -0.0333467089
v 0.243796989 0.032716237 -0.0214341898
v 0.243796989 -0.0980794728 -0.0214341898
v 0.30747208 0.032716237 -0.0214341786
v 0.243796989 0.107039146 -0.0214341898
v 0.243796989 0.32180959 -0.0214341898
v 0.243796989 0.107039146 -0.0333467089
v 0.0882597417 -0.0980795026 -0.021434214
v 0.151061296 -0.0980794728 -0.0214342047
v 0.0882597417 0.032716237 -0.021434214
v 0.151061207 0.32180959 -0.0333467238
v 0.151061207 0.32180959 -0.0214342047
v 0.151061237 0.107039146 -0.0333467238
v 0.30747208 0.44678244 -0.0214342047
v 0.222574249 0.433030605 -0.0214341935
v 0.30747208 0.44678244 -0.0214342047
v 0.0882597417 0.44678244 -0.021434214
v 0.172283962 0.433030605 -0.0214342009
v 0.0882597417 0.44678244 -0.021434214
v 0.243796989 0.32180959 -0.0214341898
v 0.243796989 0.107039146 -0.0214341898
v 0.30747208 0.278155118 -0.0214341786
v 0.139048308 0.394567609 -0.0214342065
v 0.147138879 0.411393613 -0.0214342047
v 0.0882597417 0.44678244 -0.021434214
v 0.159711361 0.424888372 -0.0214342028
v 0.0882597417 0.44678244 -0.021434214
v 0.0882597417 0.44678244 -0.021434214
v 0.136446849 0.32180959 -0.0214342065
v 0.136446849 0.379650205 -0.0214342065
v 0.0882597417 0.32180959 -0.021434214
v 0.139048308 0.394567609 -0.0214342065
v 0.0882597417 0.44678244 -0.021434214
v 0.0882597417 0.379650205 -0.021434214
v 0.159711361 0.424888372 -0.0214342028
v 0.172283962 0.433030605 -0.0214342009
v 0.0882597417 0.44678244 -0.021434214
v 0.136446849 0.32180959 -0.0214342065
v 0.0882597417 0.32180959 -0.021434214
v 0.0882597417 0.278155118 -0.021434214
v 0.255809754 0.394567609 -0.0214341879
v 0.30747208 0.44678244 -0.0214342047
v 0.30747208 0.44678244 -0.0214342047
v 0.197429091 0.44678244 -0.0214341972
v 0.197429061 0.439260691 -0.0214341972
v 0.30747208 0.44678244 -0.0214342047
v 0.30747208 0.379650205 -0.0214341786
v 0.258411199 0.379650205 -0.0214341879
v 0.30747208 0.32180959 -0.0214341786
v 0.30747208 0.379650205 -0.0214341786
v 0.30747208 0.44678244 -0.0214342047
v 0.255809754 0.394567609 -0.0214341879
v 0.210001767 0.437684625 -0.0214341953
v 0.222574249 0.433030605 -0.0214341935
v 0.30747208 0.44678244 -0.0214342047
v 0.30747208 0.278155118 -0.0214341786
v 0.30747208 0.32180959 -0.0214341786
v 0.258411199 0.32180959 -0.0214341879
v 0.235146835 0.424888372 -0.0214341916
v 0.247719347 0.411393613 -0.0214341898
v 0.30747208 0.44678244 -0.0214342047
v 0.184856489 0.437684625 -0.0214341991
v 0.197429061 0.439260691 -0.0214341972
v 0.0882597417 0.44678244 -0.021434214
v 0.0882597417 0.107039146 -0.021434214
v 0.151061237 0.107039146 -0.0214342047
v 0.0882597417 0.278155118 -0.021434214
v 0.235146835 0.424888372 -0.0333467089
v 0.235146835 0.424888372 -0.0214341916
v 0.222574249 0.433030605 -0.0333467089
v 0.184856489 0.437684625 -0.0333467163
v 0.184856489 0.437684625 -0.0214341991
v 0.172283962 0.433030605 -0.03334672
v 0.243796989 0.032716237 -0.0214341898
v 0.243796989 0.107039146 -0.0214341898
v 0.243796989 0.032716237 -0.0333467089
v 0.147138879 0.411393613 -0.0214342047
v 0.139048308 0.394567609 -0.0214342065
v 0.147138879 0.411393613 -0.0333467238
v 0.159711361 0.424888372 -0.03334672
v 0.159711361 0.424888372 -0.0214342028
v 0.147138879 0.411393613 -0.0333467238
v 0.136446849 0.379650205 -0.0214342065
v 0.136446849 0.32180959 -0.0214342065
v 0.136446849 0.379650205 -0.0333467238
v 0.139048308 0.394567609 -0.0333467238
v 0.139048308 0.394567609 -0.0214342065
v 0.136446849 0.379650205 -0.0333467238
v 0.172283962 0.433030605 -0.0214342009
v 0.159711361 0.424888372 -0.0214342028
v 0.172283962 0.433030605 -0.03334672
v 0.136446849 0.32180959 -0.0333467238
v 0.136446849 0.32180959 -0.0214342065
v 0.151061207 0.32180959 -0.0333467238
v 0.255809754 0.394567609 -0.0333467051
v 0.255809754 0.394567609 -0.0214341879
v 0.247719347 0.411393613 -0.0333467051
v 0.210001767 0.437684625 -0.0333467126
v 0.210001767 0.437684625 -0.0214341953
v 0.197429061 0.439260691 -0.0333467163
v 0.258411199 0.32180959 -0.0333467051
v 0.258411199 0.32180959 -0.0214341879
v 0.258411199 0.379650205 -0.0333467051
v 0.258411199 0.379650205 -0.0214341879
v 0.255809754 0.394567609 -0.0214341879
v 0.258411199 0.379650205 -0.0333467051
v 0.222574249 0.433030605 -0.0214341935
v 0.210001767 0.437684625 -0.0214341953
v 0.222574249 0.433030605 -0.0333467089
v 0.243796989 0.32180959 -0.0214341898
v 0.258411199 0.32180959 -0.0214341879
v 0.243796989 0.32180959 -0.0333467089
v 0.247719347 0.411393613 -0.0214341898
v 0.235146835 0.424888372 -0.0214341916
v 0.247719347 0.411393613 -0.0333467051
v 0.197429061 0.439260691 -0.0214341972
v 0.184856489 0.437684625 -0.0214341991
v 0.197429061 0.439260691 -0.0333467163
v 0.151061237 0.107039146 -0.0333467238
v 0.151061237 0.107039146 -0.0214342047
v 0.151061267 0.032716237 -0.0333467238
v 0.265901655 0.327591151 0.0873499587
v 0.265901655 0.327591151 0.071785599
v 0.265901655 0.312026799 0.0873499587
v 0.288585156 0.327591151 0.0873499587
v 0.288585156 0.312026799 0.0873499587
v 0.288585156 0.327591151 0.071785599
v 0.288585156 0.312026799 0.071785599
v 0.288585156 0.312026799 0.0873499587
v 0.265901655 0.312026799 0.071785599
v 0.288585156 0.312026799 0.0873499587
v 0.288585156 0.327591151 0.0873499587
v 0.265901655 0.312026799 0.0873499587
v 0.288585156 0.327591151 0.0873499587
v 0.288585156 0.327591151 0.071785599
v 0.265901655 0.327591151 0.0873499587
v 0.288585156 0.327591151 0.071785599
v 0.288585156 0.312026799 0.071785599
v 0.265901655 0.327591151 0.071785599
v 0.265901655 0.327591151 0.0315269567
v 0.265901655 0.327591151 0.0159625914
v 0.265901655 0.312026799 0.0315269567
v 0.288585156 0.327591151 0.0315269604
v 0.288585156 0.312026799 0.0315269604
v 0.288585156 0.327591151 0.0159625951
v 0.288585156 0.312026799 0.0159625951
v 0.288585156 0.312026799 0.0315269604
v 0.265901655 0.312026799 0.0159625914
v 0.288585156 0.312026799 0.0315269604
v 0.288585156 0.327591151 0.0315269604
v 0.265901655 0.312026799 0.0315269567
v 0.288585156 0.327591151 0.0315269604
v 0.288585156 0.327591151 0.0159625951
v 0.265901655 0.327591151 0.0315269567
v 0.288585156 0.327591151 0.0159625951
v 0.288585156 0.312026799 0.0159625951
v 0.265901655 0.327591151 0.0159625914
v 0.0988554135 0.327591151 0.0873498768
v 0.0988554135 0.327591151 0.0717855692
v 0.0988554135 0.312026799 0.0873498768
v 0.121539026 0.327591151 0.0873498842
v 0.121539026 0.312026799 0.0873498842
v 0.121539026 0.327591151 0.0717855692
v 0.121539026 0.312026799 0.0717855692
v 0.121539026 0.312026799 0.0873498842
v 0.0988554135 0.312026799 0.0717855692
v 0.121539026 0.312026799 0.0873498842
v 0.121539026 0.327591151 0.0873498842
v 0.0988554135 0.312026799 0.0873498768
v 0.121539026 0.327591151 0.0873498842
v 0.121539026 0.327591151 0.0717855692
v 0.0988554135 0.327591151 0.0873498768
v 0.121539026 0.327591151 0.0717855692
v 0.121539026 0.312026799 0.0717855692
v 0.0988554135 0.327591151 0.0717855692
v 0.0988554209 0.327591151 0.0315269269
v 0.0988554284 0.327591151 0.0159625653
v 0.0988554209 0.312026799 0.0315269269
v 0.121539034 0.327591151 0.0315269306
v 0.121539034 0.312026799 0.0315269306
v 0.121539041 0.327591151 0.015962569
v 0.121539041 0.312026799 0.015962569
v 0.121539034 0.312026799 0.0315269306
v 0.0988554284 0.312026799 0.0159625653
v 0.121539034 0.312026799 0.0315269306
v 0.121539034 0.327591151 0.0315269306
v 0.0988554209 0.312026799 0.0315269269
v 0.121539034 0.327591151 0.0315269306
v 0.121539041 0.327591151 0.015962569
v 0.0988554209 0.327591151 0.0315269269
v 0.121539041 0.327591151 0.015962569
v 0.121539041 0.312026799 0.015962569
v 0.0988554284 0.327591151 0.0159625653
v 0.220282629 0.327591151 0.134095699
v 0.220282629 0.312026799 0.134095699
v 0.220282555 0.327591151 0.156779349
v 0.235846967 0.327591151 0.134095699
v 0.220282629 0.327591151 0.134095699
v 0.235846907 0.327591151 0.156779349
v 0.235846967 0.312026799 0.134095699
v 0.235846967 0.327591151 0.134095699
v 0.235846907 0.312026799 0.156779349
v 0.235846907 0.312026799 0.156779349
v 0.220282555 0.312026799 0.156779349
v 0.220282629 0.312026799 0.134095699
v 0.235846967 0.327591151 0.134095699
v 0.235846967 0.312026799 0.134095699
v 0.220282629 0.327591151 0.134095699
v 0.235846907 0.327591151 0.156779349
v 0.220282555 0.327591151 0.156779349
v 0.235846907 0.312026799 0.156779349
v 0.153175905 0.327591151 0.134095684
v 0.153175905 0.312026799 0.134095684
v 0.153175861 0.327591151 0.156779334
v 0.168740287 0.327591151 0.134095699
v 0.153175905 0.327591151 0.134095684
v 0.168740243 0.327591151 0.156779334
v 0.168740287 0.312026799 0.134095699
v 0.168740287 0.327591151 0.134095699
v 0.168740243 0.312026799 0.156779334
v 0.168740243 0.312026799 0.156779334
v 0.153175861 0.312026799 0.156779334
v 0.153175905 0.312026799 0.134095684
v 0.168740287 0.327591151 0.134095699
v 0.168740287 0.312026799 0.134095699
v 0.153175905 0.327591151 0.134095684
v 0.168740243 0.327591151 0.156779334
v 0.153175861 0.327591151 0.156779334
v 0.168740243 0.312026799 0.156779334
v -0.201483265 0.241514668 -0.153139278
v -0.273646623 0.241514668 -0.153139293
v -0.201483265 0.241514668 0.159085393
v -0.273646683 0.235627428 0.159085393
v -0.273646623 0.235627428 -0.153139293
v -0.201483265 0.235627428 0.159085393
v -0.201483265 0.235627428 0.159085393
v -0.201483265 0.241514668 0.159085393
v -0.273646683 0.235627428 0.159085393
v -0.201483265 0.235627428 -0.153139278
v -0.201483265 0.241514668 -0.153139278
v -0.201483265 0.235627428 0.159085393
v -0.273646683 0.235627428 0.159085393
v -0.273646683 0.241514668 0.159085393
v -0.273646623 0.235627428 -0.153139293
v -0.273646623 0.235627428 -0.153139293
v -0.273646623 0.241514668 -0.153139293
v -0.201483265 0.235627428 -0.153139278
v -0.241073832 0.397807658 0.143086925
v -0.2439854 0.397817582 0.143021435
v -0.241142988 0.397352993 0.146089122
v -0.244054377 0.239248648 0.122079194
v -0.244054481 0.397362888 0.146023646
v -0.24398531 0.239703327 0.119077019
v -0.24398531 0.239703327 0.119077019
v -0.2439854 0.397817582 0.143021435
v -0.241073817 0.239693418 0.119142495
v -0.241073817 0.239693418 0.119142495
v -0.241073832 0.397807658 0.143086925
v -0.241142929 0.239238769 0.122144669
v -0.241142929 0.239238769 0.122144669
v -0.241142988 0.397352993 0.146089122
v -0.244054377 0.239248648 0.122079194
v -0.247928262 0.381601185 0.142720953
v -0.247928262 0.383786589 0.143051922
v -0.247923821 0.381801069 0.141401455
v -0.222276717 0.381588221 0.142806694
v -0.247928262 0.381601185 0.142720953
v -0.222272173 0.381788135 0.141487211
v -0.222272173 0.381788135 0.141487211
v -0.247923821 0.381801069 0.141401455
v -0.222272173 0.383973539 0.141818151
v -0.247928262 0.383786589 0.143051922
v -0.222276717 0.383773625 0.143137649
v -0.222272173 0.383973539 0.141818151
v -0.222276717 0.383773625 0.143137649
v -0.247928262 0.383786589 0.143051922
v -0.222276717 0.381588221 0.142806694
v -0.222276717 0.381588221 0.142806694
v -0.222272173 0.381788135 0.141487211
v -0.222276717 0.383773625 0.143137649
v -0.247928262 0.371788651 0.141234934
v -0.247928262 0.373974055 0.141565889
v -0.247923821 0.371988565 0.139915451
v -0.222276717 0.371775687 0.141320691
v -0.247928262 0.371788651 0.141234934
v -0.222272173 0.371975601 0.140001178
v -0.222272173 0.371975601 0.140001178
v -0.247923821 0.371988565 0.139915451
v -0.222272173 0.374161035 0.140332147
v -0.247928262 0.373974055 0.141565889
v -0.222276717 0.373961121 0.141651645
v -0.222272173 0.374161035 0.140332147
v -0.222276717 0.373961121 0.141651645
v -0.247928262 0.373974055 0.141565889
v -0.222276717 0.371775687 0.141320691
v -0.222276717 0.371775687 0.141320691
v -0.222272173 0.371975601 0.140001178
v -0.222276717 0.373961121 0.141651645
v -0.247928262 0.36412245 0.140074
v -0.247928262 0.366307855 0.140404955
v -0.247923821 0.364322335 0.138754502
v -0.222276717 0.364109486 0.140159756
v -0.247928262 0.36412245 0.140074
v -0.222272173 0.364309371 0.138840258
v -0.222272173 0.364309371 0.138840258
v -0.247923821 0.364322335 0.138754502
v -0.222272173 0.366494805 0.139171213
v -0.247928262 0.366307855 0.140404955
v -0.222276717 0.366294891 0.140490711
v -0.222272173 0.366494805 0.139171213
v -0.222276717 0.366294891 0.140490711
v -0.247928262 0.366307855 0.140404955
v -0.222276717 0.364109486 0.140159756
v -0.222276717 0.364109486 0.140159756
v -0.222272173 0.364309371 0.138840258
v -0.222276717 0.366294891 0.140490711
v -0.247923806 0.260714978 0.123064451
v -0.247923806 0.258529574 0.122733489
v -0.247928247 0.258329928 0.124052994
v -0.222276658 0.258316964 0.124138728
v -0.247928247 0.258329928 0.124052994
v -0.222272158 0.25851661 0.122819245
v -0.222272158 0.25851661 0.122819245
v -0.247923806 0.258529574 0.122733489
v -0.222272158 0.260702014 0.123150207
v -0.247928247 0.260515332 0.124383934
v -0.222276658 0.260502368 0.12446969
v -0.222272158 0.260702014 0.123150207
v -0.222276658 0.260502368 0.12446969
v -0.247928247 0.260515332 0.124383934
v -0.222276658 0.258316964 0.124138728
v -0.222272158 0.260702014 0.123150207
v -0.222276658 0.260502368 0.12446969
v -0.222276658 0.258316964 0.124138728
v -0.247928247 0.267835855 0.125492558
v -0.247928247 0.27002129 0.125823498
v -0.247923806 0.268035769 0.124173075
v -0.222276658 0.267822921 0.125578299
v -0.247928247 0.267835855 0.125492558
v -0.222272158 0.268022537 0.124258824
v -0.222272158 0.268022537 0.124258824
v -0.247923806 0.268035769 0.124173075
v -0.222272158 0.27020821 0.124589756
v -0.247928247 0.27002129 0.125823498
v -0.222276658 0.270008326 0.125909254
v -0.222272158 0.27020821 0.124589756
v -0.222276658 0.270008326 0.125909254
v -0.247928247 0.27002129 0.125823498
v -0.222276658 0.267822921 0.125578299
v -0.222272158 0.27020821 0.124589756
v -0.222276658 0.270008326 0.125909254
v -0.222276658 0.267822921 0.125578299
v -0.247928247 0.278261781 0.127071425
v -0.247928247 0.280447215 0.127402395
v -0.247923806 0.278461725 0.125751927
v -0.222276658 0.278248847 0.127157182
v -0.247928247 0.278261781 0.127071425
v -0.222272158 0.278448761 0.125837699
v -0.222272158 0.278448761 0.125837699
v -0.247923806 0.278461725 0.125751927
v -0.222272158 0.280634165 0.126168638
v -0.247928247 0.280447215 0.127402395
v -0.222276658 0.280434251 0.127488151
v -0.222272158 0.280634165 0.126168638
v -0.222276658 0.280434251 0.127488151
v -0.247928247 0.280447215 0.127402395
v -0.222276658 0.278248847 0.127157182
v -0.222276658 0.278248847 0.127157182
v -0.222272158 0.278448761 0.125837699
v -0.222276658 0.280434251 0.127488151
v -0.247923806 0.289539665 0.127429575
v -0.247923806 0.287354231 0.127098635
v -0.247928247 0.287154585 0.128418118
v -0.222276658 0.287141383 0.128503874
v -0.247928247 0.287154585 0.128418118
v -0.222272158 0.287341267 0.127184391
v -0.222272158 0.287341267 0.127184391
v -0.247923806 0.287354231 0.127098635
v -0.222272158 0.289526701 0.127515346
v -0.247928247 0.289340019 0.128749073
v -0.222276658 0.289327055 0.128834829
v -0.222272158 0.289526701 0.127515346
v -0.247928247 0.287154585 0.128418118
v -0.222276658 0.287141383 0.128503874
v -0.222276658 0.289327055 0.128834829
v -0.222272158 0.289526701 0.127515346
v -0.222276658 0.289327055 0.128834829
v -0.222276658 0.287141383 0.128503874
v -0.247923806 0.299045861 0.128869176
v -0.247923806 0.296860188 0.128538206
v -0.247928247 0.296660542 0.129857674
v -0.222276658 0.296647578 0.12994343
v -0.247928247 0.296660542 0.129857674
v -0.222272158 0.296847224 0.128623962
v -0.222272158 0.296847224 0.128623962
v -0.247923806 0.296860188 0.128538206
v -0.222272158 0.299032897 0.128954887
v -0.247928247 0.298845947 0.130188644
v -0.222276658 0.298832983 0.1302744
v -0.222272158 0.299032897 0.128954887
v -0.222276658 0.298832983 0.1302744
v -0.247928247 0.298845947 0.130188644
v -0.222276658 0.296647578 0.12994343
v -0.222272158 0.299032897 0.128954887
v -0.222276658 0.298832983 0.1302744
v -0.222276658 0.296647578 0.12994343
v -0.247923806 0.308245242 0.130262285
v -0.247923806 0.306059569 0.129931316
v -0.247928247 0.305859923 0.131250829
v -0.222276658 0.305846959 0.131336585
v -0.247928247 0.305859923 0.131250829
v -0.222272158 0.306046605 0.130017102
v -0.222272158 0.306046605 0.130017102
v -0.247923806 0.306059569 0.129931316
v -0.222272158 0.308232039 0.130348042
v -0.247928247 0.308045328 0.131581783
v -0.222276658 0.308032393 0.131667539
v -0.222272158 0.308232039 0.130348042
v -0.222276658 0.308032393 0.131667539
v -0.247928247 0.308045328 0.131581783
v -0.222276658 0.305846959 0.131336585
v -0.222272158 0.308232039 0.130348042
v -0.222276658 0.308032393 0.131667539
v -0.222276658 0.305846959 0.131336585
v -0.247928247 0.316899002 0.132922575
v -0.247928247 0.319084406 0.13325353
v -0.247923806 0.317098916 0.131603062
v -0.222276658 0.316886067 0.133008331
v -0.247928247 0.316899002 0.132922575
v -0.222272158 0.317085952 0.131688818
v -0.222272158 0.317085952 0.131688818
v -0.247923806 0.317098916 0.131603062
v -0.222272158 0.319271386 0.132019788
v -0.247928247 0.319084406 0.13325353
v -0.222276658 0.319071472 0.133339286
v -0.222272158 0.319271386 0.132019788
v -0.222276658 0.319071472 0.133339286
v -0.247928247 0.319084406 0.13325353
v -0.222276658 0.316886067 0.133008331
v -0.222276658 0.316886067 0.133008331
v -0.222272158 0.317085952 0.131688818
v -0.222276658 0.319071472 0.133339286
v -0.247928247 0.325791806 0.134269282
v -0.247928247 0.32797721 0.134600222
v -0.247923806 0.32599169 0.132949769
v -0.222276658 0.325778842 0.134355009
v -0.247928247 0.325791806 0.134269282
v -0.222272158 0.325978756 0.133035526
v -0.222272158 0.325978756 0.133035526
v -0.247923806 0.32599169 0.132949769
v -0.222272158 0.32816416 0.133366466
v -0.247928247 0.32797721 0.134600222
v -0.222276658 0.327964246 0.134685978
v -0.222272158 0.32816416 0.133366466
v -0.222276658 0.327964246 0.134685978
v -0.247928247 0.32797721 0.134600222
v -0.222276658 0.325778842 0.134355009
v -0.222276658 0.325778842 0.134355009
v -0.222272158 0.325978756 0.133035526
v -0.222276658 0.327964246 0.134685978
v -0.247928247 0.336217761 0.13584815
v -0.247928247 0.338403165 0.136179104
v -0.247923806 0.336417645 0.134528667
v -0.222276658 0.336204797 0.135933906
v -0.247928247 0.336217761 0.13584815
v -0.222272158 0.336404681 0.134614393
v -0.222272158 0.336404681 0.134614393
v -0.247923806 0.336417645 0.134528667
v -0.222272158 0.338590115 0.134945363
v -0.247928247 0.338403165 0.136179104
v -0.222276658 0.338390201 0.136264861
v -0.222272158 0.338590115 0.134945363
v -0.222276658 0.338390201 0.136264861
v -0.247928247 0.338403165 0.136179104
v -0.222276658 0.336204797 0.135933906
v -0.222276658 0.336204797 0.135933906
v -0.222272158 0.336404681 0.134614393
v -0.222276658 0.338390201 0.136264861
v -0.247928262 0.345723689 0.137287751
v -0.247928262 0.347909123 0.137618676
v -0.247923806 0.345923573 0.135968238
v -0.222276673 0.345710725 0.137373462
v -0.247928262 0.345723689 0.137287751
v -0.222272158 0.345910639 0.136053964
v -0.222272158 0.345910639 0.136053964
v -0.247923806 0.345923573 0.135968238
v -0.222272158 0.348096043 0.136384934
v -0.247928262 0.347909123 0.137618676
v -0.222276673 0.347896159 0.137704432
v -0.222272158 0.348096043 0.136384934
v -0.222276673 0.347896159 0.137704432
v -0.247928262 0.347909123 0.137618676
v -0.222276673 0.345710725 0.137373462
v -0.222276673 0.345710725 0.137373462
v -0.222272158 0.345910639 0.136053964
v -0.222276673 0.347896159 0.137704432
v -0.247928262 0.355843037 0.138820171
v -0.247928262 0.358028442 0.139151141
v -0.247923821 0.356042951 0.137500674
v -0.222276673 0.355830103 0.138905928
v -0.247928262 0.355843037 0.138820171
v -0.222272173 0.356029987 0.13758643
v -0.222272173 0.356029987 0.13758643
v -0.247923821 0.356042951 0.137500674
v -0.222272173 0.358215421 0.137917385
v -0.247928262 0.358028442 0.139151141
v -0.222276673 0.358015507 0.139236897
v -0.222272173 0.358215421 0.137917385
v -0.222276673 0.358015507 0.139236897
v -0.247928262 0.358028442 0.139151141
v -0.222276673 0.355830103 0.138905928
v -0.222276673 0.355830103 0.138905928
v -0.222272173 0.356029987 0.13758643
v -0.222276673 0.358015507 0.139236897
v -0.224636346 0.397807658 0.143086955
v -0.227547839 0.397817582 0.143021464
v -0.227616921 0.397362888 0.146023646
v -0.227616906 0.239248693 0.122079223
v -0.227616921 0.397362888 0.146023646
v -0.227547824 0.239703402 0.119077019
v -0.227547824 0.239703402 0.119077019
v -0.227547839 0.397817582 0.143021464
v -0.224636331 0.239693508 0.119142495
v -0.224636331 0.239693508 0.119142495
v -0.224636346 0.397807658 0.143086955
v -0.224705413 0.239238769 0.122144699
v -0.224705413 0.239238769 0.122144699
v -0.224705428 0.397352993 0.146089152
v -0.227616906 0.239248693 0.122079223
v -0.244054422 0.395793945 -0.141537473
v -0.241142884 0.395811975 -0.141473785
v -0.243985265 0.394956261 -0.144456089
v -0.244054347 0.242081687 -0.0974240974
v -0.244054422 0.395793945 -0.141537473
v -0.243985236 0.241244078 -0.100342713
v -0.243985236 0.241244078 -0.100342713
v -0.243985265 0.394956261 -0.144456089
v -0.241073787 0.241262332 -0.100279041
v -0.241142884 0.395811975 -0.141473785
v -0.241142899 0.2421 -0.0973604247
v -0.241073787 0.241262332 -0.100279041
v -0.241142899 0.2421 -0.0973604247
v -0.241142884 0.395811975 -0.141473785
v -0.244054347 0.242081687 -0.0974240974
v -0.247923762 0.38184604 -0.139865041
v -0.247923762 0.379721344 -0.139255315
v -0.247928202 0.380089641 -0.137972564
v -0.222276613 0.380113512 -0.137889192
v -0.247928202 0.380089641 -0.137972564
v -0.222272113 0.379745185 -0.139171943
v -0.222272113 0.379745185 -0.139171943
v -0.247923762 0.379721344 -0.139255315
v -0.222272113 0.381869912 -0.139781699
v -0.247928202 0.382214099 -0.138582259
v -0.222276613 0.382237971 -0.138498917
v -0.222272113 0.381869912 -0.139781699
v -0.222276613 0.382237971 -0.138498917
v -0.247928202 0.382214099 -0.138582259
v -0.222276613 0.380113512 -0.137889192
v -0.222272113 0.381869912 -0.139781699
v -0.222276613 0.382237971 -0.138498917
v -0.222276613 0.380113512 -0.137889192
v -0.247923777 0.372306556 -0.137127355
v -0.247923777 0.370181859 -0.136517629
v -0.247928262 0.370550156 -0.135234848
v -0.222276628 0.370574027 -0.135151476
v -0.247928262 0.370550156 -0.135234848
v -0.222272128 0.370205969 -0.136434287
v -0.247923777 0.372306556 -0.137127355
v -0.222272128 0.372330427 -0.137043983
v -0.222272128 0.370205969 -0.136434287
v -0.222272128 0.372330427 -0.137043983
v -0.247923777 0.372306556 -0.137127355
v -0.222276628 0.372698486 -0.135761201
v -0.222276628 0.372698486 -0.135761201
v -0.247928217 0.372674614 -0.135844573
v -0.222276628 0.370574027 -0.135151476
v -0.222276628 0.370574027 -0.135151476
v -0.222272128 0.370205969 -0.136434287
v -0.222276628 0.372698486 -0.135761201
v -0.247923777 0.36485368 -0.134988517
v -0.247923777 0.362729222 -0.134378791
v -0.247928262 0.36309728 -0.13309598
v -0.247923777 0.362729222 -0.134378791
v -0.222272128 0.362753123 -0.134295419
v -0.222276628 0.363121182 -0.133012682
v -0.247923777 0.36485368 -0.134988517
v -0.222272128 0.36487782 -0.13490513
v -0.222272128 0.362753123 -0.134295419
v -0.222272128 0.36487782 -0.13490513
v -0.247923777 0.36485368 -0.134988517
v -0.222276628 0.365245879 -0.133622408
v -0.222276628 0.365245879 -0.133622408
v -0.247928262 0.365222007 -0.133705735
v -0.222276628 0.363121182 -0.133012682
v -0.222276628 0.363121182 -0.133012682
v -0.222272128 0.362753123 -0.134295419
v -0.222276628 0.365245879 -0.133622408
v -0.247928262 0.260249913 -0.103580199
v -0.247928217 0.26237461 -0.104189925
v -0.247923777 0.259881854 -0.104862943
v -0.222276628 0.260274023 -0.103496805
v -0.247928262 0.260249913 -0.103580199
v -0.222272128 0.259905726 -0.104779616
v -0.247923777 0.262006551 -0.105472699
v -0.222272128 0.262030452 -0.105389342
v -0.222272128 0.259905726 -0.104779616
v -0.222272128 0.262030452 -0.105389342
v -0.247923777 0.262006551 -0.105472699
v -0.222276628 0.262398481 -0.104106553
v -0.222276628 0.262398481 -0.104106553
v -0.247928217 0.26237461 -0.104189925
v -0.222276628 0.260274023 -0.103496805
v -0.222276628 0.260274023 -0.103496805
v -0.222272128 0.259905726 -0.104779616
v -0.222276628 0.262398481 -0.104106553
v -0.247923777 0.271247864 -0.108124845
v -0.247923777 0.269123137 -0.107515112
v -0.247928262 0.269491434 -0.106232338
v -0.222276628 0.269515306 -0.106148973
v -0.247928262 0.269491434 -0.106232338
v -0.222272128 0.269147247 -0.107431754
v -0.222272128 0.269147247 -0.107431754
v -0.247923777 0.269123137 -0.107515112
v -0.222272128 0.271271706 -0.10804148
v -0.247928262 0.271615893 -0.106842041
v -0.222276628 0.271640033 -0.106758699
v -0.222272128 0.271271706 -0.10804148
v -0.222276628 0.271640033 -0.106758699
v -0.247928262 0.271615893 -0.106842041
v -0.222276628 0.269515306 -0.106148973
v -0.222272128 0.271271706 -0.10804148
v -0.222276628 0.271640033 -0.106758699
v -0.222276628 0.269515306 -0.106148973
v -0.247928262 0.279627055 -0.109141149
v -0.247928262 0.281751513 -0.109750874
v -0.247923777 0.279258996 -0.110423923
v -0.222276628 0.279650927 -0.109057806
v -0.247928262 0.279627055 -0.109141149
v -0.222272128 0.279282868 -0.110340528
v -0.222272128 0.279282868 -0.110340528
v -0.247923777 0.279258996 -0.110423923
v -0.222272128 0.281407326 -0.110950291
v -0.247928262 0.281751513 -0.109750874
v -0.222276628 0.281775624 -0.109667502
v -0.222272128 0.281407326 -0.110950291
v -0.222276628 0.281775624 -0.109667502
v -0.247928262 0.281751513 -0.109750874
v -0.222276628 0.279650927 -0.109057806
v -0.222272128 0.281407326 -0.110950291
v -0.222276628 0.281775624 -0.109667502
v -0.222276628 0.279650927 -0.109057806
v -0.247928262 0.288272202 -0.111622199
v -0.247928262 0.290396631 -0.112231925
v -0.247923777 0.287904143 -0.112904944
v -0.222276628 0.288296074 -0.111538827
v -0.247928262 0.288272202 -0.111622199
v -0.222272128 0.287928015 -0.112821579
v -0.222272128 0.287928015 -0.112821579
v -0.247923777 0.287904143 -0.112904944
v -0.222272128 0.290052474 -0.113431327
v -0.222272128 0.290052474 -0.113431327
v -0.247923777 0.290028602 -0.113514669
v -0.222276628 0.2904208 -0.112148553
v -0.222276628 0.2904208 -0.112148553
v -0.247928262 0.290396631 -0.112231925
v -0.222276628 0.288296074 -0.111538827
v -0.222272128 0.290052474 -0.113431327
v -0.222276628 0.2904208 -0.112148553
v -0.222276628 0.288296074 -0.111538827
v -0.247923777 0.299269885 -0.116166808
v -0.247923777 0.297145426 -0.115557082
v -0.247928262 0.297513485 -0.114274338
v -0.222276628 0.297537357 -0.114190966
v -0.247928262 0.297513485 -0.114274338
v -0.222272128 0.297169298 -0.11547374
v -0.247923777 0.299269885 -0.116166808
v -0.222272128 0.299294025 -0.116083466
v -0.222272128 0.297169298 -0.11547374
v -0.247928262 0.299638182 -0.114884086
v -0.222276628 0.299662054 -0.114800692
v -0.222272128 0.299294025 -0.116083466
v -0.222276628 0.299662054 -0.114800692
v -0.247928262 0.299638182 -0.114884086
v -0.222276628 0.297537357 -0.114190966
v -0.222276628 0.297537357 -0.114190966
v -0.222272128 0.297169298 -0.11547374
v -0.222276628 0.299662054 -0.114800692
v -0.247928262 0.306456834 -0.116840936
v -0.247928262 0.308581293 -0.117450655
v -0.247923777 0.306088775 -0.11812368
v -0.222276628 0.306480676 -0.116757564
v -0.247928262 0.306456834 -0.116840936
v -0.222272128 0.306112647 -0.118040338
v -0.247923777 0.308213234 -0.118733406
v -0.222272128 0.308237106 -0.118650056
v -0.222272128 0.306112647 -0.118040338
v -0.247928262 0.308581293 -0.117450655
v -0.222276628 0.308605403 -0.11736729
v -0.222272128 0.308237106 -0.118650056
v -0.222276628 0.308605403 -0.11736729
v -0.247928262 0.308581293 -0.117450655
v -0.222276628 0.306480676 -0.116757564
v -0.222272128 0.308237106 -0.118650056
v -0.222276628 0.308605403 -0.11736729
v -0.222276628 0.306480676 -0.116757564
v -0.247928262 0.317188561 -0.119920835
v -0.247928217 0.319313288 -0.120530561
v -0.247923777 0.316820532 -0.121203601
v -0.247923777 0.316820532 -0.121203601
v -0.222272128 0.316844404 -0.121120237
v -0.222276628 0.317212701 -0.119837485
v -0.222272128 0.316844404 -0.121120237
v -0.247923777 0.316820532 -0.121203601
v -0.222272128 0.318969131 -0.12172997
v -0.247928217 0.319313288 -0.120530561
v -0.222276628 0.319337159 -0.120447189
v -0.222272128 0.318969131 -0.12172997
v -0.222276628 0.319337159 -0.120447189
v -0.247928217 0.319313288 -0.120530561
v -0.222276628 0.317212701 -0.119837485
v -0.222272128 0.318969131 -0.12172997
v -0.222276628 0.319337159 -0.120447189
v -0.222276628 0.317212701 -0.119837485
v -0.247928262 0.325833708 -0.122401848
v -0.247928262 0.327958405 -0.123011634
v -0.247923777 0.325465679 -0.12368463
v -0.222276628 0.325857848 -0.122318514
v -0.247928262 0.325833708 -0.122401848
v -0.222272128 0.325489551 -0.12360128
v -0.222272128 0.325489551 -0.12360128
v -0.247923777 0.325465679 -0.12368463
v -0.222272128 0.327614248 -0.124210984
v -0.247928262 0.327958405 -0.123011634
v -0.222276628 0.327982306 -0.122928262
v -0.222272128 0.327614248 -0.124210984
v -0.222276628 0.327982306 -0.122928262
v -0.247928262 0.327958405 -0.123011634
v -0.222276628 0.325857848 -0.122318514
v -0.222272128 0.327614248 -0.124210984
v -0.222276628 0.327982306 -0.122928262
v -0.222276628 0.325857848 -0.122318514
v -0.247923777 0.337725997 -0.127203166
v -0.247923777 0.3356013 -0.126593441
v -0.247928262 0.335969567 -0.125310674
v -0.222276628 0.335993469 -0.125227317
v -0.247928262 0.335969567 -0.125310674
v -0.222272128 0.335625142 -0.126510069
v -0.247923777 0.337725997 -0.127203166
v -0.222272128 0.337749869 -0.127119824
v -0.222272128 0.335625142 -0.126510069
v -0.222272128 0.337749869 -0.127119824
v -0.247923777 0.337725997 -0.127203166
v -0.222276628 0.338117927 -0.125837073
v -0.222276628 0.338117927 -0.125837073
v -0.247928217 0.338094026 -0.125920385
v -0.222276628 0.335993469 -0.125227317
v -0.222272128 0.337749869 -0.127119824
v -0.222276628 0.338117927 -0.125837073
v -0.222276628 0.335993469 -0.125227317
v -0.247928262 0.34521085 -0.127962828
v -0.247928262 0.347335309 -0.128572583
v -0.247923777 0.344842821 -0.129245579
v -0.247923777 0.344842821 -0.129245579
v -0.222272128 0.344866693 -0.129162237
v -0.222276628 0.345234722 -0.127879456
v -0.222272128 0.344866693 -0.129162237
v -0.247923777 0.344842821 -0.129245579
v -0.222272128 0.346991152 -0.129771963
v -0.222272128 0.346991152 -0.129771963
v -0.247923777 0.34696725 -0.129855275
v -0.222276628 0.34735918 -0.128489181
v -0.222276628 0.34735918 -0.128489181
v -0.247928262 0.347335309 -0.128572583
v -0.222276628 0.345234722 -0.127879456
v -0.222276628 0.345234722 -0.127879456
v -0.222272128 0.344866693 -0.129162237
v -0.222276628 0.34735918 -0.128489181
v -0.247923777 0.356804937 -0.132678568
v -0.247923777 0.35468024 -0.132068843
v -0.247928262 0.355048537 -0.130786061
v -0.222276628 0.355072409 -0.130702689
v -0.247928262 0.355048537 -0.130786061
v -0.222272128 0.354704112 -0.131985471
v -0.222272128 0.354704112 -0.131985471
v -0.247923777 0.35468024 -0.132068843
v -0.222272128 0.356828809 -0.132595196
v -0.247928217 0.357172996 -0.131395817
v -0.222276628 0.357196867 -0.131312445
v -0.222272128 0.356828809 -0.132595196
v -0.222276628 0.357196867 -0.131312445
v -0.247928217 0.357172996 -0.131395817
v -0.222276628 0.355072409 -0.130702689
v -0.222272128 0.356828809 -0.132595196
v -0.222276628 0.357196867 -0.131312445
v -0.222276628 0.355072409 -0.130702689
v -0.227616861 0.395793945 -0.141537473
v -0.224705368 0.395812243 -0.141473785
v -0.22754778 0.394956261 -0.144456074
v -0.227616876 0.242081717 -0.0974240974
v -0.227616861 0.395793945 -0.141537473
v -0.227547795 0.241244122 -0.100342713
v -0.227547795 0.241244122 -0.100342713
v -0.22754778 0.394956261 -0.144456074
v -0.224636301 0.241262391 -0.100279033
v -0.224636301 0.241262391 -0.100279033
v -0.224636286 0.39497456 -0.144392401
v -0.224705383 0.2421 -0.0973604172
v -0.224705383 0.2421 -0.0973604172
v -0.224705368 0.395812243 -0.141473785
v -0.227616876 0.242081717 -0.0974240974
v 0.0819768161 0.223479986 -0.252179325
v 0.0744408891 0.223479986 -0.252179325
v 0.0819768161 0.231015921 -0.252179325
v 0.0819768086 0.223479986 -0.227580979
v 0.0819768161 0.223479986 -0.252179325
v 0.0819768086 0.231015921 -0.227580979
v 0.0819768086 0.231015921 -0.227580979
v 0.0819768161 0.231015921 -0.252179325
v 0.0744408816 0.231015921 -0.227580979
v 0.0744408816 0.231015921 -0.227580979
v 0.0744408891 0.231015921 -0.252179325
v 0.0744408816 0.223479986 -0.227580979
v 0.0744408816 0.223479986 -0.227580979
v 0.0744408891 0.223479986 -0.252179325
v 0.0819768086 0.223479986 -0.227580979
v -0.144200474 0.223479986 -0.252179354
v -0.151736408 0.223479986 -0.252179354
v -0.144200474 0.231015921 -0.252179354
v -0.144200489 0.223479986 -0.227581024
v -0.144200474 0.223479986 -0.252179354
v -0.144200489 0.231015921 -0.227581024
v -0.144200489 0.231015921 -0.227581024
v -0.144200474 0.231015921 -0.252179354
v -0.151736423 0.231015921 -0.227581024
v -0.151736423 0.231015921 -0.227581024
v -0.151736408 0.231015921 -0.252179354
v -0.151736423 0.223479986 -0.227581024
v -0.151736423 0.223479986 -0.227581024
v -0.151736408 0.223479986 -0.252179354
v -0.144200489 0.223479986 -0.227581024
v -0.0973773301 0.223479986 -0.252179325
v -0.104913257 0.223479986 -0.252179354
v -0.0973773301 0.231015921 -0.252179325
v -0.0973773375 0.223479986 -0.227581009
v -0.0973773301 0.223479986 -0.252179325
v -0.0973773375 0.231015921 -0.227581009
v -0.0973773375 0.231015921 -0.227581009
v -0.0973773301 0.231015921 -0.252179325
v -0.104913265 0.231015921 -0.227581009
v -0.104913265 0.231015921 -0.227581009
v -0.104913257 0.231015921 -0.252179354
v -0.104913265 0.223479986 -0.227581009
v -0.104913265 0.223479986 -0.227581009
v -0.104913257 0.223479986 -0.252179354
v -0.0973773375 0.223479986 -0.227581009
v -0.0556621812 0.223479986 -0.252179325
v -0.0631981045 0.223479986 -0.252179325
v -0.0556621812 0.231015921 -0.252179325
v -0.055662185 0.223479986 -0.227581009
v -0.0556621812 0.223479986 -0.252179325
v -0.055662185 0.231015921 -0.227581009
v -0.055662185 0.231015921 -0.227581009
v -0.0556621812 0.231015921 -0.252179325
v -0.063198112 0.231015921 -0.227581009
v -0.063198112 0.231015921 -0.227581009
v -0.0631981045 0.231015921 -0.252179325
v -0.063198112 0.223479986 -0.227581009
v -0.063198112 0.223479986 -0.227581009
v -0.0631981045 0.223479986 -0.252179325
v -0.055662185 0.223479986 -0.227581009
v -0.0117842183 0.223479986 -0.252179325
v -0.0193201527 0.223479986 -0.252179325
v -0.0117842183 0.231015921 -0.252179325
v -0.011784222 0.223479986 -0.227580994
v -0.0117842183 0.223479986 -0.252179325
v -0.011784222 0.231015921 -0.227580994
v -0.011784222 0.231015921 -0.227580994
v -0.0117842183 0.231015921 -0.252179325
v -0.0193201564 0.231015921 -0.227580994
v -0.0193201564 0.231015921 -0.227580994
v -0.0193201527 0.231015921 -0.252179325
v -0.0193201564 0.223479986 -0.227580994
v -0.0193201564 0.223479986 -0.227580994
v -0.0193201527 0.223479986 -0.252179325
v -0.011784222 0.223479986 -0.227580994
v 0.0317914449 0.223479986 -0.252179325
v 0.0242555253 0.223479986 -0.252179325
v 0.0317914449 0.231015921 -0.252179325
v 0.0317914411 0.223479986 -0.227580994
v 0.0317914449 0.223479986 -0.252179325
v 0.0317914411 0.231015921 -0.227580994
v 0.0317914411 0.231015921 -0.227580994
v 0.0317914449 0.231015921 -0.252179325
v 0.0242555216 0.231015921 -0.227580994
v 0.0242555216 0.231015921 -0.227580994
v 0.0242555253 0.231015921 -0.252179325
v 0.0242555216 0.223479986 -0.227580994
v 0.0242555216 0.223479986 -0.227580994
v 0.0242555253 0.223479986 -0.252179325
v 0.0317914411 0.223479986 -0.227580994
v 0.290277004 0.246534079 0.151461929
v 0.290277004 0.246534079 0.143926024
v 0.290277004 0.254069835 0.151461929
v 0.265678883 0.246534079 0.151461914
v 0.290277004 0.246534079 0.151461929
v 0.265678883 0.254069835 0.151461914
v 0.265678883 0.254069835 0.151461914
v 0.290277004 0.254069835 0.151461929
v 0.265678883 0.254069835 0.143926024
v 0.265678883 0.254069835 0.143926024
v 0.290277004 0.254069835 0.143926024
v 0.265678883 0.246534079 0.143926024
v 0.265678883 0.246534079 0.143926024
v 0.290277004 0.246534079 0.143926024
v 0.265678883 0.246534079 0.151461914
v 0.291758358 0.223479986 0.151580513
v 0.291758358 0.223479986 0.144044623
v 0.291758358 0.231015921 0.151580513
v 0.267159969 0.223479986 0.151580513
v 0.291758358 0.223479986 0.151580513
v 0.267159969 0.231015921 0.151580513
v 0.267159969 0.231015921 0.151580513
v 0.291758358 0.231015921 0.151580513
v 0.267159969 0.231015921 0.144044623
v 0.267159969 0.231015921 0.144044623
v 0.291758358 0.231015921 0.144044623
v 0.267159969 0.223479986 0.144044623
v 0.267159969 0.223479986 0.144044623
v 0.291758358 0.223479986 0.144044623
v 0.267159969 0.223479986 0.151580513
v 0.291758358 0.223479986 0.189140812
v 0.291758358 0.223479986 0.181604907
v 0.291758358 0.231015921 0.189140812
v 0.267159969 0.223479986 0.189140812
v 0.291758358 0.223479986 0.189140812
v 0.267159969 0.231015921 0.189140812
v 0.267159969 0.231015921 0.189140812
v 0.291758358 0.231015921 0.189140812
v 0.267159969 0.231015921 0.181604907
v 0.267159969 0.231015921 0.181604907
v 0.291758358 0.231015921 0.181604907
v 0.267159969 0.223479986 0.181604907
v 0.267159969 0.223479986 0.181604907
v 0.291758358 0.223479986 0.181604907
v 0.267159969 0.223479986 0.189140812
v 0.291758358 0.223479986 0.246375516
v 0.291758358 0.223479986 0.238839626
v 0.291758358 0.231015921 0.246375516
v 0.267159969 0.223479986 0.246375501
v 0.291758358 0.223479986 0.246375516
v 0.267159969 0.231015921 0.246375501
v 0.267159969 0.231015921 0.246375501
v 0.291758358 0.231015921 0.246375516
v 0.267159969 0.231015921 0.238839626
v 0.267159969 0.231015921 0.238839626
v 0.291758358 0.231015921 0.238839626
v 0.267159969 0.223479986 0.238839626
v 0.267159969 0.223479986 0.238839626
v 0.291758358 0.223479986 0.238839626
v 0.267159969 0.223479986 0.246375501
v -0.155488715 0.223479986 0.275610775
v -0.147952765 0.223479986 0.275610805
v -0.155488715 0.231015921 0.275610775
v -0.155488715 0.223479986 0.251012594
v -0.155488715 0.223479986 0.275610775
v -0.155488715 0.231015921 0.251012594
v -0.155488715 0.231015921 0.251012594
v -0.155488715 0.231015921 0.275610775
v -0.147952765 0.231015921 0.251012594
v -0.147952765 0.231015921 0.251012594
v -0.147952765 0.231015921 0.275610805
v -0.147952765 0.223479986 0.251012594
v -0.147952765 0.223479986 0.251012594
v -0.147952765 0.223479986 0.275610805
v -0.155488715 0.223479986 0.251012594
v -0.0663749427 0.223479986 0.275610805
v -0.0588389896 0.223479986 0.275610805
v -0.0663749427 0.231015921 0.275610805
v -0.0663749352 0.223479986 0.251012623
v -0.0663749427 0.223479986 0.275610805
v -0.0663749352 0.231015921 0.251012623
v -0.0663749352 0.231015921 0.251012623
v -0.0663749427 0.231015921 0.275610805
v -0.0588389859 0.231015921 0.251012623
v -0.0588389859 0.231015921 0.251012623
v -0.0588389896 0.231015921 0.275610805
v -0.0588389859 0.223479986 0.251012623
v -0.0588389859 0.223479986 0.251012623
v -0.0588389896 0.223479986 0.275610805
v -0.0663749352 0.223479986 0.251012623
v -0.11256095 0.223479986 0.275610805
v -0.105025031 0.223479986 0.275610805
v -0.11256095 0.231015921 0.275610805
v -0.112560943 0.223479986 0.251012623
v -0.11256095 0.223479986 0.275610805
v -0.112560943 0.231015921 0.251012623
v -0.112560943 0.231015921 0.251012623
v -0.11256095 0.231015921 0.275610805
v -0.105025023 0.231015921 0.251012623
v -0.105025023 0.231015921 0.251012623
v -0.105025031 0.231015921 0.275610805
v -0.105025023 0.223479986 0.251012623
v -0.105025023 0.223479986 0.251012623
v -0.105025031 0.223479986 0.275610805
v -0.112560943 0.223479986 0.251012623
v -0.0183155108 0.223479986 0.275610805
v -0.010779581 0.223479986 0.275610805
v -0.0183155108 0.231015921 0.275610805
v -0.0183155071 0.223479986 0.251012623
v -0.0183155108 0.223479986 0.275610805
v -0.0183155071 0.231015921 0.251012623
v -0.0183155071 0.231015921 0.251012623
v -0.0183155108 0.231015921 0.275610805
v -0.0107795773 0.231015921 0.251012623
v -0.0107795773 0.231015921 0.251012623
v -0.010779581 0.231015921 0.275610805
v -0.0107795773 0.223479986 0.251012623
v -0.0107795773 0.223479986 0.251012623
v -0.010779581 0.223479986 0.275610805
v -0.0183155071 0.223479986 0.251012623
v 0.111809179 0.223479986 0.275610834
v 0.119345106 0.223479986 0.275610834
v 0.111809179 0.231015921 0.275610834
v 0.111809187 0.223479986 0.251012653
v 0.111809179 0.223479986 0.275610834
v 0.111809187 0.231015921 0.251012653
v 0.111809187 0.231015921 0.251012653
v 0.111809179 0.231015921 0.275610834
v 0.119345114 0.231015921 0.251012653
v 0.119345114 0.231015921 0.251012653
v 0.119345106 0.231015921 0.275610834
v 0.119345114 0.223479986 0.251012653
v 0.119345114 0.223479986 0.251012653
v 0.119345106 0.223479986 0.275610834
v 0.111809187 0.223479986 0.251012653
v 0.0175637268 0.223479986 0.275610805
v 0.0250996556 0.223479986 0.275610805
v 0.0175637268 0.231015921 0.275610805
v 0.0175637305 0.223479986 0.251012623
v 0.0175637268 0.223479986 0.275610805
v 0.0175637305 0.231015921 0.251012623
v 0.0175637305 0.231015921 0.251012623
v 0.0175637268 0.231015921 0.275610805
v 0.0250996593 0.231015921 0.251012623
v 0.0250996593 0.231015921 0.251012623
v 0.0250996556 0.231015921 0.275610805
v 0.0250996593 0.223479986 0.251012623
v 0.0250996593 0.223479986 0.251012623
v 0.0250996556 0.223479986 0.275610805
v 0.0175637305 0.223479986 0.251012623
v 0.0637497604 0.223479986 0.275610834
v 0.0712856874 0.223479986 0.275610834
v 0.0637497604 0.231015921 0.275610834
v 0.0637497678 0.223479986 0.251012653
v 0.0637497604 0.223479986 0.275610834
v 0.0637497678 0.231015921 0.251012653
v 0.0637497678 0.231015921 0.251012653
v 0.0637497604 0.231015921 0.275610834
v 0.0712856948 0.231015921 0.251012653
v 0.0712856948 0.231015921 0.251012653
v 0.0712856874 0.231015921 0.275610834
v 0.0712856948 0.223479986 0.251012653
v 0.0712856948 0.223479986 0.251012653
v 0.0712856874 0.223479986 0.275610834
v 0.0637497678 0.223479986 0.251012653
v 0.199240401 0.223479986 0.275610834
v 0.20677641 0.223479986 0.275610834
v 0.199240401 0.231015921 0.275610834
v 0.199240401 0.223479986 0.251012653
v 0.199240401 0.223479986 0.275610834
v 0.199240401 0.231015921 0.251012653
v 0.199240401 0.231015921 0.251012653
v 0.199240401 0.231015921 0.275610834
v 0.20677641 0.231015921 0.251012653
v 0.20677641 0.231015921 0.251012653
v 0.20677641 0.231015921 0.275610834
v 0.20677641 0.223479986 0.251012653
v 0.20677641 0.223479986 0.251012653
v 0.20677641 0.223479986 0.275610834
v 0.199240401 0.223479986 0.251012653
v 0.153054357 0.223479986 0.275610834
v 0.160590291 0.223479986 0.275610834
v 0.153054357 0.231015921 0.275610834
v 0.153054357 0.223479986 0.251012653
v 0.153054357 0.223479986 0.275610834
v 0.153054357 0.231015921 0.251012653
v 0.153054357 0.231015921 0.251012653
v 0.153054357 0.231015921 0.275610834
v 0.160590291 0.231015921 0.251012653
v 0.160590291 0.231015921 0.251012653
v 0.160590291 0.231015921 0.275610834
v 0.160590291 0.223479986 0.251012653
v 0.160590291 0.223479986 0.251012653
v 0.160590291 0.223479986 0.275610834
v 0.153054357 0.223479986 0.251012653
v 0.247299835 0.223479986 0.275610864
v 0.254835874 0.223479986 0.275610864
v 0.247299835 0.231015921 0.275610864
v 0.247299835 0.223479986 0.251012683
v 0.247299835 0.223479986 0.275610864
v 0.247299835 0.231015921 0.251012683
v 0.247299835 0.231015921 0.251012683
v 0.247299835 0.231015921 0.275610864
v 0.254835904 0.231015921 0.251012683
v 0.254835904 0.231015921 0.251012683
v 0.254835874 0.231015921 0.275610864
v 0.254835904 0.223479986 0.251012683
v 0.254835904 0.223479986 0.251012683
v 0.254835874 0.223479986 0.275610864
v 0.247299835 0.223479986 0.251012683
v 0.290277004 0.246534079 0.18860957
v 0.290277004 0.246534079 0.181073666
v 0.290277004 0.254069835 0.18860957
v 0.265678883 0.246534079 0.18860957
v 0.290277004 0.246534079 0.18860957
v 0.265678883 0.254069835 0.18860957
v 0.265678883 0.254069835 0.18860957
v 0.290277004 0.254069835 0.18860957
v 0.265678883 0.254069835 0.181073666
v 0.265678883 0.254069835 0.181073666
v 0.290277004 0.254069835 0.181073666
v 0.265678883 0.246534079 0.181073666
v 0.265678883 0.246534079 0.181073666
v 0.290277004 0.246534079 0.181073666
v 0.265678883 0.246534079 0.18860957
v 0.291386992 0.246534079 0.246577099
v 0.291386992 0.246534079 0.239041194
v 0.291386992 0.254069835 0.246577099
v 0.266788632 0.246534079 0.246577099
v 0.291386992 0.246534079 0.246577099
v 0.266788632 0.254069835 0.246577099
v 0.266788632 0.254069835 0.246577099
v 0.291386992 0.254069835 0.246577099
v 0.266788632 0.254069835 0.239041194
v 0.266788632 0.254069835 0.239041194
v 0.291386992 0.254069835 0.239041194
v 0.266788632 0.246534079 0.239041194
v 0.266788632 0.246534079 0.239041194
v 0.291386992 0.246534079 0.239041194
v 0.266788632 0.246534079 0.246577099
v 0.247299835 0.246534079 0.275610864
v 0.254835874 0.246534079 0.275610864
v 0.247299835 0.254069835 0.275610864
v 0.247299835 0.246534079 0.251012683
v 0.247299835 0.246534079 0.275610864
v 0.247299835 0.254069835 0.251012683
v 0.247299835 0.254069835 0.251012683
v 0.247299835 0.254069835 0.275610864
v 0.254835904 0.254069835 0.251012683
v 0.254835904 0.254069835 0.251012683
v 0.254835874 0.254069835 0.275610864
v 0.254835904 0.246534079 0.251012683
v 0.254835904 0.246534079 0.251012683
v 0.254835874 0.246534079 0.275610864
v 0.247299835 0.246534079 0.251012683
v 0.153054357 0.246534079 0.275610834
v 0.160590291 0.246534079 0.275610834
v 0.153054357 0.254069835 0.275610834
v 0.153054357 0.246534079 0.251012653
v 0.153054357 0.246534079 0.275610834
v 0.153054357 0.254069835 0.251012653
v 0.153054357 0.254069835 0.251012653
v 0.153054357 0.254069835 0.275610834
v 0.160590291 0.254069835 0.251012653
v 0.160590291 0.254069835 0.251012653
v 0.160590291 0.254069835 0.275610834
v 0.160590291 0.246534079 0.251012653
v 0.160590291 0.246534079 0.251012653
v 0.160590291 0.246534079 0.275610834
v 0.153054357 0.246534079 0.251012653
v 0.199240401 0.246534079 0.275610834
v 0.20677641 0.246534079 0.275610834
v 0.199240401 0.254069835 0.275610834
v 0.199240401 0.246534079 0.251012653
v 0.199240401 0.246534079 0.275610834
v 0.199240401 0.254069835 0.251012653
v 0.199240401 0.254069835 0.251012653
v 0.199240401 0.254069835 0.275610834
v 0.20677641 0.254069835 0.251012653
v 0.20677641 0.254069835 0.251012653
v 0.20677641 0.254069835 0.275610834
v 0.20677641 0.246534079 0.251012653
v 0.20677641 0.246534079 0.251012653
v 0.20677641 0.246534079 0.275610834
v 0.199240401 0.246534079 0.251012653
v -0.320943713 0.324446112 -0.219515935
v -0.320943713 0.30888176 -0.219515935
v -0.298259974 0.324446112 -0.219515905
v -0.320943713 0.324446112 -0.235080346
v -0.320943713 0.324446112 -0.219515935
v -0.298259974 0.324446112 -0.235080302
v -0.320943713 0.30888176 -0.235080346
v -0.320943713 0.324446112 -0.235080346
v -0.298259974 0.30888176 -0.235080302
v -0.298259974 0.30888176 -0.235080302
v -0.298259974 0.30888176 -0.219515905
v -0.320943713 0.30888176 -0.219515935
v -0.320943713 0.324446112 -0.235080346
v -0.320943713 0.30888176 -0.235080346
v -0.320943713 0.324446112 -0.219515935
v -0.298259974 0.324446112 -0.235080302
v -0.298259974 0.324446112 -0.219515905
v -0.298259974 0.30888176 -0.235080302
v -0.271254957 0.323299289 -0.141314566
v -0.271254957 0.307734936 -0.141314566
v -0.271254957 0.323299289 -0.118630946
v -0.255690575 0.323299289 -0.141314566
v -0.271254957 0.323299289 -0.141314566
v -0.255690575 0.323299289 -0.118630938
v -0.255690575 0.307734936 -0.141314566
v -0.255690575 0.323299289 -0.141314566
v -0.255690575 0.307734936 -0.118630938
v -0.271254957 0.307734936 -0.141314566
v -0.255690575 0.307734936 -0.141314566
v -0.271254957 0.307734936 -0.118630946
v -0.255690575 0.323299289 -0.141314566
v -0.255690575 0.307734936 -0.141314566
v -0.271254957 0.323299289 -0.141314566
v -0.255690575 0.323299289 -0.118630938
v -0.271254957 0.323299289 -0.118630946
v -0.255690575 0.307734936 -0.118630938
v -0.211899221 0.323299289 -0.141314551
v -0.211899221 0.307734936 -0.141314551
v -0.211899236 0.323299289 -0.118630931
v -0.196334779 0.323299289 -0.141314551
v -0.211899221 0.323299289 -0.141314551
v -0.196334824 0.323299289 -0.118630931
v -0.196334779 0.307734936 -0.141314551
v -0.196334779 0.323299289 -0.141314551
v -0.196334824 0.307734936 -0.118630931
v -0.196334824 0.307734936 -0.118630931
v -0.211899236 0.307734936 -0.118630931
v -0.211899221 0.307734936 -0.141314551
v -0.196334779 0.323299289 -0.141314551
v -0.196334779 0.307734936 -0.141314551
v -0.211899221 0.323299289 -0.141314551
v -0.196334824 0.323299289 -0.118630931
v -0.211899236 0.323299289 -0.118630931
v -0.196334824 0.307734936 -0.118630931
v -0.147903383 0.327591151 -0.179072335
v -0.147903383 0.312026799 -0.179072335
v -0.170587003 0.327591151 -0.179072335
v -0.147903383 0.327591151 -0.163507983
v -0.147903383 0.327591151 -0.179072335
v -0.170587003 0.327591151 -0.163507983
v -0.147903383 0.312026799 -0.163507983
v -0.147903383 0.327591151 -0.163507983
v -0.170587003 0.312026799 -0.163507983
v -0.147903383 0.312026799 -0.179072335
v -0.147903383 0.312026799 -0.163507983
v -0.170587003 0.312026799 -0.179072335
v -0.147903383 0.327591151 -0.163507983
v -0.147903383 0.312026799 -0.163507983
v -0.147903383 0.327591151 -0.179072335
v -0.170587003 0.327591151 -0.163507983
v -0.170587003 0.327591151 -0.179072335
v -0.170587003 0.312026799 -0.163507983
v -0.147903338 0.327591151 -0.241875589
v -0.147903338 0.312026799 -0.241875589
v -0.170586959 0.327591151 -0.241875589
v -0.147903353 0.327591151 -0.226311207
v -0.147903338 0.327591151 -0.241875589
v -0.170586973 0.327591151 -0.226311207
v -0.147903353 0.312026799 -0.226311207
v -0.147903353 0.327591151 -0.226311207
v -0.170586973 0.312026799 -0.226311207
v -0.147903338 0.312026799 -0.241875589
v -0.147903353 0.312026799 -0.226311207
v -0.170586959 0.312026799 -0.241875589
v -0.147903353 0.327591151 -0.226311207
v -0.147903353 0.312026799 -0.226311207
v -0.147903338 0.327591151 -0.241875589
v -0.170586973 0.327591151 -0.226311207
v -0.170586959 0.327591151 -0.241875589
v -0.170586973 0.312026799 -0.226311207
v -0.211899161 0.323299289 -0.273352057
v -0.211899161 0.307734936 -0.273352057
v -0.211899161 0.323299289 -0.250668287
v -0.196334735 0.323299289 -0.273352057
v -0.211899161 0.323299289 -0.273352057
v -0.196334764 0.323299289 -0.250668287
v -0.196334735 0.307734936 -0.273352057
v -0.196334735 0.323299289 -0.273352057
v -0.196334764 0.307734936 -0.250668287
v -0.196334764 0.307734936 -0.250668287
v -0.211899161 0.307734936 -0.250668287
v -0.211899161 0.307734936 -0.273352057
v -0.196334735 0.323299289 -0.273352057
v -0.196334735 0.307734936 -0.273352057
v -0.211899161 0.323299289 -0.273352057
v -0.196334764 0.323299289 -0.250668287
v -0.211899161 0.323299289 -0.250668287
v -0.196334764 0.307734936 -0.250668287
v -0.271254957 0.323299289 -0.273352057
v -0.271254957 0.307734936 -0.273352057
v -0.271254957 0.323299289 -0.250668287
v -0.255690575 0.323299289 -0.273352057
v -0.271254957 0.323299289 -0.273352057
v -0.255690575 0.323299289 -0.250668287
v -0.255690575 0.307734936 -0.273352057
v -0.255690575 0.323299289 -0.273352057
v -0.255690575 0.307734936 -0.250668287
v -0.271254957 0.307734936 -0.273352057
v -0.255690575 0.307734936 -0.273352057
v -0.271254957 0.307734936 -0.250668287
v -0.255690575 0.323299289 -0.273352057
v -0.255690575 0.307734936 -0.273352057
v -0.271254957 0.323299289 -0.273352057
v -0.255690575 0.323299289 -0.250668287
v -0.271254957 0.323299289 -0.250668287
v -0.255690575 0.307734936 -0.250668287
v -0.276143491 0.323299289 0.126230076
v -0.276143491 0.307734936 0.126230076
v -0.276143491 0.323299289 0.148913726
v -0.260579139 0.323299289 0.126230076
v -0.276143491 0.323299289 0.126230076
v -0.260579139 0.323299289 0.148913741
v -0.260579139 0.307734936 0.126230076
v -0.260579139 0.323299289 0.126230076
v -0.260579139 0.307734936 0.148913741
v -0.276143491 0.307734936 0.126230076
v -0.260579139 0.307734936 0.126230076
v -0.276143491 0.307734936 0.148913726
v -0.260579139 0.323299289 0.126230076
v -0.260579139 0.307734936 0.126230076
v -0.276143491 0.323299289 0.126230076
v -0.260579139 0.323299289 0.148913741
v -0.276143491 0.323299289 0.148913726
v -0.260579139 0.307734936 0.148913741
v -0.216787815 0.323299289 0.126230091
v -0.216787815 0.307734936 0.126230091
v -0.21678783 0.323299289 0.148913741
v -0.201223433 0.323299289 0.126230091
v -0.216787815 0.323299289 0.126230091
v -0.201223448 0.323299289 0.148913741
v -0.201223433 0.307734936 0.126230091
v -0.201223433 0.323299289 0.126230091
v -0.201223448 0.307734936 0.148913741
v -0.216787815 0.307734936 0.126230091
v -0.201223433 0.307734936 0.126230091
v -0.21678783 0.307734936 0.148913741
v -0.201223433 0.323299289 0.126230091
v -0.201223433 0.307734936 0.126230091
v -0.216787815 0.323299289 0.126230091
v -0.201223448 0.323299289 0.148913741
v -0.21678783 0.323299289 0.148913741
v -0.201223448 0.307734936 0.148913741
v -0.147932306 0.327591151 0.160379887
v -0.147932306 0.312026799 0.160379887
v -0.170615926 0.327591151 0.160379887
v -0.147932306 0.327591151 0.175944269
v -0.147932306 0.327591151 0.160379887
v -0.170615926 0.327591151 0.175944269
v -0.147932306 0.312026799 0.175944269
v -0.147932306 0.327591151 0.175944269
v -0.170615926 0.312026799 0.175944269
v -0.147932306 0.312026799 0.160379887
v -0.147932306 0.312026799 0.175944269
v -0.170615926 0.312026799 0.160379887
v -0.147932306 0.327591151 0.175944269
v -0.147932306 0.312026799 0.175944269
v -0.147932306 0.327591151 0.160379887
v -0.170615926 0.327591151 0.175944269
v -0.170615926 0.327591151 0.160379887
v -0.170615926 0.312026799 0.175944269
v -0.147932321 0.327591151 0.22318317
v -0.147932321 0.312026799 0.22318317
v -0.170615941 0.327591151 0.22318317
v -0.147932336 0.327591151 0.238747537
v -0.147932321 0.327591151 0.22318317
v -0.170615956 0.327591151 0.238747537
v -0.147932336 0.312026799 0.238747537
v -0.147932336 0.327591151 0.238747537
v -0.170615956 0.312026799 0.238747537
v -0.147932321 0.312026799 0.22318317
v -0.147932336 0.312026799 0.238747537
v -0.170615941 0.312026799 0.22318317
v -0.147932336 0.327591151 0.238747537
v -0.147932336 0.312026799 0.238747537
v -0.147932321 0.327591151 0.22318317
v -0.170615956 0.327591151 0.238747537
v -0.170615941 0.327591151 0.22318317
v -0.170615956 0.312026799 0.238747537
v -0.216787905 0.323299289 0.254926324
v -0.216787905 0.307734936 0.254926324
v -0.216787905 0.323299289 0.277610034
v -0.201223493 0.323299289 0.254926324
v -0.216787905 0.323299289 0.254926324
v -0.201223493 0.323299289 0.277610034
v -0.201223493 0.307734936 0.254926324
v -0.201223493 0.323299289 0.254926324
v -0.201223493 0.307734936 0.277610034
v -0.216787905 0.307734936 0.254926324
v -0.201223493 0.307734936 0.254926324
v -0.216787905 0.307734936 0.277610034
v -0.201223493 0.323299289 0.254926324
v -0.201223493 0.307734936 0.254926324
v -0.216787905 0.323299289 0.254926324
v -0.201223493 0.323299289 0.277610034
v -0.216787905 0.323299289 0.277610034
v -0.201223493 0.307734936 0.277610034
v -0.320972711 0.324446112 0.241633773
v -0.320972711 0.30888176 0.241633773
v -0.298289001 0.324446112 0.241633773
v -0.320972711 0.324446112 0.226069331
v -0.320972711 0.324446112 0.241633773
v -0.298289001 0.324446112 0.226069361
v -0.320972711 0.30888176 0.226069331
v -0.320972711 0.324446112 0.226069331
v -0.298289001 0.30888176 0.226069361
v -0.320972711 0.30888176 0.241633773
v -0.320972711 0.30888176 0.226069331
v -0.298289001 0.30888176 0.241633773
v -0.320972711 0.324446112 0.226069331
v -0.320972711 0.30888176 0.226069331
v -0.320972711 0.324446112 0.241633773
v -0.298289001 0.324446112 0.226069361
v -0.298289001 0.324446112 0.241633773
v -0.298289001 0.30888176 0.226069361
v -0.276143759 0.323299289 0.254926294
v -0.276143759 0.307734936 0.254926294
v -0.276143789 0.323299289 0.277610004
v -0.260579139 0.323299289 0.254926294
v -0.276143759 0.323299289 0.254926294
v -0.260579169 0.323299289 0.277610034
v -0.260579139 0.307734936 0.254926294
v -0.260579139 0.323299289 0.254926294
v -0.260579169 0.307734936 0.277610034
v -0.276143759 0.307734936 0.254926294
v -0.260579139 0.307734936 0.254926294
v -0.276143789 0.307734936 0.277610004
v -0.260579139 0.323299289 0.254926294
v -0.260579139 0.307734936 0.254926294
v -0.276143759 0.323299289 0.254926294
v -0.260579169 0.323299289 0.277610034
v -0.276143789 0.323299289 0.277610004
v -0.260579169 0.307734936 0.277610034
v -0.320972711 0.324446112 0.182739511
v -0.320972711 0.30888176 0.182739511
v -0.298289001 0.324446112 0.182739511
v -0.320972711 0.324446112 0.167175129
v -0.320972711 0.324446112 0.182739511
v -0.298289001 0.324446112 0.167175189
v -0.320972711 0.30888176 0.167175129
v -0.320972711 0.324446112 0.167175129
v -0.298289001 0.30888176 0.167175189
v -0.298289001 0.30888176 0.167175189
v -0.298289001 0.30888176 0.182739511
v -0.320972711 0.30888176 0.182739511
v -0.320972711 0.324446112 0.167175129
v -0.320972711 0.30888176 0.167175129
v -0.320972711 0.324446112 0.182739511
v -0.298289001 0.324446112 0.167175189
v -0.298289001 0.324446112 0.182739511
v -0.298289001 0.30888176 0.167175189
v -0.298260212 0.308881521 -0.186480895
v -0.320943713 0.30888176 -0.18648091
v -0.298260212 0.324445873 -0.186480895
v -0.298260212 0.324445873 -0.186480895
v -0.320943713 0.324446112 -0.18648091
v -0.298260212 0.324445873 -0.170916513
v -0.320943713 0.30888176 -0.170916513
v -0.298260212 0.308881521 -0.170916513
v -0.298260212 0.324445873 -0.170916513
v -0.298260212 0.308881521 -0.170916513
v -0.320943713 0.30888176 -0.170916513
v -0.298260212 0.308881521 -0.186480895
v -0.320943713 0.30888176 -0.18648091
v -0.320943713 0.30888176 -0.170916513
v -0.320943713 0.324446112 -0.18648091
v -0.298260212 0.308881521 -0.186480895
v -0.298260212 0.324445873 -0.186480895
v -0.298260212 0.308881521 -0.170916513
v 0.268138379 0.283335209 0.255535215
v 0.268138379 0.205255404 0.255535215
v 0.268138379 0.283335209 0.267623574
v 0.268138379 0.283335209 0.267623574
v 0.268138379 0.205255404 0.267623574
v 0.280226499 0.283335209 0.267623574
v 0.280226499 0.283335209 0.267623574
v 0.280226499 0.205255404 0.267623574
v 0.280226499 0.283335209 0.255535215
v 0.280226499 0.283335209 0.255535215
v 0.280226499 0.205255404 0.255535215
v 0.268138379 0.283335209 0.255535215
v 0.268138379 0.205255404 0.255535215
v 0.280226499 0.205255404 0.255535215
v 0.268138379 0.205255404 0.267623574
v 0.268138379 0.283335209 0.255535215
v 0.268138379 0.283335209 0.267623574
v 0.280226499 0.283335209 0.255535215
v -0.309556186 0.228521794 0.265783519
v -0.309556186 0.228521854 0.13593483
v -0.296288252 0.228521794 0.265783519
v -0.296288252 0.228521794 0.265783519
v -0.29628849 0.228521854 0.13593483
v -0.296288252 0.241789535 0.265783519
v -0.296288252 0.241789535 0.265783519
v -0.29628849 0.241789579 0.13593483
v -0.309556186 0.241789535 0.265783519
v -0.309556186 0.241789535 0.265783519
v -0.309556186 0.241789579 0.13593483
v -0.309556186 0.228521794 0.265783519
v -0.309556186 0.228521854 0.13593483
v -0.309556186 0.241789579 0.13593483
v -0.29628849 0.228521854 0.13593483
v -0.309556186 0.228521794 0.265783519
v -0.296288252 0.228521794 0.265783519
v -0.309556186 0.241789535 0.265783519
v -0.309556186 0.294258475 0.265783519
v -0.309556186 0.294258475 0.13593483
v -0.296288252 0.294258475 0.265783519
v -0.296288252 0.294258475 0.265783519
v -0.29628849 0.294258475 0.13593483
v -0.296288252 0.307526171 0.265783519
v -0.296288252 0.307526171 0.265783519
v -0.29628849 0.307526171 0.13593486
v -0.309556186 0.307526171 0.265783519
v -0.309556186 0.307526171 0.265783519
v -0.309556186 0.307526171 0.13593483
v -0.309556186 0.294258475 0.265783519
v -0.309556186 0.294258475 0.13593483
v -0.309556186 0.307526171 0.13593483
v -0.29628849 0.294258475 0.13593483
v -0.309556186 0.294258475 0.265783519
v -0.296288252 0.294258475 0.265783519
v -0.309556186 0.307526171 0.265783519
v -0.308305711 0.294258475 0.25396207
v -0.162987351 0.294258475 0.253962129
v -0.308305472 0.294258475 0.267229795
v -0.308305472 0.294258475 0.267229795
v -0.162987351 0.294258475 0.267229795
v -0.308305472 0.307526171 0.267229795
v -0.162987351 0.307526171 0.253962129
v -0.308305711 0.307526171 0.25396207
v -0.308305472 0.307526171 0.267229795
v -0.308305711 0.307526171 0.25396207
v -0.162987351 0.307526171 0.253962129
v -0.308305711 0.294258475 0.25396207
v -0.162987351 0.294258475 0.253962129
v -0.162987351 0.307526171 0.253962129
v -0.162987351 0.294258475 0.267229795
v -0.308305711 0.294258475 0.25396207
v -0.308305472 0.294258475 0.267229795
v -0.308305711 0.307526171 0.25396207
v -0.308305711 0.164366886 0.25396207
v -0.162987351 0.164366886 0.253962129
v -0.308305472 0.164366871 0.267229795
v -0.308305472 0.164366871 0.267229795
v -0.162987351 0.164366871 0.267229795
v -0.308305472 0.177634656 0.267229795
v -0.162987351 0.177634686 0.253962129
v -0.308305711 0.177634686 0.25396207
v -0.308305472 0.177634656 0.267229795
v -0.308305711 0.177634686 0.25396207
v -0.162987351 0.177634686 0.253962129
v -0.308305711 0.164366886 0.25396207
v -0.162987351 0.177634656 0.267229795
v -0.162987351 0.164366871 0.267229795
v -0.162987351 0.164366886 0.253962129
v -0.308305472 0.177634656 0.267229795
v -0.308305711 0.177634686 0.25396207
v -0.308305711 0.164366886 0.25396207
v -0.308305711 0.228521794 0.25396207
v -0.162987351 0.228521794 0.253962129
v -0.308305472 0.228521794 0.267229795
v -0.308305472 0.228521794 0.267229795
v -0.162987351 0.228521794 0.267229795
v -0.308305472 0.241789535 0.267229795
v -0.162987351 0.241789535 0.253962129
v -0.308305711 0.241789535 0.25396207
v -0.308305472 0.241789535 0.267229795
v -0.308305711 0.241789535 0.25396207
v -0.162987351 0.241789535 0.253962129
v -0.308305711 0.228521794 0.25396207
v -0.162987351 0.228521794 0.253962129
v -0.162987351 0.241789535 0.253962129
v -0.162987351 0.228521794 0.267229795
v -0.308305711 0.228521794 0.25396207
v -0.308305472 0.228521794 0.267229795
v -0.308305711 0.241789535 0.25396207
v -0.309556186 0.164366886 0.265783519
v -0.309556186 0.164366886 0.13593483
v -0.296288252 0.164366886 0.265783519
v -0.296288252 0.164366886 0.265783519
v -0.29628849 0.164366886 0.13593483
v -0.296288252 0.177634656 0.265783519
v -0.296288252 0.177634656 0.265783519
v -0.29628849 0.177634686 0.13593483
v -0.309556186 0.177634656 0.265783519
v -0.309556186 0.177634656 0.265783519
v -0.309556186 0.177634686 0.13593483
v -0.309556186 0.164366886 0.265783519
v -0.309556186 0.164366886 0.13593483
v -0.309556186 0.177634686 0.13593483
v -0.29628849 0.164366886 0.13593483
v -0.309556186 0.164366886 0.265783519
v -0.296288252 0.164366886 0.265783519
v -0.309556186 0.177634656 0.265783519
v -0.174520716 0.36197409 0.137521058
v -0.174520716 0.164844662 0.137521103
v -0.174520716 0.36197409 0.150788859
v -0.174520716 0.36197409 0.150788859
v -0.174520716 0.164844662 0.150788873
v -0.161252946 0.36197409 0.150788859
v -0.161252946 0.36197409 0.150788859
v -0.161252946 0.164844662 0.150788873
v -0.161252946 0.36197409 0.137521058
v -0.161252946 0.36197409 0.137521058
v -0.161252946 0.164844662 0.137521103
v -0.174520716 0.36197409 0.137521058
v -0.174520716 0.164844662 0.137521103
v -0.161252946 0.164844662 0.137521103
v -0.174520716 0.164844662 0.150788873
v -0.174520716 0.36197409 0.137521058
v -0.174520716 0.36197409 0.150788859
v -0.161252946 0.36197409 0.137521058
v -0.174520746 0.36197409 0.251650542
v -0.174520746 0.164844751 0.251650572
v -0.174520746 0.36197409 0.264918417
v -0.174520746 0.36197409 0.264918417
v -0.174520731 0.164844751 0.264918417
v -0.161252931 0.36197409 0.264918417
v -0.161252931 0.36197409 0.264918417
v -0.161252931 0.164844751 0.264918417
v -0.161252961 0.36197409 0.251650542
v -0.161252961 0.36197409 0.251650542
v -0.161252931 0.164844751 0.251650572
v -0.174520746 0.36197409 0.251650542
v -0.174520746 0.164844751 0.251650572
v -0.161252931 0.164844751 0.251650572
v -0.174520731 0.164844751 0.264918417
v -0.174520746 0.36197409 0.251650542
v -0.174520746 0.36197409 0.264918417
v -0.161252961 0.36197409 0.251650542
v -0.30786252 0.36197409 0.251650542
v -0.30786252 0.164844662 0.251650542
v -0.30786252 0.36197409 0.264918119
v -0.30786252 0.36197409 0.264918119
v -0.30786252 0.164844662 0.264918119
v -0.294594824 0.36197409 0.264918119
v -0.294594824 0.36197409 0.264918119
v -0.294594824 0.164844662 0.264918119
v -0.294594824 0.36197409 0.251650542
v -0.294594824 0.36197409 0.251650542
v -0.294594824 0.164844662 0.251650542
v -0.30786252 0.36197409 0.251650542
v -0.30786252 0.164844662 0.251650542
v -0.294594824 0.164844662 0.251650542
v -0.30786252 0.164844662 0.264918119
v -0.30786252 0.36197409 0.251650542
v -0.30786252 0.36197409 0.264918119
v -0.294594824 0.36197409 0.251650542
v -0.30786252 0.36197409 0.137521088
v -0.30786252 0.164844662 0.137521058
v -0.30786252 0.36197409 0.150788859
v -0.30786252 0.36197409 0.150788859
v -0.30786252 0.164844662 0.150788873
v -0.294594824 0.36197409 0.150788859
v -0.294594824 0.36197409 0.150788859
v -0.294594824 0.164844662 0.150788873
v -0.294594824 0.36197409 0.137521088
v -0.294594824 0.36197409 0.137521088
v -0.294594824 0.164844662 0.137521058
v -0.30786252 0.36197409 0.137521088
v -0.30786252 0.164844662 0.137521058
v -0.294594824 0.164844662 0.137521058
v -0.30786252 0.164844662 0.150788873
v -0.30786252 0.36197409 0.137521088
v -0.30786252 0.36197409 0.150788859
v -0.294594824 0.36197409 0.137521088
v -0.174510509 0.164366886 0.26578328
v -0.174510434 0.164366886 0.13593483
v -0.161242723 0.164366886 0.26578328
v -0.161242723 0.164366886 0.26578328
v -0.161242649 0.164366886 0.13593483
v -0.161242723 0.177634656 0.26578328
v -0.161242723 0.177634656 0.26578328
v -0.161242649 0.177634686 0.13593483
v -0.174510509 0.177634656 0.26578328
v -0.174510509 0.177634656 0.26578328
v -0.174510434 0.177634686 0.13593483
v -0.174510509 0.164366886 0.26578328
v -0.174510434 0.164366886 0.13593483
v -0.174510434 0.177634686 0.13593483
v -0.161242649 0.164366886 0.13593483
v -0.174510509 0.164366886 0.26578328
v -0.161242723 0.164366886 0.26578328
v -0.174510509 0.177634656 0.26578328
v -0.1751903 0.294213504 -0.131565973
v -0.175190225 0.294213504 -0.261414558
v -0.161922485 0.294213504 -0.131565973
v -0.161922485 0.294213504 -0.131565973
v -0.16192244 0.294213504 -0.261414528
v -0.161922485 0.3074812 -0.131565973
v -0.161922485 0.3074812 -0.131565973
v -0.16192244 0.3074812 -0.261414528
v -0.1751903 0.3074812 -0.131565973
v -0.1751903 0.3074812 -0.131565973
v -0.175190225 0.3074812 -0.261414558
v -0.1751903 0.294213504 -0.131565973
v -0.175190225 0.294213504 -0.261414558
v -0.175190225 0.3074812 -0.261414558
v -0.16192244 0.294213504 -0.261414528
v -0.1751903 0.294213504 -0.131565973
v -0.161922485 0.294213504 -0.131565973
v -0.1751903 0.3074812 -0.131565973
v -0.309556127 0.294213504 -0.131566018
v -0.309556127 0.294213504 -0.261414558
v -0.296288431 0.294213504 -0.131566018
v -0.296288431 0.294213504 -0.131566018
v -0.296288431 0.294213504 -0.261414558
v -0.296288431 0.3074812 -0.131566003
v -0.296288431 0.3074812 -0.131566003
v -0.296288431 0.3074812 -0.261414558
v -0.309556127 0.3074812 -0.131566018
v -0.309556127 0.3074812 -0.131566018
v -0.309556127 0.3074812 -0.261414558
v -0.309556127 0.294213504 -0.131566018
v -0.309556127 0.294213504 -0.261414558
v -0.309556127 0.3074812 -0.261414558
v -0.296288431 0.294213504 -0.261414558
v -0.309556127 0.294213504 -0.131566018
v -0.296288431 0.294213504 -0.131566018
v -0.309556127 0.3074812 -0.131566018
v -0.308305651 0.294213265 -0.262921542
v -0.162987307 0.294213265 -0.262921512
v -0.308305651 0.294213265 -0.249653831
v -0.308305651 0.294213265 -0.249653831
v -0.162987307 0.294213265 -0.249653772
v -0.308305651 0.3074812 -0.249653831
v -0.308305651 0.3074812 -0.249653831
v -0.162987307 0.3074812 -0.249653772
v -0.308305651 0.3074812 -0.262921542
v -0.308305651 0.3074812 -0.262921542
v -0.162987307 0.3074812 -0.262921512
v -0.308305651 0.294213265 -0.262921542
v -0.162987307 0.294213265 -0.262921512
v -0.162987307 0.3074812 -0.262921512
v -0.162987307 0.294213265 -0.249653772
v -0.308305651 0.294213265 -0.262921542
v -0.308305651 0.294213265 -0.249653831
v -0.308305651 0.3074812 -0.262921542
v -0.308305651 0.228521854 -0.262921542
v -0.162987307 0.228521854 -0.262921512
v -0.308305651 0.228521854 -0.249653831
v -0.308305651 0.228521854 -0.249653831
v -0.162987307 0.228521854 -0.249653772
v -0.308305651 0.241789624 -0.249653831
v -0.308305651 0.241789624 -0.249653831
v -0.162987307 0.241789624 -0.249653772
v -0.308305651 0.241789624 -0.262921542
v -0.308305651 0.241789624 -0.262921542
v -0.162987307 0.241789624 -0.262921512
v -0.308305651 0.228521854 -0.262921542
v -0.162987307 0.228521854 -0.262921512
v -0.162987307 0.241789624 -0.262921512
v -0.162987307 0.228521854 -0.249653772
v -0.308305651 0.228521854 -0.262921542
v -0.308305651 0.228521854 -0.249653831
v -0.308305651 0.241789624 -0.262921542
v -0.309556127 0.228521854 -0.131566018
v -0.309556127 0.228521854 -0.261414558
v -0.296288431 0.228521854 -0.131566018
v -0.296288431 0.228521854 -0.131566018
v -0.296288431 0.228521854 -0.261414558
v -0.296288431 0.241789624 -0.131566018
v -0.296288431 0.241789624 -0.131566018
v -0.296288431 0.241789624 -0.261414558
v -0.309556127 0.241789624 -0.131566018
v -0.309556127 0.241789624 -0.131566018
v -0.309556127 0.241789624 -0.261414558
v -0.309556127 0.228521854 -0.131566018
v -0.309556127 0.228521854 -0.261414558
v -0.309556127 0.241789624 -0.261414558
v -0.296288431 0.228521854 -0.261414558
v -0.309556127 0.228521854 -0.131566018
v -0.296288431 0.228521854 -0.131566018
v -0.309556127 0.241789624 -0.131566018
v -0.175416648 0.164366916 -0.131565973
v -0.175416574 0.164366916 -0.261414558
v -0.162148848 0.164366916 -0.131565973
v -0.162148848 0.164366916 -0.131565973
v -0.162148803 0.164366946 -0.261414528
v -0.162148848 0.177634731 -0.131565973
v -0.162148848 0.177634731 -0.131565973
v -0.162148803 0.177634731 -0.261414528
v -0.175416648 0.177634731 -0.131565973
v -0.175416648 0.177634731 -0.131565973
v -0.175416574 0.177634731 -0.261414558
v -0.175416648 0.164366916 -0.131565973
v -0.175416574 0.164366916 -0.261414558
v -0.175416574 0.177634731 -0.261414558
v -0.162148803 0.164366946 -0.261414528
v -0.175416648 0.164366916 -0.131565973
v -0.162148848 0.164366916 -0.131565973
v -0.175416648 0.177634731 -0.131565973
v -0.309556127 0.164366886 -0.131566018
v -0.309556127 0.164366886 -0.261414558
v -0.296288431 0.164366886 -0.131566018
v -0.296288431 0.164366886 -0.131566018
v -0.296288431 0.164366916 -0.261414558
v -0.296288431 0.177634731 -0.131566018
v -0.296288431 0.177634731 -0.131566018
v -0.296288431 0.177634731 -0.261414558
v -0.309556127 0.177634716 -0.131566018
v -0.309556127 0.177634716 -0.131566018
v -0.309556127 0.177634731 -0.261414558
v -0.309556127 0.164366886 -0.131566018
v -0.309556127 0.164366886 -0.261414558
v -0.309556127 0.177634731 -0.261414558
v -0.296288431 0.164366916 -0.261414558
v -0.309556127 0.164366886 -0.131566018
v -0.296288431 0.164366886 -0.131566018
v -0.309556127 0.177634716 -0.131566018
v -0.308305651 0.164366886 -0.262921542
v -0.162987307 0.164366886 -0.262921512
v -0.308305651 0.164366886 -0.249653831
v -0.308305651 0.164366886 -0.249653831
v -0.162987307 0.164366886 -0.249653772
v -0.308305651 0.177634731 -0.249653831
v -0.308305651 0.177634731 -0.249653831
v -0.162987307 0.177634731 -0.249653772
v -0.308305651 0.177634731 -0.262921542
v -0.308305651 0.177634731 -0.262921542
v -0.162987307 0.177634731 -0.262921512
v -0.308305651 0.164366886 -0.262921542
v -0.162987307 0.164366886 -0.262921512
v -0.162987307 0.177634731 -0.262921512
v -0.162987307 0.164366886 -0.249653772
v -0.308305651 0.164366886 -0.262921542
v -0.308305651 0.164366886 -0.249653831
v -0.308305651 0.177634731 -0.262921542
v -0.176195443 0.36197409 -0.259819925
v -0.176195443 0.164844751 -0.259819925
v -0.176195443 0.36197409 -0.246552229
v -0.176195443 0.36197409 -0.246552229
v -0.176195443 0.164844751 -0.246552229
v -0.162927642 0.36197409 -0.246552229
v -0.162927642 0.36197409 -0.246552229
v -0.162927642 0.164844751 -0.246552229
v -0.162927642 0.36197409 -0.259819925
v -0.162927642 0.36197409 -0.259819925
v -0.162927642 0.164844751 -0.259819925
v -0.176195443 0.36197409 -0.259819925
v -0.176195443 0.164844751 -0.259819925
v -0.162927642 0.164844751 -0.259819925
v -0.176195443 0.164844751 -0.246552229
v -0.176195443 0.36197409 -0.259819925
v -0.176195443 0.36197409 -0.246552229
v -0.162927642 0.36197409 -0.259819925
v -0.176195472 0.36197409 -0.144589931
v -0.176195472 0.164844751 -0.144589931
v -0.176195487 0.36197409 -0.131322145
v -0.176195487 0.36197409 -0.131322145
v -0.176195487 0.164844751 -0.131322145
v -0.162927702 0.36197409 -0.131322145
v -0.162927702 0.36197409 -0.131322145
v -0.162927702 0.164844751 -0.131322145
v -0.162927687 0.36197409 -0.144589931
v -0.162927687 0.36197409 -0.144589931
v -0.162927687 0.164844751 -0.144589931
v -0.176195472 0.36197409 -0.144589931
v -0.176195472 0.164844751 -0.144589931
v -0.162927687 0.164844751 -0.144589931
v -0.176195487 0.164844751 -0.131322145
v -0.176195472 0.36197409 -0.144589931
v -0.176195487 0.36197409 -0.131322145
v -0.162927687 0.36197409 -0.144589931
v -0.307862461 0.36197409 -0.144589946
v -0.307862461 0.164844751 -0.144589946
v -0.307862461 0.36197409 -0.131322175
v -0.307862461 0.36197409 -0.131322175
v -0.307862461 0.164844751 -0.131322175
v -0.294594765 0.36197409 -0.13132216
v -0.294594765 0.36197409 -0.13132216
v -0.294594765 0.164844751 -0.13132216
v -0.294594765 0.36197409 -0.144589946
v -0.294594765 0.36197409 -0.144589946
v -0.294594765 0.164844751 -0.144589946
v -0.307862461 0.36197409 -0.144589946
v -0.307862461 0.164844751 -0.144589946
v -0.294594765 0.164844751 -0.144589946
v -0.307862461 0.164844751 -0.131322175
v -0.307862461 0.36197409 -0.144589946
v -0.307862461 0.36197409 -0.131322175
v -0.294594765 0.36197409 -0.144589946
v -0.307862461 0.36197409 -0.262444794
v -0.307862461 0.164844751 -0.262444794
v -0.307862461 0.36197409 -0.249177039
v -0.307862461 0.36197409 -0.249177039
v -0.307862461 0.164844751 -0.249177039
v -0.294594765 0.36197409 -0.249177039
v -0.294594765 0.36197409 -0.249177039
v -0.294594765 0.164844751 -0.249177039
v -0.294594765 0.36197409 -0.262444794
v -0.294594765 0.36197409 -0.262444794
v -0.294594765 0.164844751 -0.262444794
v -0.307862461 0.36197409 -0.262444794
v -0.307862461 0.164844751 -0.262444794
v -0.294594765 0.164844751 -0.262444794
v -0.307862461 0.164844751 -0.249177039
v -0.307862461 0.36197409 -0.262444794
v -0.307862461 0.36197409 -0.249177039
v -0.294594765 0.36197409 -0.262444794
v -0.169510618 0.223887146 -0.0982446596
v -0.299835026 0.223887146 -0.098244682
v -0.169510618 0.23510699 -0.0982446596
v -0.169510618 0.23510699 -0.0982446596
v -0.299835026 0.23510699 -0.098244682
v -0.169510618 0.23510699 -0.0870248228
v -0.169510618 0.23510699 -0.0870248228
v -0.299835056 0.23510699 -0.0870248377
v -0.169510618 0.223887146 -0.0870248228
v -0.169510618 0.223887146 -0.0870248228
v -0.299835056 0.223887146 -0.0870248377
v -0.169510618 0.223887146 -0.0982446596
v -0.299835026 0.223887146 -0.098244682
v -0.299835056 0.223887146 -0.0870248377
v -0.299835026 0.23510699 -0.098244682
v -0.169510618 0.223887146 -0.0982446596
v -0.169510618 0.23510699 -0.0982446596
v -0.169510618 0.223887146 -0.0870248228
v -0.169510633 0.223887146 -0.00439721951
v -0.299835056 0.223887146 -0.00439724093
v -0.169510633 0.23510699 -0.00439721951
v -0.169510633 0.23510699 -0.00439721951
v -0.299835056 0.23510699 -0.00439724093
v -0.169510633 0.23510699 0.00682263309
v -0.169510633 0.23510699 0.00682263309
v -0.299835056 0.23510699 0.00682260934
v -0.169510633 0.223887146 0.00682263309
v -0.169510633 0.223887146 0.00682263309
v -0.299835056 0.223887146 0.00682260934
v -0.169510633 0.223887146 -0.00439721951
v -0.299835056 0.223887146 -0.00439724093
v -0.299835056 0.223887146 0.00682260934
v -0.299835056 0.23510699 -0.00439724093
v -0.169510633 0.223887146 -0.00439721951
v -0.169510633 0.23510699 -0.00439721951
v -0.169510633 0.223887146 0.00682263309
v -0.169510648 0.223887146 0.0837967545
v -0.299835056 0.223887146 0.0837967396
v -0.169510648 0.23510699 0.0837967545
v -0.169510648 0.23510699 0.0837967545
v -0.299835056 0.23510699 0.0837967396
v -0.169510648 0.23510699 0.0950166211
v -0.169510648 0.23510699 0.0950166211
v -0.299835086 0.23510699 0.0950165987
v -0.169510648 0.223887146 0.0950166211
v -0.169510648 0.223887146 0.0950166211
v -0.299835086 0.223887146 0.0950165987
v -0.169510648 0.223887146 0.0837967545
v -0.299835056 0.223887146 0.0837967396
v -0.299835086 0.223887146 0.0950165987
v -0.299835056 0.23510699 0.0837967396
v -0.169510648 0.223887146 0.0837967545
v -0.169510648 0.23510699 0.0837967545
v -0.169510648 0.223887146 0.0950166211
v -0.169510648 0.223887146 0.112064064
v -0.299835086 0.223887146 0.112064041
v -0.169510648 0.23510699 0.112064064
v -0.169510648 0.23510699 0.112064064
v -0.299835086 0.23510699 0.112064041
v -0.169510648 0.23510699 0.12328393
v -0.169510648 0.23510699 0.12328393
v -0.299835086 0.23510699 0.123283908
v -0.169510648 0.223887146 0.12328393
v -0.169510648 0.223887146 0.12328393
v -0.299835086 0.223887146 0.123283908
v -0.169510648 0.223887146 0.112064064
v -0.299835086 0.223887146 0.112064041
v -0.299835086 0.223887146 0.123283908
v -0.299835086 0.23510699 0.112064041
v -0.169510648 0.223887146 0.112064064
v -0.169510648 0.23510699 0.112064064
v -0.169510648 0.223887146 0.12328393
v -0.169510618 0.223887146 -0.125381276
v -0.299835026 0.223887146 -0.125381306
v -0.169510618 0.23510699 -0.125381276
v -0.169510618 0.23510699 -0.125381276
v -0.299835026 0.23510699 -0.125381306
v -0.169510618 0.23510699 -0.114161417
v -0.169510618 0.23510699 -0.114161417
v -0.299835026 0.23510699 -0.114161439
v -0.169510618 0.223887146 -0.114161417
v -0.169510618 0.223887146 -0.114161417
v -0.299835026 0.223887146 -0.114161439
v -0.169510618 0.223887146 -0.125381276
v -0.299835026 0.223887146 -0.125381306
v -0.299835026 0.223887146 -0.114161439
v -0.299835026 0.23510699 -0.125381306
v -0.169510618 0.223887146 -0.125381276
v -0.169510618 0.23510699 -0.125381276
v -0.169510618 0.223887146 -0.114161417
v -0.169510618 0.223887146 -0.0678214058
v -0.299835056 0.223887146 -0.0678214282
v -0.169510618 0.23510699 -0.0678214058
v -0.169510618 0.23510699 -0.0678214058
v -0.299835056 0.23510699 -0.0678214282
v -0.169510618 0.23510699 -0.0566015393
v -0.169510618 0.23510699 -0.0566015393
v -0.299835056 0.23510699 -0.0566015579
v -0.169510618 0.223887146 -0.0566015393
v -0.169510618 0.223887146 -0.0566015393
v -0.299835056 0.223887146 -0.0566015579
v -0.169510618 0.223887146 -0.0678214058
v -0.299835056 0.223887146 -0.0678214282
v -0.299835056 0.223887146 -0.0566015579
v -0.299835056 0.23510699 -0.0678214282
v -0.169510618 0.223887146 -0.0678214058
v -0.169510618 0.23510699 -0.0678214058
v -0.169510618 0.223887146 -0.0566015393
v -0.169510633 0.223887146 -0.0360277183
v -0.299835056 0.223887146 -0.0360277407
v -0.169510633 0.23510699 -0.0360277183
v -0.169510633 0.23510699 -0.0360277183
v -0.299835056 0.23510699 -0.0360277407
v -0.169510633 0.23510699 -0.0248078555
v -0.169510633 0.23510699 -0.0248078555
v -0.299835056 0.23510699 -0.0248078778
v -0.169510633 0.223887146 -0.0248078555
v -0.169510633 0.223887146 -0.0248078555
v -0.299835056 0.223887146 -0.0248078778
v -0.169510633 0.223887146 -0.0360277183
v -0.299835056 0.223887146 -0.0360277407
v -0.299835056 0.223887146 -0.0248078778
v -0.299835056 0.23510699 -0.0360277407
v -0.169510633 0.223887146 -0.0360277183
v -0.169510633 0.23510699 -0.0360277183
v -0.169510633 0.223887146 -0.0248078555
v -0.169510648 0.223887146 0.0534854122
v -0.299835056 0.223887146 0.0534853898
v -0.169510648 0.23510699 0.0534854122
v -0.169510648 0.23510699 0.0534854122
v -0.299835056 0.23510699 0.0534853898
v -0.169510648 0.23510699 0.064705275
v -0.169510648 0.23510699 0.064705275
v -0.299835056 0.23510699 0.0647052526
v -0.169510648 0.223887146 0.064705275
v -0.169510648 0.223887146 0.064705275
v -0.299835056 0.223887146 0.0647052526
v -0.169510648 0.223887146 0.0534854122
v -0.299835056 0.223887146 0.0534853898
v -0.299835056 0.223887146 0.0647052526
v -0.299835056 0.23510699 0.0534853898
v -0.169510648 0.223887146 0.0534854122
v -0.169510648 0.23510699 0.0534854122
v -0.169510648 0.223887146 0.064705275
v -0.169510633 0.223887146 0.0216917377
v -0.299835056 0.223887146 0.0216917172
v -0.169510633 0.23510699 0.0216917377
v -0.169510633 0.23510699 0.0216917377
v -0.299835056 0.23510699 0.0216917172
v -0.169510633 0.23510699 0.0329115912
v -0.169510633 0.23510699 0.0329115912
v -0.299835056 0.23510699 0.0329115689
v -0.169510633 0.223887146 0.0329115912
v -0.169510633 0.223887146 0.0329115912
v -0.299835056 0.223887146 0.0329115689
v -0.169510633 0.223887146 0.0216917377
v -0.299835056 0.223887146 0.0216917172
v -0.299835056 0.223887146 0.0329115689
v -0.299835056 0.23510699 0.0216917172
v -0.169510633 0.223887146 0.0216917377
v -0.169510633 0.23510699 0.0216917377
v -0.169510633 0.223887146 0.0329115912
v -0.217344224 0.153098717 0.0829862058
v -0.217344224 0.283423096 0.0829862058
v -0.206124425 0.153098717 0.0829862058
v -0.206124425 0.153098717 0.0829862058
v -0.206124425 0.283423096 0.0829862058
v -0.206124425 0.153098717 0.09420605
v -0.206124425 0.153098717 0.09420605
v -0.206124425 0.283423096 0.09420605
v -0.217344224 0.153098717 0.09420605
v -0.217344224 0.153098717 0.09420605
v -0.217344224 0.283423096 0.09420605
v -0.217344224 0.153098717 0.0829862058
v -0.217344224 0.283423096 0.0829862058
v -0.217344224 0.283423096 0.09420605
v -0.206124425 0.283423096 0.0829862058
v -0.21734421 0.153098717 -0.00513115525
v -0.21734421 0.283423096 -0.00513115525
v -0.20612441 0.153098717 -0.00513115339
v -0.20612441 0.153098717 -0.00513115339
v -0.20612441 0.283423096 -0.00513115339
v -0.20612441 0.153098717 0.00608869409
v -0.20612441 0.153098717 0.00608869409
v -0.20612441 0.283423096 0.00608869409
v -0.21734421 0.153098717 0.00608869223
v -0.21734421 0.153098717 0.00608869223
v -0.21734421 0.283423096 0.00608869223
v -0.21734421 0.153098717 -0.00513115525
v -0.21734421 0.283423096 -0.00513115525
v -0.21734421 0.283423096 0.00608869223
v -0.20612441 0.283423096 -0.00513115339
v -0.217344195 0.153098717 -0.0974003971
v -0.217344195 0.283423096 -0.0974003971
v -0.206124395 0.153098717 -0.0974003971
v -0.206124395 0.153098717 -0.0974003971
v -0.206124395 0.283423096 -0.0974003971
v -0.206124395 0.153098717 -0.0861805305
v -0.206124395 0.153098717 -0.0861805305
v -0.206124395 0.283423096 -0.0861805305
v -0.217344195 0.153098717 -0.0861805305
v -0.217344195 0.153098717 -0.0861805305
v -0.217344195 0.283423096 -0.0861805305
v -0.217344195 0.153098717 -0.0974003971
v -0.217344195 0.283423096 -0.0974003971
v -0.217344195 0.283423096 -0.0861805305
v -0.206124395 0.283423096 -0.0974003971
v -0.268360108 0.153098717 -0.0974004045
v -0.268360108 0.283423096 -0.0974004045
v -0.257140428 0.153098717 -0.0974004045
v -0.257140428 0.153098717 -0.0974004045
v -0.257140428 0.283423096 -0.0974004045
v -0.257140458 0.153098717 -0.0861805379
v -0.257140458 0.153098717 -0.0861805379
v -0.257140458 0.283423096 -0.0861805379
v -0.268360138 0.153098717 -0.0861805379
v -0.268360138 0.153098717 -0.0861805379
v -0.268360138 0.283423096 -0.0861805379
v -0.268360108 0.153098717 -0.0974004045
v -0.268360108 0.283423096 -0.0974004045
v -0.268360138 0.283423096 -0.0861805379
v -0.257140428 0.283423096 -0.0974004045
v -0.268360138 0.153098717 -0.00513116363
v -0.268360138 0.283423096 -0.00513116363
v -0.257140458 0.153098717 -0.00513116177
v -0.257140458 0.153098717 -0.00513116177
v -0.257140458 0.283423096 -0.00513116177
v -0.257140458 0.153098717 0.00608868618
v -0.257140458 0.153098717 0.00608868618
v -0.257140458 0.283423096 0.00608868618
v -0.268360138 0.153098717 0.00608868431
v -0.268360138 0.153098717 0.00608868431
v -0.268360138 0.283423096 0.00608868431
v -0.268360138 0.153098717 -0.00513116363
v -0.268360138 0.283423096 -0.00513116363
v -0.268360138 0.283423096 0.00608868431
v -0.257140458 0.283423096 -0.00513116177
v -0.268360138 0.153098717 0.0829861984
v -0.268360138 0.283423096 0.0829861984
v -0.257140458 0.153098717 0.0829861984
v -0.257140458 0.153098717 0.0829861984
v -0.257140458 0.283423096 0.0829861984
v -0.257140487 0.153098717 0.0942060426
v -0.257140487 0.153098717 0.0942060426
v -0.257140487 0.283423096 0.0942060426
v -0.268360168 0.153098717 0.0942060351
v -0.268360168 0.153098717 0.0942060351
v -0.268360168 0.283423096 0.0942060351
v -0.268360138 0.153098717 0.0829861984
v -0.268360138 0.283423096 0.0829861984
v -0.268360168 0.283423096 0.0942060351
v -0.257140458 0.283423096 0.0829861984
v -0.175993279 0.261040598 -0.0025552609
v -0.216639578 0.261040598 -0.00255526765
v -0.175993279 0.268576533 -0.0025552609
v -0.175993279 0.268576533 -0.0025552609
v -0.216639578 0.268576533 -0.00255527021
v -0.175993279 0.268576533 0.00498067215
v -0.175993279 0.268576533 0.00498067215
v -0.216639578 0.268576533 0.00498066563
v -0.175993279 0.261040598 0.00498067215
v -0.175993279 0.261040598 0.00498067215
v -0.216639578 0.261040598 0.00498066563
v -0.175993279 0.261040598 -0.0025552609
v -0.297932357 0.261040598 -0.00255528348
v -0.297932357 0.261040598 0.00498065259
v -0.297932357 0.268576533 -0.00255528348
v -0.175993279 0.261040598 -0.0025552609
v -0.175993279 0.268576533 -0.0025552609
v -0.175993279 0.261040598 0.00498067215
v -0.257285982 0.261040598 -0.00255527697
v -0.297932357 0.261040598 -0.00255528348
v -0.257285982 0.268576533 -0.00255527697
v -0.257285982 0.268576533 -0.00255527697
v -0.297932357 0.268576533 -0.00255528348
v -0.257285982 0.268576533 0.00498065911
v -0.257285982 0.268576533 0.00498065911
v -0.297932357 0.268576533 0.00498065259
v -0.257285982 0.261040598 0.00498065911
v -0.257285982 0.261040598 0.00498065911
v -0.297932357 0.261040598 0.00498065259
v -0.257285982 0.261040598 -0.00255527697
v -0.175993294 0.261040598 0.0843510106
v -0.216639593 0.261040598 0.0843510032
v -0.175993294 0.268576533 0.0843510106
v -0.175993294 0.268576533 0.0843510106
v -0.216639593 0.268576533 0.0843510032
v -0.175993294 0.268576533 0.0918869376
v -0.175993294 0.268576533 0.0918869376
v -0.216639593 0.268576533 0.0918869302
v -0.175993294 0.261040598 0.0918869376
v -0.175993294 0.261040598 0.0918869376
v -0.216639593 0.261040598 0.0918869302
v -0.175993294 0.261040598 0.0843510106
v -0.297932357 0.261040598 0.0843509883
v -0.297932386 0.261040598 0.0918869153
v -0.297932357 0.268576533 0.0843509883
v -0.175993294 0.261040598 0.0843510106
v -0.175993294 0.268576533 0.0843510106
v -0.175993294 0.261040598 0.0918869376
v -0.257285982 0.261040598 0.0843509957
v -0.297932357 0.261040598 0.0843509883
v -0.257285982 0.268576533 0.0843509957
v -0.257285982 0.268576533 0.0843509957
v -0.297932357 0.268576533 0.0843509883
v -0.257286012 0.268576533 0.0918869227
v -0.257286012 0.268576533 0.0918869227
v -0.297932386 0.268576533 0.0918869153
v -0.257286012 0.261040598 0.0918869227
v -0.257286012 0.261040598 0.0918869227
v -0.297932386 0.261040598 0.0918869153
v -0.257285982 0.261040598 0.0843509957
v -0.175993264 0.261040598 -0.0956325978
v -0.216639563 0.261040598 -0.0956326053
v -0.175993264 0.268576533 -0.0956325978
v -0.175993264 0.268576533 -0.0956325978
v -0.216639563 0.268576533 -0.0956326053
v -0.175993264 0.268576533 -0.0880966708
v -0.175993264 0.268576533 -0.0880966708
v -0.216639563 0.268576533 -0.0880966783
v -0.175993264 0.261040598 -0.0880966708
v -0.175993264 0.261040598 -0.0880966708
v -0.216639563 0.261040598 -0.0880966783
v -0.175993264 0.261040598 -0.0956325978
v -0.297932327 0.261040598 -0.0956326202
v -0.297932357 0.261040598 -0.0880966932
v -0.297932327 0.268576533 -0.0956326202
v -0.175993264 0.261040598 -0.0956325978
v -0.175993264 0.268576533 -0.0956325978
v -0.175993264 0.261040598 -0.0880966708
v -0.257285953 0.261040598 -0.0956326127
v -0.297932327 0.261040598 -0.0956326202
v -0.257285953 0.268576533 -0.0956326127
v -0.257285953 0.268576533 -0.0956326127
v -0.297932327 0.268576533 -0.0956326202
v -0.257285982 0.268576533 -0.0880966857
v -0.257285982 0.268576533 -0.0880966857
v -0.297932357 0.268576533 -0.0880966932
v -0.257285982 0.261040598 -0.0880966857
v -0.257285982 0.261040598 -0.0880966857
v -0.297932357 0.261040598 -0.0880966932
v -0.257285953 0.261040598 -0.0956326127
v -0.165176958 -0.0862109214 -0.000399637473
v -0.165176958 -0.00227811909 -0.000399637473
v -0.165177003 -0.0862109214 0.249228776
v -0.165103674 -0.0864717811 -0.138107806
v -0.165103674 -0.00253896788 -0.138107806
v -0.165176958 -0.0862109214 -0.000399637473
v 0.0505394526 -0.00305334385 0.266885668
v 0.0505394526 -0.0869861543 0.266885668
v 0.279339492 -0.00305334385 0.266885728
v 0.279339522 -0.0869861543 -0.0226908233
v 0.279339522 -0.00305334385 -0.0226908233
v 0.279339492 -0.0869861543 0.266885728
v 0.101419896 -0.00305334385 -0.242610335
v 0.101419896 -0.0869861543 -0.242610335
v -0.185989425 -0.00305334385 -0.242610291
v 0.101417549 -0.0864717811 -0.138021618
v 0.101417549 -0.00253896625 -0.138021618
v -0.165106058 -0.0864717811 -0.138108
v -0.124593876 -0.00305334385 0.259533882
v -0.124828242 -0.00305334385 0.259533882
v -0.124593876 -0.0869861543 0.261168361
v -0.156244248 -0.00219324185 -0.263991624
v -0.156244248 -0.0861260369 -0.263991624
v -0.200833842 -0.00305334385 -0.264022112
v -0.310894936 -0.0869861543 -0.143272758
v -0.310894936 -0.00305334385 -0.143272758
v -0.291195989 -0.0869861543 -0.143216908
v -0.124828242 -0.00305334385 0.266885638
v -0.124828242 -0.0869861543 0.266885638
v -0.124828242 -0.0869861543 0.261168361
v -0.156244248 -0.0861260369 -0.263991624
v -0.156244248 -0.00219324185 -0.263991624
v -0.156244263 -0.0861260369 -0.215038151
v -0.291195989 -0.0869861543 -0.22084555
v -0.291195989 -0.00305334385 -0.22084555
v -0.200794384 -0.0869861543 -0.220845491
v -0.200833842 -0.00305334385 -0.264022112
v -0.200833842 -0.0869861543 -0.264022112
v -0.200794384 -0.00305334385 -0.220845491
v -0.200834587 -0.00305334385 0.266885638
v -0.200834587 -0.0869861543 0.266885638
v -0.124828242 -0.00305334385 0.266885638
v -0.201222807 -0.0869861543 0.240122765
v -0.201222807 -0.00305334385 0.240122765
v -0.291624546 -0.0869861543 0.240122885
v -0.200834587 -0.0869861543 0.266885638
v -0.200834587 -0.00305334385 0.266885638
v -0.201222807 -0.0869861543 0.240122765
v -0.291624546 -0.00305334385 0.148798555
v -0.291624546 -0.0869861543 0.148798555
v -0.291624546 -0.00305334385 0.240122885
v -0.291624546 -0.0869861543 0.148798555
v -0.291624546 -0.00305334385 0.148798555
v -0.310796201 -0.0869861543 0.148854285
v -0.310894936 -0.00305334385 -0.143272758
v -0.310894936 -0.0869861543 -0.143272758
v -0.310796201 -0.00305334385 0.148854285
v -0.291195989 -0.00305334385 -0.22084555
v -0.291195989 -0.0869861543 -0.22084555
v -0.291195989 -0.00305334385 -0.143216908
v -0.124593876 0.0728503168 0.259533882
v -0.124828242 0.0728503168 0.259533882
v -0.124593876 -0.00305334385 0.259533882
v -0.173948079 0.294258475 0.13593483
v -0.160680383 0.294258475 0.13593483
v -0.16068013 0.294258475 0.265783519
v -0.160680383 0.294258475 0.13593483
v -0.160680383 0.307526171 0.13593486
v -0.16068013 0.307526171 0.265783519
v -0.160680383 0.307526171 0.13593486
v -0.173948079 0.307526171 0.13593483
v -0.173948109 0.307526171 0.265783519
v -0.173948079 0.307526171 0.13593483
v -0.173948079 0.294258475 0.13593483
v -0.173948109 0.294258475 0.265783519
v -0.173948079 0.307526171 0.13593483
v -0.160680383 0.307526171 0.13593486
v -0.160680383 0.294258475 0.13593483
v -0.16068013 0.294258475 0.265783519
v -0.16068013 0.307526171 0.265783519
v -0.173948109 0.307526171 0.265783519
v -0.173948109 0.294258475 0.265783519
v -0.173948079 0.294258475 0.13593483
v -0.16068013 0.294258475 0.265783519
v -0.16068013 0.294258475 0.265783519
v -0.160680383 0.294258475 0.13593483
v -0.16068013 0.307526171 0.265783519
v -0.16068013 0.307526171 0.265783519
v -0.160680383 0.307526171 0.13593486
v -0.173948109 0.307526171 0.265783519
v -0.173948109 0.307526171 0.265783519
v -0.173948079 0.307526171 0.13593483
v -0.173948109 0.294258475 0.265783519
v -0.173948079 0.294258475 0.13593483
v -0.173948079 0.307526171 0.13593483
v -0.160680383 0.294258475 0.13593483
v -0.173948109 0.294258475 0.265783519
v -0.16068013 0.294258475 0.265783519
v -0.173948109 0.307526171 0.265783519

# 1055 UV coordinates
vt 0.883368015 0.639437973 0
vt 0.883388996 0.614033997 0
vt 0.520143986 0.617828012 0
vt 0.692642987 0.970547974 0
vt 0.713523209 0.970547974 0
vt 0.989369988 0.640628994 0
vt 0.614871025 0.616948009 0
vt 0.613656998 0.643020988 0
vt 0.990584016 0.614557028 0
vt 0.788618028 0.982791007 0
vt 0.835937977 0.982490003 0
vt 0.757382989 0.97538501 0
vt 0.734346986 0.983856022 0
vt 0.737308025 0.963630021 0
vt 0.754422009 0.995609999 0
vt 0.737666011 0.963349998 0
vt 0.754372001 0.995447993 0
vt 0.757188022 0.975925982 0
vt 0.734193981 0.983528018 0
vt 0.737613976 0.963064015 0
vt 0.75464797 0.995489001 0
vt 0.734306991 0.983569026 0
vt 0.757300973 0.97596699 0
vt 0.547235012 0.980179012 0
vt 0.983111024 1.00152099 0
vt 0.971369982 0.980310977 0
vt 0.558854997 1.00152004 0
vt 0.997192979 0.982122004 0
vt 0.516375005 1.00152898 0
vt 0.527854979 0.982128978 0
vt 0.985723019 1.00152898 0
vt 0.947636008 0.980992973 0
vt 0.506770015 1.00069702 0
vt 0.52095598 0.980883002 0
vt 0.933646977 1.00069702 0
vt 0.942309976 0.980247974 0
vt 0.513086021 0.998569012 0
vt 0.935720026 0.998576999 0
vt 0.520739973 0.980241001 0
vt 0.50346297 0.998130977 0
vt 0.92504698 0.998130977 0
vt 0.514292002 1.00048101 0
vt 0.941042006 1.00059104 0
vt 0.521917999 1.001755 0
vt 0.992080986 1.00174797 0
vt 0.975428998 1.001091 0
vt 0.551253021 1.00095999 0
vt 0.730417013 1.00101101 0
vt 0.806443989 0.980256975 0
vt 0.805914998 1.00103402 0
vt 0.730417013 0.980234981 0
vt 0.805914998 1.00152004 0
vt 0.730417013 1.00152004 0
vt 0.520121992 0.643230975 0
vt 0.546477973 0.645242989 0
vt 0.925759017 0.619570971 0
vt 0.545363009 0.619570971 0
vt 0.926874995 0.645242989 0
vt 0.743611991 0.977078974 0
vt 0.697120011 0.976957023 0
vt 0.601128995 0.616973996 0
vt 0.601540983 0.643994987 0
vt 0.966603994 0.643994987 0
vt 0.966190994 0.616973996 0
vt 0.753826976 0.978888988 0
vt 0.775156319 0.983794689 0
vt 0.794269025 0.519896984 0
vt 0.745326996 0.499700993 0
vt 0.753610015 0.520909011 0
vt 0.785984993 0.498688996 0
vt 0.785984993 0.498688012 0
vt 0.670351982 0.712350011 0
vt 0.794187009 0.644358993 0
vt 0.670351982 0.644358993 0
vt 0.794187009 0.712350011 0
vt 0.795309007 0.618816018 0
vt 0.67147398 0.618816018 0
vt 0.480606496 0.494783908 0
vt 0.493025213 0.494783789 0
vt 0.480606407 0.471612602 0
vt 0.480606198 0.494783908 0
vt 0.480606198 0.471611887 0
vt 0.260206103 0.497505009 0
vt 0.253792286 0.497504801 0
vt 0.253792405 0.476665199 0
vt 0.253791094 0.434828192 0
vt 0.260204911 0.434827507 0
vt 0.260206103 0.476664901 0
vt 0.505892575 0.612913728 0
vt 0.535483301 0.612913728 0
vt 0.53548342 0.116774 0
vt 0.638200521 0.612913907 0
vt 0.638200521 0.116773903 0
vt 0.479970306 0.494163513 0
vt 0.491944104 0.494163305 0
vt 0.479970187 0.471821994 0
vt 0.479970008 0.494163513 0
vt 0.479970008 0.471821487 0
vt 0.260282397 0.499223292 0
vt 0.253890991 0.499223202 0
vt 0.253890991 0.47845611 0
vt 0.253889799 0.436764807 0
vt 0.260281205 0.43676421 0
vt 0.49347499 0.498427212 0
vt 0.480797797 0.498427004 0
vt 0.493475109 0.474773496 0
vt 0.493475288 0.498427212 0
vt 0.493475288 0.4747729 0
vt 0.192417905 0.498427302 0
vt 0.185138106 0.498427212 0
vt 0.185138196 0.474773496 0
vt 0.185136795 0.431341708 0
vt 0.192416698 0.431340903 0
vt 0.480031192 0.496783614 0
vt 0.492585987 0.496783495 0
vt 0.480031103 0.473358303 0
vt 0.480030894 0.496783614 0
vt 0.480030894 0.473357707 0
vt 0.259821206 0.49548471 0
vt 0.253707409 0.495484591 0
vt 0.253707409 0.475619107 0
vt 0.253706098 0.435737908 0
vt 0.259820193 0.435737193 0
vt 0.48106131 0.495144308 0
vt 0.493063301 0.495144099 0
vt 0.48106131 0.472750396 0
vt 0.481061101 0.495144188 0
vt 0.481061101 0.472749799 0
vt 0.259284407 0.50049597 0
vt 0.252392411 0.500495911 0
vt 0.252392411 0.478102088 0
vt 0.2523911 0.433144987 0
vt 0.259283304 0.433144301 0
vt 0.491943985 0.433899611 0
vt 0.491944104 0.4338983 0
vt 0.260282397 0.478455693 0
vt 0.480797887 0.434623688 0
vt 0.480797797 0.434622288 0
vt 0.192417905 0.474773109 0
vt 0.492585897 0.433596104 0
vt 0.492585987 0.433594704 0
vt 0.259821206 0.475618809 0
vt 0.493063211 0.434738994 0
vt 0.493063301 0.434737712 0
vt 0.259284407 0.478101701 0
vt 0.237989098 0.705865502 0
vt 0.203740805 0.760829389 0
vt 0.142057106 0.705865502 0
vt 0.142057106 0.94707942 0
vt 0.142057195 0.705865502 0
vt 0.237989098 0.94707942 0
vt 0.174388394 0.760829628 0
vt 0.170846507 0.760829389 0
vt 0.170846507 0.855671704 0
vt 0.174388394 0.855671704 0
vt 0.203740805 0.855671704 0
vt -1.07242596 2.37811208 0
vt -0.264781892 2.37811208 0
vt -0.264781713 1.37829196 0
vt 0.174388394 0.862755716 0
vt 0.203740805 0.862755597 0
vt 0.203740805 0.753745615 0
vt 0.174388394 0.753745615 0
vt 0.207282797 0.855671704 0
vt 0.207282797 0.760829628 0
vt 0.214526698 0.88478142 0
vt 0.29249531 0.88478142 0
vt 0.29249531 0.539651573 0
vt 0.0612350106 0.902281523 0
vt 0.254419893 0.902281523 0
vt 0.254419893 0.557151675 0
vt 0.388778389 0.603211701 0
vt 0.324614912 0.603211701 0
vt 0.324614912 0.948341429 0
vt 0.232001901 0.545127928 0
vt 0.0505143404 0.545127928 0
vt 0.0666811392 0.512901127 0
vt 0.106294997 0.908356428 0
vt 0.307645112 0.908356428 0
vt 0.307645112 0.559600472 0
vt 0.442544609 0.603211701 0
vt 0.388778389 0.948341429 0
vt -0.000164419005 0.908356011 0
vt 0.201185405 0.908356011 0
vt 0.201185405 0.559600472 0
vt 0.219482601 0.559600472 0
vt 0.376276106 0.559600472 0
vt 0.376276106 0.672670603 0
vt 0.0505143404 0.512900829 0
vt 0.232001901 0.512901306 0
vt 0.0666811392 0.545127571 0
vt 0.0584486686 0.512901425 0
vt 0.2158885 0.545234919 0
vt 0.877162814 8.29542987e-05 0
vt 0.877162576 0.300177693 0
vt 0.748893023 8.30138961e-05 0
vt 0.124231197 0.559600472 0
vt 0.124231197 0.672670782 0
vt 0.307645112 0.672670782 0
vt 0.201185405 0.603211701 0
vt 0.201185405 0.948341429 0
vt 0.388778389 0.699855924 0
vt 0.418469012 0.699855924 0
vt 0.418469012 0.559600472 0
vt 0.225921705 0.699855924 0
vt 0.324614912 0.699855924 0
vt 0.324614912 0.559600472 0
vt 0.388778299 0.559600472 0
vt 0.388778389 0.948340893 0
vt 0.418469012 0.908356011 0
vt 0.398867995 0.699855924 0
vt 0.324614912 0.679676712 0
vt 0.0993105099 0.88478142 0
vt 0.143320903 0.88478142 0
vt 0.143320903 0.539651573 0
vt 0.214526698 0.539651573 0
vt 0.221469194 0.539651573 0
vt 0.214526698 0.539651692 0
vt 0.29249531 0.539651692 0
vt 0.29249531 0.662820578 0
vt 0.0993105099 0.539651692 0
vt 0.143320903 0.539651692 0
vt 0.143320903 0.662820578 0
vt 0.214526698 0.662820578 0
vt 0.214526802 0.676705718 0
vt 0.150263399 0.662820697 0
vt 0.0612350106 0.557151675 0
vt 0.324614912 0.948340893 0
vt 0.201185405 0.948340893 0
vt 0.225921705 0.908356011 0
vt 0.442544609 0.948340893 0
vt 0.388778389 0.968520224 0
vt 0.314525306 0.948340893 0
vt 0.388778299 0.603211701 0
vt 0.0993105099 0.662820578 0
vt 0.207584307 0.88478142 0
vt 0.136378393 0.88478142 0
vt 0.268460304 0.457129389 0
vt 0.286252201 0.470301896 0
vt 0.289800286 0.441126794 0
vt 0.369662195 0.142339706 0
vt 0.369662404 0.176055804 0
vt 0.390343904 0.176055804 0
vt 0.592227101 0.151774302 0
vt 0.592227101 0.582334518 0
vt 0.604167998 0.582334518 0
vt 0.375213206 0.395890206 0
vt 0.362524807 0.37878719 0
vt 0.347582012 0.410873711 0
vt 0.275274396 0.430168301 0
vt 0.260507107 0.410873711 0
vt 0.238426998 0.142339706 0
vt 0.217745602 0.142339706 0
vt 0.217745602 0.176055402 0
vt 0.386662513 0.348267406 0
vt 0.371909112 0.339115292 0
vt 0.304044694 0.474762708 0
vt 0.321836591 0.470301896 0
vt 0.318288803 0.441127807 0
vt 0.390343904 0.306046486 0
vt 0.390343904 0.142339706 0
vt 0.373788506 0.142588407 0
vt 0.232876003 0.395890206 0
vt 0.250668198 0.434084594 0
vt 0.304044694 0.444764405 0
vt 0.374392211 0.303354502 0
vt 0.245564401 0.378787488 0
vt 0.236180395 0.33911559 0
vt 0.339628994 0.457129389 0
vt 0.332814813 0.430168301 0
vt 0.217745602 0.306046486 0
vt 0.233697504 0.30335471 0
vt 0.234301001 0.142588094 0
vt 0.541217089 0.151774198 0
vt 0.529276073 0.151774302 0
vt 0.529276311 0.582334578 0
vt 0.357421011 0.434084594 0
vt 0.221426606 0.348267406 0
vt 0.579595804 0.151774302 0
vt 0.579595804 0.002775728 0
vt 0.591536701 0.002775728 0
vt 0.268419504 0.470302105 0
vt 0.2719675 0.441127807 0
vt 0.286211997 0.444764704 0
vt 0.339588314 0.434084803 0
vt 0.329748988 0.410874099 0
vt 0.344692409 0.378787786 0
vt 0.37251091 0.142339706 0
vt 0.37251091 0.176055998 0
vt 0.351829499 0.176055804 0
vt 0.304003894 0.470302105 0
vt 0.300456107 0.441127688 0
vt 0.314982086 0.430168808 0
vt 0.368829787 0.348267615 0
vt 0.354076087 0.33911559 0
vt 0.356559008 0.303354293 0
vt 0.37251091 0.306046486 0
vt 0.286211699 0.474762708 0
vt 0.357380509 0.395890206 0
vt 0.199912503 0.142339706 0
vt 0.220594093 0.142339706 0
vt 0.220594198 0.176055998 0
vt 0.232835293 0.434084803 0
vt 0.2426745 0.410874099 0
vt 0.2574417 0.430168986 0
vt 0.203593895 0.348267615 0
vt 0.199912503 0.306046486 0
vt 0.215864196 0.303354502 0
vt 0.216467798 0.142588094 0
vt 0.215043306 0.395890206 0
vt 0.227731496 0.378787488 0
vt 0.218347207 0.339115292 0
vt 0.52858597 0.151774198 0
vt 0.516645491 0.151774198 0
vt 0.516645372 0.0027756691 0
vt 0.250627488 0.457130015 0
vt 0.321796089 0.457130015 0
vt 0.579595923 0.582334518 0
vt 0.516645193 0.494818598 0
vt 0.286211699 0.49605161 0
vt 0.131720096 0.49605161 0
vt 0.441939712 0.49605161 0
vt 0.52858597 0.582334399 0
vt 0.592412174 0.494818509 0
vt 0.543234885 0.582334399 0
vt 0.441939712 0.306046486 0
vt 0.441939712 0.142339706 0
vt 0.564946771 0.582334518 0
vt 0.131720096 0.306046486 0
vt 0.131720096 0.142339706 0
vt 0.592412174 0.151774198 0
vt 0.131720096 0.496051311 0
vt 0.555866301 0.582334399 0
vt 0.616123497 0.582334399 0
vt 0.616123497 0.4948183 0
vt 0.592227101 0.002775728 0
vt 0.516645312 0.002775728 0
vt 0.475415409 0.496051311 0
vt 0.577578187 0.582334518 0
vt 0.516645312 0.494818509 0
vt 0.475415409 0.306046486 0
vt 0.616123497 0.151774198 0
vt 0.616123497 0.00277560903 0
vt 0.591536701 0.151774302 0
vt 0.579595923 0.116372399 0
vt 0.579595804 0.378584594 0
vt 0.516645312 0.378584504 0
vt 0.516645074 0.582334399 0
vt 0.52858597 0.116372302 0
vt 0.592412174 0.116372302 0
vt 0.592412174 0.378584504 0
vt 0.541217089 0.116372302 0
vt 0.529276192 0.116372302 0
vt 0.529276073 0.378584504 0
vt 0.541217089 0.582334399 0
vt 0.604167819 0.151774302 0
vt 0.52858597 0.378584504 0
vt 0.516645372 0.378584504 0
vt 0.516645312 0.116372399 0
vt 0.541217089 0.00277560903 0
vt 0.529276073 0.00277560903 0
vt 0.591536701 0.116372399 0
vt 0.541217089 0.378584415 0
vt 0.616123497 0.378584415 0
vt 0.616123497 0.116372302 0
vt 0.516645312 0.151774302 0
vt 0.52858597 0.0027756691 0
vt 0.592412174 0.0027756691 0
vt 0.592227101 0.116372399 0
vt 0.592227101 0.378584504 0
vt 0.604167879 0.378584504 0
vt 0.238426596 0.176055804 0
vt 0.516645312 0.582334518 0
vt 1 0 0
vt 0 1 0
vt 1 1 0
vt 0 0 0
vt 0.679539025 0.644358993 0
vt 0.817371011 0.618816018 0
vt 0.680777013 0.618816018 0
vt 0.816133022 0.644358993 0
vt 0.679539025 0.712350011 0
vt 0.816133022 0.712350011 0
vt 0.594725013 0.644358993 0
vt 0.870935023 0.618816018 0
vt 0.597205997 0.618816018 0
vt 0.868454993 0.644358993 0
vt 0.927348971 0.645520985 0
vt 0.635775983 0.614441991 0
vt 0.924731016 0.614441991 0
vt 0.638393998 0.645521998 0
vt 0.927348971 0.720375001 0
vt 0.638393998 0.720376015 0
vt 0.594725013 0.739693999 0
vt 0.868454993 0.739693999 0
vt 0.676210999 0.644358993 0
vt 0.801168025 0.618816018 0
vt 0.677332997 0.618816018 0
vt 0.800046027 0.644358993 0
vt 0.676210999 0.712350011 0
vt 0.800046027 0.712350011 0
vt 0.683731019 0.712350011 0
vt 0.812017024 0.644358993 0
vt 0.683731019 0.644358993 0
vt 0.812017024 0.712350011 0
vt 0.813180029 0.618816018 0
vt 0.684893012 0.618816018 0
vt 0.699195981 0.0508776307 0
vt 0.699195981 0.0207800195 0
vt 0.714244783 0.0207800195 0
vt 0.715219975 0.0311924201 0
vt 0.698752701 0.0311924201 0
vt 0.698752701 0.0641270205 0
vt 0.680754423 0.276280105 0
vt 0.680754423 0.0142177297 0
vt 0.667249322 0.0142177297 0
vt 0.886820495 0.278433502 0
vt 0.886820495 0.0158147197 0
vt 0.874002278 0.0158147197 0
vt 0.667249322 0.276279896 0
vt 0.87368232 0.278650492 0
vt 0.87368232 0.0155977001 0
vt 0.886500478 0.0155977001 0
vt 0.667249322 0.276280105 0
vt 0.198937997 0.765802979 0
vt 0.225998893 0.785378993 0
vt 0.225998893 0.765802979 0
vt 0.198937997 0.785378993 0
vt 0.0536296889 0.519036293 0
vt 0.0402598307 0.562271595 0
vt 0.0536296889 0.562271595 0
vt 0.0402598307 0.519036293 0
vt 0.102625601 0.512267411 0
vt 0.145375699 0.562271595 0
vt 0.102625601 0.562271595 0
vt 0.145375699 0.512267411 0
vt 0.119406 0.765802979 0
vt 0.146467 0.785378993 0
vt 0.146467 0.765802979 0
vt 0.119406 0.785378993 0
vt 0.132025495 0.519036293 0
vt 0.174775705 0.569040477 0
vt 0.132025495 0.569040477 0
vt 0.174775705 0.519036293 0
vt 0.159286007 0.765802979 0
vt 0.186346993 0.785378993 0
vt 0.186346993 0.765802979 0
vt 0.159286007 0.785378993 0
vt 0.0399877392 0.512267411 0
vt 0.0827363729 0.562271595 0
vt 0.0399877392 0.562271595 0
vt 0.0827363729 0.512267411 0
vt 0.188145503 0.562271595 0
vt 0.174775705 0.562271595 0
vt 0.188145503 0.519036293 0
vt 0.159286007 0.962765992 0
vt 0.186346993 0.982342005 0
vt 0.186346993 0.962765992 0
vt 0.159286007 0.982342005 0
vt 0.119406 0.962765992 0
vt 0.146467 0.982342005 0
vt 0.146467 0.962765992 0
vt 0.119406 0.982342005 0
vt 0.198937997 0.962765992 0
vt 0.225998893 0.982342005 0
vt 0.225998893 0.962765992 0
vt 0.198937997 0.982342005 0
vt 0.159313902 0.569040477 0
vt 0.159313902 0.519036293 0
vt 0.1337578 0.519036293 0
vt 0.0958507583 0.562271595 0
vt 0.1337578 0.562271595 0
vt 0.0958507583 0.519036293 0
vt 0.10464 0.847202003 0
vt 0.0948529765 0.902706027 0
vt 0.10464 0.902706027 0
vt 0.0948529765 0.847202003 0
vt 0.0778933093 0.519036293 0
vt 0.0778933093 0.562271595 0
vt 0.0399877392 0.519036293 0
vt 0.10464 0.765403986 0
vt 0.0948529765 0.82090801 0
vt 0.10464 0.82090801 0
vt 0.0948529765 0.765403986 0
vt 0.188472003 0.519036293 0
vt 0.151393294 0.562271595 0
vt 0.188472003 0.562271595 0
vt 0.151393294 0.519036293 0
vt 0.10464 0.928529024 0
vt 0.0948529765 0.982819974 0
vt 0.10464 0.982819974 0
vt 0.0948529765 0.928529024 0
vt 0.259732008 0.513319016 0
vt 0.237145007 0.992448986 0
vt 0.237159997 0.513319016 0
vt 0.259732008 0.992448986 0
vt 0.588711083 0.278572112 0
vt 0.536158204 0.00191569305 0
vt 0.536158204 0.278572112 0
vt 0.588711083 0.00191569305 0
vt 0.753336012 0.644953012 0
vt 0.527040005 0.616473973 0
vt 0.753336012 0.616473973 0
vt 0.527040005 0.644953012 0
vt 0.52817899 0.643353999 0
vt 0.754579008 0.620182991 0
vt 0.52817899 0.620182991 0
vt 0.754658997 0.643353999 0
vt 0.975206017 0.643353999 0
vt 0.975206017 0.620182991 0
vt 0.975706995 0.616473973 0
vt 0.975706995 0.644953012 0
vt 0.52817899 0.89626199 0
vt 0.754750013 0.89626199 0
vt 0.754164994 0.955662012 0
vt 0.568422019 0.996630013 0
vt 0.754164994 0.996630013 0
vt 0.568422019 0.955662012 0
vt 0.975206017 0.89626199 0
vt 0.935051978 0.955662012 0
vt 0.935051978 0.996630013 0
vt 0.753336012 0.995898008 0
vt 0.528217971 0.955662012 0
vt 0.753336012 0.955662012 0
vt 0.528217971 0.995898008 0
vt 0.753336012 0.895681977 0
vt 0.527040005 0.684014976 0
vt 0.753336012 0.684014976 0
vt 0.527040005 0.896709979 0
vt 0.975414991 0.995898008 0
vt 0.975414991 0.955662012 0
vt 0.975706995 0.897907972 0
vt 0.975706995 0.684014976 0
vt 1.00014699 0.236650705 0
vt 0.651348114 0.236650705 0
vt 0.651348114 0.0754175112 0
vt 1.00014699 0.0754175112 0
vt 0.886500478 0.278650492 0
vt 0.886500418 0.190966204 0
vt 0.680754423 0.276279896 0
vt 0.680754423 0.188925803 0
vt 0.874002278 0.278433502 0
vt 0.874002218 0.190893799 0
vt 0.667249322 0.188925907 0
vt 0.715219975 0.0641270205 0
vt 0.886820495 0.190893799 0
vt 0.680754423 0.188925907 0
vt 0.667249322 0.188925803 0
vt 0.87368232 0.190966204 0
vt 0.714244783 0.0508776307 0
vt 0.892242312 0.278650492 0
vt 0.90506053 0.278650492 0
vt 0.90506053 0.0155977001 0
vt 0.700061798 0.276279896 0
vt 0.713566899 0.276279896 0
vt 0.713566899 0.0142177297 0
vt 0.905380487 0.278433502 0
vt 0.89256233 0.278433502 0
vt 0.89256233 0.0158147197 0
vt 0.713566899 0.276280105 0
vt 0.700061798 0.276280105 0
vt 0.700061798 0.0142177297 0
vt 0.905380487 0.0158147197 0
vt 0.87368232 0.1032819 0
vt 0.886500478 0.1032819 0
vt 0.667249322 0.101571701 0
vt 0.680754423 0.101571701 0
vt 0.886820495 0.103354298 0
vt 0.874002218 0.103354298 0
vt 0.509607375 0.321652502 0
vt 0.405298799 0.118828401 0
vt 0.405298799 0.321652502 0
vt 0.509607375 0.118828401 0
vt 0.405298799 0.118828498 0
vt 0.509607375 0.118828498 0
vt 0.353982896 0.321682602 0
vt 0.247858003 0.117395803 0
vt 0.353982896 0.117395803 0
vt 0.247857898 0.321682602 0
vt 0.247858003 0.321682602 0
vt 0.825995028 0.285916001 0
vt 0.920167983 0.0621579215 0
vt 0.825995028 0.0621579215 0
vt 0.920167983 0.285916001 0
vt 0.417522311 0.321652502 0
vt 0.497383893 0.415415406 0
vt 0.417522311 0.415415406 0
vt 0.497383893 0.321652502 0
vt 0.343011886 0.321682602 0
vt 0.258772612 0.416121989 0
vt 0.343011886 0.416121989 0
vt 0.258772612 0.321682602 0
vt 0.247858003 0.416121989 0
vt 0.353982896 0.416121989 0
vt 0.509607375 0.415415406 0
vt 0.405298799 0.415415406 0
vt 0.0852199718 0.381649792 0
vt 0.185276002 0.35479781 0
vt 0.0985019803 0.35479781 0
vt 0.198558003 0.381649792 0
vt 0.198558003 0.121904701 0
vt 0.0985019803 0.148618594 0
vt 0.185276002 0.148618594 0
vt 0.0852199718 0.121904701 0
vt 0.353881001 0.4114528 0
vt 0.340599 0.178421706 0
vt 0.340599 0.384599805 0
vt 0.353881001 0.151707694 0
vt 0.240542993 0.151707694 0
vt 0.253825009 0.384599805 0
vt 0.253825009 0.178421706 0
vt 0.240542993 0.4114528 0
vt 0.158764198 0.323495895 0
vt 0.0545657203 0.417658508 0
vt 0.158764198 0.417658508 0
vt 0.0545657203 0.323495895 0
vt 0.0545656607 0.323495895 0
vt 0.158764094 0.417658508 0
vt 0.0545656607 0.417658508 0
vt 0.158764094 0.323495895 0
vt 0.146553501 0.323495895 0
vt 0.0667763874 0.417658508 0
vt 0.146553501 0.417658508 0
vt 0.0667763874 0.323495895 0
vt 0.146553606 0.417658508 0
vt 0.146553606 0.323495895 0
vt 0.731822014 0.285916001 0
vt 0.731822014 0.0621579215 0
vt 0.0545657203 0.119807303 0
vt 0.158764094 0.119807303 0
vt 0.158764198 0.119807303 0
vt 0.46465221 0.116939098 0
vt 0.454469293 0.150020093 0
vt 0.454469293 0.116939098 0
vt 0.46465221 0.150020093 0
vt 0.280150712 0.335966408 0
vt 0.299117714 0.364570409 0
vt 0.299117714 0.335966408 0
vt 0.280150712 0.364570409 0
vt 0.365703493 0.244137794 0
vt 0.355959505 0.202157706 0
vt 0.355959505 0.244137794 0
vt 0.365703493 0.202157706 0
vt 0.268799692 0.389566392 0
vt 0.277700692 0.389566392 0
vt 0.277700692 0.418170303 0
vt 0.268799692 0.418170303 0
vt 0.433003306 0.116939098 0
vt 0.411067307 0.116939098 0
vt 0.411067307 0.150020093 0
vt 0.433003306 0.150020093 0
vt 0.314429492 0.301863909 0
vt 0.314429492 0.32156381 0
vt 0.335419506 0.32156381 0
vt 0.335419506 0.301863909 0
vt 0.365703493 0.186632797 0
vt 0.355959505 0.150611803 0
vt 0.355959505 0.186632797 0
vt 0.365703493 0.130970806 0
vt 0.252736688 0.3407664 0
vt 0.236461595 0.369370401 0
vt 0.236461595 0.3407664 0
vt 0.252736688 0.369370401 0
vt 0.227587596 0.3407664 0
vt 0.227587596 0.369370401 0
vt 0.251703709 0.389566392 0
vt 0.251703709 0.418170303 0
vt 0.365703493 0.32156381 0
vt 0.355959505 0.2640239 0
vt 0.355959505 0.301863909 0
vt 0.365703493 0.2640239 0
vt 0.441733301 0.116939098 0
vt 0.441733301 0.150020093 0
vt 0.343772501 0.32156381 0
vt 0.343772501 0.301863909 0
vt 0.343772501 0.150611803 0
vt 0.343772501 0.130970806 0
vt 0.227620706 0.3407664 0
vt 0.227620706 0.369370401 0
vt 0.314429492 0.131044805 0
vt 0.335419506 0.150611803 0
vt 0.335419506 0.131044805 0
vt 0.314429492 0.150611803 0
vt 0.400675207 0.116939098 0
vt 0.377756208 0.150020093 0
vt 0.400675207 0.150020093 0
vt 0.377756208 0.116939098 0
vt 0.387939304 0.116939098 0
vt 0.387939304 0.150020093 0
vt 0.282555491 0.130970806 0
vt 0.304486603 0.150611803 0
vt 0.304486603 0.130970806 0
vt 0.292299598 0.150611803 0
vt 0.292299598 0.301863909 0
vt 0.304486603 0.32156381 0
vt 0.304486603 0.301863909 0
vt 0.282555491 0.32156381 0
vt 0.292299598 0.2640239 0
vt 0.282555491 0.2640239 0
vt 0.282555491 0.244137794 0
vt 0.292299598 0.202157706 0
vt 0.282555491 0.202157706 0
vt 0.292299598 0.244137794 0
vt 0.282555491 0.186632797 0
vt 0.292299598 0.186632797 0
vt 0.379238307 0.790226996 0
vt 0.168960199 0.507736981 0
vt 0.379238307 0.507736981 0
vt 0.168960199 0.790226996 0
vt 0.492526203 0.507296979 0
vt 0.492517203 0.790226996 0
vt 0.379238307 0.506754279 0
vt 0.168960199 0.506754279 0
vt 0.168960199 0.681568682 0
vt 0.379238486 0.681568682 0
vt 0.299995005 0.997659981 0
vt 0.197439998 0.894769013 0
vt 0.197439998 0.997659981 0
vt 0.299995005 0.894769013 0
vt 0.318322003 0.994705021 0
vt 0.194328994 0.951469004 0
vt 0.194328994 0.994705021 0
vt 0.318322003 0.951469004 0
vt 0.197439998 0.877287984 0
vt 0.299995005 0.877287984 0
vt 0.194328994 0.912662983 0
vt 0.318322003 0.912662983 0
vt 0.197439998 0.859808028 0
vt 0.299995005 0.859808028 0
vt 0.194328994 0.876976013 0
vt 0.318322003 0.876976013 0
vt 0.197439998 0.842326999 0
vt 0.299995005 0.842326999 0
vt 0.194328994 0.842725992 0
vt 0.318322003 0.842725992 0
vt 0.197439998 0.824846983 0
vt 0.299995005 0.824846983 0
vt 0.194328994 0.814620972 0
vt 0.318322003 0.814620972 0
vt 0.197439998 0.807366014 0
vt 0.299995005 0.807366014 0
vt 0.194328994 0.788465023 0
vt 0.318322003 0.788465023 0
vt 0.197439998 0.789885998 0
vt 0.299995005 0.789885998 0
vt 0.194328994 0.760721028 0
vt 0.318322003 0.760721028 0
vt 0.197439998 0.772405028 0
vt 0.299995005 0.772405028 0
vt 0.194328994 0.733968973 0
vt 0.318322003 0.733968973 0
vt 0.197439998 0.754925013 0
vt 0.299995005 0.754925013 0
vt 0.194328994 0.710874021 0
vt 0.318322003 0.710874021 0
vt 0.197439998 0.737443984 0
vt 0.299995005 0.737443984 0
vt 0.194328994 0.685710013 0
vt 0.318322003 0.685710013 0
vt 0.197439998 0.720396996 0
vt 0.299995005 0.720396996 0
vt 0.194328994 0.658141017 0
vt 0.318322003 0.658141017 0
vt 0.40616399 0.61837697 0
vt 0.40616399 0.73950398 0
vt 0.40616399 0.772571981 0
vt 0.38014099 0.73950398 0
vt 0.38014099 0.61837697 0
vt 0.197439998 0.702452004 0
vt 0.299995005 0.702452004 0
vt 0.194328994 0.633979023 0
vt 0.318322003 0.633979023 0
vt 0.38014099 0.710524023 0
vt 0.35411799 0.710524023 0
vt 0.354119003 0.61837697 0
vt 0.197439998 0.684507012 0
vt 0.299995005 0.684507012 0
vt 0.318322003 0.736518025 0
vt 0.194328994 0.708076 0
vt 0.194328994 0.736518025 0
vt 0.318322003 0.708076 0
vt 0.35411799 0.676409006 0
vt 0.328529 0.676409006 0
vt 0.328529 0.61837697 0
vt 0.197439998 0.666862011 0
vt 0.299995005 0.666860998 0
vt 0.194328994 0.684998989 0
vt 0.318322003 0.684998989 0
vt 0.328529 0.64872998 0
vt 0.301638991 0.64872998 0
vt 0.301638991 0.61837697 0
vt 0.197439998 0.648319006 0
vt 0.299995005 0.648319006 0
vt 0.318322003 0.659693003 0
vt 0.194328994 0.659693003 0
vt 0.495802104 0.322488606 0
vt 0.120749101 0.405141503 0
vt 0.120749101 0.322488606 0
vt 0.495802104 0.405141503 0
vt 0.317354113 0.322488606 0
vt 0.317471087 0.136590496 0
vt 0.495802104 0.136590496 0
vt 0.404006988 0.112529002 0
vt 0.648091018 0.103096001 0
vt 0.640493989 0.112529002 0
vt 0.404006988 0.103096001 0
vt 0.376646996 0.256150991 0
vt 0.566498995 0.128135994 0
vt 0.566498995 0.256150991 0
vt 0.376646996 0.128135994 0
vt 0.473861814 0.30341509 0
vt 0.309724808 -0.0170868598 0
vt 0.309724808 0.30341509 0
vt 0.473861814 -0.0170868598 0
vt 0.237159997 0.992448986 0
vt 0.796728015 1 0
vt 0.796728015 0 0
vt 0.0932250023 0.115534998 0
vt 0.343926013 0.107749902 0
vt 0.343926013 0.115534998 0
vt 0.0867509767 0.107749902 0
vt 0.448547006 0.259106994 0
vt 0.202512994 0.386983007 0
vt 0.202512994 0.259106994 0
vt 0.448547006 0.386983007 0
vt 0.113119699 0.30341509 0
vt 0.473861814 0.386068106 0
vt 0.113119699 0.386068106 0
vt 0.826789021 1 0
vt 0.228401795 0.364194006 0
vt 0.419136792 0.378854096 0
vt 0.411858797 0.364194095 0
vt 0.228401795 0.378854007 0
vt 0.0475349985 0.507296979 0
vt 0.272282988 0.507296979 0
vt 0.272282988 0.827452004 0
vt 0.0475349985 0.827452004 0
vt 0.419136792 0.145886004 0
vt 0.411858886 0.145886004 0
vt 0.385197908 0.3117055 0
vt 0.145356894 0.394268513 0
vt 0.145356894 0.3117055 0
vt 0.385197908 0.394268513 0
vt 0.272144109 0.558897614 0
vt 0.496892005 0.641460717 0
vt 0.496892005 0.558897614 0
vt 0.272144109 0.641460717 0
vt 0.385197908 0.126009494 0
vt 0.145356894 0.126009494 0
vt 0.375962287 0.181468606 0
vt 0.54114902 0.181468606 0
vt 0.54114902 0.298965007 0
vt 0.298133612 0.328625709 0
vt 0.459043503 0.328625709 0
vt 0.459043503 0.235347494 0
vt 0.351788014 0.61600697 0
vt 0.344359994 0.837656975 0
vt 0.351788014 0.837656975 0
vt 0.344359994 0.627503991 0
vt 0.63692832 0.315502405 0
vt 0.625185072 0.393040389 0
vt 0.410886705 0.393040389 0
vt 0.406295091 0.524496078 0
vt 0.0699563026 0.659041703 0
vt 0.0699563026 0.524496078 0
vt 0.406295091 0.659041703 0
vt 0.410886705 0.315502405 0
vt 0.625184476 0.141110107 0
vt 0.625184476 0.315502405 0
vt 0.410886705 0.141110107 0
vt 0.447955996 0.112529002 0
vt 0.151677996 0.103096001 0
vt 0.158969 0.112529002 0
vt 0.447955996 0.103096001 0
vt 0.415580004 0.256150991 0
vt 0.192160994 0.128135994 0
vt 0.192160994 0.256150991 0
vt 0.415580004 0.128135994 0
vt 0.952881992 0.233822003 0
vt 0.952881992 0.121797003 0
vt 0.667540014 0.225361004 0
vt 0.952881992 0.23906 0
vt 0.667540014 0.238867894 0
vt 0.667540014 0.0561959706 0
vt 0.952881992 0.0561959706 0
vt 0.29089129 0.826027989 0
vt 0.497508287 0.505526006 0
vt 0.497508287 0.826027989 0
vt 0.29089129 0.505526006 0
vt 0.126828998 0.826027989 0
vt 0.333445996 0.505526006 0
vt 0.333445996 0.826027989 0
vt 0.126828998 0.505526006 0
vt 0.341248989 0.966605008 0
vt 0.0180009604 0.958011985 0
vt 0.0180009604 0.966605008 0
vt 0.341248989 0.958011985 0
vt 0.0180009604 0.940820992 0
vt 0.341248989 0.949414015 0
vt 0.341248989 0.940820992 0
vt 0.0180009604 0.949414015 0
vt 0.409837604 0.181468606 0
vt 0.215445206 0.181468606 0
vt 0.215445206 0.298965007 0
vt 0.497508287 0.505526125 0
vt 0.29089129 0.505526125 0
vt 0.29089129 0.680340409 0
vt 0.625579476 0.267142385 0
vt 0.624219775 0.126436099 0
vt 0.628514409 0.126270398 0
vt 0.742053807 0.500445604 0
vt 0.744244516 0.492909402 0
vt 0.745874405 0.495492488 0
vt 0.619419992 0.267142504 0
vt 0.625589192 0.394388407 0
vt 0.619424403 0.394389808 0
vt 0.551222801 0.39439401 0
vt 0.551221371 0.267142206 0
vt 0.538251221 0.116085798 0
vt 0.580769897 0.103430502 0
vt 0.580769897 0.115845598 0
vt 0.538099885 0.103430502 0
vt 0.287212908 0.415291995 0
vt 0.1933119 0.116025299 0
vt 0.192991599 0.415289015 0
vt 0.287214905 0.1160281 0
vt 0.288975507 0.588776529 0
vt 0.311554909 0.498075992 0
vt 0.313616514 0.58625263 0
vt 0.286762804 0.502366781 0
vt 0.438114405 0.393952399 0
vt 0.479154199 0.268571287 0
vt 0.479152292 0.393955112 0
vt 0.438116401 0.268568695 0
vt 0.0239733402 0.116085798 0
vt 0.0527026616 0.103430502 0
vt 0.0543656908 0.116085798 0
vt 0.0271108709 0.103430502 0
vt 0.603943706 0.356002212 0
vt 0.643067598 0.120206498 0
vt 0.603945076 0.120205797 0
vt 0.643066406 0.356002897 0
vt 0.516533911 0.267131597 0
vt 0.516532004 0.394392103 0
vt 0.0745540783 0.103430502 0
vt 0.0741111636 0.116085798 0
vt 0.115493 0.267140806 0
vt 0.0989789292 0.394399703 0
vt 0.0989793465 0.26714009 0
vt 0.290309399 0.116706699 0
vt 0.315433592 0.356037915 0
vt 0.315434486 0.116705999 0
vt 0.0339034088 0.267137498 0
vt 0.0339022204 0.394398004 0
vt 0.205006495 0.116085798 0
vt 0.153995305 0.103430502 0
vt 0.201640397 0.103430502 0
vt 0.154326096 0.116085798 0
vt 0.42451629 0.116707802 0
vt 0.628511488 0.394398004 0
vt 0.552729011 0.267133713 0
vt 0.628512681 0.267137498 0
vt 0.552727222 0.394394398 0
vt 0.0991345569 0.103430502 0
vt 0.445211202 0.415298104 0
vt 0.321261197 0.1160293 0
vt 0.321259111 0.415293306 0
vt 0.445213586 0.116032399 0
vt 0.466622412 0.116085798 0
vt 0.522762001 0.103430502 0
vt 0.52331239 0.116085798 0
vt 0.466885209 0.103430502 0
vt 0.453005701 0.394396693 0
vt 0.528785408 0.267142206 0
vt 0.528786302 0.394395411 0
vt 0.453005612 0.26714161 0
vt 0.572879195 0.35535571 0
vt 0.572880328 0.116033196 0
vt 0.406652212 0.116085798 0
vt 0.410090894 0.103430502 0
vt 0.376450986 0.394397914 0
vt 0.376450986 0.267141014 0
vt 0.360379696 0.267140806 0
vt 0.396559298 0.482598811 0
vt 0.0227296893 0.243268996 0
vt 0.0227296893 0.482598811 0
vt 0.396559298 0.243268996 0
vt 0.216828197 0.116085798 0
vt 0.400482714 0.103430502 0
vt 0.395056009 0.116085798 0
vt 0.211401507 0.103430502 0
vt 0.115493 0.394399107 0
vt 0.360379696 0.394399107 0
vt 0.424514502 0.415992707 0
vt 0.548477829 0.116710797 0
vt 0.548476219 0.415995985 0
vt 0.0987224504 0.116085798 0
vt 0.290309399 0.356036514 0
vt 0.597287178 0.116030499 0
vt 0.597287178 0.35536021 0
vt 0.479156494 0.1278494 0
vt 0.516536117 0.126409799 0
vt 0.0989804789 0.126419604 0
vt 0.438118696 0.127846807 0
vt 0.552730978 0.126412094 0
vt 0.551223695 0.126429901 0
vt 0.619425297 0.126435101 0
vt 0.453006595 0.126425296 0
vt 0.528787076 0.126428097 0
vt 0.376451701 0.126423001 0
vt 0.360380113 0.126421899 0
vt 0.115493603 0.126420602 0
vt 0.0339050815 0.126416504 0
vt 0.629871786 0.2670587 0
vt 0.493025094 0.432281405 0
vt 0.493025213 0.432280004 0
vt 0.505892813 0.116773903 0
vt -1.07242501 1.37829196 0
vt 0.232001901 0.512901127 0
vt 0.106294997 0.559600472 0
vt 0.442544609 0.948341429 0
vt -0.000164419005 0.559600472 0
vt 0.219482601 0.672670603 0
vt 0.0745621324 0.545234919 0
vt 0.748893023 0.300177693 0
vt 0.225921705 0.559600472 0
vt 0.398867995 0.948340893 0
vt 0.388778389 0.679676712 0
vt 0.0993105099 0.539651573 0
vt 0.221469 0.884781301 0
vt 0.143320903 0.676705718 0
vt 0.150263295 0.88478142 0
vt 0.324614912 0.968520105 0
vt 0.314525306 0.699855924 0
vt 0.207584307 0.662820578 0
vt 0.136378601 0.539651573 0
vt 0.351829499 0.142339706 0
vt 0.355955809 0.142588094 0
vt 0.199912503 0.176056206 0
vt 0.592412174 0.582334399 0
vt 0.516645193 0.582334518 0
vt 0.304044694 0.496051311 0
vt 0.475415409 0.142339706 0
vt 0.591536522 0.582334518 0
vt 0.604167879 0.0027756691 0
vt 0.591536701 0.378584594 0
vt 0.604168177 0.116372198 0
vt 0.892242312 0.0155977001 0
vt 0.492526293 0.682111382 0
vt 0.375962287 0.298965007 0
vt 0.298133612 0.235347494 0
vt 0.409837604 0.298965007 0
vt 0.497508287 0.680340409 0
vt 0.628514409 0.126416504 0
vt 0.629885077 0.39438659 0

# 652 vertex normals
vn -4.13818535e-09 0 0.0253999997
vn -1.87347493e-09 0.0226478688 0.0114993062
vn -0.0253999997 0 6.23044893e-10
vn -0.012172767 0.0222931299 -1.98319561e-09
vn -0.0121727688 0.0222931299 -1.98319583e-09
vn 0 0.0253999978 0
vn 0.0123258838 0.0222088378 2.00814143e-09
vn -1.89781146e-09 0.0225714017 0.0116486838
vn -0.0123258783 0.0222088415 -2.00814054e-09
vn -0.0123258755 0.0222088434 -2.0081401e-09
vn 0.0123259081 0.022208821 2.00814543e-09
vn 0.0123259034 0.0222088285 2.00814476e-09
vn 2.04924833e-09 0.0220669173 -0.0125781968
vn 2.04924633e-09 0.0220669266 -0.0125781838
vn -0.0123258857 0.0222088359 -2.00814165e-09
vn -1.8978128e-09 0.0225713961 0.0116486913
vn 0.0104015004 0.0231722705 -0.000120273173
vn 0.0104016168 0.0231722202 -0.000120239878
vn -0.00993580371 0.0233760495 -1.19986296e-07
vn -0.00993623585 0.0233758688 -2.52919307e-07
vn -1.87347449e-09 0.0226478651 0.0114993043
vn 0.0253999997 0 -1.96679402e-08
vn 0.012172767 0.0222931337 -9.4531547e-09
vn 0.0121727772 0.0222931225 1.98319716e-09
vn 4.13818535e-09 0 -0.0253999997
vn 2.02403161e-09 0.0221544262 -0.0124234166
vn -0.0155708836 0.0200675763 -2.53681898e-09
vn -0.0155709181 0.0200675447 1.07012994e-08
vn -0.0253989324 -0.000232880004 -4.13801127e-09
vn -0.0253999997 0 -4.13818535e-09
vn -0.0218726564 -0.0129130492 -3.56350816e-09
vn 1.91217122e-08 0 0.0253999997
vn -0.0218726583 -0.012913052 9.42899874e-08
vn -0.0218726154 -0.01291312 -3.56350149e-09
vn -0.0218726117 -0.0129131312 9.43801695e-08
vn 0.0253999997 0 4.13818535e-09
vn 0.0218726564 -0.0129130492 3.56350816e-09
vn 0.0218726154 -0.01291312 3.56350149e-09
vn 8.89015084e-08 0 0.0253999997
vn -0.021872649 -0.0129130688 -3.56350682e-09
vn 8.89012526e-08 0 0.0253999997
vn -0.0253999997 -8.74298411e-09 1.00660786e-08
vn -0.021872649 -0.0129130688 8.66816752e-09
vn -0.0218726415 -0.0129130753 -3.56350571e-09
vn 3.5635046e-09 -0.0129130837 -0.0218726359
vn 0.0253999997 0 -4.23814086e-08
vn -3.56350838e-09 -0.012913052 0.0218726583
vn -3.56350816e-09 -0.0129130492 0.0218726564
vn -3.56350816e-09 -0.012913052 0.0218726564
vn 5.26790771e-08 0 0.0253999997
vn 4.53632438e-08 -0.012913052 0.0218726583
vn 2.42849225e-08 1.06837224e-08 0.0253999997
vn 5.27080282e-08 2.13674696e-08 0.0253999997
vn 0.0218725875 -0.012913161 6.13342763e-08
vn 3.20547819e-08 -2.13676206e-08 0.0253999997
vn -2.42849225e-08 1.0683773e-08 -0.0253999997
vn -0.0218726452 -0.0129130688 -3.56350638e-09
vn -0.0218726452 -0.0129130688 8.66819416e-09
vn 0.0253999997 1.0683773e-08 -7.08045107e-08
vn 0.0253999997 1.0683773e-08 -2.42849225e-08
vn -0.0253999997 -5.34189937e-09 1.00733422e-08
vn -0.0253999997 5.34189937e-09 1.00733946e-08
vn -0.0253999997 4.27349853e-08 1.09554499e-07
vn 4.53632438e-08 -0.012913052 0.0218726564
vn -1.20835786e-10 2.0174685e-08 -0.0253999997
vn -1.20835786e-10 3.38767414e-09 -0.0253999997
vn -1.20835786e-10 -3.38767414e-09 -0.0253999997
vn -9.78154802e-09 9.84696946e-09 -0.0253999997
vn 8.65897931e-09 3.38767414e-09 -0.0253999997
vn -2.84599206e-08 -8.61595861e-09 -0.0253999997
vn 4.13818535e-09 -8.61595861e-09 -0.0253999997
vn 0 -0.0253999978 0
vn 1.20835786e-10 -9.55941637e-09 0.0253999997
vn 1.20835786e-10 0 0.0253999997
vn 1.20835786e-10 -3.38767414e-09 0.0253999997
vn 9.78154802e-09 9.84694459e-09 0.0253999997
vn 0.0253999997 -8.50356408e-09 -1.28979512e-08
vn 0.0253999997 0 -4.37988268e-09
vn 0.0253999997 -6.77534828e-09 -4.37988268e-09
vn 0.0253999997 0 -1.97215098e-08
vn 0.0253999997 0 -2.11362625e-08
vn 4.13818535e-09 -4.30796643e-09 -0.0253999997
vn -0.0253999997 0 4.37988268e-09
vn -0.0253999997 -3.38767414e-09 4.37988268e-09
vn 0.0253999997 0 -3.45376314e-08
vn -9.96045024e-09 0 0.0253999997
vn 0.0253999997 0 -3.18432001e-08
vn -0.0253999997 0 2.73682268e-08
vn -0.0253999997 0 -8.38239789e-09
vn -4.13818535e-09 1.49410653e-08 0.0253999997
vn -1.43656698e-09 -0.0238203723 0.00881758519
vn 3.02777048e-09 -0.0173142403 -0.0185843222
vn -2.24944396e-09 -0.0213196408 0.0138069876
vn 3.72944919e-09 -0.0110069569 -0.0228911955
vn 5.14727372e-10 -0.0252027437 -0.00315937377
vn -3.02777847e-09 -0.0173141882 0.0185843706
vn -5.14721155e-10 -0.0252027493 0.00315933581
vn 4.07666434e-09 -0.0043635061 -0.0250223856
vn -3.72945319e-09 -0.0110069085 0.0228912178
vn 1.43655732e-09 -0.0238203947 -0.00881752558
vn 2.24944841e-09 -0.0213196222 -0.0138070146
vn -4.07666656e-09 -0.0043634274 0.0250223987
vn -0.00315935863 -0.0252027437 -5.14724874e-10
vn 0.0185843632 -0.0173141994 3.02777736e-09
vn 0.00881761499 -0.0238203611 1.43657186e-09
vn 0.0250224136 -0.00436334871 4.07666878e-09
vn 0.00315932813 -0.0252027512 5.14719933e-10
vn 0.0228911992 -0.0110069495 3.72944964e-09
vn -0.0138069876 -0.0213196371 -2.24944396e-09
vn -0.0250223521 -0.00436370447 -4.07665857e-09
vn -0.0185843706 -0.0173141882 -3.02777847e-09
vn -0.0228912029 -0.0110069364 -3.72945053e-09
vn -0.0088175647 -0.0238203835 -1.43656365e-09
vn 0.0138069876 -0.0213196371 2.24944396e-09
vn 0 0 0
vn 5.19904342e-10 2.88637949e-08 -0.0253999997
vn -3.87640364e-09 3.8537129e-09 -0.0253999997
vn -1.65903469e-09 8.95161989e-09 -0.0253999997
vn -0.0253999997 5.72957903e-09 -4.13818535e-09
vn -0.0253999997 9.40813383e-09 -4.13818535e-09
vn 0.0253999997 0 2.04577866e-08
vn 1.43656698e-09 -0.0238203723 -0.00881758519
vn -3.02777048e-09 -0.0173142403 0.0185843222
vn 2.24944396e-09 -0.0213196408 -0.0138069876
vn -3.72944875e-09 -0.0110069616 0.0228911936
vn -5.14727372e-10 -0.0252027437 0.00315937377
vn 3.02777847e-09 -0.0173141882 -0.0185843706
vn 5.14721155e-10 -0.0252027493 -0.00315933581
vn -4.07666345e-09 -0.00436352659 0.0250223819
vn 3.72945319e-09 -0.0110069085 -0.0228912178
vn -1.43655732e-09 -0.0238203947 0.00881752558
vn -2.24944841e-09 -0.0213196222 0.0138070146
vn 4.07666656e-09 -0.0043634274 -0.0250223987
vn -0.0253999997 1.2424815e-08 4.61119837e-10
vn -1.05099196e-09 0.024567157 0.00645094225
vn 1.04310371e-09 0.0245798212 -0.00640252465
vn -0.0253999997 2.70017235e-08 -7.53356044e-10
vn -0.0253999997 8.10722156e-09 -9.38856903e-09
vn -4.06043199e-09 0.00490066037 0.0249227509
vn -0.0253999997 0 -1.42597036e-08
vn 0.0253999997 4.70407979e-09 4.13818535e-09
vn 1.65903469e-09 8.95161989e-09 0.0253999997
vn 3.87640364e-09 3.8537129e-09 0.0253999997
vn -5.19904342e-10 2.88640489e-08 0.0253999997
vn -4.13818535e-09 4.47413377e-08 0.0253999997
vn 0.0088175768 -0.0238203723 1.43656564e-09
vn 0.0228911936 -0.0110069644 3.72944875e-09
vn 0.0185843706 -0.0173141882 3.02777847e-09
vn 0.0250223577 -0.00436366349 4.0766599e-09
vn -0.00315932045 -0.0252027512 -5.14718657e-10
vn -0.0250224061 -0.00436338922 -4.07666745e-09
vn -0.00881762244 -0.0238203593 -1.43657308e-09
vn 0.00315935863 -0.0252027437 5.14724874e-10
vn 0.0253999997 8.27836732e-09 4.13818535e-09
vn 2.53674481e-09 -0.0200679265 -0.0155704282
vn -4.13801127e-09 -0.000233257 0.0253989305
vn 1.66304517e-08 -0.000233540108 0.0253989249
vn 4.13801127e-09 0.00023296781 -0.0253989324
vn 1.01949711e-08 0.0200680085 0.0155703248
vn -2.53672039e-09 0.0200680457 0.0155702783
vn -0.0253989305 -0.000233151004 -4.13801127e-09
vn -0.0253989305 -0.000233278173 3.59679664e-09
vn 0.0253989361 0.000232787643 4.13801216e-09
vn -0.0253989305 -0.000232913313 -4.13801127e-09
vn 0.0151998354 0.0203500595 2.47636756e-09
vn -0.0155705307 0.0200678483 2.20498664e-09
vn -0.0155705307 0.0200678445 2.20498664e-09
vn -0.0253989305 -0.000232992053 -4.13801127e-09
vn -0.0155706266 0.0200677738 -2.53677701e-09
vn -2.53681898e-09 0.0200675763 0.0155708836
vn -4.13801127e-09 -0.00023296781 0.0253989305
vn -0.0253999997 0 -5.83862345e-08
vn 0.0253999997 0 5.83862345e-08
vn -0.0253999997 0 -3.12623385e-08
vn 0.0253999997 0 4.48241586e-08
vn -9.29268893e-08 0 -0.0253999997
vn -9.29266406e-08 0 -0.0253999997
vn -0.0253999997 5.33575211e-08 -4.13818535e-09
vn -0.0253999997 0 2.70687632e-08
vn -0.0253999997 0 1.51896288e-07
vn -0.0253999997 0 1.51896032e-07
vn 1.01202247e-07 0 -0.0253999997
vn -2.62917741e-08 0 -0.0253999997
vn 6.43292921e-08 0 0.0253999997
vn 6.43295408e-08 0 0.0253999997
vn -2.69714828e-08 0 -0.0253999997
vn 6.58583659e-08 0 0.0253999997
vn 4.13818535e-09 6.52223742e-09 -0.0253999997
vn -0.0144453039 0.0208924171 -2.35343878e-09
vn -0.0144451559 0.0208925214 -2.35341457e-09
vn 0.014593197 0.0207893867 2.3775335e-09
vn 0.0145931607 0.0207894109 2.37752773e-09
vn 0.0145931588 0.0207894109 2.37752751e-09
vn 0.0253999997 0 1.96968844e-10
vn -0.0253999997 0 -1.96968844e-10
vn -3.00189782e-07 0.025113631 0.00380335259
vn -0.0253934283 8.64984468e-05 -0.000571241486
vn 0.000577694038 0.00380216632 -0.0251071677
vn 0.025393419 -8.65590046e-05 0.000571644341
vn -0.000577640953 -0.00380216888 0.0251071677
vn -0.0253998581 1.27020312e-05 -8.38758788e-05
vn 1.0154185e-08 -0.0251133312 -0.00380532118
vn 8.58485218e-05 0.00380329415 -0.0251134913
vn -5.0912071e-08 0.0251134671 0.00380441966
vn -8.58500425e-05 -0.0038032101 0.0251135062
vn 0.0253998525 -1.29769596e-05 8.57002087e-05
vn -0.0253998581 1.27011426e-05 -8.38758788e-05
vn 3.71263531e-09 -0.0251134578 -0.00380448811
vn 8.58727508e-05 0.00380302244 -0.025113536
vn -5.45061738e-08 0.0251134671 0.00380441966
vn -8.58803178e-05 -0.00380329415 0.0251134913
vn 0.0253998525 -1.29778991e-05 8.57002087e-05
vn -0.0253998581 1.27017765e-05 -8.38758788e-05
vn 5.45010899e-08 -0.0251134671 -0.00380441966
vn 8.58803178e-05 0.00380321266 -0.0251135081
vn -7.08396675e-09 0.0251134671 0.00380441966
vn -8.58727508e-05 -0.0038032101 0.0251135062
vn 0.0253998525 -1.29781793e-05 8.56986808e-05
vn -0.02539986 1.270142e-05 -8.38804262e-05
vn 3.9089926e-08 -0.0251141489 -0.00379991368
vn 8.10232414e-09 0.0251141414 0.00379998214
vn -8.58500425e-05 -0.00380293839 0.0251135491
vn 0.0253998544 -1.28406882e-05 8.47918272e-05
vn -0.0253998581 1.27008616e-05 -8.38758788e-05
vn -2.30076424e-07 -0.0251134671 -0.00380442198
vn 8.58803178e-05 0.00380293839 -0.0251135472
vn -8.58560888e-05 -0.00380293839 0.0251135491
vn 0.0253998544 -1.2838098e-05 8.47918272e-05
vn 5.80936614e-08 -0.0251134671 -0.00380441966
vn 8.58727508e-05 0.00380321266 -0.0251135081
vn 0.0253998544 -1.28389111e-05 8.47872798e-05
vn -0.0253998581 1.27023859e-05 -8.38788983e-05
vn -8.1075564e-09 -0.0251141414 -0.00379998214
vn 8.58969579e-05 0.00380302244 -0.025113536
vn -4.26789448e-08 0.0251141526 0.00379991368
vn -8.58727508e-05 -0.00380329415 0.0251134913
vn 0.0253998544 -1.28400543e-05 8.47888077e-05
vn -0.0253998581 1.27022586e-05 -8.38774067e-05
vn 3.63575161e-08 -0.0251142699 -0.00379911368
vn 8.58485218e-05 0.00380266178 -0.0251135863
vn -5.11498293e-08 0.0251134578 0.00380448811
vn 0.0253998544 -1.28377433e-05 8.47933479e-05
vn -0.0253998544 1.27017765e-05 -8.38758788e-05
vn 4.2678181e-08 -0.0251141489 -0.00379991368
vn 8.59166466e-05 0.00380279869 -0.0251135658
vn 2.30069318e-07 0.0251134671 0.00380441966
vn 0.0253998544 -1.28397742e-05 8.47918272e-05
vn 0.0253998544 -1.28401052e-05 8.47872798e-05
vn 5.11427132e-08 -0.0251134578 -0.00380448811
vn -0.0253998581 1.27014719e-05 -8.38774067e-05
vn 6.19818641e-10 -0.0251134671 -0.00380441966
vn 8.58560888e-05 0.00380307576 -0.0251135286
vn -6.79164325e-09 0.02511332 0.00380538963
vn -8.58439744e-05 -0.00380288763 0.0251135565
vn 0.0253998544 -1.28398251e-05 8.47872798e-05
vn -3.22412205e-07 0.0251136925 0.00380295631
vn -0.0253934283 8.65075417e-05 -0.000571246084
vn 0.000577702944 0.00380217144 -0.0251071658
vn 0.0253934301 -8.6506021e-05 0.000571242999
vn -0.000577849976 -0.00380216888 0.0251071621
vn 4.25115765e-08 0.0244148299 -0.00700542424
vn -0.025393419 -0.000159490912 -0.000555723382
vn 0.000577724189 -0.00700482167 -0.0244081672
vn 0.0253934283 0.00015937585 0.000555346429
vn -0.00057723216 0.00700482167 0.0244081803
vn -0.0253998581 -2.34009403e-05 -8.15428648e-05
vn -4.94380501e-08 -0.0244136751 0.00700945267
vn 8.58347921e-05 -0.00700614275 -0.024414476
vn 7.35305079e-08 0.0244149324 -0.00700507127
vn -8.58711137e-05 0.00700662285 0.0244143344
vn 0.0253998544 2.36542564e-05 8.24270392e-05
vn -0.0253998581 -2.28664485e-05 -8.16957981e-05
vn 1.8836667e-07 -0.0244137254 0.00700926734
vn 8.59135107e-05 -0.00700614275 -0.024414476
vn 3.3812519e-08 0.0244149528 -0.00700501027
vn -8.58711137e-05 0.00700688176 0.0244142637
vn 0.0253998544 2.3655095e-05 8.24285307e-05
vn -0.0253998544 -2.36536453e-05 -8.24239833e-05
vn -6.29683967e-08 -0.0244149826 0.00700488826
vn 8.58711137e-05 -0.00700702611 -0.0244142208
vn 3.88650179e-08 0.0244137254 -0.00700926734
vn -8.57999694e-05 0.00700654602 0.0244143568
vn 0.0253998544 2.36541273e-05 8.24330782e-05
vn -0.0253998581 -2.340018e-05 -8.15428648e-05
vn -2.78402457e-08 -0.024414897 0.00700519327
vn 8.58468848e-05 -0.0070063984 -0.0244144015
vn 8.01375606e-08 0.0244149324 -0.00700506847
vn -8.59604479e-05 0.00700614275 0.024414476
vn 0.0253998544 2.36541273e-05 8.24300587e-05
vn -0.0253998544 -2.36551696e-05 -8.24270392e-05
vn 1.84842165e-07 -0.0244137105 0.00700933067
vn 8.58711137e-05 -0.00700641656 -0.0244143941
vn 3.33784165e-08 0.0244149826 -0.00700488826
vn -8.58711137e-05 0.00700676953 0.0244142953
vn 0.0253998544 2.36564647e-05 8.24285307e-05
vn -0.0253998544 -2.36566684e-05 -8.24285307e-05
vn -4.06410621e-08 -0.0244149305 0.00700507127
vn 3.40200472e-08 0.0244149305 -0.00700507127
vn -8.58468848e-05 0.00700702611 0.0244142246
vn 0.0253998544 2.36583437e-05 8.24315575e-05
vn -0.0253998544 -2.36565666e-05 -8.24300587e-05
vn -3.44559297e-08 -0.024414897 0.00700519327
vn 8.58468848e-05 -0.00700688176 -0.0244142637
vn -1.96095044e-07 0.024414897 -0.00700519327
vn 0.0253998544 2.36574288e-05 8.24300587e-05
vn -0.0253998544 -2.36541782e-05 -8.24285307e-05
vn -1.87295257e-07 0.0244136397 -0.00700957468
vn -8.58711137e-05 0.0070063984 0.0244144015
vn 0.0253998544 2.36536725e-05 8.24300587e-05
vn -0.0253998544 -2.36568721e-05 -8.24300587e-05
vn 8.58468848e-05 -0.00700702611 -0.0244142246
vn 2.7639576e-08 0.0244149156 -0.00700512948
vn -8.58711137e-05 0.00700689899 0.0244142562
vn 0.0253998544 2.36566684e-05 8.24285307e-05
vn -0.0253998581 -2.33993414e-05 -8.15428648e-05
vn 2.03125282e-07 -0.0244149305 0.00700507127
vn 8.58453859e-05 -0.00700614275 -0.024414476
vn 7.68462272e-08 0.0244149324 -0.00700507127
vn -8.59135107e-05 0.00700614275 0.024414476
vn 0.0253998544 2.36538235e-05 8.24270392e-05
vn -0.0253998544 -2.36562882e-05 -8.24285307e-05
vn -7.03121827e-08 -0.0244151913 0.00700415671
vn 8.5936219e-05 -0.00700702611 -0.0244142208
vn -1.80664088e-07 0.0244136397 -0.00700957468
vn -8.59150314e-05 0.00700678444 0.0244142916
vn 0.0253998544 2.36513843e-05 8.24255112e-05
vn -0.0253998581 -2.28660683e-05 -8.16957981e-05
vn -5.2218212e-08 -0.024413446 0.00701024244
vn 8.58711137e-05 -0.00700614275 -0.024414476
vn 1.72757986e-08 0.024414951 -0.00700501027
vn -8.58453859e-05 0.00700677233 0.0244142953
vn 0.0253998544 2.36537708e-05 8.24270392e-05
vn -0.0253998544 -2.36565411e-05 -8.24330782e-05
vn -3.44665985e-08 -0.024414897 0.00700519327
vn 8.58241765e-05 -0.00700662285 -0.0244143344
vn 4.19319512e-08 0.0244148262 -0.00700543681
vn -8.58711137e-05 0.00700713508 0.024414191
vn 0.0253998544 2.36561609e-05 8.24285307e-05
vn -0.0253998581 -2.286772e-05 -8.16972897e-05
vn -4.87943872e-08 -0.0244137254 0.00700926734
vn 3.42433246e-08 0.0244149175 -0.0070051318
vn -8.58711137e-05 0.00700713834 0.024414191
vn 0.0253998544 2.36522756e-05 8.24255112e-05
vn 8.67922125e-08 0.0244142953 -0.0070072962
vn -0.0253934283 -0.000159372823 -0.00055533601
vn 0.000577724189 -0.007004824 -0.0244081672
vn 0.0253934301 0.000159371295 0.000555334438
vn -0.000577825529 0.00700482167 0.0244081672
vn -3.12620827e-08 0 0.0253999997
vn 5.83859823e-08 0 -0.0253999997
vn 0.0253999997 0 4.48244144e-08
vn 0.0253999997 0 3.12620827e-08
vn 3.12620827e-08 0 -0.0253999997
vn 5.83862381e-08 0 -0.0253999997
vn 3.25490845e-07 0.0253999978 5.30291922e-14
vn -3.25490845e-07 -0.0253999978 -5.30291922e-14
vn 1.54396107e-15 -0.0253999978 -9.47676515e-09
vn 0.0253999997 0 -5.2722509e-08
vn -1.54396107e-15 0.0253999978 9.47676515e-09
vn 5.05119822e-08 4.63737919e-08 -0.0253999997
vn 1.26061135e-08 0 -0.0253999997
vn -0.0253999997 0 4.59597231e-07
vn 7.55525098e-15 -0.0253999978 -4.63737955e-08
vn -7.55525098e-15 0.0253999978 4.63737955e-08
vn 7.7197847e-16 -0.0253999978 -4.7383697e-09
vn -7.7197847e-16 0.0253999978 4.7383697e-09
vn -4.13818535e-09 4.68172745e-09 0.0253999997
vn 4.13818535e-09 -6.24232932e-09 -0.0253999997
vn -0.0253999997 -3.121152e-09 4.22348485e-08
vn 0.0253999997 3.121152e-09 4.13818535e-09
vn 4.13818535e-09 -3.121152e-09 -0.0253999997
vn -4.13818535e-09 3.121152e-09 0.0253999997
vn 4.13818535e-09 3.121152e-09 -0.0253999997
vn 7.71982652e-16 -0.0253999978 -4.73839545e-09
vn 0.0253999997 0 1.36149501e-08
vn -7.71982652e-16 0.0253999978 4.73839545e-09
vn -0.0253999997 0 -1.36149501e-08
vn 0.0253999997 0 8.87658125e-09
vn -5.05119822e-08 -4.63737919e-08 0.0253999997
vn -8.37213676e-09 0 0.0253999997
vn 4.63735432e-08 -0.0253999978 -4.73836215e-09
vn 4.63737955e-08 -0.0253999978 -4.7383879e-09
vn 4.13818535e-09 -8.92995367e-09 -0.0253999997
vn -0.0253999997 0 -1.74038952e-08
vn 0.0253999997 -1.12390673e-07 4.13818535e-09
vn 0.0253999997 0 7.04667329e-08
vn -2.08876045e-08 0 0.0253999997
vn -1.96493044e-08 0 0.0253999997
vn 1.5304483e-08 0 -0.0253999997
vn 1.53044581e-08 0 -0.0253999997
vn -0.0253999997 0 -1.74038686e-08
vn -5.10268379e-08 0 0.0253999997
vn -4.43717845e-08 0 0.0253999997
vn -4.87736038e-08 0 0.0253999997
vn -7.39736663e-08 0 -0.0253999997
vn -6.62708644e-08 0 -0.0253999997
vn -7.79167664e-08 0 -0.0253999997
vn 0.0155708808 0.0200675763 2.53681853e-09
vn 0.0155709181 0.0200675447 -1.07012745e-08
vn 0.0253989324 -0.000232849721 4.13801127e-09
vn -7.44710391e-08 0 0.0253999997
vn -6.44885816e-08 0 0.0253999997
vn -7.10910655e-08 0 0.0253999997
vn -4.04972305e-08 0 -0.0253999997
vn -3.60954111e-08 0 -0.0253999997
vn -4.27504645e-08 0 -0.0253999997
vn -3.14436583e-08 0 -0.0253999997
vn 0.0253999997 0 1.35152104e-05
vn 0.025399996 0 1.35152104e-05
vn -0.0253999997 0 1.24752431e-08
vn -0.0253999997 0 6.93743374e-09
vn -0.0253999997 0 1.52441491e-08
vn -0.0146646667 0.0146646677 -0.0146646714
vn -0.0179599188 0.017959917 -2.92604208e-09
vn -0.0146638928 0.0146646677 -0.0146646714
vn 2.01190844e-07 0.0253999978 3.2778149e-14
vn 2.09238578e-07 0.0253999978 3.40892916e-14
vn -4.13818535e-09 2.80776635e-06 0.0253999997
vn -2.13263496e-09 0.0217672084 0.01309002
vn -4.9084572e-09 9.78336789e-09 -0.0253999997
vn -4.84345763e-09 9.71308634e-09 -0.0253999997
vn -0.0253999997 1.01178097e-08 -4.13818535e-09
vn -0.0253999997 1.01910125e-08 -4.13818535e-09
vn 0.0133970017 0.0215796269 -1.16232171e-08
vn 0.013397078 0.0215795804 -9.02409791e-09
vn 0.0253999997 8.1059774e-08 -1.71091443e-08
vn -3.19327054e-09 0 -0.0253999997
vn -1.39931194e-06 0 0.0253999997
vn 0.0253999997 0 -2.35343531e-08
vn 0.0253999997 3.88523418e-08 4.13818535e-09
vn 0.0253999997 6.69843629e-08 -2.20227978e-08
vn -6.82628309e-09 3.32112582e-09 -0.0253999997
vn 2.78735346e-09 0 0.0253999997
vn -1.34050104e-08 0 -0.0253999997
vn -4.63342564e-09 -2.23281482e-08 -0.0253999997
vn -2.3818294e-09 0.021767471 -0.0130895805
vn 2.13257767e-09 0.0217674151 -0.013089668
vn -6.56557786e-09 0 -0.0253999997
vn -8.21318918e-06 0 0.0253999997
vn -8.23282335e-06 -2.75224199e-08 0.0253999997
vn -0.0253999997 0 -8.94399818e-06
vn -8.21318918e-06 0 0.025399996
vn 8.22012407e-06 0 -0.025399996
vn 4.61700855e-09 0.0253999978 7.52206179e-16
vn -6.44888374e-08 0 0.0253999997
vn -1.25234525e-08 3.76638809e-08 -0.0253999997
vn -8.23282335e-06 0 0.0253999997
vn -4.13740109e-09 0.000494540262 0.0253951866
vn -2.13261542e-09 0.021767281 0.0130898999
vn -2.13261542e-09 0.0217672773 0.0130898999
vn 0.0141090378 0.0211209618 2.29865416e-09
vn 1.73627523e-05 0 -0.025399996
vn 1.73627268e-05 0 -0.025399996
vn 2.40618259e-09 0.0206648335 -0.0147690428
vn 0.000128956846 0.0203886852 -0.0151474401
vn 7.20125026e-05 0 -0.0253998991
vn 7.67027377e-05 0 -0.0253998861
vn -0.0151841547 0.0203617606 -2.47381293e-09
vn -0.0151841547 0.0203617644 -2.47381293e-09
vn 1.77501711e-08 0 -0.0253999997
vn 4.13818535e-09 -1.62119296e-08 -0.0253999997
vn 2.5457676e-09 0.0200248342 -0.0156258103
vn -2.54576116e-09 0.0200248677 0.0156257711
vn -4.13818535e-09 -4.86359149e-08 0.0253999997
vn 3.66976494e-08 0 0.0253999997
vn -0.0151836779 0.0203621183 -2.47373522e-09
vn -0.0253969543 0 0.000393131224
vn -0.0136450501 0.0214227326 0.000197929607
vn -0.0136714689 0.021405749 0.000211626393
vn -0.0253973268 0 0.000368402281
vn -0.0253973305 0 0.000368403824
vn 7.38240051e-05 0 0.0253998935
vn -0.025399996 0 9.15705732e-06
vn -0.0133924466 0.0215824526 4.82816176e-06
vn -0.0134010604 0.0215771031 4.5316151e-06
vn -0.0253999997 0 8.58908788e-06
vn 4.13818535e-09 -1.11640608e-08 -0.0253999997
vn 1.761512e-08 0 -0.0253999997
vn -0.0253999922 0 2.10942708e-05
vn -0.0141831143 0.0210604742 0.000675044081
vn -0.0162840113 0.0194933526 1.48658719e-05
vn -0.0253999885 0 2.31879658e-05
vn -0.0253999885 1.62119296e-08 2.32164402e-05
vn 3.36420708e-05 0.022457879 -0.0118660191
vn 3.58479156e-05 0.0224551037 -0.0118712662
vn 2.5457676e-09 0.0200248323 -0.0156258103
vn 7.87913086e-05 0 0.0253998768
vn 3.68265901e-05 0.0224547293 0.0118719721
vn 3.44890577e-05 0.022457609 0.0118665295
vn 1.73627268e-05 0 -0.0253999922
vn -0.0253999885 0 2.32164402e-05
vn -0.0253973305 0 0.000368402281
vn -0.025399996 0 8.58908788e-06
vn 1.9121611e-08 0 0.0253999997
vn -0.0253999997 -6.99439724e-08 1.09495836e-07
vn -0.0218726564 -0.0129130492 -1.80060482e-08
vn 4.13818535e-09 2.97339984e-08 -0.0253999997
vn -1.20835786e-10 -3.19153504e-09 -0.0253999997
vn 1.60680305e-08 0 -0.0253999997
vn -6.50654641e-10 3.38767414e-09 -0.0253999997
vn -9.78154802e-09 0 -0.0253999997
vn 1.20835786e-10 -3.19153504e-09 0.0253999997
vn 1.47054138e-08 8.61595861e-09 0.0253999997
vn 9.78154802e-09 8.61595861e-09 0.0253999997
vn 0.0253999997 2.97339984e-08 4.13818535e-09
vn 0.0253999997 6.77534828e-09 -1.28979512e-08
vn 0.0253999997 1.14963195e-08 -4.37988268e-09
vn 0.0253999997 6.77534828e-09 -5.4395195e-09
vn -2.49741294e-09 6.18208063e-09 -0.0253999997
vn -9.03054076e-10 1.3618692e-08 -0.0253999997
vn 4.13818535e-09 9.16508114e-09 -0.0253999997
vn -1.45301549e-09 0 -0.0253999997
vn 0.0253999997 9.40813383e-09 4.13818535e-09
vn -0.0253999997 8.06086753e-09 1.08217479e-09
vn -0.0253999997 0 9.14535059e-10
vn 5.87085158e-10 -0.0251430832 -0.00360350311
vn -0.0253999997 4.70407979e-09 -4.13818535e-09
vn 1.45301549e-09 0 0.0253999997
vn -4.13818535e-09 9.16508114e-09 0.0253999997
vn 9.03079833e-10 1.3618692e-08 0.0253999997
vn 2.49741294e-09 6.18208063e-09 0.0253999997
vn 1.26588205e-07 0.0251136925 0.00380296656
vn -0.0253934376 8.64303292e-05 -0.000570847827
vn 0.000577595492 0.00380216399 -0.0251071677
vn 0.0253934301 -8.65075417e-05 0.000571247598
vn -0.0005775381 -0.00380217144 0.0251071677
vn -0.02539986 1.27017001e-05 -8.38758788e-05
vn 5.11422051e-08 -0.0251134578 -0.00380448811
vn -5.0908767e-08 0.0251134671 0.00380441966
vn 0.0253998525 -1.29781283e-05 8.57017076e-05
vn 7.07179959e-09 -0.0251134671 -0.00380441966
vn 8.58560888e-05 0.0038032101 -0.0251135081
vn -5.45013457e-08 0.0251134671 0.00380441966
vn 0.0253998525 -1.29778991e-05 8.56986808e-05
vn 5.45013457e-08 -0.0251134671 -0.00380441966
vn 8.58727508e-05 0.00380329415 -0.0251134913
vn -7.07179959e-09 0.0251134671 0.00380441966
vn -0.0253998581 1.27021076e-05 -8.38788983e-05
vn 3.5734594e-08 -0.0251141414 -0.00379998214
vn -3.62414312e-08 0.0251142774 0.00379908038
vn 0.0253998544 -1.28404854e-05 8.47918272e-05
vn -1.16959171e-08 -0.0251141414 -0.00379998214
vn 8.59166466e-05 0.00380252698 -0.0251136106
vn -8.58803178e-05 -0.00380321266 0.0251135062
vn 5.47355476e-08 -0.0251134578 -0.00380448811
vn 8.58969579e-05 0.00380293839 -0.0251135472
vn -5.45010899e-08 0.0251134671 0.00380441966
vn -0.0253998581 1.27017001e-05 -8.38804262e-05
vn -2.29844019e-07 -0.0251134578 -0.0038044909
vn 8.58803178e-05 0.0038032101 -0.0251135081
vn -3.93238722e-08 0.0251141414 0.00379998214
vn -8.59166466e-05 -0.00380279869 0.0251135696
vn 0.0253998544 -1.28390129e-05 8.47918272e-05
vn -0.0253998581 1.27006842e-05 -8.38819469e-05
vn -7.99096611e-09 -0.025114134 -0.0038000152
vn 8.58727508e-05 0.00380239217 -0.0251136292
vn -0.02539986 1.27007343e-05 -8.38788983e-05
vn 3.93238722e-08 -0.0251141414 -0.00379998214
vn 8.34076541e-09 0.0251141489 0.00379991368
vn 0.0253998544 -1.28404608e-05 8.47902993e-05
vn -0.0253998581 1.27007861e-05 -8.38758788e-05
vn 5.11419529e-08 -0.0251134578 -0.00380448811
vn -0.0253998581 1.27020057e-05 -8.38774067e-05
vn -0.0253998581 1.27006842e-05 -8.38758788e-05
vn 8.58439744e-05 0.00380321266 -0.0251135081
vn 1.16790829e-07 0.0251136236 0.00380339357
vn -0.0253934283 8.6506021e-05 -0.000571242999
vn 0.000577528961 0.00380217144 -0.0251071677
vn 0.0253934283 -8.6506021e-05 0.000571239972
vn -0.000577697065 -0.00380217144 0.0251071677
vn 2.14673037e-06 0.0244143009 -0.00700727571
vn -0.0253934283 -0.000159387957 -0.00055533601
vn 0.000577790663 -0.00700482167 -0.0244081672
vn 0.0253934283 0.000159372823 0.000555337523
vn -0.000577925588 0.00700482959 0.0244081635
vn -0.02539986 -2.33985793e-05 -8.15413587e-05
vn -4.94383059e-08 -0.0244136751 0.00700945267
vn 8.58711137e-05 -0.00700654602 -0.0244143568
vn 7.35218748e-08 0.0244149305 -0.00700507127
vn -8.58347921e-05 0.00700702611 0.0244142246
vn -0.0253998544 -2.36522756e-05 -8.24255112e-05
vn -3.33817169e-08 -0.0244149826 0.00700488826
vn 8.58711137e-05 -0.00700662285 -0.0244143344
vn 3.3812519e-08 0.0244149473 -0.00700501027
vn -8.58711137e-05 0.00700687943 0.0244142618
vn 0.0253998544 2.36555497e-05 8.24270392e-05
vn -0.0253998544 -2.36560336e-05 -8.24270392e-05
vn -3.14590984e-08 -0.024415141 0.00700433925
vn 8.59604479e-05 -0.00700603053 -0.0244145077
vn -1.89048805e-07 0.0244148616 -0.00700531527
vn -8.58362982e-05 0.00700614275 0.024414476
vn 0.0253998544 2.36543074e-05 8.24315575e-05
vn -0.0253998544 -2.3118977e-05 -8.25844618e-05
vn 1.75343345e-07 -0.0244137459 0.00700920913
vn 8.58590065e-05 -0.00700626895 -0.024414435
vn 2.75068324e-08 0.0244151913 -0.00700415671
vn -8.58575004e-05 0.00700728502 0.02441415
vn 0.0253998544 2.36559335e-05 8.24239833e-05
vn -0.0253998544 -2.36534179e-05 -8.24255112e-05
vn -3.38107391e-08 -0.0244149473 0.00700501027
vn 8.59256252e-05 -0.00700702611 -0.0244142208
vn -1.8836667e-07 0.0244137254 -0.00700926734
vn -8.59135107e-05 0.00700628711 0.024414435
vn 0.0253998544 2.36527831e-05 8.24255112e-05
vn -2.82707973e-08 -0.0244148616 0.00700531527
vn 8.5893822e-05 -0.00700728269 -0.0244141445
vn -1.81531789e-07 0.0244137105 -0.00700933067
vn -8.5936219e-05 0.00700603053 0.0244145077
vn 0.0253998544 2.36521209e-05 8.24255112e-05
vn 8.58711137e-05 -0.00700713508 -0.024414191
vn 4.23900381e-08 0.0244137105 -0.00700932788
vn -8.5936219e-05 0.00700614275 0.024414476
vn 0.0253998544 2.36524775e-05 8.24255112e-05
vn -3.40271562e-08 -0.0244149305 0.00700507127
vn 4.06410621e-08 0.0244149305 -0.00700507127
vn -8.5893822e-05 0.00700614275 0.024414476
vn -0.0253998544 -2.3656643e-05 -8.24300587e-05
vn -1.84842165e-07 0.0244137105 -0.00700933067
vn -8.59256252e-05 0.00700628711 0.024414435
vn 0.0253998544 2.3652985e-05 8.24255112e-05
vn -0.0253998544 -2.31185695e-05 -8.25829629e-05
vn 8.58711137e-05 -0.00700641656 -0.0244143959
vn 7.9922664e-08 0.0244149473 -0.00700500794
vn -8.58575004e-05 0.00700676953 0.0244142953
vn 0.0253998544 2.3655577e-05 8.24285307e-05
vn -0.0253998544 -2.36558808e-05 -8.24300587e-05
vn 2.34571687e-07 -0.0244134646 0.0070101819
vn 8.58347921e-05 -0.00700588292 -0.0244145487
vn 3.48867317e-08 0.0244148616 -0.00700531527
vn -8.58711137e-05 0.00700728269 0.0244141445
vn -0.0253998544 -2.3652452e-05 -8.24255112e-05
vn -9.2236796e-08 -0.0244136751 0.00700945267
vn 2.78402457e-08 0.024414897 -0.00700519327
vn -8.58135827e-05 0.00700713834 0.024414191
vn -0.0253998544 -2.36574288e-05 -8.24300587e-05
vn -2.741122e-08 -0.0244149305 0.00700507127
vn 2.07971631e-08 0.0244149305 -0.00700507127
vn -8.5893822e-05 0.00700688176 0.0244142637
vn -4.87926073e-08 -0.0244137254 0.00700926734
vn 3.42415412e-08 0.0244149156 -0.00700512948
vn 0.0253998544 2.36572287e-05 8.24300587e-05
vn 1.16569403e-07 0.024414286 -0.00700731901
vn -0.0253934283 -0.000159372823 -0.000555338804
vn 0.000577746774 -0.007004824 -0.0244081672
vn 0.0253934283 0.000159372823 0.000555338804
vn -0.000577780011 0.00700481888 0.0244081672
vn 7.55520948e-15 -0.0253999978 -4.63735432e-08
vn -7.55520948e-15 0.0253999978 4.63735432e-08
vn 0.0253999997 0 -4.22348485e-08
vn -4.63737955e-08 0.0253999978 -7.55525098e-15
vn 0.0253999997 0 -4.79841376e-08
vn 0.0253999997 0 -4.79838889e-08

# Mesh 'fortressMesh_020-mesh' with 3158 faces
g fortressMesh_020-mesh
usemtl DefaultMaterial
f  1/1/1 2/2/1 3/3/1
f  4/1/2 5/4/2 6/5/2
f  7/6/3 8/7/3 9/8/3
f  10/6/3 11/9/3 12/7/3
f  13/6/4 14/10/4 15/11/4
f  16/6/5 17/8/5 18/10/5
f  19/12/6 20/13/6 21/14/6
f  22/12/6 23/15/6 24/13/6
f  25/16/6 26/17/6 27/18/6
f  28/16/6 29/19/6 30/17/6
f  31/20/6 32/21/6 33/22/6
f  34/20/6 35/23/6 36/21/6
f  37/12/6 38/13/6 39/15/6
f  40/12/6 41/14/6 42/13/6
f  43/24/7 44/25/7 45/26/7
f  46/24/7 47/27/7 48/25/7
f  49/28/8 50/29/8 51/30/8
f  52/28/8 53/31/8 54/29/8
f  55/32/9 56/33/9 57/34/9
f  58/32/10 59/35/10 60/33/10
f  61/36/11 62/37/11 63/38/11
f  64/36/12 65/39/12 66/37/12
f  67/36/13 68/40/13 69/39/13
f  70/36/13 71/41/13 72/40/13
f  73/32/14 74/42/14 75/43/14
f  76/32/13 77/34/13 78/42/13
f  79/28/15 80/44/15 81/45/15
f  82/28/10 83/30/10 84/44/10
f  85/24/16 86/46/16 87/47/16
f  88/24/16 89/26/16 90/46/16
f  91/48/17 92/49/17 93/50/17
f  94/48/18 95/51/18 96/49/18
f  97/51/19 98/52/19 99/49/19
f  100/51/20 101/53/20 102/52/20
f  103/1/1 104/3/1 105/54/1
f  106/1/21 107/54/21 108/4/21
f  109/55/22 110/56/22 111/57/22
f  112/55/22 113/58/22 114/56/22
f  115/55/23 116/59/23 117/58/23
f  118/55/24 119/60/24 120/59/24
f  121/61/25 122/62/25 123/63/25
f  124/63/25 125/64/25 126/61/25
f  127/63/26 128/65/26 129/66/26
f  130/63/26 131/62/26 132/65/26
f  133/67/25 134/68/25 135/69/25
f  136/67/25 137/70/25 138/68/25
f  139/67/1 140/68/1 141/71/1
f  142/67/1 143/69/1 144/68/1
f  145/72/27 146/73/27 147/74/27
f  148/72/28 149/75/28 150/73/28
f  151/74/29 152/76/29 153/77/29
f  154/74/29 155/73/29 156/76/29
f  157/78/25 158/79/25 159/80/25
f  160/79/1 161/81/1 162/82/1
f  163/83/30 164/84/30 165/85/30
f  166/85/31 167/86/31 168/87/31
f  169/78/25 170/79/25 171/80/25
f  172/79/32 173/81/32 174/82/32
f  175/83/30 176/84/30 177/85/30
f  178/85/33 179/86/33 180/87/33
f  181/78/25 182/79/25 183/80/25
f  184/79/1 185/81/1 186/82/1
f  187/83/30 188/84/30 189/85/30
f  190/85/34 191/86/34 192/87/34
f  193/78/25 194/79/25 195/80/25
f  196/79/1 197/81/1 198/82/1
f  199/83/30 200/84/30 201/85/30
f  202/85/34 203/86/34 204/87/34
f  205/78/25 206/79/25 207/80/25
f  208/79/1 209/81/1 210/82/1
f  211/83/30 212/84/30 213/85/30
f  214/85/35 215/86/35 216/88/35
f  217/78/25 218/79/25 219/80/25
f  220/79/1 221/81/1 222/82/1
f  223/83/30 224/84/30 225/85/30
f  226/85/31 227/86/31 228/87/31
f  229/78/25 230/79/25 231/80/25
f  232/79/1 233/81/1 234/82/1
f  235/83/30 236/84/30 237/85/30
f  238/85/31 239/86/31 240/87/31
f  241/78/25 242/79/25 243/80/25
f  244/79/1 245/81/1 246/82/1
f  247/83/30 248/84/30 249/85/30
f  250/85/31 251/86/31 252/88/31
f  253/78/25 254/79/25 255/80/25
f  256/79/1 257/81/1 258/82/1
f  259/83/30 260/84/30 261/85/30
f  262/85/31 263/86/31 264/87/31
f  265/78/25 266/79/25 267/80/25
f  268/79/1 269/81/1 270/82/1
f  271/83/30 272/84/30 273/85/30
f  274/85/31 275/86/31 276/87/31
f  277/78/25 278/79/25 279/80/25
f  280/79/1 281/81/1 282/82/1
f  283/83/30 284/84/30 285/85/30
f  286/85/31 287/86/31 288/88/31
f  289/89/25 290/90/25 291/91/25
f  292/90/36 293/92/36 294/93/36
f  295/94/1 296/95/1 297/96/1
f  298/95/25 299/97/25 300/98/25
f  301/99/36 302/100/36 303/101/36
f  304/101/37 305/102/37 306/103/37
f  307/94/1 308/95/1 309/96/1
f  310/95/25 311/97/25 312/98/25
f  313/99/36 314/100/36 315/101/36
f  316/101/37 317/102/37 318/103/37
f  319/94/1 320/95/1 321/96/1
f  322/95/25 323/97/25 324/98/25
f  325/99/36 326/100/36 327/101/36
f  328/101/37 329/102/37 330/103/37
f  331/94/1 332/95/1 333/96/1
f  334/95/25 335/97/25 336/98/25
f  337/99/36 338/100/36 339/101/36
f  340/101/38 341/102/38 342/103/38
f  343/94/1 344/95/1 345/96/1
f  346/95/25 347/97/25 348/98/25
f  349/99/36 350/100/36 351/101/36
f  352/101/38 353/102/38 354/103/38
f  355/94/39 356/95/39 357/96/39
f  358/95/25 359/97/25 360/98/25
f  361/99/36 362/100/36 363/101/36
f  364/101/38 365/102/38 366/103/38
f  367/104/25 368/105/25 369/106/25
f  370/105/1 371/107/1 372/108/1
f  373/109/30 374/110/30 375/111/30
f  376/111/40 377/112/40 378/113/40
f  379/104/25 380/105/25 381/106/25
f  382/105/41 383/107/41 384/108/41
f  385/109/42 386/110/42 387/111/42
f  388/111/40 389/112/40 390/113/40
f  391/104/25 392/105/25 393/106/25
f  394/105/1 395/107/1 396/108/1
f  397/109/30 398/110/30 399/111/30
f  400/111/43 401/112/43 402/113/43
f  403/104/25 404/105/25 405/106/25
f  406/105/1 407/107/1 408/108/1
f  409/109/42 410/110/42 411/111/42
f  412/111/40 413/112/40 414/113/40
f  415/104/25 416/105/25 417/106/25
f  418/105/1 419/107/1 420/108/1
f  421/109/30 422/110/30 423/111/30
f  424/111/44 425/112/44 426/113/44
f  427/104/25 428/105/25 429/106/25
f  430/105/1 431/107/1 432/108/1
f  433/109/30 434/110/30 435/111/30
f  436/111/43 437/112/43 438/113/43
f  439/114/36 440/115/36 441/116/36
f  442/115/30 443/117/30 444/118/30
f  445/119/25 446/120/25 447/121/25
f  448/121/45 449/122/45 450/123/45
f  451/114/36 452/115/36 453/116/36
f  454/115/30 455/117/30 456/118/30
f  457/119/25 458/120/25 459/121/25
f  460/121/45 461/122/45 462/123/45
f  463/114/36 464/115/36 465/116/36
f  466/115/30 467/117/30 468/118/30
f  469/119/25 470/120/25 471/121/25
f  472/121/45 473/122/45 474/123/45
f  475/114/46 476/115/46 477/116/46
f  478/115/30 479/117/30 480/118/30
f  481/119/25 482/120/25 483/121/25
f  484/121/45 485/122/45 486/123/45
f  487/114/36 488/115/36 489/116/36
f  490/115/30 491/117/30 492/118/30
f  493/119/25 494/120/25 495/121/25
f  496/121/45 497/122/45 498/123/45
f  499/114/36 500/115/36 501/116/36
f  502/115/30 503/117/30 504/118/30
f  505/119/25 506/120/25 507/121/25
f  508/121/45 509/122/45 510/123/45
f  511/124/30 512/125/30 513/126/30
f  514/125/36 515/127/36 516/128/36
f  517/129/1 518/130/1 519/131/1
f  520/131/47 521/132/47 522/133/47
f  523/124/30 524/125/30 525/126/30
f  526/125/36 527/127/36 528/128/36
f  529/129/1 530/130/1 531/131/1
f  532/131/48 533/132/48 534/133/48
f  535/124/30 536/125/30 537/126/30
f  538/125/36 539/127/36 540/128/36
f  541/129/1 542/130/1 543/131/1
f  544/131/48 545/132/48 546/133/48
f  547/124/30 548/125/30 549/126/30
f  550/125/36 551/127/36 552/128/36
f  553/129/1 554/130/1 555/131/1
f  556/131/49 557/132/49 558/133/49
f  559/124/30 560/125/30 561/126/30
f  562/125/36 563/127/36 564/128/36
f  565/129/1 566/130/1 567/131/1
f  568/131/49 569/132/49 570/133/49
f  571/124/30 572/125/30 573/126/30
f  574/125/36 575/127/36 576/128/36
f  577/129/50 578/130/50 579/131/50
f  580/131/51 581/132/51 582/133/51
f  583/95/1 584/134/1 585/96/1
f  586/135/25 587/95/25 588/98/25
f  589/136/36 590/99/36 591/101/36
f  592/136/37 593/101/37 594/103/37
f  595/95/1 596/134/1 597/96/1
f  598/135/25 599/95/25 600/98/25
f  601/136/36 602/99/36 603/101/36
f  604/136/37 605/101/37 606/103/37
f  607/95/1 608/134/1 609/96/1
f  610/135/25 611/95/25 612/98/25
f  613/136/36 614/99/36 615/101/36
f  616/136/37 617/101/37 618/103/37
f  619/95/52 620/134/52 621/96/52
f  622/135/25 623/95/25 624/98/25
f  625/136/36 626/99/36 627/101/36
f  628/136/38 629/101/38 630/103/38
f  631/95/53 632/134/53 633/96/53
f  634/135/25 635/95/25 636/98/25
f  637/136/36 638/99/36 639/101/36
f  640/136/54 641/101/54 642/103/54
f  643/95/55 644/134/55 645/96/55
f  646/135/25 647/95/25 648/98/25
f  649/136/36 650/99/36 651/101/36
f  652/136/38 653/101/38 654/103/38
f  655/105/25 656/137/25 657/106/25
f  658/138/1 659/105/1 660/108/1
f  661/139/30 662/109/30 663/111/30
f  664/139/40 665/111/40 666/113/40
f  667/105/25 668/137/25 669/106/25
f  670/138/41 671/105/41 672/108/41
f  673/139/30 674/109/30 675/111/30
f  676/139/40 677/111/40 678/113/40
f  679/105/25 680/137/25 681/106/25
f  682/138/1 683/105/1 684/108/1
f  685/139/30 686/109/30 687/111/30
f  688/139/44 689/111/44 690/113/44
f  691/105/56 692/137/56 693/106/56
f  694/138/1 695/105/1 696/108/1
f  697/139/30 698/109/30 699/111/30
f  700/139/57 701/111/57 702/113/57
f  703/105/56 704/137/56 705/106/56
f  706/138/1 707/105/1 708/108/1
f  709/139/42 710/109/42 711/111/42
f  712/139/58 713/111/58 714/113/58
f  715/105/25 716/137/25 717/106/25
f  718/138/1 719/105/1 720/108/1
f  721/139/30 722/109/30 723/111/30
f  724/139/44 725/111/44 726/113/44
f  727/115/36 728/140/36 729/116/36
f  730/141/30 731/115/30 732/118/30
f  733/142/25 734/119/25 735/121/25
f  736/142/45 737/121/45 738/123/45
f  739/115/36 740/140/36 741/116/36
f  742/141/30 743/115/30 744/118/30
f  745/142/25 746/119/25 747/121/25
f  748/142/45 749/121/45 750/123/45
f  751/115/36 752/140/36 753/116/36
f  754/141/30 755/115/30 756/118/30
f  757/142/25 758/119/25 759/121/25
f  760/142/45 761/121/45 762/123/45
f  763/115/59 764/140/59 765/116/59
f  766/141/30 767/115/30 768/118/30
f  769/142/25 770/119/25 771/121/25
f  772/142/45 773/121/45 774/123/45
f  775/115/60 776/140/60 777/116/60
f  778/141/30 779/115/30 780/118/30
f  781/142/25 782/119/25 783/121/25
f  784/142/45 785/121/45 786/123/45
f  787/115/60 788/140/60 789/116/60
f  790/141/61 791/115/61 792/118/61
f  793/142/25 794/119/25 795/121/25
f  796/142/45 797/121/45 798/123/45
f  799/125/62 800/143/62 801/126/62
f  802/144/36 803/125/36 804/128/36
f  805/145/1 806/129/1 807/131/1
f  808/145/48 809/131/48 810/133/48
f  811/125/30 812/143/30 813/126/30
f  814/144/36 815/125/36 816/128/36
f  817/145/1 818/129/1 819/131/1
f  820/145/48 821/131/48 822/133/48
f  823/125/30 824/143/30 825/126/30
f  826/144/36 827/125/36 828/128/36
f  829/145/1 830/129/1 831/131/1
f  832/145/48 833/131/48 834/133/48
f  835/125/30 836/143/30 837/126/30
f  838/144/36 839/125/36 840/128/36
f  841/145/1 842/129/1 843/131/1
f  844/145/49 845/131/49 846/133/49
f  847/125/30 848/143/30 849/126/30
f  850/144/36 851/125/36 852/128/36
f  853/145/1 854/129/1 855/131/1
f  856/145/49 857/131/49 858/133/49
f  859/125/63 860/143/63 861/126/63
f  862/144/36 863/125/36 864/128/36
f  865/145/50 866/129/50 867/131/50
f  868/145/64 869/131/64 870/133/64
f  871/146/65 872/147/65 873/148/65
f  874/149/66 875/150/66 876/146/66
f  877/150/67 878/149/67 879/151/67
f  880/152/36 881/153/36 882/154/36
f  883/149/68 884/155/68 885/156/68
f  886/151/69 887/156/69 888/146/69
f  889/148/70 890/152/70 891/155/70
f  892/157/71 893/158/71 894/159/71
f  895/155/6 896/160/6 897/161/6
f  898/147/72 899/162/72 900/163/72
f  901/156/30 902/164/30 903/165/30
f  904/146/73 905/147/73 906/148/73
f  907/149/74 908/150/74 909/146/74
f  910/150/75 911/149/75 912/151/75
f  913/152/30 914/153/30 915/154/30
f  916/149/76 917/155/76 918/156/76
f  919/151/1 920/156/1 921/146/1
f  922/148/1 923/152/1 924/155/1
f  925/157/1 926/158/1 927/159/1
f  928/155/6 929/160/6 930/161/6
f  931/147/72 932/162/72 933/163/72
f  934/156/36 935/164/36 936/165/36
f  937/146/77 938/147/77 939/148/77
f  940/149/78 941/150/78 942/146/78
f  943/150/79 944/149/79 945/151/79
f  946/152/1 947/153/1 948/154/1
f  949/149/36 950/155/36 951/156/36
f  952/151/80 953/156/80 954/146/80
f  955/148/81 956/152/81 957/155/81
f  958/157/36 959/158/36 960/159/36
f  961/155/6 962/160/6 963/161/6
f  964/147/72 965/162/72 966/163/72
f  967/156/82 968/164/82 969/165/82
f  970/149/83 971/150/83 972/146/83
f  973/150/84 974/149/84 975/151/84
f  976/150/84 977/149/84 978/151/84
f  979/166/30 980/167/30 981/168/30
f  982/169/85 983/170/85 984/171/85
f  985/172/86 986/173/86 987/174/86
f  988/175/6 989/176/6 990/177/6
f  991/178/87 992/179/87 993/180/87
f  994/181/1 995/172/1 996/182/1
f  997/183/30 998/184/30 999/185/30
f  1000/186/25 1001/187/25 1002/188/25
f  1003/189/6 1004/190/6 1005/191/6
f  1006/192/6 1007/190/6 1008/193/6
f  1009/194/6 1010/195/6 1011/196/6
f  1012/180/36 1013/197/36 1014/198/36
f  1015/197/88 1016/180/88 1017/199/88
f  1018/173/1 1019/200/1 1020/201/1
f  1021/202/1 1022/203/1 1023/204/1
f  1024/205/1 1025/206/1 1026/207/1
f  1027/206/86 1028/202/86 1029/208/86
f  1030/209/1 1031/210/1 1032/202/1
f  1033/209/30 1034/202/30 1035/211/30
f  1036/202/72 1037/206/72 1038/212/72
f  1039/213/89 1040/214/89 1041/215/89
f  1042/166/1 1043/216/1 1044/217/1
f  1045/218/30 1046/219/30 1047/220/30
f  1048/221/89 1049/222/89 1050/223/89
f  1051/222/30 1052/218/30 1053/224/30
f  1054/166/30 1055/214/30 1056/215/30
f  1057/223/72 1058/224/72 1059/225/72
f  1060/214/25 1061/223/25 1062/226/25
f  1063/227/85 1064/171/85 1065/170/85
f  1066/228/1 1067/229/1 1068/200/1
f  1069/229/90 1070/228/90 1071/230/90
f  1072/209/1 1073/231/1 1074/210/1
f  1075/228/6 1076/209/6 1077/232/6
f  1078/209/86 1079/228/86 1080/173/86
f  1081/230/1 1082/228/1 1083/206/1
f  1084/206/36 1085/228/36 1086/233/36
f  1087/231/1 1088/209/1 1089/234/1
f  1090/224/30 1091/220/30 1092/167/30
f  1093/235/89 1094/223/89 1095/214/89
f  1096/224/1 1097/166/1 1098/236/1
f  1099/224/30 1100/223/30 1101/214/30
f  1102/215/25 1103/214/25 1104/237/25
f  1105/238/91 1106/239/91 1107/240/91
f  1108/241/6 1109/242/6 1110/243/6
f  1111/244/1 1112/245/1 1113/246/1
f  1114/247/92 1115/248/92 1116/249/92
f  1117/238/93 1118/250/93 1119/251/93
f  1120/252/6 1121/253/6 1122/254/6
f  1123/247/94 1124/255/94 1125/256/94
f  1126/257/95 1127/258/95 1128/259/95
f  1129/260/25 1130/261/25 1131/262/25
f  1132/263/96 1133/264/96 1134/251/96
f  1135/257/97 1136/265/97 1137/240/97
f  1138/260/98 1139/266/98 1140/256/98
f  1141/263/99 1142/267/99 1143/268/99
f  1144/269/100 1145/270/100 1146/259/100
f  1147/271/1 1148/272/1 1149/273/1
f  1150/274/25 1151/275/25 1152/276/25
f  1153/269/101 1154/277/101 1155/249/101
f  1156/271/102 1157/278/102 1158/268/102
f  1159/279/30 1160/280/30 1161/281/30
f  1162/282/103 1163/283/103 1164/284/103
f  1165/285/104 1166/286/104 1167/287/104
f  1168/288/6 1169/289/6 1170/290/6
f  1171/291/105 1172/292/105 1173/293/105
f  1174/294/106 1175/295/106 1176/296/106
f  1177/288/36 1178/297/36 1179/296/36
f  1180/291/107 1181/298/107 1182/284/107
f  1183/294/108 1184/299/108 1185/287/108
f  1186/300/6 1187/301/6 1188/302/6
f  1189/303/109 1190/304/109 1191/305/109
f  1192/306/110 1193/307/110 1194/308/110
f  1195/300/30 1196/309/30 1197/308/30
f  1198/303/111 1199/310/111 1200/311/111
f  1201/306/112 1202/312/112 1203/311/112
f  1204/313/36 1205/314/36 1206/315/36
f  1207/282/113 1208/316/113 1209/305/113
f  1210/285/114 1211/317/114 1212/293/114
f  1213/279/25 1214/318/25 1215/319/25
f  1216/298/25 1217/320/25 1218/321/25
f  1219/299/115 1220/322/115 1221/322/115
f  1222/323/25 1223/324/25 1224/325/25
f  1225/317/115 1226/322/115 1227/322/115
f  1228/297/25 1229/326/25 1230/294/25
f  1231/297/25 1232/288/25 1233/327/25
f  1234/298/116 1235/291/116 1236/322/116
f  1237/299/117 1238/294/117 1239/322/117
f  1240/318/25 1241/328/25 1242/319/25
f  1243/316/115 1244/321/115 1245/321/115
f  1246/307/25 1247/306/25 1248/329/25
f  1249/307/25 1250/329/25 1251/330/25
f  1252/310/25 1253/303/25 1254/321/25
f  1255/310/115 1256/321/115 1257/321/115
f  1258/313/25 1259/331/25 1260/324/25
f  1261/316/25 1262/282/25 1263/321/25
f  1264/317/118 1265/285/118 1266/322/118
f  1267/239/36 1268/238/36 1269/332/36
f  1270/333/36 1271/334/36 1272/335/36
f  1273/244/36 1274/336/36 1275/337/36
f  1276/277/115 1277/338/115 1278/338/115
f  1279/264/115 1280/332/115 1281/332/115
f  1282/339/36 1283/245/36 1284/340/36
f  1285/255/36 1286/247/36 1287/338/36
f  1288/258/36 1289/257/36 1290/338/36
f  1291/261/36 1292/260/36 1293/341/36
f  1294/264/36 1295/263/36 1296/332/36
f  1297/239/36 1298/332/36 1299/257/36
f  1300/255/36 1301/338/36 1302/341/36
f  1303/278/115 1304/332/115 1305/332/115
f  1306/258/115 1307/338/115 1308/338/115
f  1309/253/36 1310/330/36 1311/329/36
f  1312/274/36 1313/342/36 1314/343/36
f  1315/277/36 1316/269/36 1317/338/36
f  1318/278/36 1319/271/36 1320/329/36
f  1321/318/119 1322/279/119 1323/344/119
f  1324/345/25 1325/346/25 1326/347/25
f  1327/323/36 1328/348/36 1329/314/36
f  1330/349/25 1331/350/25 1332/351/25
f  1333/352/25 1334/353/25 1335/354/25
f  1336/355/36 1337/335/36 1338/274/36
f  1339/245/36 1340/244/36 1341/340/36
f  1342/336/1 1343/244/1 1344/356/1
f  1345/357/36 1346/358/36 1347/359/36
f  1348/360/25 1349/361/25 1350/275/25
f  1351/346/120 1352/345/120 1353/362/120
f  1354/363/36 1355/364/36 1356/365/36
f  1357/280/25 1358/279/25 1359/366/25
f  1360/367/25 1361/368/25 1362/331/25
f  1363/369/1 1364/370/1 1365/371/1
f  1366/370/121 1367/369/121 1368/359/121
f  1369/238/122 1370/239/122 1371/240/122
f  1372/241/6 1373/242/6 1374/243/6
f  1375/244/25 1376/245/25 1377/246/25
f  1378/247/123 1379/248/123 1380/249/123
f  1381/238/124 1382/250/124 1383/251/124
f  1384/252/115 1385/253/115 1386/372/115
f  1387/247/125 1388/255/125 1389/256/125
f  1390/257/126 1391/258/126 1392/259/126
f  1393/260/1 1394/261/1 1395/262/1
f  1396/263/127 1397/264/127 1398/251/127
f  1399/257/128 1400/265/128 1401/240/128
f  1402/260/129 1403/266/129 1404/256/129
f  1405/263/130 1406/267/130 1407/268/130
f  1408/269/131 1409/270/131 1410/259/131
f  1411/271/25 1412/272/25 1413/273/25
f  1414/274/1 1415/275/1 1416/276/1
f  1417/269/132 1418/277/132 1419/249/132
f  1420/271/133 1421/278/133 1422/268/133
f  1423/239/134 1424/238/134 1425/332/134
f  1426/333/30 1427/334/30 1428/335/30
f  1429/244/30 1430/336/30 1431/337/30
f  1432/277/135 1433/338/135 1434/338/135
f  1435/264/136 1436/332/136 1437/332/136
f  1438/339/115 1439/245/115 1440/373/115
f  1441/255/30 1442/247/30 1443/338/30
f  1444/258/30 1445/257/30 1446/338/30
f  1447/261/30 1448/260/30 1449/341/30
f  1450/264/30 1451/263/30 1452/332/30
f  1453/239/137 1454/332/137 1455/257/137
f  1456/255/30 1457/338/30 1458/341/30
f  1459/278/115 1460/332/115 1461/332/115
f  1462/258/115 1463/338/115 1464/338/115
f  1465/253/30 1466/330/30 1467/329/30
f  1468/274/30 1469/342/30 1470/343/30
f  1471/277/138 1472/269/138 1473/338/138
f  1474/278/30 1475/271/30 1476/329/30
f  1477/352/1 1478/353/1 1479/354/1
f  1480/355/30 1481/335/30 1482/274/30
f  1483/245/30 1484/244/30 1485/340/30
f  1486/336/25 1487/244/25 1488/356/25
f  1489/360/139 1490/361/139 1491/275/139
f  1492/363/30 1493/364/30 1494/365/30
f  1495/369/25 1496/370/25 1497/371/25
f  1498/370/140 1499/369/140 1500/359/140
f  1501/367/1 1502/368/1 1503/331/1
f  1504/280/1 1505/279/1 1506/366/1
f  1507/346/141 1508/345/141 1509/362/141
f  1510/357/30 1511/358/30 1512/359/30
f  1513/349/1 1514/350/1 1515/351/1
f  1516/323/30 1517/348/30 1518/314/30
f  1519/345/1 1520/346/1 1521/347/1
f  1522/318/36 1523/279/36 1524/344/36
f  1525/317/142 1526/285/142 1527/322/142
f  1528/316/1 1529/282/1 1530/321/1
f  1531/313/1 1532/331/1 1533/324/1
f  1534/310/115 1535/321/115 1536/321/115
f  1537/310/1 1538/303/1 1539/321/1
f  1540/307/1 1541/329/1 1542/330/1
f  1543/307/1 1544/306/1 1545/329/1
f  1546/316/115 1547/321/115 1548/321/115
f  1549/318/1 1550/328/1 1551/319/1
f  1552/299/143 1553/294/143 1554/322/143
f  1555/298/144 1556/291/144 1557/322/144
f  1558/297/1 1559/288/1 1560/327/1
f  1561/297/1 1562/326/1 1563/294/1
f  1564/317/145 1565/322/145 1566/322/145
f  1567/323/1 1568/324/1 1569/325/1
f  1570/299/115 1571/322/115 1572/322/115
f  1573/298/1 1574/320/1 1575/321/1
f  1576/279/1 1577/318/1 1578/319/1
f  1579/285/109 1580/317/109 1581/293/109
f  1582/282/146 1583/316/146 1584/305/146
f  1585/313/30 1586/314/30 1587/315/30
f  1588/306/147 1589/312/147 1590/311/147
f  1591/303/148 1592/310/148 1593/311/148
f  1594/300/36 1595/309/36 1596/308/36
f  1597/306/149 1598/307/149 1599/308/149
f  1600/303/114 1601/304/114 1602/305/114
f  1603/300/6 1604/301/6 1605/302/6
f  1606/294/112 1607/299/112 1608/287/112
f  1609/291/150 1610/298/150 1611/284/150
f  1612/288/30 1613/297/30 1614/296/30
f  1615/294/151 1616/295/151 1617/296/151
f  1618/291/152 1619/292/152 1620/293/152
f  1621/288/6 1622/289/6 1623/290/6
f  1624/285/111 1625/286/111 1626/287/111
f  1627/282/153 1628/283/153 1629/284/153
f  1630/279/154 1631/280/154 1632/281/154
f  1633/374/155 1634/375/155 1635/376/155
f  1636/374/155 1637/377/155 1638/375/155
f  1639/378/156 1640/379/156 1641/380/156
f  1642/378/157 1643/381/157 1644/379/157
f  1645/374/158 1646/375/158 1647/376/158
f  1648/374/158 1649/377/158 1650/375/158
f  1651/382/159 1652/381/159 1653/378/159
f  1654/382/160 1655/383/160 1656/381/160
f  1657/67/36 1658/68/36 1659/71/36
f  1660/67/36 1661/69/36 1662/68/36
f  1663/67/30 1664/68/30 1665/69/30
f  1666/67/30 1667/70/30 1668/68/30
f  1669/384/161 1670/385/161 1671/386/161
f  1672/384/162 1673/387/162 1674/385/162
f  1675/388/163 1676/389/163 1677/390/163
f  1678/388/163 1679/391/163 1680/389/163
f  1681/374/164 1682/375/164 1683/376/164
f  1684/374/164 1685/377/164 1686/375/164
f  1687/392/165 1688/391/165 1689/388/165
f  1690/392/165 1691/393/165 1692/391/165
f  1693/394/166 1694/387/166 1695/384/166
f  1696/394/167 1697/395/167 1698/387/167
f  1699/67/1 1700/68/1 1701/71/1
f  1702/67/1 1703/69/1 1704/68/1
f  1705/67/25 1706/68/25 1707/69/25
f  1708/67/25 1709/70/25 1710/68/25
f  1711/377/1 1712/376/1 1713/374/1
f  1714/377/1 1715/375/1 1716/376/1
f  1717/396/168 1718/397/168 1719/398/168
f  1720/396/168 1721/399/168 1722/397/168
f  1723/400/169 1724/399/169 1725/396/169
f  1726/400/169 1727/401/169 1728/399/169
f  1729/67/1 1730/68/1 1731/71/1
f  1732/67/1 1733/69/1 1734/68/1
f  1735/67/25 1736/68/25 1737/69/25
f  1738/67/25 1739/70/25 1740/68/25
f  1741/67/30 1742/68/30 1743/69/30
f  1744/67/30 1745/70/30 1746/68/30
f  1747/67/36 1748/68/36 1749/71/36
f  1750/67/36 1751/69/36 1752/68/36
f  1753/402/170 1754/403/170 1755/404/170
f  1756/402/170 1757/405/170 1758/403/170
f  1759/404/171 1760/406/171 1761/407/171
f  1762/404/171 1763/403/171 1764/406/171
f  1765/408/30 1766/409/30 1767/410/30
f  1768/411/36 1769/412/36 1770/413/36
f  1771/414/72 1772/415/72 1773/416/72
f  1774/417/1 1775/418/1 1776/419/1
f  1777/420/6 1778/416/6 1779/415/6
f  1780/421/25 1781/422/25 1782/423/25
f  1783/408/30 1784/409/30 1785/410/30
f  1786/411/36 1787/412/36 1788/413/36
f  1789/414/72 1790/415/72 1791/416/72
f  1792/417/1 1793/418/1 1794/419/1
f  1795/420/6 1796/416/6 1797/415/6
f  1798/421/25 1799/422/25 1800/423/25
f  1801/408/30 1802/409/30 1803/410/30
f  1804/411/36 1805/412/36 1806/413/36
f  1807/414/72 1808/415/72 1809/416/72
f  1810/417/1 1811/418/1 1812/419/1
f  1813/420/6 1814/416/6 1815/415/6
f  1816/421/25 1817/422/25 1818/423/25
f  1819/408/30 1820/409/30 1821/410/30
f  1822/411/36 1823/412/36 1824/413/36
f  1825/414/72 1826/415/72 1827/416/72
f  1828/417/1 1829/418/1 1830/419/1
f  1831/420/6 1832/416/6 1833/415/6
f  1834/421/25 1835/422/25 1836/423/25
f  1837/421/172 1838/422/172 1839/423/172
f  1840/420/6 1841/416/6 1842/415/6
f  1843/417/173 1844/418/173 1845/419/173
f  1846/414/72 1847/415/72 1848/424/72
f  1849/411/25 1850/412/25 1851/413/25
f  1852/408/1 1853/409/1 1854/410/1
f  1855/421/174 1856/422/174 1857/423/174
f  1858/420/6 1859/416/6 1860/415/6
f  1861/417/175 1862/418/175 1863/419/175
f  1864/414/72 1865/415/72 1866/424/72
f  1867/411/25 1868/412/25 1869/413/25
f  1870/408/1 1871/409/1 1872/410/1
f  1873/425/6 1874/426/6 1875/427/6
f  1876/425/6 1877/428/6 1878/426/6
f  1879/429/176 1880/430/176 1881/431/176
f  1882/429/177 1883/432/177 1884/430/177
f  1885/433/36 1886/434/36 1887/435/36
f  1888/433/36 1889/436/36 1890/434/36
f  1891/436/178 1892/435/178 1893/434/178
f  1894/436/179 1895/433/179 1896/435/179
f  1897/432/1 1898/431/1 1899/430/1
f  1900/432/1 1901/429/1 1902/431/1
f  1903/437/6 1904/438/6 1905/439/6
f  1906/437/6 1907/440/6 1908/438/6
f  1909/429/25 1910/430/25 1911/431/25
f  1912/429/25 1913/432/25 1914/430/25
f  1915/441/36 1916/442/36 1917/443/36
f  1918/441/36 1919/444/36 1920/442/36
f  1921/444/178 1922/443/178 1923/442/178
f  1924/444/179 1925/441/179 1926/443/179
f  1927/432/1 1928/431/1 1929/430/1
f  1930/432/1 1931/429/1 1932/431/1
f  1933/445/6 1934/446/6 1935/447/6
f  1936/445/6 1937/448/6 1938/446/6
f  1939/429/25 1940/430/25 1941/431/25
f  1942/429/25 1943/432/25 1944/430/25
f  1945/449/36 1946/450/36 1947/451/36
f  1948/449/36 1949/452/36 1950/450/36
f  1951/452/178 1952/451/178 1953/450/178
f  1954/452/179 1955/449/179 1956/451/179
f  1957/432/1 1958/431/1 1959/430/1
f  1960/432/1 1961/429/1 1962/431/1
f  1963/444/1 1964/453/1 1965/454/1
f  1966/444/1 1967/455/1 1968/453/1
f  1969/452/180 1970/451/180 1971/450/180
f  1972/452/180 1973/449/180 1974/451/180
f  1975/449/36 1976/450/36 1977/451/36
f  1978/449/36 1979/452/36 1980/450/36
f  1981/455/25 1982/454/25 1983/453/25
f  1984/455/25 1985/444/25 1986/454/25
f  1987/456/6 1988/457/6 1989/458/6
f  1990/456/6 1991/459/6 1992/457/6
f  1993/444/1 1994/453/1 1995/454/1
f  1996/444/1 1997/455/1 1998/453/1
f  1999/444/181 2000/443/181 2001/442/181
f  2002/444/181 2003/441/181 2004/443/181
f  2005/441/36 2006/442/36 2007/443/36
f  2008/441/36 2009/444/36 2010/442/36
f  2011/455/25 2012/454/25 2013/453/25
f  2014/455/25 2015/444/25 2016/454/25
f  2017/460/6 2018/461/6 2019/462/6
f  2020/460/6 2021/463/6 2022/461/6
f  2023/444/1 2024/453/1 2025/454/1
f  2026/444/1 2027/455/1 2028/453/1
f  2029/436/181 2030/435/181 2031/434/181
f  2032/436/181 2033/433/181 2034/435/181
f  2035/433/36 2036/434/36 2037/435/36
f  2038/433/36 2039/436/36 2040/434/36
f  2041/455/182 2042/454/182 2043/453/182
f  2044/455/182 2045/444/182 2046/454/182
f  2047/464/6 2048/465/6 2049/466/6
f  2050/464/6 2051/467/6 2052/465/6
f  2053/444/30 2054/468/30 2055/442/30
f  2056/444/30 2057/469/30 2058/468/30
f  2059/470/183 2060/471/183 2061/472/183
f  2062/470/183 2063/473/183 2064/471/183
f  2065/473/184 2066/472/184 2067/471/184
f  2068/473/184 2069/470/184 2070/472/184
f  2071/469/36 2072/442/36 2073/468/36
f  2074/469/36 2075/444/36 2076/442/36
f  2077/474/6 2078/475/6 2079/476/6
f  2080/474/6 2081/477/6 2082/475/6
f  2083/444/30 2084/468/30 2085/442/30
f  2086/444/30 2087/469/30 2088/468/30
f  2089/478/183 2090/451/183 2091/479/183
f  2092/478/183 2093/480/183 2094/451/183
f  2095/480/185 2096/479/185 2097/451/185
f  2098/480/185 2099/478/185 2100/479/185
f  2101/469/36 2102/442/36 2103/468/36
f  2104/469/36 2105/444/36 2106/442/36
f  2107/481/6 2108/482/6 2109/483/6
f  2110/481/6 2111/484/6 2112/482/6
f  2113/444/30 2114/468/30 2115/442/30
f  2116/444/30 2117/469/30 2118/468/30
f  2119/485/186 2120/486/186 2121/487/186
f  2122/485/186 2123/488/186 2124/486/186
f  2125/488/187 2126/487/187 2127/486/187
f  2128/488/187 2129/485/187 2130/487/187
f  2131/469/36 2132/442/36 2133/468/36
f  2134/469/36 2135/444/36 2136/442/36
f  2137/489/6 2138/490/6 2139/491/6
f  2140/489/6 2141/492/6 2142/490/6
f  2143/493/36 2144/494/36 2145/495/36
f  2146/493/36 2147/496/36 2148/494/36
f  2149/497/188 2150/498/188 2151/499/188
f  2152/497/188 2153/500/188 2154/498/188
f  2155/501/36 2156/502/36 2157/503/36
f  2158/501/36 2159/504/36 2160/502/36
f  2161/505/30 2162/506/30 2163/507/30
f  2164/505/30 2165/508/30 2166/506/30
f  2167/509/30 2168/506/30 2169/508/30
f  2170/509/30 2171/510/30 2172/506/30
f  2173/501/36 2174/511/36 2175/512/36
f  2176/501/36 2177/503/36 2178/511/36
f  2179/508/189 2180/513/189 2181/514/189
f  2182/508/189 2183/505/189 2184/513/189
f  2185/515/190 2186/516/190 2187/517/190
f  2188/515/190 2189/518/190 2190/516/190
f  2191/509/189 2192/514/189 2193/519/189
f  2194/509/189 2195/508/189 2196/514/189
f  2197/520/190 2198/517/190 2199/521/190
f  2200/520/190 2201/515/190 2202/517/190
f  2203/522/191 2204/523/191 2205/524/191
f  2206/522/191 2207/525/191 2208/523/191
f  2209/526/192 2210/527/192 2211/528/192
f  2212/526/192 2213/529/192 2214/527/192
f  2215/530/191 2216/524/191 2217/531/191
f  2218/530/191 2219/522/191 2220/524/191
f  2221/532/193 2222/528/193 2223/533/193
f  2224/532/193 2225/526/193 2226/528/193
f  2227/534/6 2228/535/6 2229/536/6
f  2230/534/72 2231/537/72 2232/536/72
f  2233/536/1 2234/535/1 2235/535/1
f  2236/537/194 2237/536/194 2238/536/194
f  2239/535/195 2240/534/195 2241/534/195
f  2242/534/25 2243/537/25 2244/537/25
f  2245/413/196 2246/412/196 2247/411/196
f  2248/421/197 2249/538/197 2250/539/197
f  2251/420/198 2252/540/198 2253/541/198
f  2254/417/199 2255/542/199 2256/543/199
f  2257/414/200 2258/424/200 2259/544/200
f  2260/411/201 2261/545/201 2262/413/201
f  2263/421/202 2264/538/202 2265/539/202
f  2266/420/203 2267/540/203 2268/541/203
f  2269/417/204 2270/542/204 2271/546/204
f  2272/414/205 2273/424/205 2274/544/205
f  2275/377/206 2276/543/206 2277/544/206
f  2278/411/207 2279/545/207 2280/413/207
f  2281/421/208 2282/538/208 2283/539/208
f  2284/420/209 2285/540/209 2286/541/209
f  2287/417/210 2288/542/210 2289/546/210
f  2290/414/211 2291/424/211 2292/544/211
f  2293/377/212 2294/543/212 2295/544/212
f  2296/411/213 2297/545/213 2298/413/213
f  2299/421/214 2300/538/214 2301/539/214
f  2302/420/215 2303/540/215 2304/541/215
f  2305/417/216 2306/542/216 2307/546/216
f  2308/414/217 2309/424/217 2310/544/217
f  2311/377/218 2312/543/218 2313/544/218
f  2314/411/219 2315/545/219 2316/412/219
f  2317/421/220 2318/538/220 2319/539/220
f  2320/420/215 2321/540/215 2322/541/215
f  2323/417/221 2324/542/221 2325/546/221
f  2326/414/222 2327/424/222 2328/544/222
f  2329/377/223 2330/543/223 2331/539/223
f  2332/411/224 2333/545/224 2334/413/224
f  2335/421/225 2336/538/225 2337/539/225
f  2338/420/226 2339/540/226 2340/541/226
f  2341/417/216 2342/542/216 2343/546/216
f  2344/414/227 2345/424/227 2346/544/227
f  2347/377/228 2348/543/228 2349/539/228
f  2350/411/213 2351/545/213 2352/413/213
f  2353/421/229 2354/538/229 2355/539/229
f  2356/420/230 2357/540/230 2358/541/230
f  2359/417/210 2360/542/210 2361/546/210
f  2362/414/217 2363/424/217 2364/544/217
f  2365/377/231 2366/543/231 2367/544/231
f  2368/411/232 2369/545/232 2370/412/232
f  2371/421/233 2372/538/233 2373/539/233
f  2374/420/234 2375/540/234 2376/541/234
f  2377/417/235 2378/542/235 2379/546/235
f  2380/414/236 2381/424/236 2382/547/236
f  2383/377/237 2384/543/237 2385/539/237
f  2386/411/238 2387/545/238 2388/412/238
f  2389/421/239 2390/538/239 2391/539/239
f  2392/420/240 2393/540/240 2394/541/240
f  2395/417/241 2396/542/241 2397/546/241
f  2398/414/211 2399/424/211 2400/544/211
f  2401/377/242 2402/543/242 2403/539/242
f  2404/411/243 2405/545/243 2406/412/243
f  2407/421/244 2408/538/244 2409/539/244
f  2410/420/245 2411/540/245 2412/541/245
f  2413/417/246 2414/542/246 2415/546/246
f  2416/414/217 2417/424/217 2418/544/217
f  2419/377/247 2420/543/247 2421/539/247
f  2422/411/213 2423/545/213 2424/413/213
f  2425/421/214 2426/538/214 2427/539/214
f  2428/420/215 2429/540/215 2430/541/215
f  2431/417/216 2432/542/216 2433/546/216
f  2434/414/217 2435/424/217 2436/544/217
f  2437/377/248 2438/543/248 2439/544/248
f  2440/411/238 2441/545/238 2442/413/238
f  2443/421/202 2444/538/202 2445/539/202
f  2446/420/203 2447/540/203 2448/541/203
f  2449/417/241 2450/542/241 2451/546/241
f  2452/414/222 2453/424/222 2454/544/222
f  2455/377/231 2456/543/231 2457/544/231
f  2458/411/224 2459/545/224 2460/413/224
f  2461/421/249 2462/538/249 2463/539/249
f  2464/420/226 2465/540/226 2466/541/226
f  2467/417/216 2468/542/216 2469/546/216
f  2470/414/217 2471/424/217 2472/544/217
f  2473/377/248 2474/543/248 2475/544/248
f  2476/411/250 2477/545/250 2478/413/250
f  2479/421/251 2480/538/251 2481/539/251
f  2482/420/252 2483/540/252 2484/541/252
f  2485/417/253 2486/542/253 2487/546/253
f  2488/414/254 2489/424/254 2490/544/254
f  2491/377/255 2492/543/255 2493/544/255
f  2494/411/213 2495/545/213 2496/413/213
f  2497/421/214 2498/538/214 2499/539/214
f  2500/420/215 2501/540/215 2502/541/215
f  2503/417/216 2504/542/216 2505/546/216
f  2506/414/217 2507/424/217 2508/544/217
f  2509/377/248 2510/543/248 2511/544/248
f  2512/411/256 2513/545/256 2514/412/256
f  2515/421/257 2516/538/257 2517/539/257
f  2518/420/258 2519/540/258 2520/541/258
f  2521/417/259 2522/542/259 2523/543/259
f  2524/414/260 2525/424/260 2526/544/260
f  2527/411/261 2528/545/261 2529/413/261
f  2530/421/262 2531/538/262 2532/539/262
f  2533/420/263 2534/540/263 2535/541/263
f  2536/417/264 2537/542/264 2538/546/264
f  2539/414/265 2540/424/265 2541/544/265
f  2542/411/266 2543/545/266 2544/412/266
f  2545/421/267 2546/538/267 2547/539/267
f  2548/420/268 2549/540/268 2550/541/268
f  2551/417/269 2552/542/269 2553/546/269
f  2554/414/270 2555/424/270 2556/544/270
f  2557/377/271 2558/543/271 2559/539/271
f  2560/411/272 2561/545/272 2562/412/272
f  2563/421/273 2564/538/273 2565/539/273
f  2566/420/274 2567/540/274 2568/548/274
f  2569/417/275 2570/542/275 2571/543/275
f  2572/414/276 2573/424/276 2574/544/276
f  2575/377/277 2576/543/277 2577/544/277
f  2578/411/278 2579/545/278 2580/412/278
f  2581/421/279 2582/538/279 2583/549/279
f  2584/420/280 2585/540/280 2586/548/280
f  2587/417/281 2588/542/281 2589/543/281
f  2590/414/282 2591/424/282 2592/544/282
f  2593/377/283 2594/543/283 2595/544/283
f  2596/411/284 2597/545/284 2598/413/284
f  2599/421/285 2600/538/285 2601/539/285
f  2602/420/286 2603/540/286 2604/548/286
f  2605/417/287 2606/542/287 2607/543/287
f  2608/414/288 2609/424/288 2610/544/288
f  2611/377/289 2612/543/289 2613/544/289
f  2614/411/290 2615/545/290 2616/412/290
f  2617/421/291 2618/538/291 2619/539/291
f  2620/420/292 2621/540/292 2622/541/292
f  2623/417/293 2624/542/293 2625/546/293
f  2626/414/294 2627/424/294 2628/544/294
f  2629/377/295 2630/543/295 2631/539/295
f  2632/411/296 2633/545/296 2634/413/296
f  2635/421/297 2636/538/297 2637/539/297
f  2638/420/280 2639/540/280 2640/541/280
f  2641/417/298 2642/542/298 2643/546/298
f  2644/414/299 2645/424/299 2646/544/299
f  2647/377/300 2648/543/300 2649/539/300
f  2650/411/301 2651/545/301 2652/413/301
f  2653/421/302 2654/538/302 2655/539/302
f  2656/420/303 2657/540/303 2658/541/303
f  2659/417/304 2660/542/304 2661/543/304
f  2662/414/276 2663/424/276 2664/544/276
f  2665/377/305 2666/543/305 2667/539/305
f  2668/411/306 2669/545/306 2670/412/306
f  2671/421/285 2672/538/285 2673/539/285
f  2674/420/303 2675/540/303 2676/548/303
f  2677/417/307 2678/542/307 2679/546/307
f  2680/414/308 2681/424/308 2682/544/308
f  2683/377/309 2684/543/309 2685/544/309
f  2686/411/310 2687/545/310 2688/413/310
f  2689/421/285 2690/538/285 2691/539/285
f  2692/420/311 2693/540/311 2694/548/311
f  2695/417/312 2696/542/312 2697/546/312
f  2698/414/313 2699/424/313 2700/544/313
f  2701/377/314 2702/543/314 2703/539/314
f  2704/411/315 2705/545/315 2706/413/315
f  2707/421/316 2708/538/316 2709/549/316
f  2710/420/317 2711/540/317 2712/541/317
f  2713/417/318 2714/542/318 2715/546/318
f  2716/414/319 2717/424/319 2718/544/319
f  2719/377/320 2720/543/320 2721/539/320
f  2722/411/321 2723/545/321 2724/413/321
f  2725/421/322 2726/538/322 2727/539/322
f  2728/420/323 2729/540/323 2730/541/323
f  2731/417/324 2732/542/324 2733/546/324
f  2734/414/325 2735/424/325 2736/544/325
f  2737/377/326 2738/543/326 2739/539/326
f  2740/411/327 2741/545/327 2742/412/327
f  2743/421/328 2744/538/328 2745/539/328
f  2746/420/329 2747/540/329 2748/548/329
f  2749/417/330 2750/542/330 2751/543/330
f  2752/414/331 2753/424/331 2754/544/331
f  2755/377/332 2756/543/332 2757/539/332
f  2758/411/333 2759/545/333 2760/413/333
f  2761/421/334 2762/538/334 2763/549/334
f  2764/420/335 2765/540/335 2766/541/335
f  2767/417/336 2768/542/336 2769/543/336
f  2770/414/337 2771/424/337 2772/544/337
f  2773/377/338 2774/543/338 2775/544/338
f  2776/411/339 2777/545/339 2778/412/339
f  2779/421/340 2780/538/340 2781/539/340
f  2782/420/329 2783/540/329 2784/541/329
f  2785/417/341 2786/542/341 2787/546/341
f  2788/414/342 2789/424/342 2790/544/342
f  2791/377/343 2792/543/343 2793/539/343
f  2794/411/344 2795/545/344 2796/413/344
f  2797/421/345 2798/538/345 2799/539/345
f  2800/420/346 2801/540/346 2802/541/346
f  2803/417/347 2804/542/347 2805/543/347
f  2806/414/348 2807/424/348 2808/544/348
f  2809/411/25 2810/545/25 2811/413/25
f  2812/421/36 2813/538/36 2814/539/36
f  2815/420/6 2816/540/6 2817/541/6
f  2818/417/30 2819/542/30 2820/543/30
f  2821/414/72 2822/424/72 2823/544/72
f  2824/411/25 2825/545/25 2826/413/25
f  2827/421/36 2828/538/36 2829/539/36
f  2830/420/6 2831/540/6 2832/541/6
f  2833/417/30 2834/542/30 2835/543/30
f  2836/414/72 2837/424/72 2838/544/72
f  2839/411/25 2840/545/25 2841/413/25
f  2842/421/36 2843/538/36 2844/539/36
f  2845/420/6 2846/540/6 2847/541/6
f  2848/417/30 2849/542/30 2850/543/30
f  2851/414/72 2852/424/72 2853/544/72
f  2854/411/25 2855/545/25 2856/413/25
f  2857/421/36 2858/538/36 2859/539/36
f  2860/420/6 2861/540/6 2862/541/6
f  2863/417/30 2864/542/30 2865/543/30
f  2866/414/72 2867/424/72 2868/544/72
f  2869/411/25 2870/545/25 2871/413/25
f  2872/421/36 2873/538/36 2874/539/36
f  2875/420/6 2876/540/6 2877/541/6
f  2878/417/30 2879/542/30 2880/543/30
f  2881/414/72 2882/424/72 2883/544/72
f  2884/411/25 2885/545/25 2886/413/25
f  2887/421/36 2888/538/36 2889/539/36
f  2890/420/6 2891/540/6 2892/541/6
f  2893/417/30 2894/542/30 2895/543/30
f  2896/414/72 2897/424/72 2898/544/72
f  2899/411/36 2900/545/36 2901/413/36
f  2902/421/1 2903/538/1 2904/539/1
f  2905/420/6 2906/540/6 2907/541/6
f  2908/417/25 2909/542/25 2910/543/25
f  2911/414/72 2912/424/72 2913/544/72
f  2914/411/36 2915/545/36 2916/413/36
f  2917/421/1 2918/538/1 2919/539/1
f  2920/420/6 2921/540/6 2922/541/6
f  2923/417/25 2924/542/25 2925/543/25
f  2926/414/72 2927/424/72 2928/544/72
f  2929/411/36 2930/545/36 2931/413/36
f  2932/421/1 2933/538/1 2934/539/1
f  2935/420/6 2936/540/6 2937/541/6
f  2938/417/25 2939/542/25 2940/543/25
f  2941/414/72 2942/424/72 2943/544/72
f  2944/411/36 2945/545/36 2946/413/36
f  2947/421/1 2948/538/1 2949/539/1
f  2950/420/6 2951/540/6 2952/541/6
f  2953/417/25 2954/542/25 2955/543/25
f  2956/414/72 2957/424/72 2958/544/72
f  2959/411/1 2960/545/1 2961/413/1
f  2962/421/30 2963/538/30 2964/539/30
f  2965/420/6 2966/540/6 2967/541/6
f  2968/417/36 2969/542/36 2970/543/36
f  2971/414/72 2972/424/72 2973/544/72
f  2974/411/1 2975/545/1 2976/413/1
f  2977/421/30 2978/538/30 2979/539/30
f  2980/420/6 2981/540/6 2982/541/6
f  2983/417/36 2984/542/36 2985/543/36
f  2986/414/72 2987/424/72 2988/544/72
f  2989/411/1 2990/545/1 2991/413/1
f  2992/421/30 2993/538/30 2994/539/30
f  2995/420/6 2996/540/6 2997/541/6
f  2998/417/36 2999/542/36 3000/543/36
f  3001/414/72 3002/424/72 3003/544/72
f  3004/411/1 3005/545/1 3006/413/1
f  3007/421/30 3008/538/30 3009/539/30
f  3010/420/6 3011/540/6 3012/541/6
f  3013/417/36 3014/542/36 3015/543/36
f  3016/414/72 3017/424/72 3018/544/72
f  3019/411/1 3020/545/1 3021/413/1
f  3022/421/30 3023/538/30 3024/539/30
f  3025/420/6 3026/540/6 3027/541/6
f  3028/417/36 3029/542/36 3030/543/36
f  3031/414/72 3032/424/72 3033/544/72
f  3034/411/1 3035/545/1 3036/413/1
f  3037/421/30 3038/538/30 3039/539/30
f  3040/420/6 3041/540/6 3042/541/6
f  3043/417/36 3044/542/36 3045/543/36
f  3046/414/72 3047/424/72 3048/544/72
f  3049/411/1 3050/545/1 3051/413/1
f  3052/421/30 3053/538/30 3054/539/30
f  3055/420/6 3056/540/6 3057/541/6
f  3058/417/36 3059/542/36 3060/543/36
f  3061/414/72 3062/424/72 3063/544/72
f  3064/411/1 3065/545/1 3066/413/1
f  3067/421/30 3068/538/30 3069/539/30
f  3070/420/6 3071/540/6 3072/541/6
f  3073/417/36 3074/542/36 3075/543/36
f  3076/414/72 3077/424/72 3078/544/72
f  3079/411/1 3080/545/1 3081/413/1
f  3082/421/30 3083/538/30 3084/539/30
f  3085/420/6 3086/540/6 3087/541/6
f  3088/417/36 3089/542/36 3090/543/36
f  3091/414/72 3092/424/72 3093/544/72
f  3094/411/1 3095/545/1 3096/413/1
f  3097/421/30 3098/538/30 3099/539/30
f  3100/420/6 3101/540/6 3102/541/6
f  3103/417/36 3104/542/36 3105/543/36
f  3106/414/72 3107/424/72 3108/544/72
f  3109/411/36 3110/545/36 3111/413/36
f  3112/421/1 3113/538/1 3114/539/1
f  3115/420/6 3116/540/6 3117/541/6
f  3118/417/25 3119/542/25 3120/543/25
f  3121/414/72 3122/424/72 3123/544/72
f  3124/411/36 3125/545/36 3126/413/36
f  3127/421/1 3128/538/1 3129/539/1
f  3130/420/6 3131/540/6 3132/541/6
f  3133/417/25 3134/542/25 3135/543/25
f  3136/414/72 3137/424/72 3138/544/72
f  3139/411/1 3140/545/1 3141/413/1
f  3142/421/30 3143/538/30 3144/539/30
f  3145/420/6 3146/540/6 3147/541/6
f  3148/417/36 3149/542/36 3150/543/36
f  3151/414/72 3152/424/72 3153/544/72
f  3154/411/1 3155/545/1 3156/413/1
f  3157/421/30 3158/538/30 3159/539/30
f  3160/420/6 3161/540/6 3162/541/6
f  3163/417/36 3164/542/36 3165/543/36
f  3166/414/72 3167/424/72 3168/544/72
f  3169/411/1 3170/545/1 3171/413/1
f  3172/421/30 3173/538/30 3174/539/30
f  3175/420/6 3176/540/6 3177/541/6
f  3178/417/36 3179/542/36 3180/543/36
f  3181/414/72 3182/424/72 3183/544/72
f  3184/421/349 3185/422/349 3186/423/349
f  3187/420/6 3188/416/6 3189/415/6
f  3190/417/350 3191/418/350 3192/419/350
f  3193/414/72 3194/415/72 3195/424/72
f  3196/411/30 3197/412/30 3198/413/30
f  3199/408/36 3200/409/36 3201/410/36
f  3202/421/30 3203/422/30 3204/423/30
f  3205/420/6 3206/416/6 3207/415/6
f  3208/417/36 3209/418/36 3210/419/36
f  3211/414/72 3212/415/72 3213/416/72
f  3214/411/25 3215/412/25 3216/413/25
f  3217/408/1 3218/409/1 3219/410/1
f  3220/421/30 3221/422/30 3222/423/30
f  3223/420/6 3224/416/6 3225/415/6
f  3226/417/351 3227/418/351 3228/419/351
f  3229/414/72 3230/415/72 3231/424/72
f  3232/411/25 3233/412/25 3234/413/25
f  3235/408/1 3236/409/1 3237/410/1
f  3238/421/25 3239/422/25 3240/423/25
f  3241/420/6 3242/416/6 3243/415/6
f  3244/417/1 3245/418/1 3246/419/1
f  3247/414/72 3248/415/72 3249/416/72
f  3250/411/36 3251/412/36 3252/413/36
f  3253/408/30 3254/409/30 3255/410/30
f  3256/421/25 3257/422/25 3258/423/25
f  3259/420/6 3260/416/6 3261/415/6
f  3262/417/1 3263/418/1 3264/419/1
f  3265/414/72 3266/415/72 3267/416/72
f  3268/411/36 3269/412/36 3270/413/36
f  3271/408/30 3272/409/30 3273/410/30
f  3274/421/30 3275/422/30 3276/423/30
f  3277/420/6 3278/416/6 3279/415/6
f  3280/417/352 3281/418/352 3282/419/352
f  3283/414/72 3284/415/72 3285/424/72
f  3286/411/25 3287/412/25 3288/413/25
f  3289/408/1 3290/409/1 3291/410/1
f  3292/421/30 3293/422/30 3294/423/30
f  3295/420/6 3296/416/6 3297/415/6
f  3298/417/36 3299/418/36 3300/419/36
f  3301/414/72 3302/415/72 3303/416/72
f  3304/411/25 3305/412/25 3306/413/25
f  3307/408/1 3308/409/1 3309/410/1
f  3310/421/30 3311/422/30 3312/423/30
f  3313/420/6 3314/416/6 3315/415/6
f  3316/417/36 3317/418/36 3318/419/36
f  3319/414/72 3320/415/72 3321/416/72
f  3322/411/25 3323/412/25 3324/413/25
f  3325/408/1 3326/409/1 3327/410/1
f  3328/421/30 3329/422/30 3330/423/30
f  3331/420/6 3332/416/6 3333/415/6
f  3334/417/36 3335/418/36 3336/419/36
f  3337/414/72 3338/415/72 3339/416/72
f  3340/411/25 3341/412/25 3342/413/25
f  3343/408/1 3344/409/1 3345/410/1
f  3346/421/25 3347/422/25 3348/423/25
f  3349/420/6 3350/416/6 3351/415/6
f  3352/417/1 3353/418/1 3354/419/1
f  3355/414/72 3356/415/72 3357/416/72
f  3358/411/36 3359/412/36 3360/413/36
f  3361/408/30 3362/409/30 3363/410/30
f  3364/421/25 3365/422/25 3366/423/25
f  3367/420/6 3368/416/6 3369/415/6
f  3370/417/1 3371/418/1 3372/419/1
f  3373/414/72 3374/415/72 3375/416/72
f  3376/411/36 3377/412/36 3378/413/36
f  3379/408/30 3380/409/30 3381/410/30
f  3382/421/30 3383/422/30 3384/423/30
f  3385/420/6 3386/416/6 3387/415/6
f  3388/417/36 3389/418/36 3390/419/36
f  3391/414/72 3392/415/72 3393/416/72
f  3394/411/25 3395/412/25 3396/413/25
f  3397/408/1 3398/409/1 3399/410/1
f  3400/421/1 3401/422/1 3402/423/1
f  3403/420/6 3404/416/6 3405/415/6
f  3406/417/353 3407/418/353 3408/419/353
f  3409/414/72 3410/415/72 3411/416/72
f  3412/411/30 3413/412/30 3414/413/30
f  3415/408/36 3416/409/36 3417/410/36
f  3418/421/30 3419/422/30 3420/423/30
f  3421/420/6 3422/416/6 3423/415/6
f  3424/417/36 3425/418/36 3426/419/36
f  3427/414/72 3428/415/72 3429/416/72
f  3430/411/25 3431/412/25 3432/413/25
f  3433/408/1 3434/409/1 3435/410/1
f  3436/421/1 3437/422/1 3438/423/1
f  3439/420/6 3440/416/6 3441/415/6
f  3442/417/354 3443/418/354 3444/419/354
f  3445/414/72 3446/415/72 3447/424/72
f  3448/411/30 3449/412/30 3450/413/30
f  3451/408/36 3452/409/36 3453/410/36
f  3454/421/25 3455/538/25 3456/423/25
f  3457/420/355 3458/540/355 3459/415/355
f  3460/417/1 3461/542/1 3462/418/1
f  3463/414/356 3464/424/356 3465/416/356
f  3466/411/30 3467/545/30 3468/413/30
f  3469/408/36 3470/550/36 3471/410/36
f  3472/551/30 3473/552/30 3474/553/30
f  3475/554/1 3476/555/1 3477/556/1
f  3478/557/36 3479/558/36 3480/559/36
f  3481/560/25 3482/561/25 3483/562/25
f  3484/411/72 3485/545/72 3486/413/72
f  3487/408/6 3488/550/6 3489/410/6
f  3490/551/357 3491/552/357 3492/553/357
f  3493/554/358 3494/555/358 3495/556/358
f  3496/557/359 3497/558/359 3498/559/359
f  3499/560/30 3500/561/30 3501/562/30
f  3502/411/25 3503/545/25 3504/413/25
f  3505/408/1 3506/550/1 3507/410/1
f  3508/551/72 3509/552/72 3510/553/72
f  3511/554/358 3512/555/358 3513/556/358
f  3514/557/6 3515/558/6 3516/559/6
f  3517/560/30 3518/561/30 3519/562/30
f  3520/411/360 3521/545/360 3522/413/360
f  3523/408/1 3524/550/1 3525/410/1
f  3526/551/72 3527/552/72 3528/553/72
f  3529/554/1 3530/555/1 3531/556/1
f  3532/557/6 3533/558/6 3534/563/6
f  3535/560/361 3536/561/361 3537/562/361
f  3538/411/36 3539/545/36 3540/413/36
f  3541/408/362 3542/550/362 3543/410/362
f  3544/551/363 3545/552/363 3546/553/363
f  3547/554/1 3548/555/1 3549/556/1
f  3550/557/364 3551/558/364 3552/563/364
f  3553/560/361 3554/561/361 3555/562/361
f  3556/411/36 3557/545/36 3558/412/36
f  3559/408/362 3560/550/362 3561/409/362
f  3562/551/72 3563/552/72 3564/553/72
f  3565/554/1 3566/555/1 3567/556/1
f  3568/557/6 3569/558/6 3570/563/6
f  3571/560/361 3572/561/361 3573/562/361
f  3574/411/36 3575/545/36 3576/413/36
f  3577/408/362 3578/550/362 3579/410/362
f  3580/551/365 3581/552/365 3582/553/365
f  3583/554/358 3584/555/358 3585/556/358
f  3586/557/366 3587/558/366 3588/559/366
f  3589/560/30 3590/561/30 3591/562/30
f  3592/411/25 3593/545/25 3594/413/25
f  3595/408/1 3596/550/1 3597/410/1
f  3598/551/30 3599/552/30 3600/553/30
f  3601/554/367 3602/555/367 3603/556/367
f  3604/557/36 3605/558/36 3606/559/36
f  3607/560/368 3608/561/368 3609/562/368
f  3610/411/72 3611/545/72 3612/413/72
f  3613/408/6 3614/550/6 3615/410/6
f  3616/551/369 3617/552/369 3618/553/369
f  3619/554/1 3620/555/1 3621/556/1
f  3622/557/370 3623/558/370 3624/559/370
f  3625/560/371 3626/561/371 3627/562/371
f  3628/411/72 3629/545/72 3630/413/72
f  3631/408/6 3632/550/6 3633/410/6
f  3634/551/30 3635/552/30 3636/553/30
f  3637/554/1 3638/555/1 3639/556/1
f  3640/557/36 3641/558/36 3642/559/36
f  3643/560/25 3644/561/25 3645/562/25
f  3646/411/72 3647/545/72 3648/413/72
f  3649/408/6 3650/550/6 3651/410/6
f  3652/551/30 3653/552/30 3654/553/30
f  3655/554/372 3656/555/372 3657/556/372
f  3658/557/36 3659/558/36 3660/559/36
f  3661/560/373 3662/561/373 3663/562/373
f  3664/411/72 3665/545/72 3666/413/72
f  3667/408/6 3668/550/6 3669/410/6
f  3670/551/374 3671/552/374 3672/553/374
f  3673/554/375 3674/555/375 3675/556/375
f  3676/557/376 3677/558/376 3678/559/376
f  3679/560/377 3680/561/377 3681/562/377
f  3682/411/25 3683/545/25 3684/413/25
f  3685/408/1 3686/550/1 3687/410/1
f  3688/551/72 3689/552/72 3690/553/72
f  3691/554/378 3692/555/378 3693/556/378
f  3694/557/6 3695/558/6 3696/559/6
f  3697/560/377 3698/561/377 3699/562/377
f  3700/411/25 3701/545/25 3702/413/25
f  3703/408/1 3704/550/1 3705/410/1
f  3706/551/72 3707/552/72 3708/553/72
f  3709/554/36 3710/555/36 3711/556/36
f  3712/557/6 3713/558/6 3714/559/6
f  3715/560/30 3716/561/30 3717/562/30
f  3718/411/25 3719/545/25 3720/413/25
f  3721/408/379 3722/550/379 3723/410/379
f  3724/551/72 3725/552/72 3726/553/72
f  3727/554/380 3728/555/380 3729/556/380
f  3730/557/6 3731/558/6 3732/559/6
f  3733/560/25 3734/561/25 3735/562/25
f  3736/411/36 3737/545/36 3738/413/36
f  3739/408/30 3740/550/30 3741/410/30
f  3742/551/72 3743/552/72 3744/553/72
f  3745/554/380 3746/555/380 3747/556/380
f  3748/557/6 3749/558/6 3750/559/6
f  3751/560/25 3752/561/25 3753/562/25
f  3754/411/36 3755/545/36 3756/413/36
f  3757/408/30 3758/550/30 3759/410/30
f  3760/551/72 3761/552/72 3762/553/72
f  3763/554/36 3764/555/36 3765/556/36
f  3766/557/6 3767/558/6 3768/559/6
f  3769/560/30 3770/561/30 3771/562/30
f  3772/411/25 3773/545/25 3774/413/25
f  3775/408/1 3776/550/1 3777/410/1
f  3778/551/381 3779/552/381 3780/553/381
f  3781/554/378 3782/555/378 3783/556/378
f  3784/557/6 3785/558/6 3786/559/6
f  3787/560/377 3788/561/377 3789/562/377
f  3790/411/25 3791/545/25 3792/413/25
f  3793/408/1 3794/550/1 3795/410/1
f  3796/551/382 3797/552/382 3798/553/382
f  3799/554/36 3800/555/36 3801/556/36
f  3802/557/376 3803/558/376 3804/559/376
f  3805/560/30 3806/561/30 3807/562/30
f  3808/411/25 3809/545/25 3810/413/25
f  3811/408/1 3812/550/1 3813/410/1
f  3814/551/72 3815/552/72 3816/553/72
f  3817/554/380 3818/555/380 3819/556/380
f  3820/557/6 3821/558/6 3822/559/6
f  3823/560/25 3824/561/25 3825/562/25
f  3826/411/36 3827/545/36 3828/413/36
f  3829/408/30 3830/550/30 3831/410/30
f  3832/551/30 3833/552/30 3834/553/30
f  3835/554/1 3836/555/1 3837/556/1
f  3838/557/36 3839/558/36 3840/559/36
f  3841/560/25 3842/561/25 3843/562/25
f  3844/411/72 3845/545/72 3846/413/72
f  3847/408/6 3848/550/6 3849/410/6
f  3850/551/30 3851/552/30 3852/553/30
f  3853/554/1 3854/555/1 3855/556/1
f  3856/557/36 3857/558/36 3858/559/36
f  3859/560/25 3860/561/25 3861/562/25
f  3862/411/72 3863/545/72 3864/413/72
f  3865/408/6 3866/550/6 3867/410/6
f  3868/551/30 3869/552/30 3870/553/30
f  3871/554/1 3872/555/1 3873/556/1
f  3874/557/36 3875/558/36 3876/559/36
f  3877/560/25 3878/561/25 3879/562/25
f  3880/411/72 3881/545/72 3882/413/72
f  3883/408/6 3884/550/6 3885/410/6
f  3886/551/30 3887/552/30 3888/553/30
f  3889/554/1 3890/555/1 3891/556/1
f  3892/557/36 3893/558/36 3894/559/36
f  3895/560/25 3896/561/25 3897/562/25
f  3898/411/72 3899/545/72 3900/413/72
f  3901/408/6 3902/550/6 3903/410/6
f  3904/421/25 3905/538/25 3906/423/25
f  3907/420/6 3908/540/6 3909/415/6
f  3910/417/1 3911/542/1 3912/419/1
f  3913/414/72 3914/424/72 3915/416/72
f  3916/411/30 3917/545/30 3918/413/30
f  3919/408/36 3920/550/36 3921/410/36
f  3922/421/25 3923/538/25 3924/423/25
f  3925/420/6 3926/540/6 3927/415/6
f  3928/417/1 3929/542/1 3930/419/1
f  3931/414/72 3932/424/72 3933/416/72
f  3934/411/30 3935/545/30 3936/413/30
f  3937/408/36 3938/550/36 3939/410/36
f  3940/421/25 3941/538/25 3942/423/25
f  3943/420/6 3944/540/6 3945/415/6
f  3946/417/1 3947/542/1 3948/419/1
f  3949/414/72 3950/424/72 3951/416/72
f  3952/411/30 3953/545/30 3954/413/30
f  3955/408/36 3956/550/36 3957/410/36
f  3958/421/25 3959/538/25 3960/423/25
f  3961/420/6 3962/540/6 3963/415/6
f  3964/417/1 3965/542/1 3966/419/1
f  3967/414/72 3968/424/72 3969/416/72
f  3970/411/30 3971/545/30 3972/413/30
f  3973/408/36 3974/550/36 3975/410/36
f  3976/421/25 3977/538/25 3978/423/25
f  3979/420/6 3980/540/6 3981/415/6
f  3982/417/1 3983/542/1 3984/419/1
f  3985/414/72 3986/424/72 3987/416/72
f  3988/411/30 3989/545/30 3990/413/30
f  3991/408/36 3992/550/36 3993/410/36
f  3994/421/25 3995/538/25 3996/423/25
f  3997/420/6 3998/540/6 3999/415/6
f  4000/417/1 4001/542/1 4002/419/1
f  4003/414/72 4004/424/72 4005/416/72
f  4006/411/30 4007/545/30 4008/413/30
f  4009/408/36 4010/550/36 4011/410/36
f  4012/421/25 4013/538/25 4014/423/25
f  4015/420/6 4016/540/6 4017/415/6
f  4018/417/1 4019/542/1 4020/419/1
f  4021/414/72 4022/424/72 4023/416/72
f  4024/411/30 4025/545/30 4026/413/30
f  4027/408/36 4028/550/36 4029/410/36
f  4030/421/25 4031/538/25 4032/423/25
f  4033/420/6 4034/540/6 4035/415/6
f  4036/417/1 4037/542/1 4038/419/1
f  4039/414/72 4040/424/72 4041/416/72
f  4042/411/30 4043/545/30 4044/413/30
f  4045/408/36 4046/550/36 4047/410/36
f  4048/421/25 4049/538/25 4050/423/25
f  4051/420/6 4052/540/6 4053/415/6
f  4054/417/1 4055/542/1 4056/419/1
f  4057/414/72 4058/424/72 4059/416/72
f  4060/411/30 4061/545/30 4062/413/30
f  4063/408/36 4064/550/36 4065/410/36
f  4066/421/25 4067/538/25 4068/423/25
f  4069/420/36 4070/540/36 4071/415/36
f  4072/417/1 4073/542/1 4074/419/1
f  4075/414/30 4076/424/30 4077/416/30
f  4078/411/6 4079/545/6 4080/413/6
f  4081/421/25 4082/538/25 4083/423/25
f  4084/420/36 4085/540/36 4086/415/36
f  4087/417/1 4088/542/1 4089/419/1
f  4090/414/30 4091/424/30 4092/416/30
f  4093/411/6 4094/545/6 4095/413/6
f  4096/421/25 4097/538/25 4098/423/25
f  4099/420/36 4100/540/36 4101/415/36
f  4102/417/1 4103/542/1 4104/419/1
f  4105/414/30 4106/424/30 4107/416/30
f  4108/411/6 4109/545/6 4110/413/6
f  4111/421/25 4112/538/25 4113/423/25
f  4114/420/36 4115/540/36 4116/415/36
f  4117/417/1 4118/542/1 4119/419/1
f  4120/414/30 4121/424/30 4122/416/30
f  4123/411/6 4124/545/6 4125/413/6
f  4126/421/25 4127/538/25 4128/423/25
f  4129/420/36 4130/540/36 4131/415/36
f  4132/417/1 4133/542/1 4134/419/1
f  4135/414/30 4136/424/30 4137/416/30
f  4138/411/6 4139/545/6 4140/413/6
f  4141/421/25 4142/538/25 4143/423/25
f  4144/420/36 4145/540/36 4146/415/36
f  4147/417/1 4148/542/1 4149/419/1
f  4150/414/30 4151/424/30 4152/416/30
f  4153/411/6 4154/545/6 4155/413/6
f  4156/564/383 4157/565/383 4158/423/383
f  4159/566/6 4160/567/6 4161/415/6
f  4162/568/1 4163/569/1 4164/419/1
f  4165/567/72 4166/566/72 4167/416/72
f  4168/411/30 4169/545/30 4170/413/30
f  4171/408/36 4172/550/36 4173/410/36
f  4174/421/25 4175/538/25 4176/539/25
f  4177/420/6 4178/540/6 4179/541/6
f  4180/417/1 4181/542/1 4182/543/1
f  4183/414/72 4184/424/72 4185/544/72
f  4186/564/25 4187/565/25 4188/423/25
f  4189/566/6 4190/567/6 4191/415/6
f  4192/568/1 4193/569/1 4194/419/1
f  4195/567/72 4196/566/72 4197/416/72
f  4198/411/30 4199/545/30 4200/413/30
f  4201/408/36 4202/550/36 4203/410/36
f  4204/421/25 4205/538/25 4206/539/25
f  4207/420/6 4208/540/6 4209/541/6
f  4210/417/1 4211/542/1 4212/543/1
f  4213/414/72 4214/424/72 4215/544/72
f  4216/564/25 4217/565/25 4218/423/25
f  4219/566/6 4220/567/6 4221/415/6
f  4222/568/1 4223/569/1 4224/419/1
f  4225/567/72 4226/566/72 4227/416/72
f  4228/411/30 4229/545/30 4230/413/30
f  4231/408/36 4232/550/36 4233/410/36
f  4234/421/25 4235/538/25 4236/539/25
f  4237/420/6 4238/540/6 4239/541/6
f  4240/417/1 4241/542/1 4242/543/1
f  4243/414/72 4244/424/72 4245/544/72
f  4246/570/36 4247/571/36 4248/572/36
f  4249/570/36 4250/573/36 4251/571/36
f  4252/574/30 4253/570/30 4254/572/30
f  4255/574/30 4256/575/30 4257/570/30
f  4258/576/1 4259/577/1 4260/578/1
f  4261/576/1 4262/579/1 4263/577/1
f  4264/578/25 4265/580/25 4266/576/25
f  4267/578/25 4268/577/25 4269/580/25
f  4270/581/6 4271/582/6 4272/583/6
f  4273/581/6 4274/584/6 4275/582/6
f  4276/585/384 4277/586/384 4278/587/384
f  4279/585/384 4280/588/384 4281/586/384
f  4282/588/385 4283/587/385 4284/586/385
f  4285/588/386 4286/585/386 4287/587/386
f  4288/589/25 4289/590/25 4290/591/25
f  4291/589/25 4292/592/25 4293/590/25
f  4294/592/387 4295/591/387 4296/590/387
f  4297/592/387 4298/589/387 4299/591/387
f  4300/576/25 4301/593/25 4302/594/25
f  4303/576/25 4304/580/25 4305/593/25
f  4306/579/1 4307/594/1 4308/593/1
f  4309/579/1 4310/576/1 4311/594/1
f  4312/572/30 4313/595/30 4314/596/30
f  4315/572/30 4316/570/30 4317/595/30
f  4318/596/36 4319/570/36 4320/572/36
f  4321/596/36 4322/595/36 4323/570/36
f  4324/597/6 4325/598/6 4326/599/6
f  4327/597/6 4328/600/6 4329/598/6
f  4330/601/6 4331/602/6 4332/603/6
f  4333/601/6 4334/604/6 4335/602/6
f  4336/604/6 4337/599/6 4338/602/6
f  4339/604/6 4340/597/6 4341/599/6
f  4342/600/6 4343/603/6 4344/598/6
f  4345/600/6 4346/601/6 4347/603/6
f  4348/605/6 4349/606/6 4350/607/6
f  4351/605/6 4352/608/6 4353/606/6
f  4354/609/6 4355/610/6 4356/611/6
f  4357/609/6 4358/612/6 4359/610/6
f  4360/608/6 4361/611/6 4362/606/6
f  4363/608/6 4364/609/6 4365/611/6
f  4366/612/6 4367/607/6 4368/610/6
f  4369/612/6 4370/605/6 4371/607/6
f  4372/613/36 4373/614/36 4374/615/36
f  4375/613/36 4376/616/36 4377/614/36
f  4378/617/30 4379/618/30 4380/619/30
f  4381/617/30 4382/620/30 4383/618/30
f  4384/579/388 4385/594/388 4386/593/388
f  4387/579/388 4388/576/388 4389/594/388
f  4390/576/25 4391/593/25 4392/594/25
f  4393/576/25 4394/580/25 4395/593/25
f  4396/592/1 4397/591/1 4398/590/1
f  4399/592/1 4400/589/1 4401/591/1
f  4402/589/389 4403/590/389 4404/591/389
f  4405/589/390 4406/592/390 4407/590/390
f  4408/621/385 4409/622/385 4410/623/385
f  4411/621/386 4412/624/386 4413/622/386
f  4414/624/391 4415/625/391 4416/622/391
f  4417/624/391 4418/626/391 4419/625/391
f  4420/627/6 4421/583/6 4422/628/6
f  4423/627/6 4424/581/6 4425/583/6
f  4426/580/25 4427/578/25 4428/577/25
f  4429/580/25 4430/576/25 4431/578/25
f  4432/576/388 4433/577/388 4434/578/388
f  4435/576/388 4436/579/388 4437/577/388
f  4438/629/30 4439/620/30 4440/617/30
f  4441/629/30 4442/630/30 4443/620/30
f  4444/629/36 4445/613/36 4446/631/36
f  4447/629/36 4448/616/36 4449/613/36
f  4450/632/36 4451/633/36 4452/634/36
f  4453/632/36 4454/635/36 4455/633/36
f  4456/636/25 4457/637/25 4458/638/25
f  4459/636/25 4460/639/25 4461/637/25
f  4462/638/1 4463/639/1 4464/636/1
f  4465/638/1 4466/637/1 4467/639/1
f  4468/634/30 4469/635/30 4470/632/30
f  4471/634/30 4472/633/30 4473/635/30
f  4474/640/6 4475/641/6 4476/642/6
f  4477/640/6 4478/643/6 4479/641/6
f  4480/640/6 4481/643/6 4482/641/6
f  4483/640/6 4484/641/6 4485/642/6
f  4486/634/30 4487/633/30 4488/635/30
f  4489/634/30 4490/635/30 4491/632/30
f  4492/638/1 4493/637/1 4494/639/1
f  4495/638/1 4496/639/1 4497/636/1
f  4498/636/25 4499/639/25 4500/637/25
f  4501/636/25 4502/637/25 4503/638/25
f  4504/632/36 4505/635/36 4506/633/36
f  4507/632/36 4508/633/36 4509/634/36
f  4510/644/36 4511/645/36 4512/646/36
f  4513/644/36 4514/646/36 4515/647/36
f  4516/648/1 4517/649/1 4518/650/1
f  4519/648/1 4520/650/1 4521/651/1
f  4522/649/25 4523/648/25 4524/651/25
f  4525/649/25 4526/651/25 4527/650/25
f  4528/645/30 4529/644/30 4530/647/30
f  4531/645/30 4532/647/30 4533/646/30
f  4534/652/6 4535/653/6 4536/654/6
f  4537/652/6 4538/654/6 4539/655/6
f  4540/644/25 4541/645/25 4542/646/25
f  4543/644/25 4544/646/25 4545/647/25
f  4546/648/36 4547/649/36 4548/650/36
f  4549/648/36 4550/650/36 4551/651/36
f  4552/649/30 4553/648/30 4554/651/30
f  4555/649/30 4556/651/30 4557/650/30
f  4558/645/1 4559/644/1 4560/647/1
f  4561/645/1 4562/647/1 4563/646/1
f  4564/652/6 4565/653/6 4566/654/6
f  4567/652/6 4568/654/6 4569/655/6
f  4570/652/6 4571/654/6 4572/655/6
f  4573/652/6 4574/653/6 4575/654/6
f  4576/645/1 4577/647/1 4578/646/1
f  4579/645/1 4580/644/1 4581/647/1
f  4582/649/30 4583/651/30 4584/650/30
f  4585/649/30 4586/648/30 4587/651/30
f  4588/648/36 4589/650/36 4590/651/36
f  4591/648/36 4592/649/36 4593/650/36
f  4594/644/25 4595/646/25 4596/647/25
f  4597/644/25 4598/645/25 4599/646/25
f  4600/656/6 4601/657/6 4602/658/6
f  4603/656/6 4604/659/6 4605/657/6
f  4606/660/392 4607/661/392 4608/662/392
f  4609/660/392 4610/663/392 4611/661/392
f  4612/664/25 4613/663/25 4614/660/25
f  4615/664/25 4616/665/25 4617/663/25
f  4618/632/36 4619/633/36 4620/634/36
f  4621/632/36 4622/635/36 4623/633/36
f  4624/632/36 4625/633/36 4626/634/36
f  4627/632/36 4628/635/36 4629/633/36
f  4630/636/25 4631/637/25 4632/638/25
f  4633/636/25 4634/639/25 4635/637/25
f  4636/638/393 4637/639/393 4638/636/393
f  4639/638/393 4640/637/393 4641/639/393
f  4642/634/30 4643/635/30 4644/632/30
f  4645/634/30 4646/633/30 4647/635/30
f  4648/640/6 4649/641/6 4650/642/6
f  4651/640/6 4652/643/6 4653/641/6
f  4654/666/25 4655/646/25 4656/645/25
f  4657/666/25 4658/667/25 4659/646/25
f  4660/644/394 4661/667/394 4662/666/394
f  4663/644/394 4664/647/394 4665/667/394
f  4666/634/30 4667/635/30 4668/632/30
f  4669/634/30 4670/633/30 4671/635/30
f  4672/668/6 4673/669/6 4674/670/6
f  4675/668/6 4676/671/6 4677/669/6
f  4678/672/30 4679/633/30 4680/634/30
f  4681/672/30 4682/673/30 4683/633/30
f  4684/632/36 4685/673/36 4686/672/36
f  4687/632/36 4688/635/36 4689/673/36
f  4690/645/1 4691/647/1 4692/644/1
f  4693/645/1 4694/646/1 4695/647/1
f  4696/670/6 4697/674/6 4698/668/6
f  4699/670/6 4700/675/6 4701/674/6
f  4702/659/6 4703/676/6 4704/657/6
f  4705/659/6 4706/677/6 4707/676/6
f  4708/662/1 4709/665/1 4710/664/1
f  4711/662/1 4712/661/1 4713/665/1
f  4714/634/36 4715/673/36 4716/672/36
f  4717/634/36 4718/633/36 4719/673/36
f  4720/672/30 4721/635/30 4722/632/30
f  4723/672/30 4724/673/30 4725/635/30
f  4726/678/1 4727/661/1 4728/679/1
f  4729/678/1 4730/662/1 4731/661/1
f  4732/648/30 4733/650/30 4734/651/30
f  4735/648/30 4736/649/30 4737/650/30
f  4738/649/36 4739/651/36 4740/650/36
f  4741/649/36 4742/648/36 4743/651/36
f  4744/662/25 4745/679/25 4746/661/25
f  4747/662/25 4748/678/25 4749/679/25
f  4750/680/6 4751/681/6 4752/682/6
f  4753/680/6 4754/683/6 4755/681/6
f  4756/684/30 4757/685/30 4758/686/30
f  4759/684/30 4760/687/30 4761/685/30
f  4762/688/36 4763/686/36 4764/689/36
f  4765/688/36 4766/684/36 4767/686/36
f  4768/662/25 4769/665/25 4770/661/25
f  4771/662/25 4772/664/25 4773/665/25
f  4774/690/6 4775/691/6 4776/692/6
f  4777/690/6 4778/693/6 4779/691/6
f  4780/694/6 4781/695/6 4782/696/6
f  4783/694/6 4784/697/6 4785/695/6
f  4786/645/25 4787/647/25 4788/646/25
f  4789/645/25 4790/644/25 4791/647/25
f  4792/687/36 4793/686/36 4794/685/36
f  4795/687/36 4796/684/36 4797/686/36
f  4798/684/30 4799/689/30 4800/686/30
f  4801/684/30 4802/688/30 4803/689/30
f  4804/652/6 4805/654/6 4806/655/6
f  4807/652/6 4808/653/6 4809/654/6
f  4810/645/25 4811/647/25 4812/646/25
f  4813/645/25 4814/644/25 4815/647/25
f  4816/649/36 4817/651/36 4818/650/36
f  4819/649/36 4820/648/36 4821/651/36
f  4822/648/30 4823/650/30 4824/651/30
f  4825/648/30 4826/649/30 4827/650/30
f  4828/644/1 4829/646/1 4830/647/1
f  4831/644/1 4832/645/1 4833/646/1
f  4834/697/6 4835/698/6 4836/699/6
f  4837/697/6 4838/694/6 4839/698/6
f  4840/688/30 4841/685/30 4842/689/30
f  4843/688/30 4844/687/30 4845/685/30
f  4846/644/395 4847/667/395 4848/647/395
f  4849/644/395 4850/666/395 4851/667/395
f  4852/666/1 4853/646/1 4854/667/1
f  4855/666/1 4856/645/1 4857/646/1
f  4858/700/6 4859/701/6 4860/702/6
f  4861/700/6 4862/703/6 4863/701/6
f  4864/688/30 4865/685/30 4866/689/30
f  4867/688/30 4868/687/30 4869/685/30
f  4870/638/396 4871/639/396 4872/637/396
f  4873/638/396 4874/636/396 4875/639/396
f  4876/636/1 4877/637/1 4878/639/1
f  4879/636/1 4880/638/1 4881/637/1
f  4882/687/36 4883/689/36 4884/685/36
f  4885/687/36 4886/688/36 4887/689/36
f  4888/687/36 4889/689/36 4890/685/36
f  4891/687/36 4892/688/36 4893/689/36
f  4894/664/1 4895/663/1 4896/665/1
f  4897/664/1 4898/660/1 4899/663/1
f  4900/660/397 4901/661/397 4902/663/397
f  4903/660/397 4904/662/397 4905/661/397
f  4906/704/6 4907/693/6 4908/690/6
f  4909/704/6 4910/705/6 4911/693/6
f  4912/67/1 4913/68/1 4914/69/1
f  4915/67/1 4916/70/1 4917/68/1
f  4918/67/25 4919/68/25 4920/71/25
f  4921/67/25 4922/69/25 4923/68/25
f  4924/72/398 4925/73/398 4926/74/398
f  4927/72/399 4928/75/399 4929/73/399
f  4930/74/400 4931/76/400 4932/77/400
f  4933/74/400 4934/73/400 4935/76/400
f  4936/656/6 4937/657/6 4938/658/6
f  4939/656/6 4940/659/6 4941/657/6
f  4942/660/401 4943/661/401 4944/662/401
f  4945/660/401 4946/663/401 4947/661/401
f  4948/664/25 4949/663/25 4950/660/25
f  4951/664/25 4952/665/25 4953/663/25
f  4954/632/36 4955/633/36 4956/634/36
f  4957/632/36 4958/635/36 4959/633/36
f  4960/632/36 4961/633/36 4962/634/36
f  4963/632/36 4964/635/36 4965/633/36
f  4966/636/25 4967/637/25 4968/638/25
f  4969/636/25 4970/639/25 4971/637/25
f  4972/638/402 4973/639/402 4974/636/402
f  4975/638/402 4976/637/402 4977/639/402
f  4978/634/30 4979/635/30 4980/632/30
f  4981/634/30 4982/633/30 4983/635/30
f  4984/640/6 4985/641/6 4986/642/6
f  4987/640/6 4988/643/6 4989/641/6
f  4990/666/25 4991/646/25 4992/645/25
f  4993/666/25 4994/667/25 4995/646/25
f  4996/644/403 4997/667/403 4998/666/403
f  4999/644/403 5000/647/403 5001/667/403
f  5002/634/30 5003/635/30 5004/632/30
f  5005/634/30 5006/633/30 5007/635/30
f  5008/668/6 5009/669/6 5010/670/6
f  5011/668/6 5012/671/6 5013/669/6
f  5014/672/30 5015/633/30 5016/634/30
f  5017/672/30 5018/673/30 5019/633/30
f  5020/632/36 5021/673/36 5022/672/36
f  5023/632/36 5024/635/36 5025/673/36
f  5026/645/1 5027/647/1 5028/644/1
f  5029/645/1 5030/646/1 5031/647/1
f  5032/670/6 5033/674/6 5034/668/6
f  5035/670/6 5036/675/6 5037/674/6
f  5038/659/6 5039/676/6 5040/657/6
f  5041/659/6 5042/677/6 5043/676/6
f  5044/662/1 5045/665/1 5046/664/1
f  5047/662/1 5048/661/1 5049/665/1
f  5050/634/36 5051/673/36 5052/672/36
f  5053/634/36 5054/633/36 5055/673/36
f  5056/672/30 5057/635/30 5058/632/30
f  5059/672/30 5060/673/30 5061/635/30
f  5062/678/1 5063/661/1 5064/679/1
f  5065/678/1 5066/662/1 5067/661/1
f  5068/648/30 5069/650/30 5070/651/30
f  5071/648/30 5072/649/30 5073/650/30
f  5074/649/36 5075/651/36 5076/650/36
f  5077/649/36 5078/648/36 5079/651/36
f  5080/662/25 5081/679/25 5082/661/25
f  5083/662/25 5084/678/25 5085/679/25
f  5086/680/6 5087/681/6 5088/682/6
f  5089/680/6 5090/683/6 5091/681/6
f  5092/684/30 5093/685/30 5094/686/30
f  5095/684/30 5096/687/30 5097/685/30
f  5098/688/36 5099/686/36 5100/689/36
f  5101/688/36 5102/684/36 5103/686/36
f  5104/662/25 5105/665/25 5106/661/25
f  5107/662/25 5108/664/25 5109/665/25
f  5110/690/6 5111/691/6 5112/692/6
f  5113/690/6 5114/693/6 5115/691/6
f  5116/694/6 5117/695/6 5118/696/6
f  5119/694/6 5120/697/6 5121/695/6
f  5122/645/25 5123/647/25 5124/646/25
f  5125/645/25 5126/644/25 5127/647/25
f  5128/687/36 5129/686/36 5130/685/36
f  5131/687/36 5132/684/36 5133/686/36
f  5134/684/30 5135/689/30 5136/686/30
f  5137/684/30 5138/688/30 5139/689/30
f  5140/652/6 5141/654/6 5142/655/6
f  5143/652/6 5144/653/6 5145/654/6
f  5146/645/25 5147/647/25 5148/646/25
f  5149/645/25 5150/644/25 5151/647/25
f  5152/649/36 5153/651/36 5154/650/36
f  5155/649/36 5156/648/36 5157/651/36
f  5158/648/30 5159/650/30 5160/651/30
f  5161/648/30 5162/649/30 5163/650/30
f  5164/644/1 5165/646/1 5166/647/1
f  5167/644/1 5168/645/1 5169/646/1
f  5170/697/6 5171/698/6 5172/699/6
f  5173/697/6 5174/694/6 5175/698/6
f  5176/688/30 5177/685/30 5178/689/30
f  5179/688/30 5180/687/30 5181/685/30
f  5182/644/404 5183/667/404 5184/647/404
f  5185/644/404 5186/666/404 5187/667/404
f  5188/666/1 5189/646/1 5190/667/1
f  5191/666/1 5192/645/1 5193/646/1
f  5194/700/6 5195/701/6 5196/702/6
f  5197/700/6 5198/703/6 5199/701/6
f  5200/688/30 5201/685/30 5202/689/30
f  5203/688/30 5204/687/30 5205/685/30
f  5206/638/405 5207/639/405 5208/637/405
f  5209/638/405 5210/636/405 5211/639/405
f  5212/636/1 5213/637/1 5214/639/1
f  5215/636/1 5216/638/1 5217/637/1
f  5218/687/36 5219/689/36 5220/685/36
f  5221/687/36 5222/688/36 5223/689/36
f  5224/687/36 5225/689/36 5226/685/36
f  5227/687/36 5228/688/36 5229/689/36
f  5230/664/1 5231/663/1 5232/665/1
f  5233/664/1 5234/660/1 5235/663/1
f  5236/660/406 5237/661/406 5238/663/406
f  5239/660/406 5240/662/406 5241/661/406
f  5242/704/6 5243/693/6 5244/690/6
f  5245/704/6 5246/705/6 5247/693/6
f  5248/632/36 5249/633/36 5250/634/36
f  5251/632/36 5252/635/36 5253/633/36
f  5254/636/25 5255/637/25 5256/638/25
f  5257/636/25 5258/639/25 5259/637/25
f  5260/638/1 5261/639/1 5262/636/1
f  5263/638/1 5264/637/1 5265/639/1
f  5266/634/30 5267/635/30 5268/632/30
f  5269/634/30 5270/633/30 5271/635/30
f  5272/640/6 5273/641/6 5274/642/6
f  5275/640/6 5276/643/6 5277/641/6
f  5278/652/6 5279/654/6 5280/655/6
f  5281/652/6 5282/653/6 5283/654/6
f  5284/645/30 5285/647/30 5286/646/30
f  5287/645/30 5288/644/30 5289/647/30
f  5290/649/25 5291/651/25 5292/650/25
f  5293/649/25 5294/648/25 5295/651/25
f  5296/648/1 5297/650/1 5298/651/1
f  5299/648/1 5300/649/1 5301/650/1
f  5302/644/36 5303/646/36 5304/647/36
f  5305/644/36 5306/645/36 5307/646/36
f  5308/632/36 5309/633/36 5310/634/36
f  5311/632/36 5312/635/36 5313/633/36
f  5314/636/25 5315/637/25 5316/638/25
f  5317/636/25 5318/639/25 5319/637/25
f  5320/638/1 5321/639/1 5322/636/1
f  5323/638/1 5324/637/1 5325/639/1
f  5326/634/30 5327/635/30 5328/632/30
f  5329/634/30 5330/633/30 5331/635/30
f  5332/640/6 5333/641/6 5334/642/6
f  5335/640/6 5336/643/6 5337/641/6
f  5338/652/6 5339/654/6 5340/655/6
f  5341/652/6 5342/653/6 5343/654/6
f  5344/645/30 5345/647/30 5346/646/30
f  5347/645/30 5348/644/30 5349/647/30
f  5350/649/25 5351/651/25 5352/650/25
f  5353/649/25 5354/648/25 5355/651/25
f  5356/648/1 5357/650/1 5358/651/1
f  5359/648/1 5360/649/1 5361/650/1
f  5362/644/36 5363/646/36 5364/647/36
f  5365/644/36 5366/645/36 5367/646/36
f  5368/632/36 5369/633/36 5370/634/36
f  5371/632/36 5372/635/36 5373/633/36
f  5374/636/25 5375/637/25 5376/638/25
f  5377/636/25 5378/639/25 5379/637/25
f  5380/638/1 5381/639/1 5382/636/1
f  5383/638/1 5384/637/1 5385/639/1
f  5386/634/30 5387/635/30 5388/632/30
f  5389/634/30 5390/633/30 5391/635/30
f  5392/640/6 5393/641/6 5394/642/6
f  5395/640/6 5396/643/6 5397/641/6
f  5398/652/6 5399/654/6 5400/655/6
f  5401/652/6 5402/653/6 5403/654/6
f  5404/645/30 5405/647/30 5406/646/30
f  5407/645/30 5408/644/30 5409/647/30
f  5410/649/25 5411/651/25 5412/650/25
f  5413/649/25 5414/648/25 5415/651/25
f  5416/648/1 5417/650/1 5418/651/1
f  5419/648/1 5420/649/1 5421/650/1
f  5422/644/36 5423/646/36 5424/647/36
f  5425/644/36 5426/645/36 5427/646/36
f  5428/694/6 5429/695/6 5430/696/6
f  5431/694/6 5432/697/6 5433/695/6
f  5434/645/25 5435/647/25 5436/646/25
f  5437/645/25 5438/644/25 5439/647/25
f  5440/687/36 5441/686/36 5442/685/36
f  5443/687/36 5444/684/36 5445/686/36
f  5446/684/30 5447/689/30 5448/686/30
f  5449/684/30 5450/688/30 5451/689/30
f  5452/697/6 5453/698/6 5454/699/6
f  5455/697/6 5456/694/6 5457/698/6
f  5458/688/30 5459/685/30 5460/689/30
f  5461/688/30 5462/687/30 5463/685/30
f  5464/644/407 5465/667/407 5466/647/407
f  5467/644/407 5468/666/407 5469/667/407
f  5470/666/1 5471/646/1 5472/667/1
f  5473/666/1 5474/645/1 5475/646/1
f  5476/706/36 5477/707/36 5478/708/36
f  5479/706/36 5480/709/36 5481/707/36
f  5482/710/408 5483/706/408 5484/708/408
f  5485/710/409 5486/711/409 5487/706/409
f  5488/712/36 5489/713/36 5490/714/36
f  5491/710/409 5492/712/409 5493/715/409
f  5494/716/6 5495/717/6 5496/718/6
f  5497/716/6 5498/719/6 5499/717/6
f  5500/720/30 5501/721/30 5502/722/30
f  5503/720/30 5504/723/30 5505/721/30
f  5506/719/6 5507/724/6 5508/717/6
f  5509/719/6 5510/725/6 5511/724/6
f  5512/723/30 5513/726/30 5514/721/30
f  5515/723/30 5516/727/30 5517/726/30
f  5518/725/6 5519/728/6 5520/724/6
f  5521/725/6 5522/729/6 5523/728/6
f  5524/727/410 5525/730/410 5526/726/410
f  5527/727/410 5528/731/410 5529/730/410
f  5530/729/6 5531/732/6 5532/728/6
f  5533/729/6 5534/733/6 5535/732/6
f  5536/731/30 5537/734/30 5538/730/30
f  5539/731/30 5540/735/30 5541/734/30
f  5542/733/6 5543/736/6 5544/732/6
f  5545/733/6 5546/737/6 5547/736/6
f  5548/735/30 5549/738/30 5550/734/30
f  5551/735/30 5552/739/30 5553/738/30
f  5554/737/6 5555/740/6 5556/736/6
f  5557/737/6 5558/741/6 5559/740/6
f  5560/739/411 5561/742/411 5562/738/411
f  5563/739/411 5564/743/411 5565/742/411
f  5566/741/6 5567/744/6 5568/740/6
f  5569/741/6 5570/745/6 5571/744/6
f  5572/743/30 5573/746/30 5574/742/30
f  5575/743/30 5576/747/30 5577/746/30
f  5578/745/6 5579/748/6 5580/744/6
f  5581/745/6 5582/749/6 5583/748/6
f  5584/747/30 5585/750/30 5586/746/30
f  5587/747/30 5588/751/30 5589/750/30
f  5590/749/6 5591/752/6 5592/748/6
f  5593/749/6 5594/753/6 5595/752/6
f  5596/751/412 5597/754/412 5598/750/412
f  5599/751/412 5600/755/412 5601/754/412
f  5602/753/6 5603/756/6 5604/752/6
f  5605/753/6 5606/757/6 5607/756/6
f  5608/755/30 5609/758/30 5610/754/30
f  5611/755/30 5612/759/30 5613/758/30
f  5614/757/6 5615/760/6 5616/756/6
f  5617/757/6 5618/761/6 5619/760/6
f  5620/759/30 5621/762/30 5622/758/30
f  5623/759/30 5624/763/30 5625/762/30
f  5626/764/25 5627/765/413 5628/766/414
f  5629/764/25 5630/767/25 5631/765/25
f  5632/764/25 5633/768/25 5634/767/25
f  5635/761/6 5636/769/6 5637/760/6
f  5638/761/6 5639/770/6 5640/769/6
f  5641/763/30 5642/771/30 5643/762/30
f  5644/763/30 5645/772/30 5646/771/30
f  5647/768/25 5648/773/415 5649/767/413
f  5650/768/25 5651/774/25 5652/773/25
f  5653/768/25 5654/775/25 5655/774/25
f  5656/770/416 5657/776/416 5658/769/416
f  5659/770/417 5660/777/417 5661/776/417
f  5662/778/30 5663/779/30 5664/780/30
f  5665/778/30 5666/781/30 5667/779/30
f  5668/775/25 5669/782/413 5670/774/415
f  5671/775/25 5672/783/25 5673/782/25
f  5674/775/25 5675/784/25 5676/783/25
f  5677/777/6 5678/785/6 5679/776/6
f  5680/777/6 5681/786/6 5682/785/6
f  5683/781/30 5684/787/30 5685/779/30
f  5686/781/30 5687/788/30 5688/787/30
f  5689/784/25 5690/789/413 5691/783/413
f  5692/784/25 5693/790/25 5694/789/25
f  5695/784/25 5696/791/25 5697/790/25
f  5698/786/6 5699/792/6 5700/785/6
f  5701/786/6 5702/793/6 5703/792/6
f  5704/787/30 5705/794/30 5706/795/30
f  5707/787/30 5708/788/30 5709/794/30
f  5710/796/1 5711/797/1 5712/798/1
f  5713/796/1 5714/799/1 5715/797/1
f  5716/800/418 5717/801/418 5718/802/418
f  5719/803/419 5720/804/419 5721/805/419
f  5722/803/419 5723/806/419 5724/804/419
f  5725/807/1 5726/808/1 5727/809/1
f  5728/807/1 5729/810/1 5730/808/1
f  5731/811/420 5732/812/420 5733/813/420
f  5734/811/421 5735/814/421 5736/812/421
f  5737/815/422 5738/493/422 5739/495/422
f  5740/815/423 5741/496/423 5742/493/423
f  5743/377/72 5744/816/72 5745/817/72
f  5746/377/72 5747/375/72 5748/816/72
f  5749/818/424 5750/819/424 5751/820/424
f  5752/818/425 5753/821/425 5754/819/425
f  5755/822/36 5756/823/36 5757/824/36
f  5758/822/426 5759/825/426 5760/823/426
f  5761/826/427 5762/827/427 5763/811/427
f  5764/826/427 5765/828/427 5766/827/427
f  5767/800/428 5768/802/428 5769/796/428
f  5770/377/6 5771/829/6 5772/817/6
f  5773/830/6 5774/831/6 5775/832/6
f  5776/830/6 5777/833/6 5778/831/6
f  5779/834/429 5780/835/429 5781/836/429
f  5782/834/430 5783/836/430 5784/837/430
f  5785/838/6 5786/832/6 5787/831/6
f  5788/838/6 5789/839/6 5790/832/6
f  5791/840/36 5792/841/36 5793/842/36
f  5794/840/36 5795/843/36 5796/841/36
f  5797/844/30 5798/845/30 5799/846/30
f  5800/844/30 5801/847/30 5802/845/30
f  5803/842/36 5804/848/36 5805/840/36
f  5806/842/431 5807/849/431 5808/848/431
f  5809/850/1 5810/851/1 5811/852/1
f  5812/853/36 5813/854/36 5814/855/36
f  5815/856/6 5816/857/6 5817/858/6
f  5818/856/6 5819/859/6 5820/857/6
f  5821/860/432 5822/861/432 5823/862/432
f  5824/863/433 5825/864/433 5826/865/433
f  5827/863/433 5828/866/433 5829/864/433
f  5830/867/434 5831/868/434 5832/869/434
f  5833/867/435 5834/870/435 5835/868/435
f  5836/871/436 5837/872/436 5838/873/436
f  5839/871/437 5840/874/437 5841/872/437
f  5842/875/438 5843/876/438 5844/877/438
f  5845/875/438 5846/878/438 5847/876/438
f  5848/879/6 5849/880/6 5850/881/6
f  5851/881/6 5852/882/6 5853/879/6
f  5854/881/6 5855/883/6 5856/882/6
f  5857/884/6 5858/880/6 5859/885/6
f  5860/884/6 5861/881/6 5862/880/6
f  5863/886/439 5864/887/439 5865/888/439
f  5866/886/440 5867/889/440 5868/887/440
f  5869/890/441 5870/891/441 5871/892/441
f  5872/890/441 5873/893/441 5874/891/441
f  5875/894/442 5876/895/442 5877/896/442
f  5878/894/439 5879/897/439 5880/895/439
f  5881/898/443 5882/899/443 5883/900/443
f  5884/898/443 5885/901/443 5886/899/443
f  5887/901/444 5888/897/444 5889/899/444
f  5890/901/444 5891/895/444 5892/897/444
f  5893/632/36 5894/633/36 5895/634/36
f  5896/632/36 5897/635/36 5898/633/36
f  5899/636/25 5900/637/25 5901/638/25
f  5902/636/25 5903/639/25 5904/637/25
f  5905/638/445 5906/639/445 5907/636/445
f  5908/638/445 5909/637/445 5910/639/445
f  5911/634/30 5912/635/30 5913/632/30
f  5914/634/30 5915/633/30 5916/635/30
f  5917/640/6 5918/641/6 5919/642/6
f  5920/640/6 5921/643/6 5922/641/6
f  5923/652/6 5924/654/6 5925/655/6
f  5926/652/6 5927/653/6 5928/654/6
f  5929/645/30 5930/647/30 5931/646/30
f  5932/645/30 5933/644/30 5934/647/30
f  5935/649/25 5936/651/25 5937/650/25
f  5938/649/25 5939/648/25 5940/651/25
f  5941/648/1 5942/650/1 5943/651/1
f  5944/648/1 5945/649/1 5946/650/1
f  5947/644/36 5948/646/36 5949/647/36
f  5950/644/36 5951/645/36 5952/646/36
f  5953/632/36 5954/633/36 5955/634/36
f  5956/632/36 5957/635/36 5958/633/36
f  5959/636/25 5960/637/25 5961/638/25
f  5962/636/25 5963/639/25 5964/637/25
f  5965/638/445 5966/639/445 5967/636/445
f  5968/638/445 5969/637/445 5970/639/445
f  5971/634/30 5972/635/30 5973/632/30
f  5974/634/30 5975/633/30 5976/635/30
f  5977/640/6 5978/641/6 5979/642/6
f  5980/640/6 5981/643/6 5982/641/6
f  5983/652/6 5984/654/6 5985/655/6
f  5986/652/6 5987/653/6 5988/654/6
f  5989/645/30 5990/647/30 5991/646/30
f  5992/645/30 5993/644/30 5994/647/30
f  5995/649/25 5996/651/25 5997/650/25
f  5998/649/25 5999/648/25 6000/651/25
f  6001/648/1 6002/650/1 6003/651/1
f  6004/648/1 6005/649/1 6006/650/1
f  6007/644/36 6008/646/36 6009/647/36
f  6010/644/36 6011/645/36 6012/646/36
f  6013/632/36 6014/633/36 6015/634/36
f  6016/632/36 6017/635/36 6018/633/36
f  6019/636/25 6020/637/25 6021/638/25
f  6022/636/25 6023/639/25 6024/637/25
f  6025/638/445 6026/639/445 6027/636/445
f  6028/638/445 6029/637/445 6030/639/445
f  6031/634/30 6032/635/30 6033/632/30
f  6034/634/30 6035/633/30 6036/635/30
f  6037/640/6 6038/641/6 6039/642/6
f  6040/640/6 6041/643/6 6042/641/6
f  6043/652/6 6044/654/6 6045/655/6
f  6046/652/6 6047/653/6 6048/654/6
f  6049/645/30 6050/647/30 6051/646/30
f  6052/645/30 6053/644/30 6054/647/30
f  6055/649/25 6056/651/25 6057/650/25
f  6058/649/25 6059/648/25 6060/651/25
f  6061/648/1 6062/650/1 6063/651/1
f  6064/648/1 6065/649/1 6066/650/1
f  6067/644/36 6068/646/36 6069/647/36
f  6070/644/36 6071/645/36 6072/646/36
f  6073/860/446 6074/862/446 6075/867/446
f  6076/902/438 6077/903/438 6078/904/438
f  6079/905/447 6080/906/447 6081/907/447
f  6082/908/448 6083/909/448 6084/910/448
f  6085/911/36 6086/912/36 6087/913/36
f  6088/914/36 6089/915/36 6090/916/36
f  6091/914/36 6092/908/36 6093/915/36
f  6094/917/1 6095/914/1 6096/916/1
f  6097/917/1 6098/918/1 6099/914/1
f  6100/919/449 6101/920/449 6102/921/449
f  6103/919/450 6104/922/450 6105/920/450
f  6106/923/1 6107/924/1 6108/925/1
f  6109/923/1 6110/926/1 6111/924/1
f  6112/927/36 6113/928/36 6114/929/36
f  6115/927/36 6116/930/36 6117/928/36
f  6118/931/36 6119/932/36 6120/933/36
f  6121/931/36 6122/934/36 6123/932/36
f  6124/935/451 6125/936/451 6126/937/451
f  6127/935/451 6128/938/451 6129/936/451
f  6130/939/25 6131/940/25 6132/941/25
f  6133/939/25 6134/942/25 6135/940/25
f  6136/933/452 6137/943/452 6138/944/452
f  6139/933/453 6140/932/453 6141/943/453
f  6142/937/454 6143/945/454 6144/946/454
f  6145/937/455 6146/936/455 6147/945/455
f  6148/947/456 6149/948/456 6150/949/456
f  6151/950/457 6152/951/457 6153/952/457
f  6154/948/30 6155/953/30 6156/949/30
f  6157/948/30 6158/954/30 6159/953/30
f  6160/955/458 6161/956/458 6162/957/458
f  6163/955/459 6164/958/459 6165/956/459
f  6166/951/30 6167/959/30 6168/952/30
f  6169/960/460 6170/961/460 6171/962/460
f  6172/960/461 6173/963/461 6174/961/461
f  6175/958/462 6176/964/462 6177/956/462
f  6178/965/1 6179/966/1 6180/967/1
f  6181/965/1 6182/968/1 6183/966/1
f  6184/969/463 6185/970/463 6186/971/463
f  6187/969/463 6188/972/463 6189/970/463
f  6190/973/464 6191/974/464 6192/975/464
f  6193/973/465 6194/976/465 6195/974/465
f  6196/977/30 6197/968/30 6198/965/30
f  6199/977/30 6200/978/30 6201/968/30
f  6202/979/466 6203/972/466 6204/969/466
f  6205/979/466 6206/980/466 6207/972/466
f  6208/981/30 6209/976/30 6210/973/30
f  6211/981/30 6212/982/30 6213/976/30
f  6214/923/467 6215/966/467 6216/926/467
f  6217/923/467 6218/967/467 6219/966/467
f  6220/919/468 6221/970/468 6222/922/468
f  6223/919/469 6224/971/469 6225/970/469
f  6226/917/470 6227/974/470 6228/918/470
f  6229/917/471 6230/975/471 6231/974/471
f  6232/983/472 6233/982/472 6234/981/472
f  6235/984/473 6236/985/473 6237/986/473
f  6238/984/473 6239/987/473 6240/985/473
f  6241/988/474 6242/989/474 6243/990/474
f  6244/988/475 6245/991/475 6246/989/475
f  6247/992/476 6248/983/476 6249/993/476
f  6250/992/476 6251/947/476 6252/983/476
f  6253/994/477 6254/995/477 6255/959/477
f  6256/994/478 6257/996/478 6258/995/478
f  6259/939/479 6260/995/479 6261/996/479
f  6262/939/479 6263/941/479 6264/995/479
f  6265/946/480 6266/964/480 6267/997/480
f  6268/946/481 6269/945/481 6270/964/481
f  6271/944/482 6272/961/482 6273/963/482
f  6274/944/483 6275/943/483 6276/961/483
f  6277/947/456 6278/992/456 6279/948/456
f  6280/991/484 6281/955/484 6282/957/484
f  6283/991/485 6284/988/485 6285/955/485
f  6286/950/457 6287/998/457 6288/951/457
f  6289/951/30 6290/994/30 6291/959/30
f  6292/958/486 6293/997/486 6294/964/486
f  6295/999/487 6296/977/487 6297/1000/487
f  6298/999/487 6299/978/487 6300/977/487
f  6301/989/488 6302/979/488 6303/990/488
f  6304/989/489 6305/980/489 6306/979/489
f  6307/983/472 6308/981/472 6309/993/472
f  6310/1001/490 6311/1002/490 6312/943/490
f  6313/947/456 6314/949/456 6315/1003/456
f  6316/908/36 6317/914/36 6318/909/36
f  6319/932/36 6320/934/36 6321/1004/36
f  6322/962/460 6323/961/460 6324/1005/460
f  6325/1002/491 6326/1005/491 6327/961/491
f  6328/1006/1 6329/1007/1 6330/914/1
f  6331/974/465 6332/976/465 6333/1008/465
f  6334/918/492 6335/974/492 6336/1009/492
f  6337/1010/30 6338/1008/30 6339/976/30
f  6340/982/472 6341/983/472 6342/1011/472
f  6343/1012/493 6344/1011/493 6345/983/493
f  6346/1013/30 6347/1003/30 6348/949/30
f  6349/915/1 6350/908/1 6351/1014/1
f  6352/377/1 6353/913/1 6354/913/1
f  6355/79/25 6356/1015/25 6357/80/25
f  6358/1016/1 6359/79/1 6360/82/1
f  6361/88/30 6362/83/30 6363/85/30
f  6364/88/31 6365/85/31 6366/87/31
f  6367/79/56 6368/1015/56 6369/80/56
f  6370/1016/494 6371/79/494 6372/82/494
f  6373/88/30 6374/83/30 6375/85/30
f  6376/88/34 6377/85/34 6378/87/34
f  6379/79/25 6380/1015/25 6381/80/25
f  6382/1016/1 6383/79/1 6384/82/1
f  6385/88/30 6386/83/30 6387/85/30
f  6388/88/34 6389/85/34 6390/87/34
f  6391/79/25 6392/1015/25 6393/80/25
f  6394/1016/1 6395/79/1 6396/82/1
f  6397/88/30 6398/83/30 6399/85/30
f  6400/88/34 6401/85/34 6402/87/34
f  6403/79/25 6404/1015/25 6405/80/25
f  6406/1016/1 6407/79/1 6408/82/1
f  6409/88/495 6410/83/495 6411/85/495
f  6412/86/496 6413/87/496 6414/88/496
f  6415/79/25 6416/1015/25 6417/80/25
f  6418/1016/1 6419/79/1 6420/82/1
f  6421/88/30 6422/83/30 6423/85/30
f  6424/88/31 6425/85/31 6426/87/31
f  6427/79/25 6428/1015/25 6429/80/25
f  6430/1016/1 6431/79/1 6432/82/1
f  6433/88/30 6434/83/30 6435/85/30
f  6436/88/31 6437/85/31 6438/87/31
f  6439/79/25 6440/1015/25 6441/80/25
f  6442/1016/1 6443/79/1 6444/82/1
f  6445/88/30 6446/83/30 6447/85/30
f  6448/86/31 6449/87/31 6450/88/31
f  6451/79/25 6452/1015/25 6453/80/25
f  6454/1016/1 6455/79/1 6456/82/1
f  6457/88/30 6458/83/30 6459/85/30
f  6460/88/31 6461/85/31 6462/87/31
f  6463/79/25 6464/1015/25 6465/80/25
f  6466/1016/1 6467/79/1 6468/82/1
f  6469/88/30 6470/83/30 6471/85/30
f  6472/88/31 6473/85/31 6474/87/31
f  6475/79/25 6476/1015/25 6477/80/25
f  6478/1016/1 6479/79/1 6480/82/1
f  6481/88/30 6482/83/30 6483/85/30
f  6484/86/31 6485/87/31 6486/88/31
f  6487/1017/25 6488/89/25 6489/91/25
f  6490/91/36 6491/90/36 6492/93/36
f  6493/147/497 6494/152/497 6495/148/497
f  6496/151/66 6497/149/66 6498/146/66
f  6499/146/67 6500/150/67 6501/151/67
f  6502/155/36 6503/152/36 6504/154/36
f  6505/151/498 6506/149/498 6507/156/498
f  6508/156/499 6509/147/499 6510/146/499
f  6511/149/500 6512/148/500 6513/155/500
f  6514/1018/501 6515/157/501 6516/159/501
f  6517/156/6 6518/155/6 6519/161/6
f  6520/152/72 6521/147/72 6522/163/72
f  6523/147/30 6524/156/30 6525/165/30
f  6526/147/1 6527/152/1 6528/148/1
f  6529/151/74 6530/149/74 6531/146/74
f  6532/146/75 6533/150/75 6534/151/75
f  6535/155/30 6536/152/30 6537/154/30
f  6538/151/502 6539/149/502 6540/156/502
f  6541/156/503 6542/147/503 6543/146/503
f  6544/149/1 6545/148/1 6546/155/1
f  6547/1018/504 6548/157/504 6549/159/504
f  6550/156/6 6551/155/6 6552/161/6
f  6553/152/72 6554/147/72 6555/163/72
f  6556/147/36 6557/156/36 6558/165/36
f  6559/147/505 6560/152/505 6561/148/505
f  6562/151/506 6563/149/506 6564/146/506
f  6565/146/79 6566/150/79 6567/151/79
f  6568/155/1 6569/152/1 6570/154/1
f  6571/151/507 6572/149/507 6573/156/507
f  6574/156/80 6575/147/80 6576/146/80
f  6577/149/508 6578/148/508 6579/155/508
f  6580/1018/36 6581/157/36 6582/159/36
f  6583/156/6 6584/155/6 6585/161/6
f  6586/152/72 6587/147/72 6588/163/72
f  6589/147/82 6590/156/82 6591/165/82
f  6592/151/83 6593/149/83 6594/146/83
f  6595/146/84 6596/150/84 6597/151/84
f  6598/146/84 6599/150/84 6600/151/84
f  6601/216/30 6602/166/30 6603/168/30
f  6604/227/85 6605/169/85 6606/171/85
f  6607/182/86 6608/172/86 6609/174/86
f  6610/1019/6 6611/175/6 6612/177/6
f  6613/1020/87 6614/178/87 6615/180/87
f  6616/1021/1 6617/181/1 6618/182/1
f  6619/1022/30 6620/183/30 6621/185/30
f  6622/1023/25 6623/186/25 6624/188/25
f  6625/190/6 6626/175/6 6627/191/6
f  6628/1024/6 6629/192/6 6630/193/6
f  6631/195/6 6632/1025/6 6633/196/6
f  6634/199/36 6635/180/36 6636/198/36
f  6637/198/88 6638/197/88 6639/199/88
f  6640/174/1 6641/173/1 6642/201/1
f  6643/208/1 6644/202/1 6645/204/1
f  6646/1026/1 6647/205/1 6648/207/1
f  6649/207/86 6650/206/86 6651/208/86
f  6652/210/1 6653/203/1 6654/202/1
f  6655/1027/30 6656/209/30 6657/211/30
f  6658/1028/72 6659/202/72 6660/212/72
f  6661/1029/89 6662/213/89 6663/215/89
f  6664/1030/1 6665/166/1 6666/217/1
f  6667/224/30 6668/218/30 6669/220/30
f  6670/235/89 6671/221/89 6672/223/89
f  6673/223/30 6674/222/30 6675/224/30
f  6676/216/30 6677/166/30 6678/215/30
f  6679/1031/72 6680/223/72 6681/225/72
f  6682/1032/25 6683/214/25 6684/226/25
f  6685/169/85 6686/227/85 6687/170/85
f  6688/173/1 6689/228/1 6690/200/1
f  6691/1033/6 6692/228/6 6693/232/6
f  6694/234/86 6695/209/86 6696/173/86
f  6697/205/1 6698/230/1 6699/206/1
f  6700/1034/36 6701/206/36 6702/233/36
f  6703/181/1 6704/231/1 6705/234/1
f  6706/166/30 6707/224/30 6708/167/30
f  6709/213/89 6710/235/89 6711/214/89
f  6712/1035/1 6713/224/1 6714/236/1
f  6715/166/30 6716/224/30 6717/214/30
f  6718/1036/25 6719/215/25 6720/237/25
f  6721/250/91 6722/238/91 6723/240/91
f  6724/261/6 6725/241/6 6726/243/6
f  6727/356/1 6728/244/1 6729/246/1
f  6730/277/92 6731/247/92 6732/249/92
f  6733/264/93 6734/238/93 6735/251/93
f  6736/372/6 6737/252/6 6738/254/6
f  6739/248/94 6740/247/94 6741/256/94
f  6742/265/95 6743/257/95 6744/259/95
f  6745/266/25 6746/260/25 6747/262/25
f  6748/267/96 6749/263/96 6750/251/96
f  6751/239/97 6752/257/97 6753/240/97
f  6754/255/98 6755/260/98 6756/256/98
f  6757/278/99 6758/263/99 6759/268/99
f  6760/258/100 6761/269/100 6762/259/100
f  6763/253/1 6764/271/1 6765/273/1
f  6766/355/25 6767/274/25 6768/276/25
f  6769/270/101 6770/269/101 6771/249/101
f  6772/272/102 6773/271/102 6774/268/102
f  6775/344/30 6776/279/30 6777/281/30
f  6778/298/103 6779/282/103 6780/284/103
f  6781/299/104 6782/285/104 6783/287/104
f  6784/1037/6 6785/288/6 6786/290/6
f  6787/317/105 6788/291/105 6789/293/105
f  6790/297/106 6791/294/106 6792/296/106
f  6793/1038/36 6794/288/36 6795/296/36
f  6796/292/107 6797/291/107 6798/284/107
f  6799/295/108 6800/294/108 6801/287/108
f  6802/1039/6 6803/300/6 6804/302/6
f  6805/316/109 6806/303/109 6807/305/109
f  6808/312/110 6809/306/110 6810/308/110
f  6811/307/30 6812/300/30 6813/308/30
f  6814/304/111 6815/303/111 6816/311/111
f  6817/310/112 6818/306/112 6819/311/112
f  6820/367/36 6821/313/36 6822/315/36
f  6823/283/113 6824/282/113 6825/305/113
f  6826/286/114 6827/285/114 6828/293/114
f  6829/366/25 6830/279/25 6831/319/25
f  6832/282/25 6833/298/25 6834/321/25
f  6835/285/509 6836/299/509 6837/322/509
f  6838/324/25 6839/1040/25 6840/325/25
f  6841/291/510 6842/317/510 6843/322/510
f  6844/326/511 6845/322/511 6846/294/511
f  6847/326/25 6848/297/25 6849/327/25
f  6850/320/512 6851/298/512 6852/322/512
f  6853/294/115 6854/322/115 6855/322/115
f  6856/328/25 6857/1041/25 6858/319/25
f  6859/303/25 6860/316/25 6861/321/25
f  6862/306/25 6863/321/25 6864/329/25
f  6865/300/25 6866/307/25 6867/330/25
f  6868/303/115 6869/321/115 6870/321/115
f  6871/306/25 6872/310/25 6873/321/25
f  6874/323/25 6875/313/25 6876/324/25
f  6877/321/115 6878/316/115 6879/321/115
f  6880/322/115 6881/317/115 6882/322/115
f  6883/238/115 6884/332/115 6885/332/115
f  6886/355/36 6887/333/36 6888/335/36
f  6889/366/36 6890/244/36 6891/337/36
f  6892/247/36 6893/277/36 6894/338/36
f  6895/238/36 6896/264/36 6897/332/36
f  6898/373/36 6899/339/36 6900/340/36
f  6901/338/115 6902/255/115 6903/338/115
f  6904/257/36 6905/1042/36 6906/338/36
f  6907/1043/36 6908/261/36 6909/341/36
f  6910/332/115 6911/264/115 6912/332/115
f  6913/332/36 6914/1042/36 6915/257/36
f  6916/260/36 6917/255/36 6918/341/36
f  6919/263/36 6920/278/36 6921/332/36
f  6922/269/36 6923/258/36 6924/338/36
f  6925/271/36 6926/253/36 6927/329/36
f  6928/360/36 6929/274/36 6930/343/36
f  6931/269/115 6932/338/115 6933/338/115
f  6934/332/36 6935/278/36 6936/329/36
f  6937/1044/119 6938/318/119 6939/344/119
f  6940/359/25 6941/345/25 6942/347/25
f  6943/313/36 6944/323/36 6945/314/36
f  6946/357/25 6947/349/25 6948/351/25
f  6949/363/25 6950/352/25 6951/354/25
f  6952/335/36 6953/342/36 6954/274/36
f  6955/244/36 6956/366/36 6957/340/36
f  6958/1045/1 6959/336/1 6960/356/1
f  6961/349/36 6962/357/36 6963/359/36
f  6964/274/25 6965/360/25 6966/275/25
f  6967/1046/120 6968/346/120 6969/362/120
f  6970/352/36 6971/363/36 6972/365/36
f  6973/337/25 6974/280/25 6975/366/25
f  6976/313/25 6977/367/25 6978/331/25
f  6979/1047/1 6980/369/1 6981/371/1
f  6982/347/513 6983/370/513 6984/359/513
f  6985/250/122 6986/238/122 6987/240/122
f  6988/261/6 6989/241/6 6990/243/6
f  6991/356/25 6992/244/25 6993/246/25
f  6994/277/123 6995/247/123 6996/249/123
f  6997/264/124 6998/238/124 6999/251/124
f  7000/253/115 7001/254/115 7002/372/115
f  7003/248/125 7004/247/125 7005/256/125
f  7006/265/126 7007/257/126 7008/259/126
f  7009/266/1 7010/260/1 7011/262/1
f  7012/267/127 7013/263/127 7014/251/127
f  7015/239/128 7016/257/128 7017/240/128
f  7018/255/129 7019/260/129 7020/256/129
f  7021/278/130 7022/263/130 7023/268/130
f  7024/258/131 7025/269/131 7026/259/131
f  7027/253/25 7028/271/25 7029/273/25
f  7030/355/1 7031/274/1 7032/276/1
f  7033/270/132 7034/269/132 7035/249/132
f  7036/272/133 7037/271/133 7038/268/133
f  7039/238/115 7040/332/115 7041/332/115
f  7042/355/30 7043/333/30 7044/335/30
f  7045/366/30 7046/244/30 7047/337/30
f  7048/247/30 7049/277/30 7050/338/30
f  7051/238/514 7052/264/514 7053/332/514
f  7054/245/30 7055/340/30 7056/373/30
f  7057/338/115 7058/255/115 7059/338/115
f  7060/257/30 7061/1042/30 7062/338/30
f  7063/1043/30 7064/261/30 7065/341/30
f  7066/332/115 7067/264/115 7068/332/115
f  7069/332/515 7070/1042/515 7071/257/515
f  7072/260/30 7073/255/30 7074/341/30
f  7075/263/30 7076/278/30 7077/332/30
f  7078/269/30 7079/258/30 7080/338/30
f  7081/271/30 7082/253/30 7083/329/30
f  7084/360/30 7085/274/30 7086/343/30
f  7087/269/516 7088/338/516 7089/338/516
f  7090/332/30 7091/278/30 7092/329/30
f  7093/363/1 7094/352/1 7095/354/1
f  7096/335/30 7097/342/30 7098/274/30
f  7099/244/30 7100/366/30 7101/340/30
f  7102/1045/25 7103/336/25 7104/356/25
f  7105/274/139 7106/360/139 7107/275/139
f  7108/352/30 7109/363/30 7110/365/30
f  7111/1047/25 7112/369/25 7113/371/25
f  7114/347/517 7115/370/517 7116/359/517
f  7117/313/1 7118/367/1 7119/331/1
f  7120/337/1 7121/280/1 7122/366/1
f  7123/1046/141 7124/346/141 7125/362/141
f  7126/349/30 7127/357/30 7128/359/30
f  7129/357/1 7130/349/1 7131/351/1
f  7132/313/30 7133/323/30 7134/314/30
f  7135/359/1 7136/345/1 7137/347/1
f  7138/1044/36 7139/318/36 7140/344/36
f  7141/322/115 7142/317/115 7143/322/115
f  7144/321/115 7145/316/115 7146/321/115
f  7147/323/1 7148/313/1 7149/324/1
f  7150/306/1 7151/310/1 7152/321/1
f  7153/303/115 7154/321/115 7155/321/115
f  7156/300/1 7157/307/1 7158/330/1
f  7159/306/1 7160/321/1 7161/329/1
f  7162/303/1 7163/316/1 7164/321/1
f  7165/328/1 7166/1041/1 7167/319/1
f  7168/294/115 7169/322/115 7170/322/115
f  7171/320/518 7172/298/518 7173/322/518
f  7174/326/1 7175/297/1 7176/327/1
f  7177/326/519 7178/322/519 7179/294/519
f  7180/291/520 7181/317/520 7182/322/520
f  7183/324/1 7184/1040/1 7185/325/1
f  7186/285/521 7187/299/521 7188/322/521
f  7189/282/1 7190/298/1 7191/321/1
f  7192/366/1 7193/279/1 7194/319/1
f  7195/286/109 7196/285/109 7197/293/109
f  7198/283/146 7199/282/146 7200/305/146
f  7201/367/30 7202/313/30 7203/315/30
f  7204/310/147 7205/306/147 7206/311/147
f  7207/304/148 7208/303/148 7209/311/148
f  7210/307/36 7211/300/36 7212/308/36
f  7213/312/149 7214/306/149 7215/308/149
f  7216/316/114 7217/303/114 7218/305/114
f  7219/1039/6 7220/300/6 7221/302/6
f  7222/295/112 7223/294/112 7224/287/112
f  7225/292/150 7226/291/150 7227/284/150
f  7228/1038/30 7229/288/30 7230/296/30
f  7231/297/151 7232/294/151 7233/296/151
f  7234/317/152 7235/291/152 7236/293/152
f  7237/1037/6 7238/288/6 7239/290/6
f  7240/299/111 7241/285/111 7242/287/111
f  7243/298/153 7244/282/153 7245/284/153
f  7246/344/154 7247/279/154 7248/281/154
f  7249/550/30 7250/408/30 7251/410/30
f  7252/545/36 7253/411/36 7254/413/36
f  7255/424/72 7256/414/72 7257/416/72
f  7258/542/1 7259/417/1 7260/419/1
f  7261/540/6 7262/420/6 7263/415/6
f  7264/538/25 7265/421/25 7266/423/25
f  7267/550/30 7268/408/30 7269/410/30
f  7270/545/36 7271/411/36 7272/413/36
f  7273/424/72 7274/414/72 7275/416/72
f  7276/542/1 7277/417/1 7278/419/1
f  7279/540/6 7280/420/6 7281/415/6
f  7282/538/25 7283/421/25 7284/423/25
f  7285/550/30 7286/408/30 7287/410/30
f  7288/545/36 7289/411/36 7290/413/36
f  7291/424/72 7292/414/72 7293/416/72
f  7294/542/1 7295/417/1 7296/419/1
f  7297/540/6 7298/420/6 7299/415/6
f  7300/538/25 7301/421/25 7302/423/25
f  7303/550/30 7304/408/30 7305/410/30
f  7306/545/36 7307/411/36 7308/413/36
f  7309/424/72 7310/414/72 7311/416/72
f  7312/542/1 7313/417/1 7314/419/1
f  7315/540/6 7316/420/6 7317/415/6
f  7318/538/25 7319/421/25 7320/423/25
f  7321/538/172 7322/421/172 7323/423/172
f  7324/540/6 7325/420/6 7326/415/6
f  7327/542/173 7328/417/173 7329/419/173
f  7330/415/72 7331/416/72 7332/424/72
f  7333/545/25 7334/411/25 7335/413/25
f  7336/550/1 7337/408/1 7338/410/1
f  7339/538/174 7340/421/174 7341/423/174
f  7342/540/6 7343/420/6 7344/415/6
f  7345/542/175 7346/417/175 7347/419/175
f  7348/415/72 7349/416/72 7350/424/72
f  7351/545/25 7352/411/25 7353/413/25
f  7354/550/1 7355/408/1 7356/410/1
f  7357/537/6 7358/534/6 7359/536/6
f  7360/535/72 7361/534/72 7362/536/72
f  7363/536/1 7364/536/1 7365/535/1
f  7366/537/194 7367/537/194 7368/536/194
f  7369/535/195 7370/535/195 7371/534/195
f  7372/534/25 7373/534/25 7374/537/25
f  7375/545/522 7376/413/522 7377/411/522
f  7378/549/523 7379/421/523 7380/539/523
f  7381/548/524 7382/420/524 7383/541/524
f  7384/546/525 7385/417/525 7386/543/525
f  7387/547/526 7388/414/526 7389/544/526
f  7390/412/527 7391/411/527 7392/413/527
f  7393/549/528 7394/421/528 7395/539/528
f  7396/548/226 7397/420/226 7398/541/226
f  7399/542/529 7400/543/529 7401/546/529
f  7402/547/205 7403/414/205 7404/544/205
f  7405/539/530 7406/377/530 7407/544/530
f  7408/412/238 7409/411/238 7410/413/238
f  7411/549/531 7412/421/531 7413/539/531
f  7414/548/532 7415/420/532 7416/541/532
f  7417/542/533 7418/543/533 7419/546/533
f  7420/547/217 7421/414/217 7422/544/217
f  7423/539/534 7424/377/534 7425/544/534
f  7426/412/213 7427/411/213 7428/413/213
f  7429/549/535 7430/421/535 7431/539/535
f  7432/548/536 7433/420/536 7434/541/536
f  7435/542/537 7436/543/537 7437/546/537
f  7438/547/211 7439/414/211 7440/544/211
f  7441/539/218 7442/377/218 7443/544/218
f  7444/545/538 7445/413/538 7446/412/538
f  7447/549/539 7448/421/539 7449/539/539
f  7450/548/536 7451/420/536 7452/541/536
f  7453/542/540 7454/543/540 7455/546/540
f  7456/547/217 7457/414/217 7458/544/217
f  7459/543/541 7460/544/541 7461/539/541
f  7462/412/224 7463/411/224 7464/413/224
f  7465/549/542 7466/421/542 7467/539/542
f  7468/548/543 7469/420/543 7470/541/543
f  7471/542/537 7472/543/537 7473/546/537
f  7474/547/544 7475/414/544 7476/544/544
f  7477/543/255 7478/544/255 7479/539/255
f  7480/412/213 7481/411/213 7482/413/213
f  7483/549/545 7484/421/545 7485/539/545
f  7486/548/546 7487/420/546 7488/541/546
f  7489/542/547 7490/543/547 7491/546/547
f  7492/547/217 7493/414/217 7494/544/217
f  7495/539/237 7496/377/237 7497/544/237
f  7498/545/548 7499/413/548 7500/412/548
f  7501/549/549 7502/421/549 7503/539/549
f  7504/548/550 7505/420/550 7506/541/550
f  7507/542/551 7508/543/551 7509/546/551
f  7510/424/552 7511/544/552 7512/547/552
f  7513/543/553 7514/544/553 7515/539/553
f  7516/545/554 7517/413/554 7518/412/554
f  7519/549/555 7520/421/555 7521/539/555
f  7522/548/556 7523/420/556 7524/541/556
f  7525/542/547 7526/543/547 7527/546/547
f  7528/547/217 7529/414/217 7530/544/217
f  7531/543/255 7532/544/255 7533/539/255
f  7534/545/557 7535/413/557 7536/412/557
f  7537/549/558 7538/421/558 7539/539/558
f  7540/548/234 7541/420/234 7542/541/234
f  7543/542/559 7544/543/559 7545/546/559
f  7546/547/211 7547/414/211 7548/544/211
f  7549/543/560 7550/544/560 7551/539/560
f  7552/412/213 7553/411/213 7554/413/213
f  7555/549/214 7556/421/214 7557/539/214
f  7558/548/536 7559/420/536 7560/541/536
f  7561/542/537 7562/543/537 7563/546/537
f  7564/547/211 7565/414/211 7566/544/211
f  7567/539/248 7568/377/248 7569/544/248
f  7570/412/561 7571/411/561 7572/413/561
f  7573/549/562 7574/421/562 7575/539/562
f  7576/548/226 7577/420/226 7578/541/226
f  7579/542/547 7580/543/547 7581/546/547
f  7582/547/217 7583/414/217 7584/544/217
f  7585/539/237 7586/377/237 7587/544/237
f  7588/412/563 7589/411/563 7590/413/563
f  7591/549/214 7592/421/214 7593/539/214
f  7594/548/203 7595/420/203 7596/541/203
f  7597/542/537 7598/543/537 7599/546/537
f  7600/547/211 7601/414/211 7602/544/211
f  7603/539/248 7604/377/248 7605/544/248
f  7606/412/564 7607/411/564 7608/413/564
f  7609/549/251 7610/421/251 7611/539/251
f  7612/548/565 7613/420/565 7614/541/565
f  7615/542/547 7616/543/547 7617/546/547
f  7618/547/217 7619/414/217 7620/544/217
f  7621/539/255 7622/377/255 7623/544/255
f  7624/412/213 7625/411/213 7626/413/213
f  7627/549/214 7628/421/214 7629/539/214
f  7630/548/536 7631/420/536 7632/541/536
f  7633/542/537 7634/543/537 7635/546/537
f  7636/547/211 7637/414/211 7638/544/211
f  7639/539/248 7640/377/248 7641/544/248
f  7642/545/566 7643/413/566 7644/412/566
f  7645/549/567 7646/421/567 7647/539/567
f  7648/548/568 7649/420/568 7650/541/568
f  7651/546/569 7652/417/569 7653/543/569
f  7654/547/570 7655/414/570 7656/544/570
f  7657/412/571 7658/411/571 7659/413/571
f  7660/549/572 7661/421/572 7662/539/572
f  7663/548/573 7664/420/573 7665/541/573
f  7666/542/574 7667/543/574 7668/546/574
f  7669/547/575 7670/414/575 7671/544/575
f  7672/545/576 7673/413/576 7674/412/576
f  7675/549/577 7676/421/577 7677/539/577
f  7678/548/578 7679/420/578 7680/541/578
f  7681/542/579 7682/543/579 7683/546/579
f  7684/547/580 7685/414/580 7686/544/580
f  7687/543/314 7688/544/314 7689/539/314
f  7690/545/581 7691/413/581 7692/412/581
f  7693/549/582 7694/421/582 7695/539/582
f  7696/540/583 7697/541/583 7698/548/583
f  7699/546/584 7700/417/584 7701/543/584
f  7702/547/585 7703/414/585 7704/544/585
f  7705/539/586 7706/377/586 7707/544/586
f  7708/545/587 7709/413/587 7710/412/587
f  7711/538/588 7712/539/588 7713/549/588
f  7714/540/589 7715/541/589 7716/548/589
f  7717/546/590 7718/417/590 7719/543/590
f  7720/547/591 7721/414/591 7722/544/591
f  7723/539/592 7724/377/592 7725/544/592
f  7726/412/593 7727/411/593 7728/413/593
f  7729/549/594 7730/421/594 7731/539/594
f  7732/540/595 7733/541/595 7734/548/595
f  7735/546/596 7736/417/596 7737/543/596
f  7738/547/597 7739/414/597 7740/544/597
f  7741/539/598 7742/377/598 7743/544/598
f  7744/545/599 7745/413/599 7746/412/599
f  7747/549/600 7748/421/600 7749/539/600
f  7750/548/601 7751/420/601 7752/541/601
f  7753/542/602 7754/543/602 7755/546/602
f  7756/547/603 7757/414/603 7758/544/603
f  7759/543/604 7760/544/604 7761/539/604
f  7762/412/296 7763/411/296 7764/413/296
f  7765/549/605 7766/421/605 7767/539/605
f  7768/548/606 7769/420/606 7770/541/606
f  7771/542/607 7772/543/607 7773/546/607
f  7774/547/608 7775/414/608 7776/544/608
f  7777/543/609 7778/544/609 7779/539/609
f  7780/412/301 7781/411/301 7782/413/301
f  7783/549/302 7784/421/302 7785/539/302
f  7786/548/610 7787/420/610 7788/541/610
f  7789/546/611 7790/417/611 7791/543/611
f  7792/547/612 7793/414/612 7794/544/612
f  7795/543/613 7796/544/613 7797/539/613
f  7798/545/301 7799/413/301 7800/412/301
f  7801/549/614 7802/421/614 7803/539/614
f  7804/540/274 7805/541/274 7806/548/274
f  7807/542/615 7808/543/615 7809/546/615
f  7810/547/616 7811/414/616 7812/544/616
f  7813/539/309 7814/377/309 7815/544/309
f  7816/412/617 7817/411/617 7818/413/617
f  7819/549/614 7820/421/614 7821/539/614
f  7822/540/311 7823/541/311 7824/548/311
f  7825/542/618 7826/543/618 7827/546/618
f  7828/547/619 7829/414/619 7830/544/619
f  7831/543/620 7832/544/620 7833/539/620
f  7834/412/621 7835/411/621 7836/413/621
f  7837/538/267 7838/539/267 7839/549/267
f  7840/548/622 7841/420/622 7842/541/622
f  7843/542/623 7844/543/623 7845/546/623
f  7846/547/624 7847/414/624 7848/544/624
f  7849/543/625 7850/544/625 7851/539/625
f  7852/412/626 7853/411/626 7854/413/626
f  7855/549/627 7856/421/627 7857/539/627
f  7858/548/628 7859/420/628 7860/541/628
f  7861/542/629 7862/543/629 7863/546/629
f  7864/547/630 7865/414/630 7866/544/630
f  7867/543/300 7868/544/300 7869/539/300
f  7870/545/631 7871/413/631 7872/412/631
f  7873/549/632 7874/421/632 7875/539/632
f  7876/540/286 7877/541/286 7878/548/286
f  7879/546/633 7880/417/633 7881/543/633
f  7882/547/634 7883/414/634 7884/544/634
f  7885/543/305 7886/544/305 7887/539/305
f  7888/412/635 7889/411/635 7890/413/635
f  7891/538/636 7892/539/636 7893/549/636
f  7894/548/303 7895/420/303 7896/541/303
f  7897/546/637 7898/417/637 7899/543/637
f  7900/547/638 7901/414/638 7902/544/638
f  7903/539/338 7904/377/338 7905/544/338
f  7906/545/581 7907/413/581 7908/412/581
f  7909/549/639 7910/421/639 7911/539/639
f  7912/548/329 7913/420/329 7914/541/329
f  7915/542/640 7916/543/640 7917/546/640
f  7918/547/337 7919/414/337 7920/544/337
f  7921/543/641 7922/544/641 7923/539/641
f  7924/412/642 7925/411/642 7926/413/642
f  7927/549/643 7928/421/643 7929/539/643
f  7930/548/644 7931/420/644 7932/541/644
f  7933/546/645 7934/417/645 7935/543/645
f  7936/547/646 7937/414/646 7938/544/646
f  7939/412/25 7940/411/25 7941/413/25
f  7942/549/36 7943/421/36 7944/539/36
f  7945/548/6 7946/420/6 7947/541/6
f  7948/546/30 7949/417/30 7950/543/30
f  7951/547/72 7952/414/72 7953/544/72
f  7954/412/25 7955/411/25 7956/413/25
f  7957/549/36 7958/421/36 7959/539/36
f  7960/548/6 7961/420/6 7962/541/6
f  7963/546/30 7964/417/30 7965/543/30
f  7966/547/72 7967/414/72 7968/544/72
f  7969/412/25 7970/411/25 7971/413/25
f  7972/549/36 7973/421/36 7974/539/36
f  7975/548/6 7976/420/6 7977/541/6
f  7978/546/30 7979/417/30 7980/543/30
f  7981/547/72 7982/414/72 7983/544/72
f  7984/412/25 7985/411/25 7986/413/25
f  7987/549/36 7988/421/36 7989/539/36
f  7990/548/6 7991/420/6 7992/541/6
f  7993/546/30 7994/417/30 7995/543/30
f  7996/547/72 7997/414/72 7998/544/72
f  7999/412/25 8000/411/25 8001/413/25
f  8002/549/36 8003/421/36 8004/539/36
f  8005/548/6 8006/420/6 8007/541/6
f  8008/546/30 8009/417/30 8010/543/30
f  8011/547/72 8012/414/72 8013/544/72
f  8014/412/25 8015/411/25 8016/413/25
f  8017/549/36 8018/421/36 8019/539/36
f  8020/548/6 8021/420/6 8022/541/6
f  8023/546/30 8024/417/30 8025/543/30
f  8026/547/72 8027/414/72 8028/544/72
f  8029/412/36 8030/411/36 8031/413/36
f  8032/549/1 8033/421/1 8034/539/1
f  8035/548/6 8036/420/6 8037/541/6
f  8038/546/25 8039/417/25 8040/543/25
f  8041/547/72 8042/414/72 8043/544/72
f  8044/412/36 8045/411/36 8046/413/36
f  8047/549/1 8048/421/1 8049/539/1
f  8050/548/6 8051/420/6 8052/541/6
f  8053/546/25 8054/417/25 8055/543/25
f  8056/547/72 8057/414/72 8058/544/72
f  8059/412/36 8060/411/36 8061/413/36
f  8062/549/1 8063/421/1 8064/539/1
f  8065/548/6 8066/420/6 8067/541/6
f  8068/546/25 8069/417/25 8070/543/25
f  8071/547/72 8072/414/72 8073/544/72
f  8074/412/36 8075/411/36 8076/413/36
f  8077/549/1 8078/421/1 8079/539/1
f  8080/548/6 8081/420/6 8082/541/6
f  8083/546/25 8084/417/25 8085/543/25
f  8086/547/72 8087/414/72 8088/544/72
f  8089/412/1 8090/411/1 8091/413/1
f  8092/549/30 8093/421/30 8094/539/30
f  8095/548/6 8096/420/6 8097/541/6
f  8098/546/36 8099/417/36 8100/543/36
f  8101/547/72 8102/414/72 8103/544/72
f  8104/412/1 8105/411/1 8106/413/1
f  8107/549/30 8108/421/30 8109/539/30
f  8110/548/6 8111/420/6 8112/541/6
f  8113/546/36 8114/417/36 8115/543/36
f  8116/547/72 8117/414/72 8118/544/72
f  8119/412/1 8120/411/1 8121/413/1
f  8122/549/30 8123/421/30 8124/539/30
f  8125/548/6 8126/420/6 8127/541/6
f  8128/546/36 8129/417/36 8130/543/36
f  8131/547/72 8132/414/72 8133/544/72
f  8134/412/1 8135/411/1 8136/413/1
f  8137/549/30 8138/421/30 8139/539/30
f  8140/548/6 8141/420/6 8142/541/6
f  8143/546/36 8144/417/36 8145/543/36
f  8146/547/72 8147/414/72 8148/544/72
f  8149/412/1 8150/411/1 8151/413/1
f  8152/549/30 8153/421/30 8154/539/30
f  8155/548/6 8156/420/6 8157/541/6
f  8158/546/36 8159/417/36 8160/543/36
f  8161/547/72 8162/414/72 8163/544/72
f  8164/412/1 8165/411/1 8166/413/1
f  8167/549/30 8168/421/30 8169/539/30
f  8170/548/6 8171/420/6 8172/541/6
f  8173/546/36 8174/417/36 8175/543/36
f  8176/547/72 8177/414/72 8178/544/72
f  8179/412/1 8180/411/1 8181/413/1
f  8182/549/30 8183/421/30 8184/539/30
f  8185/548/6 8186/420/6 8187/541/6
f  8188/546/36 8189/417/36 8190/543/36
f  8191/547/72 8192/414/72 8193/544/72
f  8194/412/1 8195/411/1 8196/413/1
f  8197/549/30 8198/421/30 8199/539/30
f  8200/548/6 8201/420/6 8202/541/6
f  8203/546/36 8204/417/36 8205/543/36
f  8206/547/72 8207/414/72 8208/544/72
f  8209/412/1 8210/411/1 8211/413/1
f  8212/549/30 8213/421/30 8214/539/30
f  8215/548/6 8216/420/6 8217/541/6
f  8218/546/36 8219/417/36 8220/543/36
f  8221/547/72 8222/414/72 8223/544/72
f  8224/412/1 8225/411/1 8226/413/1
f  8227/549/30 8228/421/30 8229/539/30
f  8230/548/6 8231/420/6 8232/541/6
f  8233/546/36 8234/417/36 8235/543/36
f  8236/547/72 8237/414/72 8238/544/72
f  8239/412/36 8240/411/36 8241/413/36
f  8242/549/1 8243/421/1 8244/539/1
f  8245/548/6 8246/420/6 8247/541/6
f  8248/546/25 8249/417/25 8250/543/25
f  8251/547/72 8252/414/72 8253/544/72
f  8254/412/36 8255/411/36 8256/413/36
f  8257/549/1 8258/421/1 8259/539/1
f  8260/548/6 8261/420/6 8262/541/6
f  8263/546/25 8264/417/25 8265/543/25
f  8266/547/72 8267/414/72 8268/544/72
f  8269/412/1 8270/411/1 8271/413/1
f  8272/549/30 8273/421/30 8274/539/30
f  8275/548/6 8276/420/6 8277/541/6
f  8278/546/36 8279/417/36 8280/543/36
f  8281/547/72 8282/414/72 8283/544/72
f  8284/412/1 8285/411/1 8286/413/1
f  8287/549/30 8288/421/30 8289/539/30
f  8290/548/6 8291/420/6 8292/541/6
f  8293/546/36 8294/417/36 8295/543/36
f  8296/547/72 8297/414/72 8298/544/72
f  8299/412/1 8300/411/1 8301/413/1
f  8302/549/30 8303/421/30 8304/539/30
f  8305/548/6 8306/420/6 8307/541/6
f  8308/546/36 8309/417/36 8310/543/36
f  8311/547/72 8312/414/72 8313/544/72
f  8314/538/349 8315/421/349 8316/423/349
f  8317/540/6 8318/420/6 8319/415/6
f  8320/542/350 8321/417/350 8322/419/350
f  8323/415/72 8324/416/72 8325/424/72
f  8326/545/30 8327/411/30 8328/413/30
f  8329/550/36 8330/408/36 8331/410/36
f  8332/538/30 8333/421/30 8334/423/30
f  8335/540/6 8336/420/6 8337/415/6
f  8338/542/36 8339/417/36 8340/419/36
f  8341/424/72 8342/414/72 8343/416/72
f  8344/545/25 8345/411/25 8346/413/25
f  8347/550/1 8348/408/1 8349/410/1
f  8350/538/30 8351/421/30 8352/423/30
f  8353/540/6 8354/420/6 8355/415/6
f  8356/542/351 8357/417/351 8358/419/351
f  8359/415/72 8360/416/72 8361/424/72
f  8362/545/25 8363/411/25 8364/413/25
f  8365/550/1 8366/408/1 8367/410/1
f  8368/538/25 8369/421/25 8370/423/25
f  8371/540/6 8372/420/6 8373/415/6
f  8374/542/1 8375/417/1 8376/419/1
f  8377/424/72 8378/414/72 8379/416/72
f  8380/545/36 8381/411/36 8382/413/36
f  8383/550/30 8384/408/30 8385/410/30
f  8386/538/25 8387/421/25 8388/423/25
f  8389/540/6 8390/420/6 8391/415/6
f  8392/542/1 8393/417/1 8394/419/1
f  8395/424/72 8396/414/72 8397/416/72
f  8398/545/36 8399/411/36 8400/413/36
f  8401/550/30 8402/408/30 8403/410/30
f  8404/538/30 8405/421/30 8406/423/30
f  8407/540/6 8408/420/6 8409/415/6
f  8410/542/352 8411/417/352 8412/419/352
f  8413/415/72 8414/416/72 8415/424/72
f  8416/545/25 8417/411/25 8418/413/25
f  8419/550/1 8420/408/1 8421/410/1
f  8422/538/30 8423/421/30 8424/423/30
f  8425/540/6 8426/420/6 8427/415/6
f  8428/542/36 8429/417/36 8430/419/36
f  8431/424/72 8432/414/72 8433/416/72
f  8434/545/25 8435/411/25 8436/413/25
f  8437/550/1 8438/408/1 8439/410/1
f  8440/538/30 8441/421/30 8442/423/30
f  8443/540/6 8444/420/6 8445/415/6
f  8446/542/36 8447/417/36 8448/419/36
f  8449/424/72 8450/414/72 8451/416/72
f  8452/545/25 8453/411/25 8454/413/25
f  8455/550/1 8456/408/1 8457/410/1
f  8458/538/30 8459/421/30 8460/423/30
f  8461/540/6 8462/420/6 8463/415/6
f  8464/542/36 8465/417/36 8466/419/36
f  8467/424/72 8468/414/72 8469/416/72
f  8470/545/25 8471/411/25 8472/413/25
f  8473/550/1 8474/408/1 8475/410/1
f  8476/538/25 8477/421/25 8478/423/25
f  8479/540/6 8480/420/6 8481/415/6
f  8482/542/1 8483/417/1 8484/419/1
f  8485/424/72 8486/414/72 8487/416/72
f  8488/545/36 8489/411/36 8490/413/36
f  8491/550/30 8492/408/30 8493/410/30
f  8494/538/25 8495/421/25 8496/423/25
f  8497/540/6 8498/420/6 8499/415/6
f  8500/542/1 8501/417/1 8502/419/1
f  8503/424/72 8504/414/72 8505/416/72
f  8506/545/36 8507/411/36 8508/413/36
f  8509/550/30 8510/408/30 8511/410/30
f  8512/538/30 8513/421/30 8514/423/30
f  8515/540/6 8516/420/6 8517/415/6
f  8518/542/36 8519/417/36 8520/419/36
f  8521/424/72 8522/414/72 8523/416/72
f  8524/545/25 8525/411/25 8526/413/25
f  8527/550/1 8528/408/1 8529/410/1
f  8530/538/1 8531/421/1 8532/423/1
f  8533/540/6 8534/420/6 8535/415/6
f  8536/542/353 8537/417/353 8538/419/353
f  8539/424/72 8540/414/72 8541/416/72
f  8542/545/30 8543/411/30 8544/413/30
f  8545/550/36 8546/408/36 8547/410/36
f  8548/538/30 8549/421/30 8550/423/30
f  8551/540/6 8552/420/6 8553/415/6
f  8554/542/36 8555/417/36 8556/419/36
f  8557/424/72 8558/414/72 8559/416/72
f  8560/545/25 8561/411/25 8562/413/25
f  8563/550/1 8564/408/1 8565/410/1
f  8566/538/1 8567/421/1 8568/423/1
f  8569/540/6 8570/420/6 8571/415/6
f  8572/542/354 8573/417/354 8574/419/354
f  8575/415/72 8576/416/72 8577/424/72
f  8578/545/30 8579/411/30 8580/413/30
f  8581/550/36 8582/408/36 8583/410/36
f  8584/422/25 8585/421/25 8586/423/25
f  8587/416/355 8588/420/355 8589/415/355
f  8590/542/1 8591/419/1 8592/418/1
f  8593/415/356 8594/414/356 8595/416/356
f  8596/412/30 8597/411/30 8598/413/30
f  8599/409/36 8600/408/36 8601/410/36
f  8602/1048/30 8603/551/30 8604/553/30
f  8605/562/1 8606/554/1 8607/556/1
f  8608/563/36 8609/557/36 8610/559/36
f  8611/556/25 8612/560/25 8613/562/25
f  8614/412/72 8615/411/72 8616/413/72
f  8617/409/6 8618/408/6 8619/410/6
f  8620/1048/357 8621/551/357 8622/553/357
f  8623/562/358 8624/554/358 8625/556/358
f  8626/563/359 8627/557/359 8628/559/359
f  8629/556/30 8630/560/30 8631/562/30
f  8632/412/25 8633/411/25 8634/413/25
f  8635/409/1 8636/408/1 8637/410/1
f  8638/1048/72 8639/551/72 8640/553/72
f  8641/562/358 8642/554/358 8643/556/358
f  8644/563/6 8645/557/6 8646/559/6
f  8647/556/30 8648/560/30 8649/562/30
f  8650/412/25 8651/411/25 8652/413/25
f  8653/409/1 8654/408/1 8655/410/1
f  8656/1048/72 8657/551/72 8658/553/72
f  8659/562/1 8660/554/1 8661/556/1
f  8662/558/6 8663/559/6 8664/563/6
f  8665/556/361 8666/560/361 8667/562/361
f  8668/412/36 8669/411/36 8670/413/36
f  8671/409/362 8672/408/362 8673/410/362
f  8674/1048/647 8675/551/647 8676/553/647
f  8677/562/1 8678/554/1 8679/556/1
f  8680/558/648 8681/559/648 8682/563/648
f  8683/556/361 8684/560/361 8685/562/361
f  8686/545/36 8687/413/36 8688/412/36
f  8689/550/362 8690/410/362 8691/409/362
f  8692/1048/72 8693/551/72 8694/553/72
f  8695/562/1 8696/554/1 8697/556/1
f  8698/558/6 8699/559/6 8700/563/6
f  8701/556/361 8702/560/361 8703/562/361
f  8704/412/36 8705/411/36 8706/413/36
f  8707/409/362 8708/408/362 8709/410/362
f  8710/1048/365 8711/551/365 8712/553/365
f  8713/562/358 8714/554/358 8715/556/358
f  8716/563/366 8717/557/366 8718/559/366
f  8719/556/30 8720/560/30 8721/562/30
f  8722/412/25 8723/411/25 8724/413/25
f  8725/409/1 8726/408/1 8727/410/1
f  8728/1048/30 8729/551/30 8730/553/30
f  8731/562/367 8732/554/367 8733/556/367
f  8734/563/36 8735/557/36 8736/559/36
f  8737/556/368 8738/560/368 8739/562/368
f  8740/412/72 8741/411/72 8742/413/72
f  8743/409/6 8744/408/6 8745/410/6
f  8746/1048/30 8747/551/30 8748/553/30
f  8749/562/1 8750/554/1 8751/556/1
f  8752/563/649 8753/557/649 8754/559/649
f  8755/556/371 8756/560/371 8757/562/371
f  8758/412/72 8759/411/72 8760/413/72
f  8761/409/6 8762/408/6 8763/410/6
f  8764/1048/30 8765/551/30 8766/553/30
f  8767/562/1 8768/554/1 8769/556/1
f  8770/563/36 8771/557/36 8772/559/36
f  8773/556/25 8774/560/25 8775/562/25
f  8776/412/72 8777/411/72 8778/413/72
f  8779/409/6 8780/408/6 8781/410/6
f  8782/1048/30 8783/551/30 8784/553/30
f  8785/562/372 8786/554/372 8787/556/372
f  8788/563/36 8789/557/36 8790/559/36
f  8791/556/373 8792/560/373 8793/562/373
f  8794/412/72 8795/411/72 8796/413/72
f  8797/409/6 8798/408/6 8799/410/6
f  8800/1048/374 8801/551/374 8802/553/374
f  8803/562/375 8804/554/375 8805/556/375
f  8806/563/376 8807/557/376 8808/559/376
f  8809/556/377 8810/560/377 8811/562/377
f  8812/412/25 8813/411/25 8814/413/25
f  8815/409/1 8816/408/1 8817/410/1
f  8818/1048/72 8819/551/72 8820/553/72
f  8821/562/378 8822/554/378 8823/556/378
f  8824/563/6 8825/557/6 8826/559/6
f  8827/556/377 8828/560/377 8829/562/377
f  8830/412/25 8831/411/25 8832/413/25
f  8833/409/1 8834/408/1 8835/410/1
f  8836/1048/72 8837/551/72 8838/553/72
f  8839/562/36 8840/554/36 8841/556/36
f  8842/563/6 8843/557/6 8844/559/6
f  8845/556/30 8846/560/30 8847/562/30
f  8848/412/25 8849/411/25 8850/413/25
f  8851/409/1 8852/408/1 8853/410/1
f  8854/1048/72 8855/551/72 8856/553/72
f  8857/562/380 8858/554/380 8859/556/380
f  8860/563/6 8861/557/6 8862/559/6
f  8863/556/25 8864/560/25 8865/562/25
f  8866/412/36 8867/411/36 8868/413/36
f  8869/409/30 8870/408/30 8871/410/30
f  8872/1048/72 8873/551/72 8874/553/72
f  8875/562/380 8876/554/380 8877/556/380
f  8878/563/6 8879/557/6 8880/559/6
f  8881/556/25 8882/560/25 8883/562/25
f  8884/412/36 8885/411/36 8886/413/36
f  8887/409/30 8888/408/30 8889/410/30
f  8890/1048/72 8891/551/72 8892/553/72
f  8893/562/36 8894/554/36 8895/556/36
f  8896/563/6 8897/557/6 8898/559/6
f  8899/556/30 8900/560/30 8901/562/30
f  8902/412/25 8903/411/25 8904/413/25
f  8905/409/1 8906/408/1 8907/410/1
f  8908/1048/72 8909/551/72 8910/553/72
f  8911/562/378 8912/554/378 8913/556/378
f  8914/563/6 8915/557/6 8916/559/6
f  8917/556/377 8918/560/377 8919/562/377
f  8920/412/25 8921/411/25 8922/413/25
f  8923/409/1 8924/408/1 8925/410/1
f  8926/1048/72 8927/551/72 8928/553/72
f  8929/562/36 8930/554/36 8931/556/36
f  8932/563/650 8933/557/650 8934/559/650
f  8935/556/30 8936/560/30 8937/562/30
f  8938/412/25 8939/411/25 8940/413/25
f  8941/409/1 8942/408/1 8943/410/1
f  8944/1048/72 8945/551/72 8946/553/72
f  8947/562/380 8948/554/380 8949/556/380
f  8950/563/6 8951/557/6 8952/559/6
f  8953/556/25 8954/560/25 8955/562/25
f  8956/412/36 8957/411/36 8958/413/36
f  8959/409/30 8960/408/30 8961/410/30
f  8962/1048/30 8963/551/30 8964/553/30
f  8965/562/1 8966/554/1 8967/556/1
f  8968/563/36 8969/557/36 8970/559/36
f  8971/556/25 8972/560/25 8973/562/25
f  8974/412/72 8975/411/72 8976/413/72
f  8977/409/6 8978/408/6 8979/410/6
f  8980/1048/30 8981/551/30 8982/553/30
f  8983/562/1 8984/554/1 8985/556/1
f  8986/563/36 8987/557/36 8988/559/36
f  8989/556/25 8990/560/25 8991/562/25
f  8992/412/72 8993/411/72 8994/413/72
f  8995/409/6 8996/408/6 8997/410/6
f  8998/1048/30 8999/551/30 9000/553/30
f  9001/562/1 9002/554/1 9003/556/1
f  9004/563/36 9005/557/36 9006/559/36
f  9007/556/25 9008/560/25 9009/562/25
f  9010/412/72 9011/411/72 9012/413/72
f  9013/409/6 9014/408/6 9015/410/6
f  9016/1048/30 9017/551/30 9018/553/30
f  9019/562/1 9020/554/1 9021/556/1
f  9022/563/36 9023/557/36 9024/559/36
f  9025/556/25 9026/560/25 9027/562/25
f  9028/412/72 9029/411/72 9030/413/72
f  9031/409/6 9032/408/6 9033/410/6
f  9034/422/25 9035/421/25 9036/423/25
f  9037/416/6 9038/420/6 9039/415/6
f  9040/418/1 9041/417/1 9042/419/1
f  9043/415/72 9044/414/72 9045/416/72
f  9046/412/30 9047/411/30 9048/413/30
f  9049/409/36 9050/408/36 9051/410/36
f  9052/422/25 9053/421/25 9054/423/25
f  9055/416/6 9056/420/6 9057/415/6
f  9058/418/1 9059/417/1 9060/419/1
f  9061/415/72 9062/414/72 9063/416/72
f  9064/412/30 9065/411/30 9066/413/30
f  9067/409/36 9068/408/36 9069/410/36
f  9070/422/25 9071/421/25 9072/423/25
f  9073/416/6 9074/420/6 9075/415/6
f  9076/418/1 9077/417/1 9078/419/1
f  9079/415/72 9080/414/72 9081/416/72
f  9082/412/30 9083/411/30 9084/413/30
f  9085/409/36 9086/408/36 9087/410/36
f  9088/422/25 9089/421/25 9090/423/25
f  9091/416/6 9092/420/6 9093/415/6
f  9094/418/1 9095/417/1 9096/419/1
f  9097/415/72 9098/414/72 9099/416/72
f  9100/412/30 9101/411/30 9102/413/30
f  9103/409/36 9104/408/36 9105/410/36
f  9106/422/25 9107/421/25 9108/423/25
f  9109/416/6 9110/420/6 9111/415/6
f  9112/418/1 9113/417/1 9114/419/1
f  9115/415/72 9116/414/72 9117/416/72
f  9118/412/30 9119/411/30 9120/413/30
f  9121/409/36 9122/408/36 9123/410/36
f  9124/422/25 9125/421/25 9126/423/25
f  9127/416/6 9128/420/6 9129/415/6
f  9130/418/1 9131/417/1 9132/419/1
f  9133/415/72 9134/414/72 9135/416/72
f  9136/412/30 9137/411/30 9138/413/30
f  9139/409/36 9140/408/36 9141/410/36
f  9142/422/25 9143/421/25 9144/423/25
f  9145/416/6 9146/420/6 9147/415/6
f  9148/418/1 9149/417/1 9150/419/1
f  9151/415/72 9152/414/72 9153/416/72
f  9154/412/30 9155/411/30 9156/413/30
f  9157/409/36 9158/408/36 9159/410/36
f  9160/422/25 9161/421/25 9162/423/25
f  9163/416/6 9164/420/6 9165/415/6
f  9166/418/1 9167/417/1 9168/419/1
f  9169/415/72 9170/414/72 9171/416/72
f  9172/412/30 9173/411/30 9174/413/30
f  9175/409/36 9176/408/36 9177/410/36
f  9178/422/25 9179/421/25 9180/423/25
f  9181/416/6 9182/420/6 9183/415/6
f  9184/418/1 9185/417/1 9186/419/1
f  9187/415/72 9188/414/72 9189/416/72
f  9190/412/30 9191/411/30 9192/413/30
f  9193/409/36 9194/408/36 9195/410/36
f  9196/422/25 9197/421/25 9198/423/25
f  9199/416/36 9200/420/36 9201/415/36
f  9202/418/1 9203/417/1 9204/419/1
f  9205/415/30 9206/414/30 9207/416/30
f  9208/412/6 9209/411/6 9210/413/6
f  9211/422/25 9212/421/25 9213/423/25
f  9214/416/36 9215/420/36 9216/415/36
f  9217/418/1 9218/417/1 9219/419/1
f  9220/415/30 9221/414/30 9222/416/30
f  9223/412/6 9224/411/6 9225/413/6
f  9226/422/25 9227/421/25 9228/423/25
f  9229/416/36 9230/420/36 9231/415/36
f  9232/418/1 9233/417/1 9234/419/1
f  9235/415/30 9236/414/30 9237/416/30
f  9238/412/6 9239/411/6 9240/413/6
f  9241/422/25 9242/421/25 9243/423/25
f  9244/416/36 9245/420/36 9246/415/36
f  9247/418/1 9248/417/1 9249/419/1
f  9250/415/30 9251/414/30 9252/416/30
f  9253/412/6 9254/411/6 9255/413/6
f  9256/422/25 9257/421/25 9258/423/25
f  9259/416/36 9260/420/36 9261/415/36
f  9262/418/1 9263/417/1 9264/419/1
f  9265/415/30 9266/414/30 9267/416/30
f  9268/412/6 9269/411/6 9270/413/6
f  9271/422/25 9272/421/25 9273/423/25
f  9274/416/36 9275/420/36 9276/415/36
f  9277/418/1 9278/417/1 9279/419/1
f  9280/415/30 9281/414/30 9282/416/30
f  9283/412/6 9284/411/6 9285/413/6
f  9286/422/25 9287/564/25 9288/423/25
f  9289/416/6 9290/566/6 9291/415/6
f  9292/418/1 9293/568/1 9294/419/1
f  9295/415/72 9296/567/72 9297/416/72
f  9298/412/30 9299/411/30 9300/413/30
f  9301/409/36 9302/408/36 9303/410/36
f  9304/549/25 9305/421/25 9306/539/25
f  9307/548/6 9308/420/6 9309/541/6
f  9310/546/1 9311/417/1 9312/543/1
f  9313/547/72 9314/414/72 9315/544/72
f  9316/422/25 9317/564/25 9318/423/25
f  9319/416/6 9320/566/6 9321/415/6
f  9322/418/1 9323/568/1 9324/419/1
f  9325/415/72 9326/567/72 9327/416/72
f  9328/412/30 9329/411/30 9330/413/30
f  9331/409/36 9332/408/36 9333/410/36
f  9334/549/25 9335/421/25 9336/539/25
f  9337/548/6 9338/420/6 9339/541/6
f  9340/546/1 9341/417/1 9342/543/1
f  9343/547/72 9344/414/72 9345/544/72
f  9346/422/25 9347/564/25 9348/423/25
f  9349/416/6 9350/566/6 9351/415/6
f  9352/418/1 9353/568/1 9354/419/1
f  9355/415/72 9356/567/72 9357/416/72
f  9358/412/30 9359/411/30 9360/413/30
f  9361/409/36 9362/408/36 9363/410/36
f  9364/549/25 9365/421/25 9366/539/25
f  9367/548/6 9368/420/6 9369/541/6
f  9370/546/1 9371/417/1 9372/543/1
f  9373/547/72 9374/414/72 9375/544/72
f  9376/715/36 9377/712/36 9378/714/36
f  9379/1049/408 9380/710/408 9381/715/408
f  9382/1050/1 9383/850/1 9384/852/1
f  9385/1051/36 9386/853/36 9387/855/36
f  9388/1052/438 9389/902/438 9390/904/438
f  9391/1053/447 9392/905/447 9393/907/447
f  9394/1014/448 9395/908/448 9396/910/448
f  9397/932/453 9398/1001/453 9399/943/453
f  9400/1012/456 9401/947/456 9402/1003/456
f  9403/914/36 9404/1007/36 9405/909/36
f  9406/1001/36 9407/932/36 9408/1004/36
f  9409/1054/460 9410/962/460 9411/1005/460
f  9412/943/491 9413/1002/491 9414/961/491
f  9415/918/1 9416/1006/1 9417/914/1
f  9418/1009/465 9419/974/465 9420/1008/465
f  9421/1006/492 9422/918/492 9423/1009/492
f  9424/982/30 9425/1010/30 9426/976/30
f  9427/1010/472 9428/982/472 9429/1011/472
f  9430/947/493 9431/1012/493 9432/983/493
f  9433/953/30 9434/1013/30 9435/949/30
f  9436/1055/1 9437/915/1 9438/1014/1
f  9439/551/72 9440/552/72 9441/553/72
f  9442/554/651 9443/555/651 9444/556/651
f  9445/557/6 9446/558/6 9447/559/6
f  9448/560/30 9449/561/30 9450/562/30
f  9451/411/360 9452/545/360 9453/413/360
f  9454/408/1 9455/550/1 9456/410/1
f  9457/1048/72 9458/551/72 9459/553/72
f  9460/562/652 9461/554/652 9462/556/652
f  9463/563/6 9464/557/6 9465/559/6
f  9466/556/30 9467/560/30 9468/562/30
f  9469/412/25 9470/411/25 9471/413/25
f  9472/409/1 9473/408/1 9474/410/1

