# File produced by Open Asset Import Library (http://www.assimp.sf.net)
# (assimp v6.0.0)

mtllib m_armor_tunic_short.mtl

# 2796 vertex positions
v 0 2.57982993 -0.187929004
v 0.298142791 2.43458891 -0.197801694
v 0 2.41679406 -0.249669299
v 0.374143809 2.63958192 0.111712202
v 0.271452606 2.43183899 0.275659502
v 0.383445412 2.48992205 0.100680597
v 0.258966804 2.69744897 0.303383201
v 0 2.41679406 0.370190501
v 0.271452606 2.43183899 0.275659502
v 0.302884698 3.37214088 -0.309663504
v 0 3.10228801 -0.351548612
v 0 3.40822601 -0.360854805
v 0 3.10228801 -0.351548612
v 0.269150704 2.74370003 -0.127492905
v 0 2.73485994 -0.210799694
v 0.372429401 2.80115509 0.0843110606
v 0.258966804 2.69744897 0.303383201
v 0.374143809 2.63958192 0.111712202
v 0.292501897 2.89852905 0.32125181
v 0 2.71621895 0.39357391
v 0.258966804 2.69744897 0.303383201
v 0 3.63789797 -0.275802106
v 0.144294307 3.7036171 -0.195024997
v 0.231940299 3.61113095 -0.233684003
v 0.335022599 3.62632203 -0.0732139871
v 0.480114102 3.54052901 -0.207427993
v 0.231940299 3.61113095 -0.233684003
v 0 3.51575398 0.196330294
v 0.108257301 3.61050296 0.0328564607
v 0 3.60218596 0.0798036978
v 0.496344388 2.04912996 0.0801457688
v 0.426746994 1.79066396 0.239016101
v 0.527909815 1.79604399 0.0449559018
v 0.297219098 2.56486511 -0.116957702
v 0.383445412 2.48992205 0.100680597
v 0.298142791 2.43458891 -0.197801694
v 0.269150704 2.74370003 -0.127492905
v 0.374143809 2.63958192 0.111712202
v 0.297219098 2.56486511 -0.116957702
v 0.485254496 3.11490488 -0.0700606704
v 0.269150704 2.74370003 -0.127492905
v 0.366254002 3.15111899 -0.304034591
v 0.409968913 3.12012792 0.136593893
v 0.402770609 3.18754506 -0.0743724704
v 0.449835807 3.27132702 0.204784498
v 0.195429295 1.78933907 0.316220403
v 0.385502011 2.03957009 0.290348798
v 0.177996293 2.00998306 0.326210588
v 0.332498103 2.23566008 -0.245897695
v 0.496344388 2.04912996 0.0801457688
v 0.36897859 2.03860903 -0.250262797
v 0.269150704 2.74370003 -0.127492905
v 0 2.57982993 -0.187929004
v 0 2.73485994 -0.210799694
v 0.33468309 3.12535095 0.343248606
v 0 3.03599596 0.396003991
v 0.292501897 2.89852905 0.32125181
v 0.409968913 3.12012792 0.136593893
v 0.292501897 2.89852905 0.32125181
v 0.372429401 2.80115509 0.0843110606
v 0.275110811 3.35940599 0.246181101
v 0 3.17193198 0.431917787
v 0.33468309 3.12535095 0.343248606
v 0 3.71083999 -0.234772593
v 0.104744598 3.76338601 -0.1307275
v 0.144294307 3.7036171 -0.195024997
v 0.231940299 3.61113095 -0.233684003
v 0.184209093 3.64637208 -0.0623708889
v 0.335022599 3.62632203 -0.0732139871
v 0.234042704 3.55023193 0.0880847499
v 0.184209093 3.64637208 -0.0623708889
v 0.108257301 3.61050296 0.0328564607
v 0.43511641 3.584517 -0.0726369619
v 0.513534725 3.47667599 -0.181932807
v 0.38081941 3.54052901 -0.207427993
v 0.674451113 3.14556408 -0.0724097416
v 0.614640296 3.07717204 -0.243082494
v 0.584822893 3.25443292 -0.223813206
v 0.366254002 3.15111899 -0.304034591
v 0.402770609 3.18754506 -0.0743724704
v 0.485254496 3.11490488 -0.0700606704
v 0.275110811 3.35940599 0.246181101
v 0.449835807 3.27132702 0.204784498
v 0.497078389 3.38896394 0.185325906
v 0.302884698 3.37214088 -0.309663504
v 0.480114102 3.54052901 -0.207427993
v 0.4399198 3.3841579 -0.272997409
v 0.335022599 3.62632203 -0.0732139871
v 0.500177026 3.524863 0.0978463218
v 0.534411013 3.584517 -0.0726369619
v 0.231940299 3.61113095 -0.233684003
v 0 3.40822601 -0.360854805
v 0 3.63789797 -0.275802106
v 0 3.51575398 0.196330294
v 0.275110811 3.35940599 0.246181101
v 0.234042704 3.55023193 0.0880847499
v 0.44585979 3.29556704 -0.275781691
v 0.530568779 3.37271404 -0.229259297
v 0.584822893 3.25443292 -0.223813206
v 0.449835807 3.27132702 0.204784498
v 0.53597343 3.3474009 0.117243201
v 0.397783786 3.38896394 0.185325906
v 0.275110811 3.35940599 0.246181101
v 0.500177026 3.524863 0.0978463218
v 0.234042704 3.55023193 0.0880847499
v 0.302884698 3.37214088 -0.309663504
v 0.44585979 3.29556704 -0.275781691
v 0.366254002 3.15111899 -0.304034591
v 0.638641715 3.32494807 -0.0682439208
v 0.580754697 3.22135401 0.0911616012
v 0.674451113 3.14556408 -0.0724097416
v 0.638641715 3.32494807 -0.0682439208
v 0.584822893 3.25443292 -0.223813206
v 0.530568779 3.37271404 -0.229259297
v 0.518061101 3.45500302 0.0915222093
v 0.638641715 3.32494807 -0.0682439208
v 0.550819278 3.51484108 -0.0640781522
v 0.550819278 3.51484108 -0.0640781522
v 0.530568779 3.37271404 -0.229259297
v 0.513534725 3.47667599 -0.181932807
v 0.674451113 3.14556408 -0.0724097416
v 0.629998922 3.04734802 0.1055369
v 0.696973324 3.06269312 -0.115705296
v 0.397783786 3.38896394 0.185325906
v 0.518061101 3.45500302 0.0915222093
v 0.400882304 3.524863 0.0978463218
v 0.404163986 3.3841579 -0.272997409
v 0.513534725 3.47667599 -0.181932807
v 0.530568779 3.37271404 -0.229259297
v 0.400882304 3.524863 0.0978463218
v 0.550819278 3.51484108 -0.0640781522
v 0.43511641 3.584517 -0.0726369619
v 0.614640296 3.07717204 -0.243082494
v 0.709060788 2.98213387 -0.102315702
v 0.692893922 2.85003185 -0.172489107
v 0.629998922 3.04734802 0.1055369
v 0.709060788 2.98213387 -0.102315702
v 0.696973324 3.06269312 -0.115705296
v 0.580754697 3.22135401 0.0911616012
v 0.507270873 2.98390603 0.130721197
v 0.629998922 3.04734802 0.1055369
v 0.44585979 3.29556704 -0.275781691
v 0.614640296 3.07717204 -0.243082494
v 0.473386198 2.98659301 -0.233612701
v 0.402770609 3.18754506 -0.0743724704
v 0.507270873 2.98390603 0.130721197
v 0.449835807 3.27132702 0.204784498
v 0.402770609 3.18754506 -0.0743724704
v 0.473386198 2.98659301 -0.233612701
v 0.449195713 2.97471499 -0.0206686202
v 0.692893922 2.85003185 -0.172489107
v 0.800441623 2.84317112 -0.0771593377
v 0.794914603 2.7534771 -0.174025506
v 0.679153085 2.84741998 0.0595618412
v 0.800441623 2.84317112 -0.0771593377
v 0.709060788 2.98213387 -0.102315702
v 0.507270873 2.98390603 0.130721197
v 0.679153085 2.84741998 0.0595618412
v 0.629998922 3.04734802 0.1055369
v 0.473386198 2.98659301 -0.233612701
v 0.692893922 2.85003185 -0.172489107
v 0.65831238 2.82400799 -0.169995293
v 0.507270873 2.98390603 0.130721197
v 0.522287905 2.84600115 -0.0251430795
v 0.629636288 2.75375891 0.0764647722
v 0.473386198 2.98659301 -0.233612701
v 0.522287905 2.84600115 -0.0251430795
v 0.449195713 2.97471499 -0.0206686202
v 0.794914603 2.7534771 -0.174025506
v 0.930518806 2.39941311 0.109464198
v 0.909075081 2.36009002 0.039982371
v 0.78127408 2.77341199 0.07038486
v 0.930518806 2.39941311 0.109464198
v 0.800441623 2.84317112 -0.0771593377
v 0.629636288 2.75375891 0.0764647722
v 0.78127408 2.77341199 0.07038486
v 0.679153085 2.84741998 0.0595618412
v 0.692893922 2.85003185 -0.172489107
v 0.653431416 2.71548796 -0.136481598
v 0.65831238 2.82400799 -0.169995293
v 0.629636288 2.75375891 0.0764647722
v 0.546287119 2.70750713 0.0159939509
v 0.677835226 2.64724708 0.111995898
v 0.522287905 2.84600115 -0.0251430795
v 0.653431416 2.71548796 -0.136481598
v 0.546287119 2.70750713 0.0159939509
v 0.930518806 2.39941311 0.109464198
v 0.923112571 2.32706404 0.05481112
v 0.909075081 2.36009002 0.039982371
v 0.879192472 2.428442 0.177383795
v 0.944556415 2.35021806 0.140891895
v 0.930518806 2.39941311 0.109464198
v 0.677835226 2.64724708 0.111995898
v 0.879192472 2.428442 0.177383795
v 0.78127408 2.77341199 0.07038486
v 0.794914603 2.7534771 -0.174025506
v 0.818179905 2.36617303 0.0378953815
v 0.653431416 2.71548796 -0.136481598
v 0.677835226 2.64724708 0.111995898
v 0.791723013 2.40220904 0.123296298
v 0.805669129 2.41786003 0.196877703
v 0.653431416 2.71548796 -0.136481598
v 0.791723013 2.40220904 0.123296298
v 0.546287119 2.70750713 0.0159939509
v 0.923669279 2.35992813 0.214943901
v 0.964284301 2.14845705 0.195002899
v 0.944556415 2.35021806 0.140891895
v 0.923669279 2.35992813 0.214943901
v 0.907062173 2.32114601 0.286546886
v 0.90866071 2.200634 0.303739905
v 0.879192472 2.428442 0.177383795
v 0.819706619 2.35602307 0.230041996
v 0.923669279 2.35992813 0.214943901
v 0.909075081 2.36009002 0.039982371
v 0.832217276 2.33338308 0.0536119901
v 0.818179905 2.36617303 0.0378953815
v 0.805669129 2.41786003 0.196877703
v 0.805760622 2.35131001 0.152932793
v 0.819706619 2.35602307 0.230041996
v 0.791723013 2.40220904 0.123296298
v 0.832217276 2.33338308 0.0536119901
v 0.805760622 2.35131001 0.152932793
v 0.923112571 2.32706404 0.05481112
v 0.964284301 2.14845705 0.195002899
v 0.950973928 2.12708592 0.0756273791
v 0.822319806 2.04370809 0.192694694
v 0.801562309 2.12000108 0.0594981313
v 0.858370125 2.06072092 0.0686925575
v 0.795424581 2.09990907 0.187891707
v 0.827913225 2.13582301 0.0733450577
v 0.744171977 2.17441893 0.194318697
v 0.788042903 2.11682701 0.306121707
v 0.733340025 2.12592411 0.314198911
v 0.811548114 2.08104205 0.312533587
v 0.850568116 2.10195589 0.0698759481
v 0.801562309 2.12000108 0.0594981313
v 0.827913225 2.13582301 0.0733450577
v 0.744171977 2.17441893 0.194318697
v 0.733340025 2.12592411 0.314198911
v 0.751909196 2.1461091 0.323260307
v 0.827913225 2.13582301 0.0733450577
v 0.72502768 2.14083195 0.177642703
v 0.744171977 2.17441893 0.194318697
v 0.870485783 2.14694595 0.294132113
v 0.869212091 2.14568496 0.303982586
v 0.85444051 2.19080806 0.292988986
v 0.923112571 2.32706404 0.05481112
v 0.894641817 2.13389111 0.0747664496
v 0.832217276 2.33338308 0.0536119901
v 0.869212091 2.14568496 0.303982586
v 0.90866071 2.200634 0.303739905
v 0.85444051 2.19080806 0.292988986
v 0.788042903 2.11682701 0.306121707
v 0.744171977 2.17441893 0.194318697
v 0.751909196 2.1461091 0.323260307
v 0.85444051 2.19080806 0.292988986
v 0.717117012 2.21662402 0.32929191
v 0.819317102 2.31234312 0.271696806
v 0.811548114 2.08104205 0.312533587
v 0.72502768 2.14083195 0.177642703
v 0.822319806 2.04370809 0.192694694
v 0.819706619 2.35602307 0.230041996
v 0.871217489 2.14452696 0.187761098
v 0.870485783 2.14694595 0.294132113
v 0.819706619 2.35602307 0.230041996
v 0.907062173 2.32114601 0.286546886
v 0.923669279 2.35992813 0.214943901
v 0.717117012 2.21662402 0.32929191
v 0.756589711 2.19385409 0.329938501
v 0.732434392 2.222368 0.342502713
v 0.90866071 2.200634 0.303739905
v 0.732434392 2.222368 0.342502713
v 0.756589711 2.19385409 0.329938501
v 0.85444051 2.19080806 0.292988986
v 0.756589711 2.19385409 0.329938501
v 0.739813328 2.18592596 0.310268015
v 0.819317102 2.31234312 0.271696806
v 0.732434392 2.222368 0.342502713
v 0.907062173 2.32114601 0.286546886
v 0.108257301 3.61050296 0.0328564607
v 0 3.689996 0.0449439809
v 0 3.60218596 0.0798036978
v 0.144294307 3.7036171 -0.195024997
v 0.130767494 3.73536015 -0.0521130487
v 0.184209093 3.64637208 -0.0623708889
v 0.184209093 3.64637208 -0.0623708889
v 0.0806382224 3.70990396 0.00682616187
v 0.108257301 3.61050296 0.0328564607
v 0.0806382224 3.70990396 0.00682616187
v 0 3.76204705 0.0677973032
v 0 3.689996 0.0449439809
v 0.104744598 3.76338601 -0.1307275
v 0.0999657512 3.7983489 -0.0312740803
v 0.130767494 3.73536015 -0.0521130487
v 0.0806382224 3.70990396 0.00682616187
v 0.0999657512 3.7983489 -0.0312740803
v 0.071449101 3.7779789 0.0288883392
v 0 3.77317595 -0.157399505
v 0.0851623416 3.82077694 -0.111520097
v 0.104744598 3.76338601 -0.1307275
v 0.071449101 3.7779789 0.0288883392
v 0 3.84697604 -0.00771552278
v 0 3.76204705 0.0677973032
v 0.0999657512 3.7983489 -0.0312740803
v 0.00476044416 3.85025907 -0.0177392904
v 0.00558799505 3.84900498 -0.0132535603
v 0.071449101 3.7779789 0.0288883392
v 0.00558799505 3.84900498 -0.0132535603
v 0.00399392797 3.84786701 -0.00989055634
v 0 3.8286109 -0.138745695
v 0.00476044416 3.85025907 -0.0177392904
v 0.0851623416 3.82077694 -0.111520097
v 0.36897859 2.03860903 -0.250262797
v 0.138813704 1.80397701 -0.335221797
v 0.0802509114 2.01265192 -0.342734486
v 0.438794404 2.26853895 0.0864686295
v 0.385502011 2.03957009 0.290348798
v 0.496344388 2.04912996 0.0801457688
v 0.36897859 2.03860903 -0.250262797
v 0.527909815 1.79604399 0.0449559018
v 0.3918235 1.80116296 -0.273549289
v -0.327256113 2.23498797 0.265922308
v -0.177996293 2.00998306 0.326210588
v 0 2.21396589 0.311112493
v 0 2.57982993 -0.187929004
v -0.298142791 2.43458891 -0.197801694
v -0.297219098 2.56486511 -0.116957702
v -0.374143809 2.63958192 0.111712202
v -0.271452606 2.43183899 0.275659502
v -0.258966804 2.69744897 0.303383201
v -0.258966804 2.69744897 0.303383201
v 0 2.41679406 0.370190501
v 0 2.71621895 0.39357391
v -0.302884698 3.37214088 -0.309663504
v 0 3.10228801 -0.351548612
v -0.366254002 3.15111899 -0.304034591
v 0 3.10228801 -0.351548612
v -0.269150704 2.74370003 -0.127492905
v -0.366254002 3.15111899 -0.304034591
v -0.372429401 2.80115509 0.0843110606
v -0.258966804 2.69744897 0.303383201
v -0.292501897 2.89852905 0.32125181
v -0.292501897 2.89852905 0.32125181
v 0 2.71621895 0.39357391
v 0 3.03599596 0.396003991
v -0.144294307 3.7036171 -0.195024997
v 0 3.63789797 -0.275802106
v -0.231940299 3.61113095 -0.233684003
v -0.480114102 3.54052901 -0.207427993
v -0.335022599 3.62632203 -0.0732139871
v -0.231940299 3.61113095 -0.233684003
v 0 3.51575398 0.196330294
v -0.108257301 3.61050296 0.0328564607
v -0.234042704 3.55023193 0.0880847499
v 0.271452606 2.43183899 0.275659502
v 0 2.21396589 0.311112493
v 0.327256113 2.23498797 0.265922308
v -0.496344388 2.04912996 0.0801457688
v -0.426746994 1.79066396 0.239016101
v -0.385502011 2.03957009 0.290348798
v -0.297219098 2.56486511 -0.116957702
v -0.383445412 2.48992205 0.100680597
v -0.374143809 2.63958192 0.111712202
v -0.269150704 2.74370003 -0.127492905
v -0.374143809 2.63958192 0.111712202
v -0.372429401 2.80115509 0.0843110606
v -0.269150704 2.74370003 -0.127492905
v -0.485254496 3.11490488 -0.0700606704
v -0.366254002 3.15111899 -0.304034591
v -0.402770609 3.18754506 -0.0743724704
v -0.409968913 3.12012792 0.136593893
v -0.449835807 3.27132702 0.204784498
v -0.271452606 2.43183899 0.275659502
v 0 2.21396589 0.311112493
v 0 2.41679406 0.370190501
v -0.385502011 2.03957009 0.290348798
v -0.195429295 1.78933907 0.316220403
v -0.177996293 2.00998306 0.326210588
v -0.332498103 2.23566008 -0.245897695
v -0.496344388 2.04912996 0.0801457688
v -0.438794404 2.26853895 0.0864686295
v 0 2.57982993 -0.187929004
v -0.269150704 2.74370003 -0.127492905
v 0 2.73485994 -0.210799694
v -0.33468309 3.12535095 0.343248606
v 0 3.03599596 0.396003991
v 0 3.17193198 0.431917787
v -0.292501897 2.89852905 0.32125181
v -0.409968913 3.12012792 0.136593893
v -0.372429401 2.80115509 0.0843110606
v -0.275110811 3.35940599 0.246181101
v 0 3.17193198 0.431917787
v 0 3.34181213 0.329737186
v -0.104744598 3.76338601 -0.1307275
v 0 3.71083999 -0.234772593
v -0.144294307 3.7036171 -0.195024997
v -0.184209093 3.64637208 -0.0623708889
v -0.231940299 3.61113095 -0.233684003
v -0.335022599 3.62632203 -0.0732139871
v -0.234042704 3.55023193 0.0880847499
v -0.184209093 3.64637208 -0.0623708889
v -0.335022599 3.62632203 -0.0732139871
v -0.513534725 3.47667599 -0.181932807
v -0.43511641 3.584517 -0.0726369619
v -0.38081941 3.54052901 -0.207427993
v -0.614640296 3.07717204 -0.243082494
v -0.674451113 3.14556408 -0.0724097416
v -0.584822893 3.25443292 -0.223813206
v -0.402770609 3.18754506 -0.0743724704
v -0.366254002 3.15111899 -0.304034591
v -0.485254496 3.11490488 -0.0700606704
v -0.275110811 3.35940599 0.246181101
v -0.449835807 3.27132702 0.204784498
v -0.33468309 3.12535095 0.343248606
v -0.302884698 3.37214088 -0.309663504
v -0.480114102 3.54052901 -0.207427993
v -0.231940299 3.61113095 -0.233684003
v -0.335022599 3.62632203 -0.0732139871
v -0.500177026 3.524863 0.0978463218
v -0.234042704 3.55023193 0.0880847499
v -0.231940299 3.61113095 -0.233684003
v 0 3.40822601 -0.360854805
v -0.302884698 3.37214088 -0.309663504
v -0.275110811 3.35940599 0.246181101
v 0 3.51575398 0.196330294
v -0.234042704 3.55023193 0.0880847499
v -0.44585979 3.29556704 -0.275781691
v -0.530568779 3.37271404 -0.229259297
v -0.404163986 3.3841579 -0.272997409
v -0.53597343 3.3474009 0.117243201
v -0.449835807 3.27132702 0.204784498
v -0.397783786 3.38896394 0.185325906
v -0.500177026 3.524863 0.0978463218
v -0.275110811 3.35940599 0.246181101
v -0.234042704 3.55023193 0.0880847499
v -0.44585979 3.29556704 -0.275781691
v -0.302884698 3.37214088 -0.309663504
v -0.366254002 3.15111899 -0.304034591
v -0.638641715 3.32494807 -0.0682439208
v -0.580754697 3.22135401 0.0911616012
v -0.53597343 3.3474009 0.117243201
v -0.584822893 3.25443292 -0.223813206
v -0.638641715 3.32494807 -0.0682439208
v -0.530568779 3.37271404 -0.229259297
v -0.638641715 3.32494807 -0.0682439208
v -0.518061101 3.45500302 0.0915222093
v -0.550819278 3.51484108 -0.0640781522
v -0.530568779 3.37271404 -0.229259297
v -0.550819278 3.51484108 -0.0640781522
v -0.513534725 3.47667599 -0.181932807
v -0.674451113 3.14556408 -0.0724097416
v -0.629998922 3.04734802 0.1055369
v -0.580754697 3.22135401 0.0911616012
v -0.518061101 3.45500302 0.0915222093
v -0.397783786 3.38896394 0.185325906
v -0.400882304 3.524863 0.0978463218
v -0.404163986 3.3841579 -0.272997409
v -0.513534725 3.47667599 -0.181932807
v -0.38081941 3.54052901 -0.207427993
v -0.550819278 3.51484108 -0.0640781522
v -0.400882304 3.524863 0.0978463218
v -0.43511641 3.584517 -0.0726369619
v -0.614640296 3.07717204 -0.243082494
v -0.709060788 2.98213387 -0.102315702
v -0.696973324 3.06269312 -0.115705296
v -0.709060788 2.98213387 -0.102315702
v -0.629998922 3.04734802 0.1055369
v -0.696973324 3.06269312 -0.115705296
v -0.580754697 3.22135401 0.0911616012
v -0.507270873 2.98390603 0.130721197
v -0.449835807 3.27132702 0.204784498
v -0.44585979 3.29556704 -0.275781691
v -0.614640296 3.07717204 -0.243082494
v -0.584822893 3.25443292 -0.223813206
v -0.507270873 2.98390603 0.130721197
v -0.402770609 3.18754506 -0.0743724704
v -0.449835807 3.27132702 0.204784498
v -0.402770609 3.18754506 -0.0743724704
v -0.473386198 2.98659301 -0.233612701
v -0.44585979 3.29556704 -0.275781691
v -0.692893922 2.85003185 -0.172489107
v -0.800441623 2.84317112 -0.0771593377
v -0.709060788 2.98213387 -0.102315702
v -0.800441623 2.84317112 -0.0771593377
v -0.679153085 2.84741998 0.0595618412
v -0.709060788 2.98213387 -0.102315702
v -0.679153085 2.84741998 0.0595618412
v -0.507270873 2.98390603 0.130721197
v -0.629998922 3.04734802 0.1055369
v -0.473386198 2.98659301 -0.233612701
v -0.692893922 2.85003185 -0.172489107
v -0.614640296 3.07717204 -0.243082494
v -0.507270873 2.98390603 0.130721197
v -0.522287905 2.84600115 -0.0251430795
v -0.449195713 2.97471499 -0.0206686202
v -0.522287905 2.84600115 -0.0251430795
v -0.473386198 2.98659301 -0.233612701
v -0.449195713 2.97471499 -0.0206686202
v -0.794914603 2.7534771 -0.174025506
v -0.930518806 2.39941311 0.109464198
v -0.800441623 2.84317112 -0.0771593377
v -0.930518806 2.39941311 0.109464198
v -0.78127408 2.77341199 0.07038486
v -0.800441623 2.84317112 -0.0771593377
v -0.78127408 2.77341199 0.07038486
v -0.629636288 2.75375891 0.0764647722
v -0.679153085 2.84741998 0.0595618412
v -0.653431416 2.71548796 -0.136481598
v -0.692893922 2.85003185 -0.172489107
v -0.65831238 2.82400799 -0.169995293
v -0.629636288 2.75375891 0.0764647722
v -0.546287119 2.70750713 0.0159939509
v -0.522287905 2.84600115 -0.0251430795
v -0.522287905 2.84600115 -0.0251430795
v -0.653431416 2.71548796 -0.136481598
v -0.65831238 2.82400799 -0.169995293
v -0.923112571 2.32706404 0.05481112
v -0.930518806 2.39941311 0.109464198
v -0.909075081 2.36009002 0.039982371
v -0.944556415 2.35021806 0.140891895
v -0.879192472 2.428442 0.177383795
v -0.930518806 2.39941311 0.109464198
v -0.879192472 2.428442 0.177383795
v -0.677835226 2.64724708 0.111995898
v -0.78127408 2.77341199 0.07038486
v -0.818179905 2.36617303 0.0378953815
v -0.794914603 2.7534771 -0.174025506
v -0.653431416 2.71548796 -0.136481598
v -0.677835226 2.64724708 0.111995898
v -0.791723013 2.40220904 0.123296298
v -0.546287119 2.70750713 0.0159939509
v -0.791723013 2.40220904 0.123296298
v -0.653431416 2.71548796 -0.136481598
v -0.546287119 2.70750713 0.0159939509
v -0.801562309 2.12000108 0.0594981313
v -0.822319806 2.04370809 0.192694694
v -0.858370125 2.06072092 0.0686925575
v -0.90866071 2.200634 0.303739905
v -0.907062173 2.32114601 0.286546886
v -0.923669279 2.35992813 0.214943901
v -0.879192472 2.428442 0.177383795
v -0.819706619 2.35602307 0.230041996
v -0.805669129 2.41786003 0.196877703
v -0.832217276 2.33338308 0.0536119901
v -0.909075081 2.36009002 0.039982371
v -0.818179905 2.36617303 0.0378953815
v -0.805669129 2.41786003 0.196877703
v -0.805760622 2.35131001 0.152932793
v -0.791723013 2.40220904 0.123296298
v -0.791723013 2.40220904 0.123296298
v -0.832217276 2.33338308 0.0536119901
v -0.818179905 2.36617303 0.0378953815
v -0.72502768 2.14083195 0.177642703
v -0.811548114 2.08104205 0.312533587
v -0.822319806 2.04370809 0.192694694
v -0.964284301 2.14845705 0.195002899
v -0.923669279 2.35992813 0.214943901
v -0.944556415 2.35021806 0.140891895
v -0.788042903 2.11682701 0.306121707
v -0.744171977 2.17441893 0.194318697
v -0.795424581 2.09990907 0.187891707
v -0.871217489 2.14452696 0.187761098
v -0.832217276 2.33338308 0.0536119901
v -0.805760622 2.35131001 0.152932793
v -0.733340025 2.12592411 0.314198911
v -0.788042903 2.11682701 0.306121707
v -0.811548114 2.08104205 0.312533587
v -0.850568116 2.10195589 0.0698759481
v -0.801562309 2.12000108 0.0594981313
v -0.858370125 2.06072092 0.0686925575
v -0.733340025 2.12592411 0.314198911
v -0.744171977 2.17441893 0.194318697
v -0.751909196 2.1461091 0.323260307
v -0.72502768 2.14083195 0.177642703
v -0.827913225 2.13582301 0.0733450577
v -0.744171977 2.17441893 0.194318697
v -0.85444051 2.19080806 0.292988986
v -0.869212091 2.14568496 0.303982586
v -0.870485783 2.14694595 0.294132113
v -0.819706619 2.35602307 0.230041996
v -0.871217489 2.14452696 0.187761098
v -0.805760622 2.35131001 0.152932793
v -0.869212091 2.14568496 0.303982586
v -0.90866071 2.200634 0.303739905
v -0.924929917 2.16631794 0.305527598
v -0.894641817 2.13389111 0.0747664496
v -0.923112571 2.32706404 0.05481112
v -0.832217276 2.33338308 0.0536119901
v -0.717117012 2.21662402 0.32929191
v -0.85444051 2.19080806 0.292988986
v -0.819317102 2.31234312 0.271696806
v 0.914877295 2.0756731 0.201682106
v 0.858370125 2.06072092 0.0686925575
v 0.920488596 2.08229208 0.0764682814
v -0.923112571 2.32706404 0.05481112
v -0.964284301 2.14845705 0.195002899
v -0.944556415 2.35021806 0.140891895
v -0.907062173 2.32114601 0.286546886
v -0.819706619 2.35602307 0.230041996
v -0.923669279 2.35992813 0.214943901
v -0.756589711 2.19385409 0.329938501
v -0.717117012 2.21662402 0.32929191
v -0.732434392 2.222368 0.342502713
v -0.90866071 2.200634 0.303739905
v -0.732434392 2.222368 0.342502713
v -0.907062173 2.32114601 0.286546886
v -0.85444051 2.19080806 0.292988986
v -0.756589711 2.19385409 0.329938501
v -0.90866071 2.200634 0.303739905
v -0.732434392 2.222368 0.342502713
v -0.819317102 2.31234312 0.271696806
v -0.907062173 2.32114601 0.286546886
v 0 3.689996 0.0449439809
v -0.108257301 3.61050296 0.0328564607
v 0 3.60218596 0.0798036978
v -0.130767494 3.73536015 -0.0521130487
v -0.144294307 3.7036171 -0.195024997
v -0.184209093 3.64637208 -0.0623708889
v -0.0806382224 3.70990396 0.00682616187
v -0.184209093 3.64637208 -0.0623708889
v -0.108257301 3.61050296 0.0328564607
v 0 3.76204705 0.0677973032
v -0.0806382224 3.70990396 0.00682616187
v 0 3.689996 0.0449439809
v -0.0999657512 3.7983489 -0.0312740803
v -0.104744598 3.76338601 -0.1307275
v -0.130767494 3.73536015 -0.0521130487
v -0.0806382224 3.70990396 0.00682616187
v -0.0999657512 3.7983489 -0.0312740803
v -0.130767494 3.73536015 -0.0521130487
v -0.0851623416 3.82077694 -0.111520097
v 0 3.77317595 -0.157399505
v -0.104744598 3.76338601 -0.1307275
v 0 3.84697604 -0.00771552278
v -0.071449101 3.7779789 0.0288883392
v 0 3.76204705 0.0677973032
v -0.0999657512 3.7983489 -0.0312740803
v -0.00476044416 3.85025907 -0.0177392904
v -0.0851623416 3.82077694 -0.111520097
v -0.071449101 3.7779789 0.0288883392
v -0.00558799505 3.84900498 -0.0132535603
v -0.0999657512 3.7983489 -0.0312740803
v -0.00476044416 3.85025907 -0.0177392904
v 0 3.8286109 -0.138745695
v -0.0851623416 3.82077694 -0.111520097
v -0.138813704 1.80397701 -0.335221797
v -0.36897859 2.03860903 -0.250262797
v -0.0802509114 2.01265192 -0.342734486
v -0.438794404 2.26853895 0.0864686295
v -0.385502011 2.03957009 0.290348798
v -0.327256113 2.23498797 0.265922308
v -0.36897859 2.03860903 -0.250262797
v -0.527909815 1.79604399 0.0449559018
v -0.496344388 2.04912996 0.0801457688
v 0.327256113 2.23498797 0.265922308
v 0.177996293 2.00998306 0.326210588
v 0.385502011 2.03957009 0.290348798
v 0.298142791 2.43458891 -0.197801694
v 0.438794404 2.26853895 0.0864686295
v 0.332498103 2.23566008 -0.245897695
v 0.271452606 2.43183899 0.275659502
v 0.438794404 2.26853895 0.0864686295
v 0.383445412 2.48992205 0.100680597
v -0.298142791 2.43458891 -0.197801694
v -0.438794404 2.26853895 0.0864686295
v -0.383445412 2.48992205 0.100680597
v -0.438794404 2.26853895 0.0864686295
v -0.271452606 2.43183899 0.275659502
v -0.383445412 2.48992205 0.100680597
v 0 2.00998306 0.336147308
v 0 2.21396589 0.311112493
v -0.177996293 2.00998306 0.326210588
v 0 2.00998306 0.336147308
v 0.177996293 2.00998306 0.326210588
v 0 2.21396589 0.311112493
v 0.870485783 2.14694595 0.294132113
v 0.859667122 2.15559006 0.296709508
v 0.869212091 2.14568496 0.303982586
v 0.924929917 2.16631794 0.305527598
v 0.894984007 2.11043191 0.309665591
v 0.932667613 2.1666851 0.298473686
v 0.894641817 2.13389111 0.0747664496
v 0.885634601 2.15411496 0.187977403
v 0.871217489 2.14452696 0.187761098
v 0.885634601 2.15411496 0.187977403
v 0.870485783 2.14694595 0.294132113
v 0.871217489 2.14452696 0.187761098
v 0.910073876 2.13171196 0.0746855065
v 0.950973928 2.12708592 0.0756273791
v 0.920488596 2.08229208 0.0764682814
v 0.894984007 2.11043191 0.309665591
v 0.869212091 2.14568496 0.303982586
v 0.859667122 2.15559006 0.296709508
v 0.914877295 2.0756731 0.201682106
v 0.950973928 2.12708592 0.0756273791
v 0.964284301 2.14845705 0.195002899
v 0.932667613 2.1666851 0.298473686
v 0.914877295 2.0756731 0.201682106
v 0.964284301 2.14845705 0.195002899
v 0.832217276 2.33338308 0.0536119901
v 0.871217489 2.14452696 0.187761098
v 0.805760622 2.35131001 0.152932793
v -0.859667122 2.15559006 0.296709508
v -0.870485783 2.14694595 0.294132113
v -0.869212091 2.14568496 0.303982586
v -0.894984007 2.11043191 0.309665591
v -0.924929917 2.16631794 0.305527598
v -0.932667613 2.1666851 0.298473686
v -0.885634601 2.15411496 0.187977403
v -0.894641817 2.13389111 0.0747664496
v -0.871217489 2.14452696 0.187761098
v -0.870485783 2.14694595 0.294132113
v -0.885634601 2.15411496 0.187977403
v -0.871217489 2.14452696 0.187761098
v -0.950973928 2.12708592 0.0756273791
v -0.910073876 2.13171196 0.0746855065
v -0.920488596 2.08229208 0.0764682814
v -0.869212091 2.14568496 0.303982586
v -0.894984007 2.11043191 0.309665591
v -0.859667122 2.15559006 0.296709508
v -0.950973928 2.12708592 0.0756273791
v -0.914877295 2.0756731 0.201682106
v -0.964284301 2.14845705 0.195002899
v -0.914877295 2.0756731 0.201682106
v -0.932667613 2.1666851 0.298473686
v -0.964284301 2.14845705 0.195002899
v -0.795424581 2.09990907 0.187891707
v -0.827913225 2.13582301 0.0733450577
v -0.850568116 2.10195589 0.0698759481
v 0.885634601 2.15411496 0.187977403
v 0.850568116 2.10195589 0.0698759481
v 0.795424581 2.09990907 0.187891707
v 0.859667122 2.15559006 0.296709508
v 0.811548114 2.08104205 0.312533587
v 0.894984007 2.11043191 0.309665591
v 0.920488596 2.08229208 0.0764682814
v 0.850568116 2.10195589 0.0698759481
v 0.910073876 2.13171196 0.0746855065
v 0.859667122 2.15559006 0.296709508
v 0.795424581 2.09990907 0.187891707
v 0.788042903 2.11682701 0.306121707
v 0.914877295 2.0756731 0.201682106
v 0.811548114 2.08104205 0.312533587
v 0.822319806 2.04370809 0.192694694
v -0.858370125 2.06072092 0.0686925575
v -0.914877295 2.0756731 0.201682106
v -0.920488596 2.08229208 0.0764682814
v -0.914877295 2.0756731 0.201682106
v -0.811548114 2.08104205 0.312533587
v -0.894984007 2.11043191 0.309665591
v -0.859667122 2.15559006 0.296709508
v -0.795424581 2.09990907 0.187891707
v -0.885634601 2.15411496 0.187977403
v -0.811548114 2.08104205 0.312533587
v -0.859667122 2.15559006 0.296709508
v -0.894984007 2.11043191 0.309665591
v -0.850568116 2.10195589 0.0698759481
v -0.920488596 2.08229208 0.0764682814
v -0.910073876 2.13171196 0.0746855065
v -0.885634601 2.15411496 0.187977403
v -0.850568116 2.10195589 0.0698759481
v -0.910073876 2.13171196 0.0746855065
v 0.527909815 1.79604399 0.0449559018
v 0.440101892 1.58285499 0.180168793
v 0.531651676 1.60128808 -0.00147014798
v 0.3918235 1.80116296 -0.273549289
v 0.175633296 1.60438895 -0.346675307
v 0.138813704 1.80397701 -0.335221797
v 0.3918235 1.80116296 -0.273549289
v 0.531651676 1.60128808 -0.00147014798
v 0.406590998 1.610057 -0.296923906
v -0.527909815 1.79604399 0.0449559018
v -0.440101892 1.58285499 0.180168793
v -0.426746994 1.79066396 0.239016101
v -0.426746994 1.79066396 0.239016101
v -0.239271507 1.57045794 0.279671699
v -0.195429295 1.78933907 0.316220403
v -0.175633296 1.60438895 -0.346675307
v -0.3918235 1.80116296 -0.273549289
v -0.138813704 1.80397701 -0.335221797
v -0.3918235 1.80116296 -0.273549289
v -0.531651676 1.60128808 -0.00147014798
v -0.527909815 1.79604399 0.0449559018
v -0.195429295 1.78933907 0.316220403
v 0 1.57571602 0.325920492
v 0 1.79139698 0.334315896
v 0 1.79139698 0.334315896
v -0.177996293 2.00998306 0.326210588
v -0.195429295 1.78933907 0.316220403
v 0.0802509114 2.01265192 -0.342734486
v 0 1.807639 -0.373848498
v 0 2.01126909 -0.356042713
v 0 1.807639 -0.373848498
v -0.0802509114 2.01265192 -0.342734486
v 0 2.01126909 -0.356042713
v 0 1.60877001 -0.392893404
v -0.138813704 1.80397701 -0.335221797
v 0 1.807639 -0.373848498
v 0.138813704 1.80397701 -0.335221797
v 0 1.60877001 -0.392893404
v 0 1.807639 -0.373848498
v 0.332498103 2.23566008 -0.245897695
v 0.0802509114 2.01265192 -0.342734486
v 0 2.21396589 -0.3147026
v -0.0802509114 2.01265192 -0.342734486
v -0.332498103 2.23566008 -0.245897695
v 0 2.21396589 -0.3147026
v 0.332498103 2.23566008 -0.245897695
v 0 2.41679406 -0.249669299
v 0.298142791 2.43458891 -0.197801694
v 0 2.41679406 -0.249669299
v -0.332498103 2.23566008 -0.245897695
v -0.298142791 2.43458891 -0.197801694
v -0.0802509114 2.01265192 -0.342734486
v 0 2.21396589 -0.3147026
v 0 2.01126909 -0.356042713
v 0 2.01126909 -0.356042713
v 0 2.21396589 -0.3147026
v 0.0802509114 2.01265192 -0.342734486
v 0.426746994 1.79066396 0.239016101
v 0.239271507 1.57045794 0.279671699
v 0.440101892 1.58285499 0.180168793
v 0 1.57571602 0.325920492
v 0.195429295 1.78933907 0.316220403
v 0 1.79139698 0.334315896
v 0 1.79139698 0.334315896
v 0.177996293 2.00998306 0.326210588
v 0 2.00998306 0.336147308
v -0.33468309 3.12535095 0.343248606
v -0.449835807 3.27132702 0.204784498
v -0.409968913 3.12012792 0.136593893
v -0.485254496 3.11490488 -0.0700606704
v -0.372429401 2.80115509 0.0843110606
v -0.409968913 3.12012792 0.136593893
v 0.33468309 3.12535095 0.343248606
v 0.409968913 3.12012792 0.136593893
v 0.449835807 3.27132702 0.204784498
v 0.485254496 3.11490488 -0.0700606704
v 0.409968913 3.12012792 0.136593893
v 0.372429401 2.80115509 0.0843110606
v 0 2.57982993 -0.187929004
v 0.297219098 2.56486511 -0.116957702
v 0.298142791 2.43458891 -0.197801694
v 0.374143809 2.63958192 0.111712202
v 0.258966804 2.69744897 0.303383201
v 0.271452606 2.43183899 0.275659502
v 0.258966804 2.69744897 0.303383201
v 0 2.71621895 0.39357391
v 0 2.41679406 0.370190501
v 0.302884698 3.37214088 -0.309663504
v 0.366254002 3.15111899 -0.304034591
v 0 3.10228801 -0.351548612
v 0 3.10228801 -0.351548612
v 0.366254002 3.15111899 -0.304034591
v 0.269150704 2.74370003 -0.127492905
v 0.372429401 2.80115509 0.0843110606
v 0.292501897 2.89852905 0.32125181
v 0.258966804 2.69744897 0.303383201
v 0.292501897 2.89852905 0.32125181
v 0 3.03599596 0.396003991
v 0 2.71621895 0.39357391
v 0 3.63789797 -0.275802106
v 0 3.71083999 -0.234772593
v 0.144294307 3.7036171 -0.195024997
v 0.335022599 3.62632203 -0.0732139871
v 0.534411013 3.584517 -0.0726369619
v 0.480114102 3.54052901 -0.207427993
v 0 3.51575398 0.196330294
v 0.234042704 3.55023193 0.0880847499
v 0.108257301 3.61050296 0.0328564607
v 0.496344388 2.04912996 0.0801457688
v 0.385502011 2.03957009 0.290348798
v 0.426746994 1.79066396 0.239016101
v 0.297219098 2.56486511 -0.116957702
v 0.374143809 2.63958192 0.111712202
v 0.383445412 2.48992205 0.100680597
v 0.269150704 2.74370003 -0.127492905
v 0.372429401 2.80115509 0.0843110606
v 0.374143809 2.63958192 0.111712202
v 0.485254496 3.11490488 -0.0700606704
v 0.372429401 2.80115509 0.0843110606
v 0.269150704 2.74370003 -0.127492905
v 0.409968913 3.12012792 0.136593893
v 0.485254496 3.11490488 -0.0700606704
v 0.402770609 3.18754506 -0.0743724704
v 0.195429295 1.78933907 0.316220403
v 0.426746994 1.79066396 0.239016101
v 0.385502011 2.03957009 0.290348798
v 0.332498103 2.23566008 -0.245897695
v 0.438794404 2.26853895 0.0864686295
v 0.496344388 2.04912996 0.0801457688
v 0.269150704 2.74370003 -0.127492905
v 0.297219098 2.56486511 -0.116957702
v 0 2.57982993 -0.187929004
v 0.33468309 3.12535095 0.343248606
v 0 3.17193198 0.431917787
v 0 3.03599596 0.396003991
v 0.409968913 3.12012792 0.136593893
v 0.33468309 3.12535095 0.343248606
v 0.292501897 2.89852905 0.32125181
v 0.275110811 3.35940599 0.246181101
v 0 3.34181213 0.329737186
v 0 3.17193198 0.431917787
v 0 3.71083999 -0.234772593
v 0 3.77317595 -0.157399505
v 0.104744598 3.76338601 -0.1307275
v 0.231940299 3.61113095 -0.233684003
v 0.144294307 3.7036171 -0.195024997
v 0.184209093 3.64637208 -0.0623708889
v 0.234042704 3.55023193 0.0880847499
v 0.335022599 3.62632203 -0.0732139871
v 0.184209093 3.64637208 -0.0623708889
v 0.43511641 3.584517 -0.0726369619
v 0.550819278 3.51484108 -0.0640781522
v 0.513534725 3.47667599 -0.181932807
v 0.674451113 3.14556408 -0.0724097416
v 0.696973324 3.06269312 -0.115705296
v 0.614640296 3.07717204 -0.243082494
v 0.366254002 3.15111899 -0.304034591
v 0.44585979 3.29556704 -0.275781691
v 0.402770609 3.18754506 -0.0743724704
v 0.275110811 3.35940599 0.246181101
v 0.33468309 3.12535095 0.343248606
v 0.449835807 3.27132702 0.204784498
v 0.302884698 3.37214088 -0.309663504
v 0.231940299 3.61113095 -0.233684003
v 0.480114102 3.54052901 -0.207427993
v 0.335022599 3.62632203 -0.0732139871
v 0.234042704 3.55023193 0.0880847499
v 0.500177026 3.524863 0.0978463218
v 0.231940299 3.61113095 -0.233684003
v 0.302884698 3.37214088 -0.309663504
v 0 3.40822601 -0.360854805
v 0 3.51575398 0.196330294
v 0 3.34181213 0.329737186
v 0.275110811 3.35940599 0.246181101
v 0.44585979 3.29556704 -0.275781691
v 0.404163986 3.3841579 -0.272997409
v 0.530568779 3.37271404 -0.229259297
v 0.449835807 3.27132702 0.204784498
v 0.580754697 3.22135401 0.0911616012
v 0.53597343 3.3474009 0.117243201
v 0.275110811 3.35940599 0.246181101
v 0.497078389 3.38896394 0.185325906
v 0.500177026 3.524863 0.0978463218
v 0.302884698 3.37214088 -0.309663504
v 0.4399198 3.3841579 -0.272997409
v 0.44585979 3.29556704 -0.275781691
v 0.638641715 3.32494807 -0.0682439208
v 0.53597343 3.3474009 0.117243201
v 0.580754697 3.22135401 0.0911616012
v 0.638641715 3.32494807 -0.0682439208
v 0.674451113 3.14556408 -0.0724097416
v 0.584822893 3.25443292 -0.223813206
v 0.518061101 3.45500302 0.0915222093
v 0.53597343 3.3474009 0.117243201
v 0.638641715 3.32494807 -0.0682439208
v 0.550819278 3.51484108 -0.0640781522
v 0.638641715 3.32494807 -0.0682439208
v 0.530568779 3.37271404 -0.229259297
v 0.674451113 3.14556408 -0.0724097416
v 0.580754697 3.22135401 0.0911616012
v 0.629998922 3.04734802 0.1055369
v 0.397783786 3.38896394 0.185325906
v 0.53597343 3.3474009 0.117243201
v 0.518061101 3.45500302 0.0915222093
v 0.404163986 3.3841579 -0.272997409
v 0.38081941 3.54052901 -0.207427993
v 0.513534725 3.47667599 -0.181932807
v 0.400882304 3.524863 0.0978463218
v 0.518061101 3.45500302 0.0915222093
v 0.550819278 3.51484108 -0.0640781522
v 0.614640296 3.07717204 -0.243082494
v 0.696973324 3.06269312 -0.115705296
v 0.709060788 2.98213387 -0.102315702
v 0.629998922 3.04734802 0.1055369
v 0.679153085 2.84741998 0.0595618412
v 0.709060788 2.98213387 -0.102315702
v 0.580754697 3.22135401 0.0911616012
v 0.449835807 3.27132702 0.204784498
v 0.507270873 2.98390603 0.130721197
v 0.44585979 3.29556704 -0.275781691
v 0.584822893 3.25443292 -0.223813206
v 0.614640296 3.07717204 -0.243082494
v 0.402770609 3.18754506 -0.0743724704
v 0.449195713 2.97471499 -0.0206686202
v 0.507270873 2.98390603 0.130721197
v 0.402770609 3.18754506 -0.0743724704
v 0.44585979 3.29556704 -0.275781691
v 0.473386198 2.98659301 -0.233612701
v 0.692893922 2.85003185 -0.172489107
v 0.709060788 2.98213387 -0.102315702
v 0.800441623 2.84317112 -0.0771593377
v 0.679153085 2.84741998 0.0595618412
v 0.78127408 2.77341199 0.07038486
v 0.800441623 2.84317112 -0.0771593377
v 0.507270873 2.98390603 0.130721197
v 0.629636288 2.75375891 0.0764647722
v 0.679153085 2.84741998 0.0595618412
v 0.473386198 2.98659301 -0.233612701
v 0.614640296 3.07717204 -0.243082494
v 0.692893922 2.85003185 -0.172489107
v 0.507270873 2.98390603 0.130721197
v 0.449195713 2.97471499 -0.0206686202
v 0.522287905 2.84600115 -0.0251430795
v 0.473386198 2.98659301 -0.233612701
v 0.65831238 2.82400799 -0.169995293
v 0.522287905 2.84600115 -0.0251430795
v 0.794914603 2.7534771 -0.174025506
v 0.800441623 2.84317112 -0.0771593377
v 0.930518806 2.39941311 0.109464198
v 0.78127408 2.77341199 0.07038486
v 0.879192472 2.428442 0.177383795
v 0.930518806 2.39941311 0.109464198
v 0.629636288 2.75375891 0.0764647722
v 0.677835226 2.64724708 0.111995898
v 0.78127408 2.77341199 0.07038486
v 0.692893922 2.85003185 -0.172489107
v 0.794914603 2.7534771 -0.174025506
v 0.653431416 2.71548796 -0.136481598
v 0.629636288 2.75375891 0.0764647722
v 0.522287905 2.84600115 -0.0251430795
v 0.546287119 2.70750713 0.0159939509
v 0.522287905 2.84600115 -0.0251430795
v 0.65831238 2.82400799 -0.169995293
v 0.653431416 2.71548796 -0.136481598
v 0.930518806 2.39941311 0.109464198
v 0.944556415 2.35021806 0.140891895
v 0.923112571 2.32706404 0.05481112
v 0.879192472 2.428442 0.177383795
v 0.923669279 2.35992813 0.214943901
v 0.944556415 2.35021806 0.140891895
v 0.677835226 2.64724708 0.111995898
v 0.805669129 2.41786003 0.196877703
v 0.879192472 2.428442 0.177383795
v 0.794914603 2.7534771 -0.174025506
v 0.909075081 2.36009002 0.039982371
v 0.818179905 2.36617303 0.0378953815
v 0.677835226 2.64724708 0.111995898
v 0.546287119 2.70750713 0.0159939509
v 0.791723013 2.40220904 0.123296298
v 0.653431416 2.71548796 -0.136481598
v 0.818179905 2.36617303 0.0378953815
v 0.791723013 2.40220904 0.123296298
v 0.923669279 2.35992813 0.214943901
v 0.932667613 2.1666851 0.298473686
v 0.964284301 2.14845705 0.195002899
v 0.90866071 2.200634 0.303739905
v 0.924929917 2.16631794 0.305527598
v 0.932667613 2.1666851 0.298473686
v 0.932667613 2.1666851 0.298473686
v 0.923669279 2.35992813 0.214943901
v 0.90866071 2.200634 0.303739905
v 0.879192472 2.428442 0.177383795
v 0.805669129 2.41786003 0.196877703
v 0.819706619 2.35602307 0.230041996
v 0.909075081 2.36009002 0.039982371
v 0.923112571 2.32706404 0.05481112
v 0.832217276 2.33338308 0.0536119901
v 0.805669129 2.41786003 0.196877703
v 0.791723013 2.40220904 0.123296298
v 0.805760622 2.35131001 0.152932793
v 0.791723013 2.40220904 0.123296298
v 0.818179905 2.36617303 0.0378953815
v 0.832217276 2.33338308 0.0536119901
v 0.923112571 2.32706404 0.05481112
v 0.944556415 2.35021806 0.140891895
v 0.964284301 2.14845705 0.195002899
v 0.822319806 2.04370809 0.192694694
v 0.72502768 2.14083195 0.177642703
v 0.801562309 2.12000108 0.0594981313
v 0.795424581 2.09990907 0.187891707
v 0.850568116 2.10195589 0.0698759481
v 0.827913225 2.13582301 0.0733450577
v 0.788042903 2.11682701 0.306121707
v 0.751909196 2.1461091 0.323260307
v 0.733340025 2.12592411 0.314198911
v 0.850568116 2.10195589 0.0698759481
v 0.858370125 2.06072092 0.0686925575
v 0.801562309 2.12000108 0.0594981313
v 0.744171977 2.17441893 0.194318697
v 0.72502768 2.14083195 0.177642703
v 0.733340025 2.12592411 0.314198911
v 0.827913225 2.13582301 0.0733450577
v 0.801562309 2.12000108 0.0594981313
v 0.72502768 2.14083195 0.177642703
v 0.819317102 2.31234312 0.271696806
v 0.819706619 2.35602307 0.230041996
v 0.85444051 2.19080806 0.292988986
v 0.819706619 2.35602307 0.230041996
v 0.870485783 2.14694595 0.294132113
v 0.85444051 2.19080806 0.292988986
v 0.923112571 2.32706404 0.05481112
v 0.950973928 2.12708592 0.0756273791
v 0.894641817 2.13389111 0.0747664496
v 0.869212091 2.14568496 0.303982586
v 0.924929917 2.16631794 0.305527598
v 0.90866071 2.200634 0.303739905
v 0.788042903 2.11682701 0.306121707
v 0.795424581 2.09990907 0.187891707
v 0.744171977 2.17441893 0.194318697
v 0.85444051 2.19080806 0.292988986
v 0.739813328 2.18592596 0.310268015
v 0.717117012 2.21662402 0.32929191
v 0.811548114 2.08104205 0.312533587
v 0.733340025 2.12592411 0.314198911
v 0.72502768 2.14083195 0.177642703
v 0.819706619 2.35602307 0.230041996
v 0.805760622 2.35131001 0.152932793
v 0.871217489 2.14452696 0.187761098
v 0.819706619 2.35602307 0.230041996
v 0.819317102 2.31234312 0.271696806
v 0.907062173 2.32114601 0.286546886
v 0.717117012 2.21662402 0.32929191
v 0.739813328 2.18592596 0.310268015
v 0.756589711 2.19385409 0.329938501
v 0.90866071 2.200634 0.303739905
v 0.907062173 2.32114601 0.286546886
v 0.732434392 2.222368 0.342502713
v 0.85444051 2.19080806 0.292988986
v 0.90866071 2.200634 0.303739905
v 0.756589711 2.19385409 0.329938501
v 0.819317102 2.31234312 0.271696806
v 0.717117012 2.21662402 0.32929191
v 0.732434392 2.222368 0.342502713
v 0.108257301 3.61050296 0.0328564607
v 0.0806382224 3.70990396 0.00682616187
v 0 3.689996 0.0449439809
v 0.144294307 3.7036171 -0.195024997
v 0.104744598 3.76338601 -0.1307275
v 0.130767494 3.73536015 -0.0521130487
v 0.184209093 3.64637208 -0.0623708889
v 0.130767494 3.73536015 -0.0521130487
v 0.0806382224 3.70990396 0.00682616187
v 0.0806382224 3.70990396 0.00682616187
v 0.071449101 3.7779789 0.0288883392
v 0 3.76204705 0.0677973032
v 0.104744598 3.76338601 -0.1307275
v 0.0851623416 3.82077694 -0.111520097
v 0.0999657512 3.7983489 -0.0312740803
v 0.0806382224 3.70990396 0.00682616187
v 0.130767494 3.73536015 -0.0521130487
v 0.0999657512 3.7983489 -0.0312740803
v 0 3.77317595 -0.157399505
v 0 3.8286109 -0.138745695
v 0.0851623416 3.82077694 -0.111520097
v 0.071449101 3.7779789 0.0288883392
v 0.00399392797 3.84786701 -0.00989055634
v 0 3.84697604 -0.00771552278
v 0.0999657512 3.7983489 -0.0312740803
v 0.0851623416 3.82077694 -0.111520097
v 0.00476044416 3.85025907 -0.0177392904
v 0.071449101 3.7779789 0.0288883392
v 0.0999657512 3.7983489 -0.0312740803
v 0.00558799505 3.84900498 -0.0132535603
v 0 3.8286109 -0.138745695
v 0 3.85069704 -0.0192611795
v 0.00476044416 3.85025907 -0.0177392904
v 0.36897859 2.03860903 -0.250262797
v 0.3918235 1.80116296 -0.273549289
v 0.138813704 1.80397701 -0.335221797
v 0.438794404 2.26853895 0.0864686295
v 0.327256113 2.23498797 0.265922308
v 0.385502011 2.03957009 0.290348798
v 0.36897859 2.03860903 -0.250262797
v 0.496344388 2.04912996 0.0801457688
v 0.527909815 1.79604399 0.0449559018
v -0.327256113 2.23498797 0.265922308
v -0.385502011 2.03957009 0.290348798
v -0.177996293 2.00998306 0.326210588
v 0 2.57982993 -0.187929004
v 0 2.41679406 -0.249669299
v -0.298142791 2.43458891 -0.197801694
v -0.374143809 2.63958192 0.111712202
v -0.383445412 2.48992205 0.100680597
v -0.271452606 2.43183899 0.275659502
v -0.258966804 2.69744897 0.303383201
v -0.271452606 2.43183899 0.275659502
v 0 2.41679406 0.370190501
v -0.302884698 3.37214088 -0.309663504
v 0 3.40822601 -0.360854805
v 0 3.10228801 -0.351548612
v 0 3.10228801 -0.351548612
v 0 2.73485994 -0.210799694
v -0.269150704 2.74370003 -0.127492905
v -0.372429401 2.80115509 0.0843110606
v -0.374143809 2.63958192 0.111712202
v -0.258966804 2.69744897 0.303383201
v -0.292501897 2.89852905 0.32125181
v -0.258966804 2.69744897 0.303383201
v 0 2.71621895 0.39357391
v -0.144294307 3.7036171 -0.195024997
v 0 3.71083999 -0.234772593
v 0 3.63789797 -0.275802106
v -0.480114102 3.54052901 -0.207427993
v -0.534411013 3.584517 -0.0726369619
v -0.335022599 3.62632203 -0.0732139871
v 0 3.51575398 0.196330294
v 0 3.60218596 0.0798036978
v -0.108257301 3.61050296 0.0328564607
v 0.271452606 2.43183899 0.275659502
v 0 2.41679406 0.370190501
v 0 2.21396589 0.311112493
v -0.496344388 2.04912996 0.0801457688
v -0.527909815 1.79604399 0.0449559018
v -0.426746994 1.79066396 0.239016101
v -0.297219098 2.56486511 -0.116957702
v -0.298142791 2.43458891 -0.197801694
v -0.383445412 2.48992205 0.100680597
v -0.269150704 2.74370003 -0.127492905
v -0.297219098 2.56486511 -0.116957702
v -0.374143809 2.63958192 0.111712202
v -0.269150704 2.74370003 -0.127492905
v -0.372429401 2.80115509 0.0843110606
v -0.485254496 3.11490488 -0.0700606704
v -0.402770609 3.18754506 -0.0743724704
v -0.485254496 3.11490488 -0.0700606704
v -0.409968913 3.12012792 0.136593893
v -0.271452606 2.43183899 0.275659502
v -0.327256113 2.23498797 0.265922308
v 0 2.21396589 0.311112493
v -0.385502011 2.03957009 0.290348798
v -0.426746994 1.79066396 0.239016101
v -0.195429295 1.78933907 0.316220403
v -0.332498103 2.23566008 -0.245897695
v -0.36897859 2.03860903 -0.250262797
v -0.496344388 2.04912996 0.0801457688
v 0 2.57982993 -0.187929004
v -0.297219098 2.56486511 -0.116957702
v -0.269150704 2.74370003 -0.127492905
v -0.33468309 3.12535095 0.343248606
v -0.292501897 2.89852905 0.32125181
v 0 3.03599596 0.396003991
v -0.292501897 2.89852905 0.32125181
v -0.33468309 3.12535095 0.343248606
v -0.409968913 3.12012792 0.136593893
v -0.275110811 3.35940599 0.246181101
v -0.33468309 3.12535095 0.343248606
v 0 3.17193198 0.431917787
v -0.104744598 3.76338601 -0.1307275
v 0 3.77317595 -0.157399505
v 0 3.71083999 -0.234772593
v -0.184209093 3.64637208 -0.0623708889
v -0.144294307 3.7036171 -0.195024997
v -0.231940299 3.61113095 -0.233684003
v -0.234042704 3.55023193 0.0880847499
v -0.108257301 3.61050296 0.0328564607
v -0.184209093 3.64637208 -0.0623708889
v -0.513534725 3.47667599 -0.181932807
v -0.550819278 3.51484108 -0.0640781522
v -0.43511641 3.584517 -0.0726369619
v -0.614640296 3.07717204 -0.243082494
v -0.696973324 3.06269312 -0.115705296
v -0.674451113 3.14556408 -0.0724097416
v -0.402770609 3.18754506 -0.0743724704
v -0.44585979 3.29556704 -0.275781691
v -0.366254002 3.15111899 -0.304034591
v -0.275110811 3.35940599 0.246181101
v -0.497078389 3.38896394 0.185325906
v -0.449835807 3.27132702 0.204784498
v -0.302884698 3.37214088 -0.309663504
v -0.4399198 3.3841579 -0.272997409
v -0.480114102 3.54052901 -0.207427993
v -0.335022599 3.62632203 -0.0732139871
v -0.534411013 3.584517 -0.0726369619
v -0.500177026 3.524863 0.0978463218
v -0.231940299 3.61113095 -0.233684003
v 0 3.63789797 -0.275802106
v 0 3.40822601 -0.360854805
v -0.275110811 3.35940599 0.246181101
v 0 3.34181213 0.329737186
v 0 3.51575398 0.196330294
v -0.44585979 3.29556704 -0.275781691
v -0.584822893 3.25443292 -0.223813206
v -0.530568779 3.37271404 -0.229259297
v -0.53597343 3.3474009 0.117243201
v -0.580754697 3.22135401 0.0911616012
v -0.449835807 3.27132702 0.204784498
v -0.500177026 3.524863 0.0978463218
v -0.497078389 3.38896394 0.185325906
v -0.275110811 3.35940599 0.246181101
v -0.44585979 3.29556704 -0.275781691
v -0.4399198 3.3841579 -0.272997409
v -0.302884698 3.37214088 -0.309663504
v -0.638641715 3.32494807 -0.0682439208
v -0.674451113 3.14556408 -0.0724097416
v -0.580754697 3.22135401 0.0911616012
v -0.584822893 3.25443292 -0.223813206
v -0.674451113 3.14556408 -0.0724097416
v -0.638641715 3.32494807 -0.0682439208
v -0.638641715 3.32494807 -0.0682439208
v -0.53597343 3.3474009 0.117243201
v -0.518061101 3.45500302 0.0915222093
v -0.530568779 3.37271404 -0.229259297
v -0.638641715 3.32494807 -0.0682439208
v -0.550819278 3.51484108 -0.0640781522
v -0.674451113 3.14556408 -0.0724097416
v -0.696973324 3.06269312 -0.115705296
v -0.629998922 3.04734802 0.1055369
v -0.518061101 3.45500302 0.0915222093
v -0.53597343 3.3474009 0.117243201
v -0.397783786 3.38896394 0.185325906
v -0.404163986 3.3841579 -0.272997409
v -0.530568779 3.37271404 -0.229259297
v -0.513534725 3.47667599 -0.181932807
v -0.550819278 3.51484108 -0.0640781522
v -0.518061101 3.45500302 0.0915222093
v -0.400882304 3.524863 0.0978463218
v -0.614640296 3.07717204 -0.243082494
v -0.692893922 2.85003185 -0.172489107
v -0.709060788 2.98213387 -0.102315702
v -0.709060788 2.98213387 -0.102315702
v -0.679153085 2.84741998 0.0595618412
v -0.629998922 3.04734802 0.1055369
v -0.580754697 3.22135401 0.0911616012
v -0.629998922 3.04734802 0.1055369
v -0.507270873 2.98390603 0.130721197
v -0.44585979 3.29556704 -0.275781691
v -0.473386198 2.98659301 -0.233612701
v -0.614640296 3.07717204 -0.243082494
v -0.507270873 2.98390603 0.130721197
v -0.449195713 2.97471499 -0.0206686202
v -0.402770609 3.18754506 -0.0743724704
v -0.402770609 3.18754506 -0.0743724704
v -0.449195713 2.97471499 -0.0206686202
v -0.473386198 2.98659301 -0.233612701
v -0.692893922 2.85003185 -0.172489107
v -0.794914603 2.7534771 -0.174025506
v -0.800441623 2.84317112 -0.0771593377
v -0.800441623 2.84317112 -0.0771593377
v -0.78127408 2.77341199 0.07038486
v -0.679153085 2.84741998 0.0595618412
v -0.679153085 2.84741998 0.0595618412
v -0.629636288 2.75375891 0.0764647722
v -0.507270873 2.98390603 0.130721197
v -0.473386198 2.98659301 -0.233612701
v -0.65831238 2.82400799 -0.169995293
v -0.692893922 2.85003185 -0.172489107
v -0.507270873 2.98390603 0.130721197
v -0.629636288 2.75375891 0.0764647722
v -0.522287905 2.84600115 -0.0251430795
v -0.522287905 2.84600115 -0.0251430795
v -0.65831238 2.82400799 -0.169995293
v -0.473386198 2.98659301 -0.233612701
v -0.794914603 2.7534771 -0.174025506
v -0.909075081 2.36009002 0.039982371
v -0.930518806 2.39941311 0.109464198
v -0.930518806 2.39941311 0.109464198
v -0.879192472 2.428442 0.177383795
v -0.78127408 2.77341199 0.07038486
v -0.78127408 2.77341199 0.07038486
v -0.677835226 2.64724708 0.111995898
v -0.629636288 2.75375891 0.0764647722
v -0.653431416 2.71548796 -0.136481598
v -0.794914603 2.7534771 -0.174025506
v -0.692893922 2.85003185 -0.172489107
v -0.629636288 2.75375891 0.0764647722
v -0.677835226 2.64724708 0.111995898
v -0.546287119 2.70750713 0.0159939509
v -0.522287905 2.84600115 -0.0251430795
v -0.546287119 2.70750713 0.0159939509
v -0.653431416 2.71548796 -0.136481598
v -0.923112571 2.32706404 0.05481112
v -0.944556415 2.35021806 0.140891895
v -0.930518806 2.39941311 0.109464198
v -0.944556415 2.35021806 0.140891895
v -0.923669279 2.35992813 0.214943901
v -0.879192472 2.428442 0.177383795
v -0.879192472 2.428442 0.177383795
v -0.805669129 2.41786003 0.196877703
v -0.677835226 2.64724708 0.111995898
v -0.818179905 2.36617303 0.0378953815
v -0.909075081 2.36009002 0.039982371
v -0.794914603 2.7534771 -0.174025506
v -0.677835226 2.64724708 0.111995898
v -0.805669129 2.41786003 0.196877703
v -0.791723013 2.40220904 0.123296298
v -0.791723013 2.40220904 0.123296298
v -0.818179905 2.36617303 0.0378953815
v -0.653431416 2.71548796 -0.136481598
v -0.801562309 2.12000108 0.0594981313
v -0.72502768 2.14083195 0.177642703
v -0.822319806 2.04370809 0.192694694
v -0.923669279 2.35992813 0.214943901
v -0.932667613 2.1666851 0.298473686
v -0.90866071 2.200634 0.303739905
v -0.932667613 2.1666851 0.298473686
v -0.924929917 2.16631794 0.305527598
v -0.90866071 2.200634 0.303739905
v -0.879192472 2.428442 0.177383795
v -0.923669279 2.35992813 0.214943901
v -0.819706619 2.35602307 0.230041996
v -0.832217276 2.33338308 0.0536119901
v -0.923112571 2.32706404 0.05481112
v -0.909075081 2.36009002 0.039982371
v -0.805669129 2.41786003 0.196877703
v -0.819706619 2.35602307 0.230041996
v -0.805760622 2.35131001 0.152932793
v -0.791723013 2.40220904 0.123296298
v -0.805760622 2.35131001 0.152932793
v -0.832217276 2.33338308 0.0536119901
v -0.72502768 2.14083195 0.177642703
v -0.733340025 2.12592411 0.314198911
v -0.811548114 2.08104205 0.312533587
v -0.964284301 2.14845705 0.195002899
v -0.932667613 2.1666851 0.298473686
v -0.923669279 2.35992813 0.214943901
v -0.788042903 2.11682701 0.306121707
v -0.751909196 2.1461091 0.323260307
v -0.744171977 2.17441893 0.194318697
v -0.871217489 2.14452696 0.187761098
v -0.894641817 2.13389111 0.0747664496
v -0.832217276 2.33338308 0.0536119901
v -0.733340025 2.12592411 0.314198911
v -0.751909196 2.1461091 0.323260307
v -0.788042903 2.11682701 0.306121707
v -0.850568116 2.10195589 0.0698759481
v -0.827913225 2.13582301 0.0733450577
v -0.801562309 2.12000108 0.0594981313
v -0.733340025 2.12592411 0.314198911
v -0.72502768 2.14083195 0.177642703
v -0.744171977 2.17441893 0.194318697
v -0.72502768 2.14083195 0.177642703
v -0.801562309 2.12000108 0.0594981313
v -0.827913225 2.13582301 0.0733450577
v -0.870485783 2.14694595 0.294132113
v -0.819706619 2.35602307 0.230041996
v -0.85444051 2.19080806 0.292988986
v -0.819706619 2.35602307 0.230041996
v -0.819317102 2.31234312 0.271696806
v -0.85444051 2.19080806 0.292988986
v -0.819706619 2.35602307 0.230041996
v -0.870485783 2.14694595 0.294132113
v -0.871217489 2.14452696 0.187761098
v -0.869212091 2.14568496 0.303982586
v -0.85444051 2.19080806 0.292988986
v -0.90866071 2.200634 0.303739905
v -0.894641817 2.13389111 0.0747664496
v -0.950973928 2.12708592 0.0756273791
v -0.923112571 2.32706404 0.05481112
v -0.717117012 2.21662402 0.32929191
v -0.739813328 2.18592596 0.310268015
v -0.85444051 2.19080806 0.292988986
v 0.914877295 2.0756731 0.201682106
v 0.822319806 2.04370809 0.192694694
v 0.858370125 2.06072092 0.0686925575
v -0.923112571 2.32706404 0.05481112
v -0.950973928 2.12708592 0.0756273791
v -0.964284301 2.14845705 0.195002899
v -0.907062173 2.32114601 0.286546886
v -0.819317102 2.31234312 0.271696806
v -0.819706619 2.35602307 0.230041996
v -0.756589711 2.19385409 0.329938501
v -0.739813328 2.18592596 0.310268015
v -0.717117012 2.21662402 0.32929191
v -0.90866071 2.200634 0.303739905
v -0.756589711 2.19385409 0.329938501
v -0.732434392 2.222368 0.342502713
v -0.85444051 2.19080806 0.292988986
v -0.739813328 2.18592596 0.310268015
v -0.756589711 2.19385409 0.329938501
v -0.732434392 2.222368 0.342502713
v -0.717117012 2.21662402 0.32929191
v -0.819317102 2.31234312 0.271696806
v 0 3.689996 0.0449439809
v -0.0806382224 3.70990396 0.00682616187
v -0.108257301 3.61050296 0.0328564607
v -0.130767494 3.73536015 -0.0521130487
v -0.104744598 3.76338601 -0.1307275
v -0.144294307 3.7036171 -0.195024997
v -0.0806382224 3.70990396 0.00682616187
v -0.130767494 3.73536015 -0.0521130487
v -0.184209093 3.64637208 -0.0623708889
v 0 3.76204705 0.0677973032
v -0.071449101 3.7779789 0.0288883392
v -0.0806382224 3.70990396 0.00682616187
v -0.0999657512 3.7983489 -0.0312740803
v -0.0851623416 3.82077694 -0.111520097
v -0.104744598 3.76338601 -0.1307275
v -0.0806382224 3.70990396 0.00682616187
v -0.071449101 3.7779789 0.0288883392
v -0.0999657512 3.7983489 -0.0312740803
v -0.0851623416 3.82077694 -0.111520097
v 0 3.8286109 -0.138745695
v 0 3.77317595 -0.157399505
v 0 3.84697604 -0.00771552278
v -0.00399392797 3.84786701 -0.00989055634
v -0.071449101 3.7779789 0.0288883392
v -0.0999657512 3.7983489 -0.0312740803
v -0.00558799505 3.84900498 -0.0132535603
v -0.00476044416 3.85025907 -0.0177392904
v -0.071449101 3.7779789 0.0288883392
v -0.00399392797 3.84786701 -0.00989055634
v -0.00558799505 3.84900498 -0.0132535603
v -0.00476044416 3.85025907 -0.0177392904
v 0 3.85069704 -0.0192611795
v 0 3.8286109 -0.138745695
v -0.138813704 1.80397701 -0.335221797
v -0.3918235 1.80116296 -0.273549289
v -0.36897859 2.03860903 -0.250262797
v -0.438794404 2.26853895 0.0864686295
v -0.496344388 2.04912996 0.0801457688
v -0.385502011 2.03957009 0.290348798
v -0.36897859 2.03860903 -0.250262797
v -0.3918235 1.80116296 -0.273549289
v -0.527909815 1.79604399 0.0449559018
v 0.327256113 2.23498797 0.265922308
v 0 2.21396589 0.311112493
v 0.177996293 2.00998306 0.326210588
v 0.298142791 2.43458891 -0.197801694
v 0.383445412 2.48992205 0.100680597
v 0.438794404 2.26853895 0.0864686295
v 0.271452606 2.43183899 0.275659502
v 0.327256113 2.23498797 0.265922308
v 0.438794404 2.26853895 0.0864686295
v -0.298142791 2.43458891 -0.197801694
v -0.332498103 2.23566008 -0.245897695
v -0.438794404 2.26853895 0.0864686295
v -0.438794404 2.26853895 0.0864686295
v -0.327256113 2.23498797 0.265922308
v -0.271452606 2.43183899 0.275659502
v 0.894641817 2.13389111 0.0747664496
v 0.910073876 2.13171196 0.0746855065
v 0.885634601 2.15411496 0.187977403
v 0.885634601 2.15411496 0.187977403
v 0.859667122 2.15559006 0.296709508
v 0.870485783 2.14694595 0.294132113
v 0.910073876 2.13171196 0.0746855065
v 0.894641817 2.13389111 0.0747664496
v 0.950973928 2.12708592 0.0756273791
v 0.894984007 2.11043191 0.309665591
v 0.924929917 2.16631794 0.305527598
v 0.869212091 2.14568496 0.303982586
v 0.914877295 2.0756731 0.201682106
v 0.920488596 2.08229208 0.0764682814
v 0.950973928 2.12708592 0.0756273791
v 0.932667613 2.1666851 0.298473686
v 0.894984007 2.11043191 0.309665591
v 0.914877295 2.0756731 0.201682106
v 0.832217276 2.33338308 0.0536119901
v 0.894641817 2.13389111 0.0747664496
v 0.871217489 2.14452696 0.187761098
v -0.885634601 2.15411496 0.187977403
v -0.910073876 2.13171196 0.0746855065
v -0.894641817 2.13389111 0.0747664496
v -0.870485783 2.14694595 0.294132113
v -0.859667122 2.15559006 0.296709508
v -0.885634601 2.15411496 0.187977403
v -0.950973928 2.12708592 0.0756273791
v -0.894641817 2.13389111 0.0747664496
v -0.910073876 2.13171196 0.0746855065
v -0.869212091 2.14568496 0.303982586
v -0.924929917 2.16631794 0.305527598
v -0.894984007 2.11043191 0.309665591
v -0.950973928 2.12708592 0.0756273791
v -0.920488596 2.08229208 0.0764682814
v -0.914877295 2.0756731 0.201682106
v -0.914877295 2.0756731 0.201682106
v -0.894984007 2.11043191 0.309665591
v -0.932667613 2.1666851 0.298473686
v -0.795424581 2.09990907 0.187891707
v -0.744171977 2.17441893 0.194318697
v -0.827913225 2.13582301 0.0733450577
v 0.885634601 2.15411496 0.187977403
v 0.910073876 2.13171196 0.0746855065
v 0.850568116 2.10195589 0.0698759481
v 0.859667122 2.15559006 0.296709508
v 0.788042903 2.11682701 0.306121707
v 0.811548114 2.08104205 0.312533587
v 0.920488596 2.08229208 0.0764682814
v 0.858370125 2.06072092 0.0686925575
v 0.850568116 2.10195589 0.0698759481
v 0.859667122 2.15559006 0.296709508
v 0.885634601 2.15411496 0.187977403
v 0.795424581 2.09990907 0.187891707
v 0.914877295 2.0756731 0.201682106
v 0.894984007 2.11043191 0.309665591
v 0.811548114 2.08104205 0.312533587
v -0.858370125 2.06072092 0.0686925575
v -0.822319806 2.04370809 0.192694694
v -0.914877295 2.0756731 0.201682106
v -0.914877295 2.0756731 0.201682106
v -0.822319806 2.04370809 0.192694694
v -0.811548114 2.08104205 0.312533587
v -0.859667122 2.15559006 0.296709508
v -0.788042903 2.11682701 0.306121707
v -0.795424581 2.09990907 0.187891707
v -0.811548114 2.08104205 0.312533587
v -0.788042903 2.11682701 0.306121707
v -0.859667122 2.15559006 0.296709508
v -0.850568116 2.10195589 0.0698759481
v -0.858370125 2.06072092 0.0686925575
v -0.920488596 2.08229208 0.0764682814
v -0.885634601 2.15411496 0.187977403
v -0.795424581 2.09990907 0.187891707
v -0.850568116 2.10195589 0.0698759481
v 0.527909815 1.79604399 0.0449559018
v 0.426746994 1.79066396 0.239016101
v 0.440101892 1.58285499 0.180168793
v 0.3918235 1.80116296 -0.273549289
v 0.406590998 1.610057 -0.296923906
v 0.175633296 1.60438895 -0.346675307
v 0.3918235 1.80116296 -0.273549289
v 0.527909815 1.79604399 0.0449559018
v 0.531651676 1.60128808 -0.00147014798
v -0.527909815 1.79604399 0.0449559018
v -0.531651676 1.60128808 -0.00147014798
v -0.440101892 1.58285499 0.180168793
v -0.426746994 1.79066396 0.239016101
v -0.440101892 1.58285499 0.180168793
v -0.239271507 1.57045794 0.279671699
v -0.175633296 1.60438895 -0.346675307
v -0.406590998 1.610057 -0.296923906
v -0.3918235 1.80116296 -0.273549289
v -0.3918235 1.80116296 -0.273549289
v -0.406590998 1.610057 -0.296923906
v -0.531651676 1.60128808 -0.00147014798
v -0.195429295 1.78933907 0.316220403
v -0.239271507 1.57045794 0.279671699
v 0 1.57571602 0.325920492
v 0 1.79139698 0.334315896
v 0 2.00998306 0.336147308
v -0.177996293 2.00998306 0.326210588
v 0.0802509114 2.01265192 -0.342734486
v 0.138813704 1.80397701 -0.335221797
v 0 1.807639 -0.373848498
v 0 1.807639 -0.373848498
v -0.138813704 1.80397701 -0.335221797
v -0.0802509114 2.01265192 -0.342734486
v 0 1.60877001 -0.392893404
v -0.175633296 1.60438895 -0.346675307
v -0.138813704 1.80397701 -0.335221797
v 0.138813704 1.80397701 -0.335221797
v 0.175633296 1.60438895 -0.346675307
v 0 1.60877001 -0.392893404
v 0.332498103 2.23566008 -0.245897695
v 0.36897859 2.03860903 -0.250262797
v 0.0802509114 2.01265192 -0.342734486
v -0.0802509114 2.01265192 -0.342734486
v -0.36897859 2.03860903 -0.250262797
v -0.332498103 2.23566008 -0.245897695
v 0.332498103 2.23566008 -0.245897695
v 0 2.21396589 -0.3147026
v 0 2.41679406 -0.249669299
v 0 2.41679406 -0.249669299
v 0 2.21396589 -0.3147026
v -0.332498103 2.23566008 -0.245897695
v 0.426746994 1.79066396 0.239016101
v 0.195429295 1.78933907 0.316220403
v 0.239271507 1.57045794 0.279671699
v 0 1.57571602 0.325920492
v 0.239271507 1.57045794 0.279671699
v 0.195429295 1.78933907 0.316220403
v 0 1.79139698 0.334315896
v 0.195429295 1.78933907 0.316220403
v 0.177996293 2.00998306 0.326210588
v -0.496344388 2.04912996 0.0801457688
v -0.366566509 1.79069304 0.221072897
v -0.385502011 2.03957009 0.290348798
v -0.428842694 1.59630299 -0.00473618507
v -0.342496514 1.37648201 0.0929634497
v -0.354735404 1.58705699 0.158107206
v -0.2171496 1.36473703 0.126687393
v -0.0832165405 1.58559704 0.00605064584
v -0.192214698 1.57639408 0.193921894
v -0.385502011 2.03957009 0.290348798
v -0.167191401 1.78868103 0.224447399
v -0.177996293 2.00998306 0.326210588
v -0.417589992 1.28811204 -0.0769275427
v -0.342496514 1.37648201 0.0929634497
v -0.404013604 1.40427697 -0.0502520204
v -0.247283101 1.22054303 0.0724287033
v -0.116567999 1.37546802 -0.0422584414
v -0.2171496 1.36473703 0.126687393
v -0.354735404 1.58705699 0.158107206
v -0.2171496 1.36473703 0.126687393
v -0.192214698 1.57639408 0.193921894
v -0.142386407 1.59725904 -0.223843694
v -0.320121288 1.40927505 -0.222837895
v -0.329452991 1.60394001 -0.223121196
v -0.116567999 1.37546802 -0.0422584414
v -0.142386407 1.59725904 -0.223843694
v -0.0832165405 1.58559704 0.00605064584
v -0.329452991 1.60394001 -0.223121196
v -0.404013604 1.40427697 -0.0502520204
v -0.428842694 1.59630299 -0.00473618507
v -0.417589992 1.28811204 -0.0769275427
v -0.369437814 1.116642 -0.00710791303
v -0.37858209 1.22655499 0.0577156506
v -0.276855588 1.07304597 -0.0106274402
v -0.146107405 1.25763702 -0.0698653385
v -0.247283101 1.22054303 0.0724287033
v -0.342496514 1.37648201 0.0929634497
v -0.247283101 1.22054303 0.0724287033
v -0.2171496 1.36473703 0.126687393
v -0.164941207 1.39377797 -0.219080597
v -0.313406706 1.33246696 -0.252308398
v -0.320121288 1.40927505 -0.222837895
v -0.146107405 1.25763702 -0.0698653385
v -0.164941207 1.39377797 -0.219080597
v -0.116567999 1.37546802 -0.0422584414
v -0.320121288 1.40927505 -0.222837895
v -0.417589992 1.28811204 -0.0769275427
v -0.404013604 1.40427697 -0.0502520204
v -0.496918499 0.936182976 -0.206025198
v -0.369437814 1.116642 -0.00710791303
v -0.437200695 1.17542601 -0.142262593
v -0.276855588 1.07304597 -0.0106274402
v -0.180915594 0.88507092 -0.199116707
v -0.168044105 1.12781298 -0.136245698
v -0.369437814 1.116642 -0.00710791303
v -0.247283101 1.22054303 0.0724287033
v -0.37858209 1.22655499 0.0577156506
v -0.193517894 1.210976 -0.283020705
v -0.313406706 1.33246696 -0.252308398
v -0.181751102 1.313362 -0.237510696
v -0.168044105 1.12781298 -0.136245698
v -0.181751102 1.313362 -0.237510696
v -0.146107405 1.25763702 -0.0698653385
v -0.313406706 1.33246696 -0.252308398
v -0.437200695 1.17542601 -0.142262593
v -0.417589992 1.28811204 -0.0769275427
v -0.44541499 0.252073795 -0.194307297
v -0.413518995 0.842787623 -0.0219125096
v -0.496918499 0.936182976 -0.206025198
v -0.298657596 0.824100375 -0.0340220891
v -0.273760915 0.239851102 -0.182813093
v -0.180915594 0.88507092 -0.199116707
v -0.413518995 0.842787623 -0.0219125096
v -0.276855588 1.07304597 -0.0106274402
v -0.369437814 1.116642 -0.00710791303
v -0.193517894 1.210976 -0.283020705
v -0.372368902 0.995817721 -0.403740495
v -0.331046492 1.24055696 -0.295858502
v -0.168044105 1.12781298 -0.136245698
v -0.210905105 0.964061201 -0.388955593
v -0.193517894 1.210976 -0.283020705
v -0.372368902 0.995817721 -0.403740495
v -0.437200695 1.17542601 -0.142262593
v -0.331046492 1.24055696 -0.295858502
v -0.423500597 0.264559001 -0.086266391
v -0.298657596 0.824100375 -0.0340220891
v -0.413518995 0.842787623 -0.0219125096
v -0.210905105 0.964061201 -0.388955593
v -0.379114985 0.254315287 -0.294737786
v -0.372368902 0.995817721 -0.403740495
v -0.180915594 0.88507092 -0.199116707
v -0.291117996 0.246602595 -0.282780796
v -0.210905105 0.964061201 -0.388955593
v -0.379114985 0.254315287 -0.294737786
v -0.496918499 0.936182976 -0.206025198
v -0.372368902 0.995817721 -0.403740495
v -0.120615304 1.79402804 -0.186248899
v -0.36897859 2.03860903 -0.250262797
v -0.0802509114 2.01265192 -0.342734486
v -0.36897859 2.03860903 -0.250262797
v -0.454639196 1.79567194 0.0424531102
v -0.496344388 2.04912996 0.0801457688
v -0.454639196 1.79567194 0.0424531102
v -0.354735404 1.58705699 0.158107206
v -0.366566509 1.79069304 0.221072897
v -0.366566509 1.79069304 0.221072897
v -0.192214698 1.57639408 0.193921894
v -0.167191401 1.78868103 0.224447399
v -0.142386407 1.59725904 -0.223843694
v -0.338738501 1.79670799 -0.200390205
v -0.120615304 1.79402804 -0.186248899
v -0.338738501 1.79670799 -0.200390205
v -0.428842694 1.59630299 -0.00473618507
v -0.454639196 1.79567194 0.0424531102
v -0.167191401 1.78868103 0.224447399
v -0.0832165405 1.58559704 0.00605064584
v -0.0109236799 1.79827702 0.00810176134
v -0.177996293 2.00998306 0.326210588
v 0 1.88875794 0.230385795
v 0 2.00998306 0.336147308
v -0.177996293 2.00998306 0.326210588
v -0.167191401 1.78868103 0.224447399
v 0 1.88875794 0.230385795
v -0.120615304 1.79402804 -0.186248899
v -0.0832165405 1.58559704 0.00605064584
v -0.142386407 1.59725904 -0.223843694
v 0 2.01126909 -0.356042713
v 0 1.89871097 -0.200078607
v -0.0802509114 2.01265192 -0.342734486
v -0.120615304 1.79402804 -0.186248899
v -0.0802509114 2.01265192 -0.342734486
v 0 1.89871097 -0.200078607
v 0 1.95092106 0.00674343109
v 0 1.88875794 0.230385795
v -0.167191401 1.78868103 0.224447399
v -0.0109236799 1.79827702 0.00810176134
v 0 1.95092106 0.00674343109
v -0.167191401 1.78868103 0.224447399
v -0.496344388 2.04912996 0.0801457688
v -0.454639196 1.79567194 0.0424531102
v -0.366566509 1.79069304 0.221072897
v -0.428842694 1.59630299 -0.00473618507
v -0.404013604 1.40427697 -0.0502520204
v -0.342496514 1.37648201 0.0929634497
v -0.2171496 1.36473703 0.126687393
v -0.116567999 1.37546802 -0.0422584414
v -0.0832165405 1.58559704 0.00605064584
v -0.385502011 2.03957009 0.290348798
v -0.366566509 1.79069304 0.221072897
v -0.167191401 1.78868103 0.224447399
v -0.417589992 1.28811204 -0.0769275427
v -0.37858209 1.22655499 0.0577156506
v -0.342496514 1.37648201 0.0929634497
v -0.247283101 1.22054303 0.0724287033
v -0.146107405 1.25763702 -0.0698653385
v -0.116567999 1.37546802 -0.0422584414
v -0.354735404 1.58705699 0.158107206
v -0.342496514 1.37648201 0.0929634497
v -0.2171496 1.36473703 0.126687393
v -0.142386407 1.59725904 -0.223843694
v -0.164941207 1.39377797 -0.219080597
v -0.320121288 1.40927505 -0.222837895
v -0.116567999 1.37546802 -0.0422584414
v -0.164941207 1.39377797 -0.219080597
v -0.142386407 1.59725904 -0.223843694
v -0.329452991 1.60394001 -0.223121196
v -0.320121288 1.40927505 -0.222837895
v -0.404013604 1.40427697 -0.0502520204
v -0.417589992 1.28811204 -0.0769275427
v -0.437200695 1.17542601 -0.142262593
v -0.369437814 1.116642 -0.00710791303
v -0.276855588 1.07304597 -0.0106274402
v -0.168044105 1.12781298 -0.136245698
v -0.146107405 1.25763702 -0.0698653385
v -0.342496514 1.37648201 0.0929634497
v -0.37858209 1.22655499 0.0577156506
v -0.247283101 1.22054303 0.0724287033
v -0.164941207 1.39377797 -0.219080597
v -0.181751102 1.313362 -0.237510696
v -0.313406706 1.33246696 -0.252308398
v -0.146107405 1.25763702 -0.0698653385
v -0.181751102 1.313362 -0.237510696
v -0.164941207 1.39377797 -0.219080597
v -0.320121288 1.40927505 -0.222837895
v -0.313406706 1.33246696 -0.252308398
v -0.417589992 1.28811204 -0.0769275427
v -0.496918499 0.936182976 -0.206025198
v -0.413518995 0.842787623 -0.0219125096
v -0.369437814 1.116642 -0.00710791303
v -0.276855588 1.07304597 -0.0106274402
v -0.298657596 0.824100375 -0.0340220891
v -0.180915594 0.88507092 -0.199116707
v -0.369437814 1.116642 -0.00710791303
v -0.276855588 1.07304597 -0.0106274402
v -0.247283101 1.22054303 0.0724287033
v -0.193517894 1.210976 -0.283020705
v -0.331046492 1.24055696 -0.295858502
v -0.313406706 1.33246696 -0.252308398
v -0.168044105 1.12781298 -0.136245698
v -0.193517894 1.210976 -0.283020705
v -0.181751102 1.313362 -0.237510696
v -0.313406706 1.33246696 -0.252308398
v -0.331046492 1.24055696 -0.295858502
v -0.437200695 1.17542601 -0.142262593
v -0.44541499 0.252073795 -0.194307297
v -0.423500597 0.264559001 -0.086266391
v -0.413518995 0.842787623 -0.0219125096
v -0.298657596 0.824100375 -0.0340220891
v -0.310112715 0.259306401 -0.0838200971
v -0.273760915 0.239851102 -0.182813093
v -0.413518995 0.842787623 -0.0219125096
v -0.298657596 0.824100375 -0.0340220891
v -0.276855588 1.07304597 -0.0106274402
v -0.193517894 1.210976 -0.283020705
v -0.210905105 0.964061201 -0.388955593
v -0.372368902 0.995817721 -0.403740495
v -0.168044105 1.12781298 -0.136245698
v -0.180915594 0.88507092 -0.199116707
v -0.210905105 0.964061201 -0.388955593
v -0.372368902 0.995817721 -0.403740495
v -0.496918499 0.936182976 -0.206025198
v -0.437200695 1.17542601 -0.142262593
v -0.423500597 0.264559001 -0.086266391
v -0.310112715 0.259306401 -0.0838200971
v -0.298657596 0.824100375 -0.0340220891
v -0.210905105 0.964061201 -0.388955593
v -0.291117996 0.246602595 -0.282780796
v -0.379114985 0.254315287 -0.294737786
v -0.180915594 0.88507092 -0.199116707
v -0.273760915 0.239851102 -0.182813093
v -0.291117996 0.246602595 -0.282780796
v -0.379114985 0.254315287 -0.294737786
v -0.44541499 0.252073795 -0.194307297
v -0.496918499 0.936182976 -0.206025198
v -0.120615304 1.79402804 -0.186248899
v -0.338738501 1.79670799 -0.200390205
v -0.36897859 2.03860903 -0.250262797
v -0.36897859 2.03860903 -0.250262797
v -0.338738501 1.79670799 -0.200390205
v -0.454639196 1.79567194 0.0424531102
v -0.454639196 1.79567194 0.0424531102
v -0.428842694 1.59630299 -0.00473618507
v -0.354735404 1.58705699 0.158107206
v -0.366566509 1.79069304 0.221072897
v -0.354735404 1.58705699 0.158107206
v -0.192214698 1.57639408 0.193921894
v -0.142386407 1.59725904 -0.223843694
v -0.329452991 1.60394001 -0.223121196
v -0.338738501 1.79670799 -0.200390205
v -0.338738501 1.79670799 -0.200390205
v -0.329452991 1.60394001 -0.223121196
v -0.428842694 1.59630299 -0.00473618507
v -0.167191401 1.78868103 0.224447399
v -0.192214698 1.57639408 0.193921894
v -0.0832165405 1.58559704 0.00605064584
v -0.120615304 1.79402804 -0.186248899
v -0.0109236799 1.79827702 0.00810176134
v -0.0832165405 1.58559704 0.00605064584
v -0.0109236799 1.79827702 0.00810176134
v -0.120615304 1.79402804 -0.186248899
v 0 1.89871097 -0.200078607
v -0.508763909 0.113178901 0.186784297
v -0.345024586 0.157680407 0.111537799
v -0.472034514 0.144508705 0.0758081004
v -0.287306905 0.00122612703 0.342331886
v -0.35105589 0.00124764396 0.238711804
v -0.258242011 0.00106501498 0.190739796
v -0.352077514 0.128828093 0.223233297
v -0.287236005 0.0856556222 0.342286497
v -0.273722202 0.127071306 0.203542307
v -0.258242011 0.00106501498 0.190739796
v -0.342451692 0.00118178094 0.102269404
v -0.279533714 0.00119078101 0.078420341
v -0.345024586 0.157680407 0.111537799
v -0.273722202 0.127071306 0.203542307
v -0.2841672 0.154202506 0.104761101
v -0.2841672 0.154202506 0.104761101
v -0.258242011 0.00106501498 0.190739796
v -0.279533714 0.00119078101 0.078420341
v -0.489214808 0.001036047 0.0754517317
v -0.508763909 0.113178901 0.186784297
v -0.472034514 0.144508705 0.0758081004
v -0.436863214 0.135629803 -0.181673005
v -0.489224106 0.00111418904 -0.000953822979
v -0.45639351 0.185726494 -0.00232285191
v -0.511022627 0.00113481202 0.186620101
v -0.490213305 0.0829027817 0.298628002
v -0.508763909 0.113178901 0.186784297
v -0.287236005 0.0856556222 0.342286497
v -0.258242011 0.00106501498 0.190739796
v -0.273722202 0.127071306 0.203542307
v -0.301514596 0.00143396796 0.00147819496
v -0.265280694 0.173720494 -0.168911994
v -0.281758487 0.183783993 0.0122627597
v -0.35966 0.00131350697 0.375154406
v -0.287236005 0.0856556222 0.342286497
v -0.359882087 0.0953470394 0.375068903
v -0.265280694 0.173720494 -0.168911994
v -0.279455304 0.00111591804 -0.257224202
v -0.297046602 0.178692207 -0.294392109
v -0.273818195 0.239802107 -0.182323903
v -0.297046602 0.178692207 -0.294392109
v -0.290645987 0.246524498 -0.282376409
v -0.310112715 0.259306401 -0.0838200971
v -0.265280694 0.173720494 -0.168911994
v -0.273818195 0.239802107 -0.182323903
v -0.425049096 0.00270855404 -0.269748509
v -0.436863214 0.135629803 -0.181673005
v -0.383431911 0.1626077 -0.266042501
v -0.383431911 0.1626077 -0.266042501
v -0.445400804 0.252110094 -0.194683507
v -0.378573686 0.2542786 -0.294777304
v -0.436863214 0.135629803 -0.181673005
v -0.4240475 0.264625013 -0.0865418911
v -0.445400804 0.252110094 -0.194683507
v -0.365154803 0.00173103798 -0.303117514
v -0.383431911 0.1626077 -0.266042501
v -0.355692387 0.171822503 -0.291040301
v -0.279455304 0.00111591804 -0.257224202
v -0.349160314 0.00111591804 -0.172689304
v -0.316874892 0.001758456 -0.289380103
v -0.349160314 0.00111591804 -0.172689304
v -0.475475699 0.00115686597 -0.180315301
v -0.425049096 0.00270855404 -0.269748509
v -0.334434688 0.00123590196 0.00104022003
v -0.295156687 0.00111591804 -0.168911994
v -0.301514596 0.00143396796 0.00147819496
v -0.334434688 0.00123590196 0.00104022003
v -0.489214808 0.001036047 0.0754517317
v -0.489224106 0.00111418904 -0.000953822979
v -0.297046602 0.178692207 -0.294392109
v -0.316874892 0.001758456 -0.289380103
v -0.319598109 0.177506804 -0.298818409
v -0.316874892 0.001758456 -0.289380103
v -0.355692387 0.171822503 -0.291040301
v -0.319598109 0.177506804 -0.298818409
v -0.319598109 0.177506804 -0.298818409
v -0.378573686 0.2542786 -0.294777304
v -0.290645987 0.246524498 -0.282376409
v -0.378573686 0.2542786 -0.294777304
v -0.355692387 0.171822503 -0.291040301
v -0.383431911 0.1626077 -0.266042501
v -0.489224106 0.00111418904 -0.000953822979
v -0.349160314 0.00111591804 -0.172689304
v -0.334434688 0.00123590196 0.00104022003
v -0.310112715 0.259306401 -0.0838200971
v -0.332975209 0.197211698 0.0208284799
v -0.281758487 0.183783993 0.0122627597
v -0.35105589 0.00124764396 0.238711804
v -0.486517012 0.00105082896 0.298772186
v -0.511022627 0.00113481202 0.186620101
v -0.472034514 0.144508705 0.0758081004
v -0.332975209 0.197211698 0.0208284799
v -0.45639351 0.185726494 -0.00232285191
v -0.489224106 0.00111418904 -0.000953822979
v -0.472034514 0.144508705 0.0758081004
v -0.45639351 0.185726494 -0.00232285191
v -0.2841672 0.154202506 0.104761101
v -0.301514596 0.00143396796 0.00147819496
v -0.281758487 0.183783993 0.0122627597
v -0.332975209 0.197211698 0.0208284799
v -0.2841672 0.154202506 0.104761101
v -0.281758487 0.183783993 0.0122627597
v -0.279533714 0.00119078101 0.078420341
v -0.334434688 0.00123590196 0.00104022003
v -0.301514596 0.00143396796 0.00147819496
v -0.35966 0.00131350697 0.375154406
v -0.490213305 0.0829027817 0.298628002
v -0.486517012 0.00105082896 0.298772186
v -0.290645987 0.246524498 -0.282376409
v -0.297046602 0.178692207 -0.294392109
v -0.319598109 0.177506804 -0.298818409
v -0.511022627 0.00113481202 0.186620101
v -0.342451692 0.00118178094 0.102269404
v -0.35105589 0.00124764396 0.238711804
v -0.4240475 0.264625013 -0.0865418911
v -0.332975209 0.197211698 0.0208284799
v -0.310112715 0.259306401 -0.0838200971
v -0.490213305 0.0829027817 0.298628002
v -0.352077514 0.128828093 0.223233297
v -0.508763909 0.113178901 0.186784297
v 0.496344388 2.04912996 0.0801457688
v 0.385502011 2.03957009 0.290348798
v 0.366566509 1.79069304 0.221072897
v 0.428842694 1.59630299 -0.00473618507
v 0.354735404 1.58705699 0.158107206
v 0.342496514 1.37648201 0.0929634497
v 0.2171496 1.36473703 0.126687393
v 0.192214698 1.57639408 0.193921894
v 0.0832165405 1.58559704 0.00605064584
v 0.385502011 2.03957009 0.290348798
v 0.177996293 2.00998306 0.326210588
v 0.167191401 1.78868103 0.224447399
v 0.417589992 1.28811204 -0.0769275427
v 0.404013604 1.40427697 -0.0502520204
v 0.342496514 1.37648201 0.0929634497
v 0.247283101 1.22054303 0.0724287033
v 0.2171496 1.36473703 0.126687393
v 0.116567999 1.37546802 -0.0422584414
v 0.354735404 1.58705699 0.158107206
v 0.192214698 1.57639408 0.193921894
v 0.2171496 1.36473703 0.126687393
v 0.142386407 1.59725904 -0.223843694
v 0.329452991 1.60394001 -0.223121196
v 0.320121288 1.40927505 -0.222837895
v 0.116567999 1.37546802 -0.0422584414
v 0.0832165405 1.58559704 0.00605064584
v 0.142386407 1.59725904 -0.223843694
v 0.329452991 1.60394001 -0.223121196
v 0.428842694 1.59630299 -0.00473618507
v 0.404013604 1.40427697 -0.0502520204
v 0.417589992 1.28811204 -0.0769275427
v 0.37858209 1.22655499 0.0577156506
v 0.369437814 1.116642 -0.00710791303
v 0.276855588 1.07304597 -0.0106274402
v 0.247283101 1.22054303 0.0724287033
v 0.146107405 1.25763702 -0.0698653385
v 0.342496514 1.37648201 0.0929634497
v 0.2171496 1.36473703 0.126687393
v 0.247283101 1.22054303 0.0724287033
v 0.164941207 1.39377797 -0.219080597
v 0.320121288 1.40927505 -0.222837895
v 0.313406706 1.33246696 -0.252308398
v 0.146107405 1.25763702 -0.0698653385
v 0.116567999 1.37546802 -0.0422584414
v 0.164941207 1.39377797 -0.219080597
v 0.320121288 1.40927505 -0.222837895
v 0.404013604 1.40427697 -0.0502520204
v 0.417589992 1.28811204 -0.0769275427
v 0.496918499 0.936182976 -0.206025198
v 0.437200695 1.17542601 -0.142262593
v 0.369437814 1.116642 -0.00710791303
v 0.276855588 1.07304597 -0.0106274402
v 0.168044105 1.12781298 -0.136245698
v 0.180915594 0.88507092 -0.199116707
v 0.369437814 1.116642 -0.00710791303
v 0.37858209 1.22655499 0.0577156506
v 0.247283101 1.22054303 0.0724287033
v 0.193517894 1.210976 -0.283020705
v 0.181751102 1.313362 -0.237510696
v 0.313406706 1.33246696 -0.252308398
v 0.168044105 1.12781298 -0.136245698
v 0.146107405 1.25763702 -0.0698653385
v 0.181751102 1.313362 -0.237510696
v 0.313406706 1.33246696 -0.252308398
v 0.417589992 1.28811204 -0.0769275427
v 0.437200695 1.17542601 -0.142262593
v 0.44541499 0.252073795 -0.194307297
v 0.496918499 0.936182976 -0.206025198
v 0.413518995 0.842787623 -0.0219125096
v 0.298657596 0.824100375 -0.0340220891
v 0.180915594 0.88507092 -0.199116707
v 0.273760915 0.239851102 -0.182813093
v 0.413518995 0.842787623 -0.0219125096
v 0.369437814 1.116642 -0.00710791303
v 0.276855588 1.07304597 -0.0106274402
v 0.193517894 1.210976 -0.283020705
v 0.331046492 1.24055696 -0.295858502
v 0.372368902 0.995817721 -0.403740495
v 0.168044105 1.12781298 -0.136245698
v 0.193517894 1.210976 -0.283020705
v 0.210905105 0.964061201 -0.388955593
v 0.372368902 0.995817721 -0.403740495
v 0.331046492 1.24055696 -0.295858502
v 0.437200695 1.17542601 -0.142262593
v 0.423500597 0.264559001 -0.086266391
v 0.413518995 0.842787623 -0.0219125096
v 0.298657596 0.824100375 -0.0340220891
v 0.210905105 0.964061201 -0.388955593
v 0.372368902 0.995817721 -0.403740495
v 0.379114985 0.254315287 -0.294737786
v 0.180915594 0.88507092 -0.199116707
v 0.210905105 0.964061201 -0.388955593
v 0.291117996 0.246602595 -0.282780796
v 0.379114985 0.254315287 -0.294737786
v 0.372368902 0.995817721 -0.403740495
v 0.496918499 0.936182976 -0.206025198
v 0.120615304 1.79402804 -0.186248899
v 0.0802509114 2.01265192 -0.342734486
v 0.36897859 2.03860903 -0.250262797
v 0.36897859 2.03860903 -0.250262797
v 0.496344388 2.04912996 0.0801457688
v 0.454639196 1.79567194 0.0424531102
v 0.454639196 1.79567194 0.0424531102
v 0.366566509 1.79069304 0.221072897
v 0.354735404 1.58705699 0.158107206
v 0.366566509 1.79069304 0.221072897
v 0.167191401 1.78868103 0.224447399
v 0.192214698 1.57639408 0.193921894
v 0.142386407 1.59725904 -0.223843694
v 0.120615304 1.79402804 -0.186248899
v 0.338738501 1.79670799 -0.200390205
v 0.338738501 1.79670799 -0.200390205
v 0.454639196 1.79567194 0.0424531102
v 0.428842694 1.59630299 -0.00473618507
v 0.167191401 1.78868103 0.224447399
v 0.0109236799 1.79827702 0.00810176134
v 0.0832165405 1.58559704 0.00605064584
v 0.177996293 2.00998306 0.326210588
v 0 2.00998306 0.336147308
v 0 1.88875794 0.230385795
v 0.177996293 2.00998306 0.326210588
v 0 1.88875794 0.230385795
v 0.167191401 1.78868103 0.224447399
v 0.120615304 1.79402804 -0.186248899
v 0.142386407 1.59725904 -0.223843694
v 0.0832165405 1.58559704 0.00605064584
v 0 2.01126909 -0.356042713
v 0.0802509114 2.01265192 -0.342734486
v 0 1.89871097 -0.200078607
v 0.120615304 1.79402804 -0.186248899
v 0 1.89871097 -0.200078607
v 0.0802509114 2.01265192 -0.342734486
v 0 1.95092106 0.00674343109
v 0.167191401 1.78868103 0.224447399
v 0 1.88875794 0.230385795
v 0.0109236799 1.79827702 0.00810176134
v 0.167191401 1.78868103 0.224447399
v 0 1.95092106 0.00674343109
v 0.496344388 2.04912996 0.0801457688
v 0.366566509 1.79069304 0.221072897
v 0.454639196 1.79567194 0.0424531102
v 0.428842694 1.59630299 -0.00473618507
v 0.342496514 1.37648201 0.0929634497
v 0.404013604 1.40427697 -0.0502520204
v 0.2171496 1.36473703 0.126687393
v 0.0832165405 1.58559704 0.00605064584
v 0.116567999 1.37546802 -0.0422584414
v 0.385502011 2.03957009 0.290348798
v 0.167191401 1.78868103 0.224447399
v 0.366566509 1.79069304 0.221072897
v 0.417589992 1.28811204 -0.0769275427
v 0.342496514 1.37648201 0.0929634497
v 0.37858209 1.22655499 0.0577156506
v 0.247283101 1.22054303 0.0724287033
v 0.116567999 1.37546802 -0.0422584414
v 0.146107405 1.25763702 -0.0698653385
v 0.354735404 1.58705699 0.158107206
v 0.2171496 1.36473703 0.126687393
v 0.342496514 1.37648201 0.0929634497
v 0.142386407 1.59725904 -0.223843694
v 0.320121288 1.40927505 -0.222837895
v 0.164941207 1.39377797 -0.219080597
v 0.116567999 1.37546802 -0.0422584414
v 0.142386407 1.59725904 -0.223843694
v 0.164941207 1.39377797 -0.219080597
v 0.329452991 1.60394001 -0.223121196
v 0.404013604 1.40427697 -0.0502520204
v 0.320121288 1.40927505 -0.222837895
v 0.417589992 1.28811204 -0.0769275427
v 0.369437814 1.116642 -0.00710791303
v 0.437200695 1.17542601 -0.142262593
v 0.276855588 1.07304597 -0.0106274402
v 0.146107405 1.25763702 -0.0698653385
v 0.168044105 1.12781298 -0.136245698
v 0.342496514 1.37648201 0.0929634497
v 0.247283101 1.22054303 0.0724287033
v 0.37858209 1.22655499 0.0577156506
v 0.164941207 1.39377797 -0.219080597
v 0.313406706 1.33246696 -0.252308398
v 0.181751102 1.313362 -0.237510696
v 0.146107405 1.25763702 -0.0698653385
v 0.164941207 1.39377797 -0.219080597
v 0.181751102 1.313362 -0.237510696
v 0.320121288 1.40927505 -0.222837895
v 0.417589992 1.28811204 -0.0769275427
v 0.313406706 1.33246696 -0.252308398
v 0.496918499 0.936182976 -0.206025198
v 0.369437814 1.116642 -0.00710791303
v 0.413518995 0.842787623 -0.0219125096
v 0.276855588 1.07304597 -0.0106274402
v 0.180915594 0.88507092 -0.199116707
v 0.298657596 0.824100375 -0.0340220891
v 0.369437814 1.116642 -0.00710791303
v 0.247283101 1.22054303 0.0724287033
v 0.276855588 1.07304597 -0.0106274402
v 0.193517894 1.210976 -0.283020705
v 0.313406706 1.33246696 -0.252308398
v 0.331046492 1.24055696 -0.295858502
v 0.168044105 1.12781298 -0.136245698
v 0.181751102 1.313362 -0.237510696
v 0.193517894 1.210976 -0.283020705
v 0.313406706 1.33246696 -0.252308398
v 0.437200695 1.17542601 -0.142262593
v 0.331046492 1.24055696 -0.295858502
v 0.44541499 0.252073795 -0.194307297
v 0.413518995 0.842787623 -0.0219125096
v 0.423500597 0.264559001 -0.086266391
v 0.298657596 0.824100375 -0.0340220891
v 0.273760915 0.239851102 -0.182813093
v 0.310112715 0.259306401 -0.0838200971
v 0.413518995 0.842787623 -0.0219125096
v 0.276855588 1.07304597 -0.0106274402
v 0.298657596 0.824100375 -0.0340220891
v 0.193517894 1.210976 -0.283020705
v 0.372368902 0.995817721 -0.403740495
v 0.210905105 0.964061201 -0.388955593
v 0.168044105 1.12781298 -0.136245698
v 0.210905105 0.964061201 -0.388955593
v 0.180915594 0.88507092 -0.199116707
v 0.372368902 0.995817721 -0.403740495
v 0.437200695 1.17542601 -0.142262593
v 0.496918499 0.936182976 -0.206025198
v 0.423500597 0.264559001 -0.086266391
v 0.298657596 0.824100375 -0.0340220891
v 0.310112715 0.259306401 -0.0838200971
v 0.210905105 0.964061201 -0.388955593
v 0.379114985 0.254315287 -0.294737786
v 0.291117996 0.246602595 -0.282780796
v 0.180915594 0.88507092 -0.199116707
v 0.291117996 0.246602595 -0.282780796
v 0.273760915 0.239851102 -0.182813093
v 0.379114985 0.254315287 -0.294737786
v 0.496918499 0.936182976 -0.206025198
v 0.44541499 0.252073795 -0.194307297
v 0.120615304 1.79402804 -0.186248899
v 0.36897859 2.03860903 -0.250262797
v 0.338738501 1.79670799 -0.200390205
v 0.36897859 2.03860903 -0.250262797
v 0.454639196 1.79567194 0.0424531102
v 0.338738501 1.79670799 -0.200390205
v 0.454639196 1.79567194 0.0424531102
v 0.354735404 1.58705699 0.158107206
v 0.428842694 1.59630299 -0.00473618507
v 0.366566509 1.79069304 0.221072897
v 0.192214698 1.57639408 0.193921894
v 0.354735404 1.58705699 0.158107206
v 0.142386407 1.59725904 -0.223843694
v 0.338738501 1.79670799 -0.200390205
v 0.329452991 1.60394001 -0.223121196
v 0.338738501 1.79670799 -0.200390205
v 0.428842694 1.59630299 -0.00473618507
v 0.329452991 1.60394001 -0.223121196
v 0.167191401 1.78868103 0.224447399
v 0.0832165405 1.58559704 0.00605064584
v 0.192214698 1.57639408 0.193921894
v 0.120615304 1.79402804 -0.186248899
v 0.0832165405 1.58559704 0.00605064584
v 0.0109236799 1.79827702 0.00810176134
v 0.0109236799 1.79827702 0.00810176134
v 0 1.89871097 -0.200078607
v 0.120615304 1.79402804 -0.186248899
v 0.345024586 0.157680407 0.111537799
v 0.508763909 0.113178901 0.186784297
v 0.472034514 0.144508705 0.0758081004
v 0.35105589 0.00124764396 0.238711804
v 0.287306905 0.00122612703 0.342331886
v 0.258242011 0.00106501498 0.190739796
v 0.352077514 0.128828093 0.223233297
v 0.287236005 0.0856556222 0.342286497
v 0.359882087 0.0953470394 0.375068903
v 0.342451692 0.00118178094 0.102269404
v 0.258242011 0.00106501498 0.190739796
v 0.279533714 0.00119078101 0.078420341
v 0.345024586 0.157680407 0.111537799
v 0.273722202 0.127071306 0.203542307
v 0.352077514 0.128828093 0.223233297
v 0.2841672 0.154202506 0.104761101
v 0.258242011 0.00106501498 0.190739796
v 0.273722202 0.127071306 0.203542307
v 0.489214808 0.001036047 0.0754517317
v 0.508763909 0.113178901 0.186784297
v 0.511022627 0.00113481202 0.186620101
v 0.436863214 0.135629803 -0.181673005
v 0.489224106 0.00111418904 -0.000953822979
v 0.475475699 0.00115686597 -0.180315301
v 0.511022627 0.00113481202 0.186620101
v 0.490213305 0.0829027817 0.298628002
v 0.486517012 0.00105082896 0.298772186
v 0.258242011 0.00106501498 0.190739796
v 0.287236005 0.0856556222 0.342286497
v 0.273722202 0.127071306 0.203542307
v 0.265280694 0.173720494 -0.168911994
v 0.301514596 0.00143396796 0.00147819496
v 0.281758487 0.183783993 0.0122627597
v 0.287236005 0.0856556222 0.342286497
v 0.35966 0.00131350697 0.375154406
v 0.359882087 0.0953470394 0.375068903
v 0.265280694 0.173720494 -0.168911994
v 0.279455304 0.00111591804 -0.257224202
v 0.295156687 0.00111591804 -0.168911994
v 0.273818195 0.239802107 -0.182323903
v 0.297046602 0.178692207 -0.294392109
v 0.265280694 0.173720494 -0.168911994
v 0.310112715 0.259306401 -0.0838200971
v 0.265280694 0.173720494 -0.168911994
v 0.281758487 0.183783993 0.0122627597
v 0.436863214 0.135629803 -0.181673005
v 0.425049096 0.00270855404 -0.269748509
v 0.383431911 0.1626077 -0.266042501
v 0.445400804 0.252110094 -0.194683507
v 0.383431911 0.1626077 -0.266042501
v 0.378573686 0.2542786 -0.294777304
v 0.4240475 0.264625013 -0.0865418911
v 0.436863214 0.135629803 -0.181673005
v 0.445400804 0.252110094 -0.194683507
v 0.383431911 0.1626077 -0.266042501
v 0.365154803 0.00173103798 -0.303117514
v 0.355692387 0.171822503 -0.291040301
v 0.349160314 0.00111591804 -0.172689304
v 0.279455304 0.00111591804 -0.257224202
v 0.316874892 0.001758456 -0.289380103
v 0.425049096 0.00270855404 -0.269748509
v 0.475475699 0.00115686597 -0.180315301
v 0.349160314 0.00111591804 -0.172689304
v 0.295156687 0.00111591804 -0.168911994
v 0.334434688 0.00123590196 0.00104022003
v 0.301514596 0.00143396796 0.00147819496
v 0.334434688 0.00123590196 0.00104022003
v 0.489214808 0.001036047 0.0754517317
v 0.342451692 0.00118178094 0.102269404
v 0.297046602 0.178692207 -0.294392109
v 0.316874892 0.001758456 -0.289380103
v 0.279455304 0.00111591804 -0.257224202
v 0.355692387 0.171822503 -0.291040301
v 0.316874892 0.001758456 -0.289380103
v 0.319598109 0.177506804 -0.298818409
v 0.319598109 0.177506804 -0.298818409
v 0.378573686 0.2542786 -0.294777304
v 0.355692387 0.171822503 -0.291040301
v 0.378573686 0.2542786 -0.294777304
v 0.383431911 0.1626077 -0.266042501
v 0.355692387 0.171822503 -0.291040301
v 0.349160314 0.00111591804 -0.172689304
v 0.489224106 0.00111418904 -0.000953822979
v 0.334434688 0.00123590196 0.00104022003
v 0.310112715 0.259306401 -0.0838200971
v 0.281758487 0.183783993 0.0122627597
v 0.332975209 0.197211698 0.0208284799
v 0.35105589 0.00124764396 0.238711804
v 0.486517012 0.00105082896 0.298772186
v 0.35966 0.00131350697 0.375154406
v 0.332975209 0.197211698 0.0208284799
v 0.472034514 0.144508705 0.0758081004
v 0.45639351 0.185726494 -0.00232285191
v 0.489224106 0.00111418904 -0.000953822979
v 0.472034514 0.144508705 0.0758081004
v 0.489214808 0.001036047 0.0754517317
v 0.301514596 0.00143396796 0.00147819496
v 0.2841672 0.154202506 0.104761101
v 0.281758487 0.183783993 0.0122627597
v 0.332975209 0.197211698 0.0208284799
v 0.2841672 0.154202506 0.104761101
v 0.345024586 0.157680407 0.111537799
v 0.334434688 0.00123590196 0.00104022003
v 0.279533714 0.00119078101 0.078420341
v 0.301514596 0.00143396796 0.00147819496
v 0.490213305 0.0829027817 0.298628002
v 0.35966 0.00131350697 0.375154406
v 0.486517012 0.00105082896 0.298772186
v 0.290645987 0.246524498 -0.282376409
v 0.319598109 0.177506804 -0.298818409
v 0.297046602 0.178692207 -0.294392109
v 0.511022627 0.00113481202 0.186620101
v 0.342451692 0.00118178094 0.102269404
v 0.489214808 0.001036047 0.0754517317
v 0.4240475 0.264625013 -0.0865418911
v 0.332975209 0.197211698 0.0208284799
v 0.45639351 0.185726494 -0.00232285191
v 0.490213305 0.0829027817 0.298628002
v 0.352077514 0.128828093 0.223233297
v 0.359882087 0.0953470394 0.375068903
v -0.0109236799 1.79827702 0.00810176134
v 0.0109236799 1.79827702 0.00810176134
v 0 1.95092106 0.00674343109
v 0.496344388 2.04912996 0.0801457688
v 0.527909815 1.79604399 0.0449559018
v 0.426746994 1.79066396 0.239016101
v 0.195429295 1.78933907 0.316220403
v 0.177996293 2.00998306 0.326210588
v 0.385502011 2.03957009 0.290348798
v 0.36897859 2.03860903 -0.250262797
v 0.0802509114 2.01265192 -0.342734486
v 0.138813704 1.80397701 -0.335221887
v 0.36897859 2.03860903 -0.250262797
v 0.3918235 1.80116296 -0.273549289
v 0.527909815 1.79604399 0.0449559018
v -0.496344388 2.04912996 0.0801457688
v -0.385502011 2.03957009 0.290348798
v -0.426746994 1.79066396 0.239016101
v -0.385502011 2.03957009 0.290348798
v -0.177996293 2.00998306 0.326210588
v -0.195429295 1.78933907 0.316220403
v -0.138813704 1.80397701 -0.335221887
v -0.0802509114 2.01265192 -0.342734486
v -0.36897859 2.03860903 -0.250262797
v -0.36897859 2.03860903 -0.250262797
v -0.496344388 2.04912996 0.0801457688
v -0.527909815 1.79604399 0.0449559018
v 0.527909815 1.79604399 0.0449559018
v 0.531651676 1.60128808 -0.00147014798
v 0.440101892 1.58285499 0.180168793
v 0.3918235 1.80116296 -0.273549289
v 0.138813704 1.80397701 -0.335221887
v 0.175633296 1.60438895 -0.346675307
v 0.3918235 1.80116296 -0.273549289
v 0.406590998 1.610057 -0.296923906
v 0.531651676 1.60128808 -0.00147014798
v -0.527909815 1.79604399 0.0449559018
v -0.426746994 1.79066396 0.239016101
v -0.440101892 1.58285499 0.180168793
v -0.426746994 1.79066396 0.239016101
v -0.195429295 1.78933907 0.316220403
v -0.239271507 1.57045794 0.279671699
v -0.175633296 1.60438895 -0.346675307
v -0.138813704 1.80397701 -0.335221887
v -0.3918235 1.80116296 -0.273549289
v -0.3918235 1.80116296 -0.273549289
v -0.527909815 1.79604399 0.0449559018
v -0.531651676 1.60128808 -0.00147014798
v -0.195429295 1.78933907 0.316220403
v 0 1.79139698 0.334315896
v 0 1.57571602 0.325920492
v 0 1.79139698 0.334315896
v -0.195429295 1.78933907 0.316220403
v -0.177996293 2.00998306 0.326210588
v 0.0802509114 2.01265192 -0.342734486
v 0 2.01126909 -0.356042713
v 0 1.807639 -0.373848498
v 0 1.807639 -0.373848498
v 0 2.01126909 -0.356042713
v -0.0802509114 2.01265192 -0.342734486
v 0 1.60877001 -0.392893404
v 0 1.807639 -0.373848498
v -0.138813704 1.80397701 -0.335221887
v 0.138813704 1.80397701 -0.335221887
v 0 1.807639 -0.373848498
v 0 1.60877001 -0.392893404
v 0.426746994 1.79066396 0.239016101
v 0.440101892 1.58285499 0.180168793
v 0.239271507 1.57045794 0.279671699
v 0 1.57571602 0.325920492
v 0 1.79139698 0.334315896
v 0.195429295 1.78933907 0.316220403
v 0 1.79139698 0.334315896
v 0 2.00998306 0.336147308
v 0.177996293 2.00998306 0.326210588
v 0.496344388 2.04912996 0.0801457688
v 0.426746994 1.79066396 0.239016101
v 0.385502011 2.03957009 0.290348798
v 0.195429295 1.78933907 0.316220403
v 0.385502011 2.03957009 0.290348798
v 0.426746994 1.79066396 0.239016101
v 0.36897859 2.03860903 -0.250262797
v 0.138813704 1.80397701 -0.335221887
v 0.3918235 1.80116296 -0.273549289
v 0.36897859 2.03860903 -0.250262797
v 0.527909815 1.79604399 0.0449559018
v 0.496344388 2.04912996 0.0801457688
v -0.496344388 2.04912996 0.0801457688
v -0.426746994 1.79066396 0.239016101
v -0.527909815 1.79604399 0.0449559018
v -0.385502011 2.03957009 0.290348798
v -0.195429295 1.78933907 0.316220403
v -0.426746994 1.79066396 0.239016101
v -0.138813704 1.80397701 -0.335221887
v -0.36897859 2.03860903 -0.250262797
v -0.3918235 1.80116296 -0.273549289
v -0.36897859 2.03860903 -0.250262797
v -0.527909815 1.79604399 0.0449559018
v -0.3918235 1.80116296 -0.273549289
v 0.527909815 1.79604399 0.0449559018
v 0.440101892 1.58285499 0.180168793
v 0.426746994 1.79066396 0.239016101
v 0.3918235 1.80116296 -0.273549289
v 0.175633296 1.60438895 -0.346675307
v 0.406590998 1.610057 -0.296923906
v 0.3918235 1.80116296 -0.273549289
v 0.531651676 1.60128808 -0.00147014798
v 0.527909815 1.79604399 0.0449559018
v -0.527909815 1.79604399 0.0449559018
v -0.440101892 1.58285499 0.180168793
v -0.531651676 1.60128808 -0.00147014798
v -0.426746994 1.79066396 0.239016101
v -0.239271507 1.57045794 0.279671699
v -0.440101892 1.58285499 0.180168793
v -0.175633296 1.60438895 -0.346675307
v -0.3918235 1.80116296 -0.273549289
v -0.406590998 1.610057 -0.296923906
v -0.3918235 1.80116296 -0.273549289
v -0.531651676 1.60128808 -0.00147014798
v -0.406590998 1.610057 -0.296923906
v -0.195429295 1.78933907 0.316220403
v 0 1.57571602 0.325920492
v -0.239271507 1.57045794 0.279671699
v 0 1.79139698 0.334315896
v -0.177996293 2.00998306 0.326210588
v 0 2.00998306 0.336147308
v 0.0802509114 2.01265192 -0.342734486
v 0 1.807639 -0.373848498
v 0.138813704 1.80397701 -0.335221887
v 0 1.807639 -0.373848498
v -0.0802509114 2.01265192 -0.342734486
v -0.138813704 1.80397701 -0.335221887
v 0 1.60877001 -0.392893404
v -0.138813704 1.80397701 -0.335221887
v -0.175633296 1.60438895 -0.346675307
v 0.138813704 1.80397701 -0.335221887
v 0 1.60877001 -0.392893404
v 0.175633296 1.60438895 -0.346675307
v 0.426746994 1.79066396 0.239016101
v 0.239271507 1.57045794 0.279671699
v 0.195429295 1.78933907 0.316220403
v 0 1.57571602 0.325920492
v 0.195429295 1.78933907 0.316220403
v 0.239271507 1.57045794 0.279671699
v 0 1.79139698 0.334315896
v 0.177996293 2.00998306 0.326210588
v 0.195429295 1.78933907 0.316220403
v -0.508763909 0.113178901 0.186784297
v -0.352077514 0.128828093 0.223233297
v -0.345024586 0.157680407 0.111537799
v -0.287306905 0.00122612703 0.342331886
v -0.35966 0.00131350697 0.375154406
v -0.35105589 0.00124764396 0.238711804
v -0.352077514 0.128828093 0.223233297
v -0.359882087 0.0953470394 0.375068903
v -0.287236005 0.0856556222 0.342286497
v -0.258242011 0.00106501498 0.190739796
v -0.35105589 0.00124764396 0.238711804
v -0.342451692 0.00118178094 0.102269404
v -0.345024586 0.157680407 0.111537799
v -0.352077514 0.128828093 0.223233297
v -0.273722202 0.127071306 0.203542307
v -0.2841672 0.154202506 0.104761101
v -0.273722202 0.127071306 0.203542307
v -0.258242011 0.00106501498 0.190739796
v -0.489214808 0.001036047 0.0754517317
v -0.511022627 0.00113481202 0.186620101
v -0.508763909 0.113178901 0.186784297
v -0.436863214 0.135629803 -0.181673005
v -0.475475699 0.00115686597 -0.180315301
v -0.489224106 0.00111418904 -0.000953822979
v -0.511022627 0.00113481202 0.186620101
v -0.486517012 0.00105082896 0.298772186
v -0.490213305 0.0829027817 0.298628002
v -0.287236005 0.0856556222 0.342286497
v -0.287306905 0.00122612703 0.342331886
v -0.258242011 0.00106501498 0.190739796
v -0.301514596 0.00143396796 0.00147819496
v -0.295156687 0.00111591804 -0.168911994
v -0.265280694 0.173720494 -0.168911994
v -0.35966 0.00131350697 0.375154406
v -0.287306905 0.00122612703 0.342331886
v -0.287236005 0.0856556222 0.342286497
v -0.265280694 0.173720494 -0.168911994
v -0.295156687 0.00111591804 -0.168911994
v -0.279455304 0.00111591804 -0.257224202
v -0.273818195 0.239802107 -0.182323903
v -0.265280694 0.173720494 -0.168911994
v -0.297046602 0.178692207 -0.294392109
v -0.310112715 0.259306401 -0.0838200971
v -0.281758487 0.183783993 0.0122627597
v -0.265280694 0.173720494 -0.168911994
v -0.425049096 0.00270855404 -0.269748509
v -0.475475699 0.00115686597 -0.180315301
v -0.436863214 0.135629803 -0.181673005
v -0.383431911 0.1626077 -0.266042501
v -0.436863214 0.135629803 -0.181673005
v -0.445400804 0.252110094 -0.194683507
v -0.436863214 0.135629803 -0.181673005
v -0.45639351 0.185726494 -0.00232285191
v -0.4240475 0.264625013 -0.0865418911
v -0.365154803 0.00173103798 -0.303117514
v -0.425049096 0.00270855404 -0.269748509
v -0.383431911 0.1626077 -0.266042501
v -0.279455304 0.00111591804 -0.257224202
v -0.295156687 0.00111591804 -0.168911994
v -0.349160314 0.00111591804 -0.172689304
v -0.425049096 0.00270855404 -0.269748509
v -0.365154803 0.00173103798 -0.303117514
v -0.349160314 0.00111591804 -0.172689304
v -0.365154803 0.00173103798 -0.303117514
v -0.316874892 0.001758456 -0.289380103
v -0.349160314 0.00111591804 -0.172689304
v -0.334434688 0.00123590196 0.00104022003
v -0.349160314 0.00111591804 -0.172689304
v -0.295156687 0.00111591804 -0.168911994
v -0.334434688 0.00123590196 0.00104022003
v -0.342451692 0.00118178094 0.102269404
v -0.489214808 0.001036047 0.0754517317
v -0.297046602 0.178692207 -0.294392109
v -0.279455304 0.00111591804 -0.257224202
v -0.316874892 0.001758456 -0.289380103
v -0.316874892 0.001758456 -0.289380103
v -0.365154803 0.00173103798 -0.303117514
v -0.355692387 0.171822503 -0.291040301
v -0.319598109 0.177506804 -0.298818409
v -0.355692387 0.171822503 -0.291040301
v -0.378573686 0.2542786 -0.294777304
v -0.489224106 0.00111418904 -0.000953822979
v -0.475475699 0.00115686597 -0.180315301
v -0.349160314 0.00111591804 -0.172689304
v -0.35105589 0.00124764396 0.238711804
v -0.35966 0.00131350697 0.375154406
v -0.486517012 0.00105082896 0.298772186
v -0.472034514 0.144508705 0.0758081004
v -0.345024586 0.157680407 0.111537799
v -0.332975209 0.197211698 0.0208284799
v -0.489224106 0.00111418904 -0.000953822979
v -0.489214808 0.001036047 0.0754517317
v -0.472034514 0.144508705 0.0758081004
v -0.2841672 0.154202506 0.104761101
v -0.279533714 0.00119078101 0.078420341
v -0.301514596 0.00143396796 0.00147819496
v -0.332975209 0.197211698 0.0208284799
v -0.345024586 0.157680407 0.111537799
v -0.2841672 0.154202506 0.104761101
v -0.279533714 0.00119078101 0.078420341
v -0.342451692 0.00118178094 0.102269404
v -0.334434688 0.00123590196 0.00104022003
v -0.35966 0.00131350697 0.375154406
v -0.359882087 0.0953470394 0.375068903
v -0.490213305 0.0829027817 0.298628002
v -0.511022627 0.00113481202 0.186620101
v -0.489214808 0.001036047 0.0754517317
v -0.342451692 0.00118178094 0.102269404
v -0.4240475 0.264625013 -0.0865418911
v -0.45639351 0.185726494 -0.00232285191
v -0.332975209 0.197211698 0.0208284799
v -0.490213305 0.0829027817 0.298628002
v -0.359882087 0.0953470394 0.375068903
v -0.352077514 0.128828093 0.223233297
v 0.345024586 0.157680407 0.111537799
v 0.352077514 0.128828093 0.223233297
v 0.508763909 0.113178901 0.186784297
v 0.35105589 0.00124764396 0.238711804
v 0.35966 0.00131350697 0.375154406
v 0.287306905 0.00122612703 0.342331886
v 0.352077514 0.128828093 0.223233297
v 0.273722202 0.127071306 0.203542307
v 0.287236005 0.0856556222 0.342286497
v 0.342451692 0.00118178094 0.102269404
v 0.35105589 0.00124764396 0.238711804
v 0.258242011 0.00106501498 0.190739796
v 0.345024586 0.157680407 0.111537799
v 0.2841672 0.154202506 0.104761101
v 0.273722202 0.127071306 0.203542307
v 0.2841672 0.154202506 0.104761101
v 0.279533714 0.00119078101 0.078420341
v 0.258242011 0.00106501498 0.190739796
v 0.489214808 0.001036047 0.0754517317
v 0.472034514 0.144508705 0.0758081004
v 0.508763909 0.113178901 0.186784297
v 0.436863214 0.135629803 -0.181673005
v 0.45639351 0.185726494 -0.00232285191
v 0.489224106 0.00111418904 -0.000953822979
v 0.511022627 0.00113481202 0.186620101
v 0.508763909 0.113178901 0.186784297
v 0.490213305 0.0829027817 0.298628002
v 0.258242011 0.00106501498 0.190739796
v 0.287306905 0.00122612703 0.342331886
v 0.287236005 0.0856556222 0.342286497
v 0.265280694 0.173720494 -0.168911994
v 0.295156687 0.00111591804 -0.168911994
v 0.301514596 0.00143396796 0.00147819496
v 0.287236005 0.0856556222 0.342286497
v 0.287306905 0.00122612703 0.342331886
v 0.35966 0.00131350697 0.375154406
v 0.265280694 0.173720494 -0.168911994
v 0.297046602 0.178692207 -0.294392109
v 0.279455304 0.00111591804 -0.257224202
v 0.273818195 0.239802107 -0.182323903
v 0.290645987 0.246524498 -0.282376409
v 0.297046602 0.178692207 -0.294392109
v 0.310112715 0.259306401 -0.0838200971
v 0.273818195 0.239802107 -0.182323903
v 0.265280694 0.173720494 -0.168911994
v 0.436863214 0.135629803 -0.181673005
v 0.475475699 0.00115686597 -0.180315301
v 0.425049096 0.00270855404 -0.269748509
v 0.445400804 0.252110094 -0.194683507
v 0.436863214 0.135629803 -0.181673005
v 0.383431911 0.1626077 -0.266042501
v 0.4240475 0.264625013 -0.0865418911
v 0.45639351 0.185726494 -0.00232285191
v 0.436863214 0.135629803 -0.181673005
v 0.383431911 0.1626077 -0.266042501
v 0.425049096 0.00270855404 -0.269748509
v 0.365154803 0.00173103798 -0.303117514
v 0.349160314 0.00111591804 -0.172689304
v 0.295156687 0.00111591804 -0.168911994
v 0.279455304 0.00111591804 -0.257224202
v 0.316874892 0.001758456 -0.289380103
v 0.365154803 0.00173103798 -0.303117514
v 0.349160314 0.00111591804 -0.172689304
v 0.365154803 0.00173103798 -0.303117514
v 0.425049096 0.00270855404 -0.269748509
v 0.349160314 0.00111591804 -0.172689304
v 0.295156687 0.00111591804 -0.168911994
v 0.349160314 0.00111591804 -0.172689304
v 0.334434688 0.00123590196 0.00104022003
v 0.334434688 0.00123590196 0.00104022003
v 0.489224106 0.00111418904 -0.000953822979
v 0.489214808 0.001036047 0.0754517317
v 0.297046602 0.178692207 -0.294392109
v 0.319598109 0.177506804 -0.298818409
v 0.316874892 0.001758456 -0.289380103
v 0.355692387 0.171822503 -0.291040301
v 0.365154803 0.00173103798 -0.303117514
v 0.316874892 0.001758456 -0.289380103
v 0.319598109 0.177506804 -0.298818409
v 0.290645987 0.246524498 -0.282376409
v 0.378573686 0.2542786 -0.294777304
v 0.349160314 0.00111591804 -0.172689304
v 0.475475699 0.00115686597 -0.180315301
v 0.489224106 0.00111418904 -0.000953822979
v 0.35105589 0.00124764396 0.238711804
v 0.511022627 0.00113481202 0.186620101
v 0.486517012 0.00105082896 0.298772186
v 0.332975209 0.197211698 0.0208284799
v 0.345024586 0.157680407 0.111537799
v 0.472034514 0.144508705 0.0758081004
v 0.489224106 0.00111418904 -0.000953822979
v 0.45639351 0.185726494 -0.00232285191
v 0.472034514 0.144508705 0.0758081004
v 0.301514596 0.00143396796 0.00147819496
v 0.279533714 0.00119078101 0.078420341
v 0.2841672 0.154202506 0.104761101
v 0.332975209 0.197211698 0.0208284799
v 0.281758487 0.183783993 0.0122627597
v 0.2841672 0.154202506 0.104761101
v 0.334434688 0.00123590196 0.00104022003
v 0.342451692 0.00118178094 0.102269404
v 0.279533714 0.00119078101 0.078420341
v 0.490213305 0.0829027817 0.298628002
v 0.359882087 0.0953470394 0.375068903
v 0.35966 0.00131350697 0.375154406
v 0.511022627 0.00113481202 0.186620101
v 0.35105589 0.00124764396 0.238711804
v 0.342451692 0.00118178094 0.102269404
v 0.4240475 0.264625013 -0.0865418911
v 0.310112715 0.259306401 -0.0838200971
v 0.332975209 0.197211698 0.0208284799
v 0.490213305 0.0829027817 0.298628002
v 0.508763909 0.113178901 0.186784297
v 0.352077514 0.128828093 0.223233297
v -0.0109236799 1.79827702 0.00810176134
v 0 1.89871097 -0.200078607
v 0.0109236799 1.79827702 0.00810176134

# 428 UV coordinates
vt 0.998155415 0.358994812 0
vt 0.888745129 0.309861898 0
vt 0.998155296 0.301523685 0
vt 0.789568126 0.379228204 0
vt 0.638611019 0.30079031 0
vt 0.789568126 0.320609897 0
vt 0.632818818 0.391517907 0
vt 0.500069976 0.296963811 0
vt 0.87165308 0.592508972 0
vt 0.998155415 0.504055321 0
vt 0.998155296 0.604549885 0
vt 0.893475473 0.416670591 0
vt 0.998155415 0.410655499 0
vt 0.789568126 0.438896 0
vt 0.646311283 0.445915014 0
vt 0.500069976 0.393918306 0
vt 0.998155296 0.683858395 0
vt 0.940218925 0.711135209 0
vt 0.902936399 0.673481107 0
vt 0.840674281 0.745113075 0
vt 0.783952415 0.668540776 0
vt 0.500069976 0.657640278 0
vt 0.553565025 0.719919324 0
vt 0.500069976 0.705027521 0
vt 0.753714979 0.222611904 0
vt 0.675822616 0.173517495 0
vt 0.756166816 0.176684394 0
vt 0.882300377 0.363362402 0
vt 0.882300317 0.363362402 0
vt 0.789568126 0.510276914 0
vt 0.843301177 0.521416128 0
vt 0.70956552 0.506568909 0
vt 0.789568126 0.529389322 0
vt 0.692883372 0.556745708 0
vt 0.583076715 0.1636471 0
vt 0.661562502 0.216161698 0
vt 0.5753389 0.203035101 0
vt 0.882184625 0.258491188 0
vt 0.870035112 0.217858598 0
vt 0.629562914 0.502860904 0
vt 0.500069976 0.480690897 0
vt 0.613557279 0.585066915 0
vt 0.500069976 0.516518414 0
vt 0.998155296 0.712235093 0
vt 0.949397206 0.727935612 0
vt 0.898842514 0.751294076 0
vt 0.608515799 0.683898509 0
vt 0.603515804 0.748824775 0
vt 0.501307905 0.883684516 0
vt 0.534965813 0.905884027 0
vt 0.503596604 0.923453927 0
vt 0.616284311 0.879214108 0
vt 0.624268293 0.923133075 0
vt 0.584749222 0.91646862 0
vt 0.691722095 0.602317929 0
vt 0.810222924 0.597023606 0
vt 0.647322774 0.746819794 0
vt 0.722508609 0.679005325 0
vt 0.737339616 0.746819794 0
vt 0.562264025 0.946315706 0
vt 0.556189597 0.917939425 0
vt 0.565023899 0.804979503 0
vt 0.55900228 0.834815025 0
vt 0.530820787 0.810932398 0
vt 0.800106406 0.566348314 0
vt 0.574194789 0.878991425 0
vt 0.591026485 0.835530579 0
vt 0.538054824 0.846001327 0
vt 0.531755805 0.880108178 0
vt 0.636718929 0.830003977 0
vt 0.638374925 0.890008628 0
vt 0.502672672 0.835310519 0
vt 0.537999928 0.944733977 0
vt 0.661300004 0.888964415 0
vt 0.689798415 0.927272499 0
vt 0.641775787 0.797723114 0
vt 0.631482124 0.960559011 0
vt 0.579701006 0.748154879 0
vt 0.581020176 0.99607271 0
vt 0.636883497 0.999429286 0
vt 0.707644522 0.884675205 0
vt 0.72884798 0.916861773 0
vt 0.693741977 0.831091583 0
vt 0.693716884 0.946084321 0
vt 0.682240129 0.769279778 0
vt 0.71347332 0.802722514 0
vt 0.679350913 0.999429286 0
vt 0.850208521 0.902997971 0
vt 0.850208521 0.942544699 0
vt 0.727684915 0.843768418 0
vt 0.725896716 0.960696697 0
vt 0.719222605 0.765909672 0
vt 0.750677109 0.804537117 0
vt 0.727228701 0.999429286 0
vt 0.904325426 0.953902185 0
vt 0.850208521 0.84569031 0
vt 0.904325426 0.908702672 0
vt 0.850208521 0.965248823 0
vt 0.850208521 0.758141875 0
vt 0.850208521 0.797911406 0
vt 0.850208521 0.999429286 0
vt 0.920683205 0.849171817 0
vt 0.94982022 0.900269508 0
vt 0.939898074 0.835578918 0
vt 0.957679212 0.845197618 0
vt 0.920683205 0.795165122 0
vt 0.904325426 0.960890412 0
vt 0.904325306 0.752025187 0
vt 0.904325426 0.999922872 0
vt 0.94982022 0.900269628 0
vt 0.949699879 0.953902125 0
vt 0.978788972 0.899475217 0
vt 0.999335706 0.953902125 0
vt 0.979664803 0.953902125 0
vt 0.978716373 0.999922872 0
vt 0.999335706 0.960890412 0
vt 0.999335706 0.999922872 0
vt 0.979290485 0.795165181 0
vt 0.999335706 0.849171817 0
vt 0.979097605 0.849171817 0
vt 0.979710221 0.960890412 0
vt 0.995359302 0.899475276 0
vt 0.980297923 0.849171817 0
vt 0.995359302 0.849171817 0
vt 0.995359302 0.95386833 0
vt 0.980297804 0.899475276 0
vt 0.951192915 0.795165181 0
vt 0.955025792 0.797803521 0
vt 0.957246602 0.804170012 0
vt 0.9496032 0.960890412 0
vt 0.948679209 0.799661219 0
vt 0.936283171 0.828723013 0
vt 0.935585022 0.810510814 0
vt 0.999335706 0.752025187 0
vt 0.999335706 0.795165181 0
vt 0.980349779 0.819433808 0
vt 0.939427316 0.811356187 0
vt 0.979097724 0.849171877 0
vt 0.999335706 0.899475276 0
vt 0.94978708 0.752025187 0
vt 0.951192915 0.795165122 0
vt 0.993862808 0.835797429 0
vt 0.980349779 0.832917571 0
vt 0.972531915 0.841326177 0
vt 0.935308695 0.817406178 0
vt 0.935846686 0.817138076 0
vt 0.500069976 0.723833919 0
vt 0.924918711 0.751294076 0
vt 0.530432999 0.735794425 0
vt 0.500069976 0.736376226 0
vt 0.938749671 0.751294076 0
vt 0.529011011 0.748437405 0
vt 0.524631202 0.741604805 0
vt 0.998155296 0.727935612 0
vt 0.959129274 0.739693403 0
vt 0.500069976 0.748848081 0
vt 0.998155296 0.751294076 0
vt 0.998155296 0.740772724 0
vt 0.9484694 0.164740503 0
vt 0.972958326 0.205617905 0
vt 0.762922108 0.268530399 0
vt 0.862356007 0.173234299 0
vt 0.347233713 0.254709095 0
vt 0.424801201 0.203035101 0
vt 0.500069976 0.246198803 0
vt 0.001984715 0.358994812 0
vt 0.111395001 0.309861898 0
vt 0.117839597 0.363362402 0
vt 0.2105719 0.379228204 0
vt 0.361528993 0.30079031 0
vt 0.367321312 0.391517907 0
vt 0.128486902 0.592508972 0
vt 0.001984715 0.504055321 0
vt 0.156838804 0.521416128 0
vt 0.106664501 0.416670591 0
vt 0.2105719 0.438896 0
vt 0.353828788 0.445915014 0
vt 0.0599210784 0.711135209 0
vt 0.00198477507 0.683858395 0
vt 0.0972036719 0.673481107 0
vt 0.216187701 0.668540776 0
vt 0.1594657 0.745113075 0
vt 0.446575105 0.719919324 0
vt 0.391624212 0.683898509 0
vt 0.652906418 0.254709095 0
vt 0.246425003 0.222611904 0
vt 0.324317515 0.173517495 0
vt 0.338577598 0.216161698 0
vt 0.117838599 0.363362402 0
vt 0.2105719 0.320609897 0
vt 0.2105719 0.379227906 0
vt 0.2105719 0.379227996 0
vt 0.2105719 0.510276914 0
vt 0.2105719 0.529389322 0
vt 0.29057461 0.506568909 0
vt 0.307256699 0.556745708 0
vt 0.417063385 0.1636471 0
vt 0.117955402 0.258491188 0
vt 0.237217903 0.268530399 0
vt 0.001984715 0.410655499 0
vt 0.370577186 0.502860904 0
vt 0.386582702 0.585066915 0
vt 0.500069976 0.578385413 0
vt 0.0507429205 0.727935612 0
vt 0.00198477507 0.712235093 0
vt 0.101297602 0.751294076 0
vt 0.396624207 0.748824775 0
vt 0.352817208 0.746819794 0
vt 0.277631491 0.679005325 0
vt 0.00198477507 0.604549885 0
vt 0.200033695 0.566348314 0
vt 0.641506016 0.756622493 0
vt 0.978716493 0.752025187 0
vt 0.949787021 0.999922872 0
vt 0.947942615 0.84210068 0
vt 0.958242416 0.899475098 0
vt 0.959994018 0.953902125 0
vt 0.0752214119 0.751294076 0
vt 0.469707102 0.735794425 0
vt 0.0613903403 0.751294076 0
vt 0.47112909 0.748437405 0
vt 0.464317292 0.747863114 0
vt 0.04101073 0.739693403 0
vt 0.00198477507 0.727935612 0
vt 0.475508898 0.741604805 0
vt 0.00198477507 0.751294076 0
vt 0.00198477507 0.740772724 0
vt 0.0516706109 0.164740503 0
vt 0.130104795 0.217858598 0
vt 0.0271816794 0.205617905 0
vt 0.243973106 0.176684394 0
vt 0.500069976 0.201609597 0
vt 0.958050311 0.796401322 0
vt 0.951659203 0.799120009 0
vt 0.959425688 0.843473017 0
vt 0.948719501 0.847867906 0
vt 0.958097219 0.999922872 0
vt 0.94978708 0.999922812 0
vt 0.958097279 0.752025187 0
vt 0.960084796 0.960890472 0
vt 0.958859622 0.849171817 0
vt 0.959245384 0.795165122 0
vt 0.951184511 0.849171817 0
vt 0.948993325 0.791173279 0
vt 0.949906528 0.790820122 0
vt 0.958859682 0.849171877 0
vt 0.950255692 0.847344875 0
vt 0.949869275 0.851023078 0
vt 0.951192975 0.795165181 0
vt 0.960084677 0.960890412 0
vt 0.675822616 0.126204595 0
vt 0.756166816 0.126204595 0
vt 0.931596696 0.126204595 0
vt 0.862356007 0.126204595 0
vt 0.324317515 0.126204595 0
vt 0.401488602 0.126204595 0
vt 0.0685433671 0.126204595 0
vt 0.137784094 0.173234299 0
vt 0.243973106 0.126204595 0
vt 0.500069976 0.126204595 0
vt 0.500069976 0.160997495 0
vt 0.998155296 0.160071298 0
vt 0.998155296 0.201114103 0
vt 0.00198477507 0.160071298 0
vt 0.00198477507 0.201114103 0
vt 0.00198477507 0.126204595 0
vt 0.998155296 0.126204595 0
vt 0.998155296 0.260220706 0
vt 0.00198477507 0.260220706 0
vt 0.00198477507 0.301523685 0
vt 0.598651528 0.126204595 0
vt 0.762754619 0.745113075 0
vt 0.95534122 0.847797573 0
vt 0.980297804 0.953902125 0
vt 0.973983586 0.806344628 0
vt 0.993063927 0.813241482 0
vt 0.535822809 0.747863114 0
vt 0.237385407 0.745113075 0
vt 0.117838703 0.363362402 0
vt 0.117839701 0.363362402 0
vt 0.308418006 0.602317929 0
vt 0.189917207 0.597023606 0
vt 0.262800515 0.746819794 0
vt 0.137784094 0.126204595 0
vt 0.245938703 0.182119101 0
vt 0.340697497 0.0899756476 0
vt 0.338055015 0.180813402 0
vt 0 0.86458689 0
vt 0.0455675684 0.829556108 0
vt 0 0.831634402 0
vt 0.0415991507 0.793942928 0
vt 0 0.751132607 0
vt 0 0.793923199 0
vt 0.450326502 0.0855166316 0
vt 0.424244612 0.177170306 0
vt 0.0696529076 0.865548074 0
vt 0.0471739694 0.86650008 0
vt 0.0730349422 0.790098429 0
vt 0.0421977006 0.751132607 0
vt 0 0.951292992 0
vt 0.0504317805 0.913805187 0
vt 0 0.909337997 0
vt 0.0402260982 1 0
vt 0 1 0
vt 0.111101501 0.826570213 0
vt 0.078207247 0.828424573 0
vt 0.109138802 0.790025711 0
vt 0.0661688969 0.751132607 0
vt 0.0457547307 0.955186307 0
vt 0.0663515329 0.91593039 0
vt 0.0637363717 1 0
vt 0.137553394 0.875980973 0
vt 0.0925487205 0.871911287 0
vt 0.144594997 0.751132607 0
vt 0.0954100415 0.751132607 0
vt 0.0801067874 0.958470523 0
vt 0.0630139112 0.956975102 0
vt 0.0928090215 1 0
vt 0.313212812 0.869605482 0
vt 0.154516101 0.824322402 0
vt 0.157418996 0.792397082 0
vt 0.313212812 0.751132607 0
vt 0.145577997 0.92211628 0
vt 0.0779162571 0.919001102 0
vt 0.149362206 0.962746024 0
vt 0.313212812 0.817409575 0
vt 0.313212812 0.92332232 0
vt 0.143068805 1 0
vt 0.313212812 0.94712323 0
vt 0.0361067615 0.0957515165 0
vt 0.129664496 0.175576895 0
vt 0.02678179 0.177240595 0
vt 0.249721795 0.0909405872 0
vt 0.341301888 0.00270855404 0
vt 0.427741408 0.00270855404 0
vt 0.0361072384 0.00270855404 0
vt 0.122134201 0.0945739672 0
vt 0.260998607 0.00270855404 0
vt 0.508146286 0.00270855404 0
vt 0.508147418 0.0764681622 0
vt 0.499484211 0.130976707 0
vt 0.499483794 0.180941895 0
vt 0.036107 0.0957515165 0
vt 0.139026806 0.00270855404 0
vt 0.0361064598 0.00270855404 0
vt -0.000192313993 0.166049302 0
vt -0.000192313993 0.133188799 0
vt 0.516262591 0.110564202 0
vt 0.313212812 0.798210084 0
vt 0.313212812 1 0
vt 0.144850105 0.00270855404 0
vt 0.133592606 0.0886540413 0
vt 0.0724061131 0.133188799 0
vt 0.429832101 0.845804393 0
vt 0.407177806 0.801856995 0
vt 0.402144104 0.842091501 0
vt 0.494138807 0.929470718 0
vt 0.468894809 0.911590278 0
vt 0.470606387 0.932756186 0
vt 0.435927898 0.801607728 0
vt 0.468257308 0.777279377 0
vt 0.4389759 0.779509604 0
vt 0.443241209 0.91689378 0
vt 0.447073996 0.936041713 0
vt 0.409694612 0.781739593 0
vt 0.457060307 0.769531608 0
vt 0.43511039 0.7613644 0
vt 0.420538992 0.884643972 0
vt 0.362098992 0.882344723 0
vt 0.407384902 0.888712883 0
vt 0.382718593 0.839486718 0
vt 0.449505001 0.874684274 0
vt 0.464902192 0.846564412 0
vt 0.413160503 0.753197193 0
vt 0.349869698 0.751132607 0
vt 0.376296014 0.786592305 0
vt 0.495368093 0.801310301 0
vt 0.464678109 0.801358581 0
vt 0.358904392 0.998549521 0
vt 0.39333421 0.948878884 0
vt 0.3505961 0.94775039 0
vt 0.313212812 0.998549521 0
vt 0.385813802 0.914044023 0
vt 0.354873687 0.910915494 0
vt 0.313212812 0.9238379 0
vt 0.386626393 0.921235085 0
vt 0.352411002 0.924120128 0
vt 0.399857193 0.9288854 0
vt 0.387439191 0.928426385 0
vt 0.392108589 0.900671005 0
vt 0.417587608 0.922197402 0
vt 0.403731495 0.942992628 0
vt 0.423541695 0.93932718 0
vt 0.350902408 0.939158499 0
vt 0.381725192 0.80167222 0
vt 0.495368093 0.849372327 0
vt 0.753869116 0.182119101 0
vt 0.66175282 0.180813402 0
vt 0.659110308 0.0899756476 0
vt 0.575563073 0.177170306 0
vt 0.549481273 0.0855166316 0
vt 0.96370101 0.0957515165 0
vt 0.973025918 0.177240595 0
vt 0.870143175 0.175576895 0
vt 0.75008601 0.0909405872 0
vt 0.658505797 0.00270861294 0
vt 0.572066307 0.00270861294 0
vt 0.963700473 0.00270861294 0
vt 0.877673626 0.0945739672 0
vt 0.738809109 0.00270861294 0
vt 0.491660297 0.0764681622 0
vt 0.4916614 0.00270861294 0
vt 0.500324011 0.180941895 0
vt 0.500323474 0.130976707 0
vt 0.963700771 0.0957515165 0
vt 0.963701308 0.00270861294 0
vt 0.860781014 0.00270861294 0
vt 1 0.166049302 0
vt 1 0.133188799 0
vt 0.483545095 0.110564202 0
vt 0.854957581 0.00270861294 0
vt 0.86621511 0.0886540413 0
vt 0.927401721 0.133188799 0
vt 0.402958304 0.998549521 0
vt 0.494548589 0.906286776 0
vt 0.479010403 0.777698815 0
vt 0.375419587 0.751132607 0
vt 0.495368093 0.777279377 0

# 491 vertex normals
vn 0 0.1575405 -0.987512529
vn 0.590451777 0.344804108 -0.729710221
vn 0 0.3198421 -0.947471023
vn 0.992665529 0.0448936187 0.112249397
vn 0.575004399 -0.00210577203 0.8181476
vn 0.980815113 0.142919794 0.132573903
vn 0.633551002 -0.0897573829 0.768477023
vn 0 -0.181468397 0.983396828
vn 0.197429806 0.1719767 -0.965114295
vn 0 -0.226207703 -0.974079072
vn 0 0.174234495 -0.984704316
vn 0.630809724 -0.2263944 -0.742175817
vn 0 -0.256448686 -0.96655792
vn 0.980312705 -0.188182399 0.0597873889
vn 0.644995511 -0.155434906 0.74821192
vn 0 -0.0673859119 0.997726977
vn 0 0.433550388 -0.901129425
vn 0.528990626 0.70618552 -0.470607191
vn 0.32606411 0.675414085 -0.661436379
vn 0.182018504 0.979128122 0.0904293582
vn 0.240522802 0.721690595 -0.649085104
vn 0 0.707716882 0.706496179
vn 0.328785092 0.656593621 0.678811729
vn 0 0.653268576 0.757126272
vn 0.996524215 0.038941741 0.073641412
vn 0.665808976 -0.0818527266 0.741618872
vn 0.996838808 0.0572534204 0.055086609
vn 0.719651401 0.226851895 -0.656231821
vn 0.977176607 0.191815704 -0.0912840888
vn 0.562377512 -0.236493394 -0.792339802
vn 0.958642483 -0.162728995 0.233503297
vn -0.454373598 0.868858278 -0.196545303
vn 0.544577718 0.0341200195 0.838016212
vn 0.197427705 -0.078250818 0.977189422
vn 0.574364305 -0.0262461901 0.818179071
vn 0.0924413204 -0.179816604 0.97934711
vn 0.623603284 0.2347859 -0.74565047
vn 0.661989808 -0.0742529631 -0.745825827
vn 0.604736328 0.0155342203 0.796274304
vn 0 -0.141241893 0.989975095
vn 0.237745106 0.504453003 0.830062985
vn 0 0.145820796 0.989311099
vn 0 0.637722671 -0.770266175
vn 0.643122315 0.633753002 -0.429826498
vn 0.517463624 0.79595691 0.314140499
vn 0.136482403 0.778364778 0.612797618
vn 0.508515 0.858725727 -0.0632668063
vn 0.61745888 0.525322318 -0.585475206
vn 0.425987005 0.623751521 -0.655338883
vn 0.972106874 0.233382493 0.0232558195
vn 0.521974087 0.02057009 -0.852713406
vn 0.692691982 0.225353003 -0.685123324
vn 0.199077293 0.371694505 0.906758785
vn 0.235759407 0.2079871 -0.949293971
vn 0.116644397 0.774638414 0.621554017
vn 0.205119193 0.978566229 0.0182809196
vn 0.293438911 -0.0277110897 -0.955576181
vn 0.58923018 0.329544008 -0.737705112
vn 0.714329422 0.234203294 0.659456074
vn 0.446892887 0.384542108 0.807721615
vn 0.953005791 0.30292809 -0.00381481601
vn 0.764956772 0.132055402 0.63039881
vn 0.633912325 0.499231488 0.590697229
vn 0.741625607 0.670637071 -0.0154123297
vn 0.627206385 0.1121286 0.770739615
vn 0.956365824 0.221108198 -0.190986201
vn 0.430993199 0.688209713 0.583620071
vn 0.343797594 0.329880804 -0.879194021
vn 0.960647225 0.25581041 -0.108250901
vn 0.376057386 0.0301834308 -0.926104724
vn -0.434802413 -0.273632199 0.857946575
vn -0.578306615 -0.400044501 -0.711003602
vn -0.932297826 -0.3344284 0.137763202
vn 0.847028911 0.527676404 -0.0640291497
vn 0.511474192 0.0159310605 -0.859151006
vn 0.506193876 0.260421604 0.82216078
vn -0.194069207 -0.386978805 -0.901434779
vn -0.868426621 -0.495541811 -0.0165414196
vn -0.323382407 0.0368977711 0.945548773
vn 0.956896722 0.288527787 0.0331742689
vn 0.564242721 -0.193431899 -0.802629709
vn 0.514435828 0.487883896 0.705212891
vn -0.483599991 -0.418595105 -0.768706203
vn -0.926416814 -0.336568087 0.168741807
vn -0.36986509 0.0448024794 0.928004622
vn 0.657316208 -0.0499899313 -0.751955211
vn 0.505742729 0.503484309 0.7005198
vn 0.968588591 0.247022599 0.0285659395
vn -0.5629251 -0.562833607 -0.605255127
vn -0.92094928 -0.386770606 0.0475489981
vn -0.542837024 0.174384102 0.821534216
vn 0.693404675 0.545842588 0.4703677
vn 0.970080018 -0.209147304 0.123297103
vn 0.520392001 0.491856009 0.69804728
vn 0.360464096 0.137794897 0.922538996
vn -0.722951114 0.315299213 0.61475867
vn -0.603677511 -0.426907986 -0.673292696
vn -0.964801729 -0.261610091 0.0267958008
vn 0.732945085 -0.238323107 -0.637176394
vn -0.242717907 -0.969559371 0.0322891399
vn -0.514521778 0.109350003 -0.850476325
vn -0.0504792891 -0.723893106 -0.688063085
vn 0.283221006 0.958068073 0.0434902906
vn 0.455500513 0.815445125 -0.357167393
vn -0.143041894 0.988201201 -0.0547508486
vn 0.2357921 0.628087401 0.741558075
vn -0.787158072 -0.261765391 0.558445215
vn -0.150643602 -0.626165986 0.764998615
vn 0.191694602 0.498295993 -0.845549822
vn -0.0184029303 0.562343419 0.826699078
vn -0.955209672 -0.0408036709 -0.293103099
vn -0.583671093 0.808319628 0.0771208405
vn -0.622067273 -0.157141894 0.767032325
vn -0.663544416 -0.747288704 -0.0356156789
vn -0.449422807 -0.695467114 -0.560664594
vn -0.998362005 -0.0556662604 -0.0132146403
vn -0.868836224 0.445816815 0.215339705
vn -0.394707799 -0.918329716 0.0296038296
vn -0.0118108904 -0.691960514 0.721838772
vn -0.400105089 0.168251604 0.900892496
vn -0.542231321 -0.654754877 -0.526575029
vn 0 0.0849042535 0.99638921
vn 0.852332175 0.416399986 0.316450596
vn 0.616544127 0.139257997 0.774906874
vn 0 0.146004394 0.989283979
vn 0.781776309 0.54543668 0.302199692
vn 0.632847071 0.28889519 0.718362093
vn 0 0.595846295 -0.8030985
vn 0.582555413 0.706311822 -0.40218541
vn 0 0.664445281 0.747336984
vn 0.334575415 0.942322671 -0.009338676
vn 0.494588792 0.803928077 0.330275208
vn 0.373319089 0.698844075 0.6101228
vn 0 0.722112119 -0.691776097
vn 0.261609912 0.0805094168 -0.961810112
vn 0.160410702 -0.280413598 -0.946380913
vn 0.959522307 0.257398605 0.114294201
vn 0.64230901 0.133430302 -0.754742086
vn -0.520567477 0.192515597 0.83183372
vn -0.0924413204 -0.179816604 0.97934711
vn 0 -0.00173956098 0.999998629
vn -0.590451777 0.344804108 -0.729710221
vn -0.719651401 0.226851895 -0.656231821
vn -0.992665529 0.0448936187 0.112249397
vn -0.575004399 -0.00210577203 0.8181476
vn -0.633551002 -0.0897573829 0.768477023
vn -0.197429806 0.1719767 -0.965114295
vn -0.562377512 -0.236493394 -0.792339802
vn -0.630809724 -0.2263944 -0.742175817
vn -0.980312705 -0.188182399 0.0597873889
vn -0.644995511 -0.155434906 0.74821192
vn -0.528990626 0.70618552 -0.470607191
vn -0.32606411 0.675414085 -0.661436379
vn -0.240522802 0.721690595 -0.649085104
vn -0.182018504 0.979128122 0.0904293582
vn -0.328785092 0.656593621 0.678811729
vn -0.136482403 0.778364778 0.612797618
vn 0.520567477 0.192515597 0.83183372
vn -0.996524215 0.038941741 0.073641412
vn -0.665808976 -0.0818527266 0.741618872
vn -0.574364305 -0.0262461901 0.818179071
vn -0.980815113 0.142919794 0.132573903
vn -0.977176607 0.191815704 -0.0912840888
vn 0.454373598 0.868858278 -0.196545303
vn -0.958642483 -0.162728995 0.233503297
vn -0.544577718 0.0341200195 0.838016212
vn -0.197427705 -0.078250818 0.977189422
vn -0.623603284 0.2347859 -0.74565047
vn -0.959522307 0.257398605 0.114294201
vn -0.604736328 0.0155342203 0.796274304
vn -0.237745106 0.504453003 0.830062985
vn 0 0.556579292 0.830794573
vn -0.643122315 0.633753002 -0.429826498
vn -0.517463624 0.79595691 0.314140499
vn -0.61745888 0.525322318 -0.585475206
vn -0.508515 0.858725727 -0.0632668063
vn -0.425987005 0.623751521 -0.655338883
vn -0.521974087 0.02057009 -0.852713406
vn -0.972106874 0.233382493 0.0232558195
vn -0.692691982 0.225353003 -0.685123324
vn -0.116644397 0.774638414 0.621554017
vn -0.293438911 -0.0277110897 -0.955576181
vn -0.58923018 0.329544008 -0.737705112
vn -0.343797594 0.329880804 -0.879194021
vn -0.714329422 0.234203294 0.659456074
vn -0.446892887 0.384542108 0.807721615
vn -0.953005791 0.30292809 -0.00381481601
vn -0.764956772 0.132055402 0.63039881
vn -0.633912325 0.499231488 0.590697229
vn -0.741625607 0.670637071 -0.0154123297
vn -0.627206385 0.1121286 0.770739615
vn -0.430993199 0.688209713 0.583620071
vn -0.960647225 0.25581041 -0.108250901
vn -0.956365824 0.221108198 -0.190986201
vn 0.434802413 -0.273632199 0.857946575
vn 0.578306615 -0.400044501 -0.711003602
vn -0.376057386 0.0301834308 -0.926104724
vn -0.847028911 0.527676404 -0.0640291497
vn -0.506193876 0.260421604 0.82216078
vn 0.868426621 -0.495541811 -0.0165414196
vn 0.932297826 -0.3344284 0.137763202
vn -0.511474192 0.0159310605 -0.859151006
vn -0.956896722 0.288527787 0.0331742689
vn -0.514435828 0.487883896 0.705212891
vn 0.323382407 0.0368977711 0.945548773
vn 0.483599991 -0.418595105 -0.768706203
vn 0.194069207 -0.386978805 -0.901434779
vn 0.926416814 -0.336568087 0.168741807
vn -0.657316208 -0.0499899313 -0.751955211
vn -0.564242721 -0.193431899 -0.802629709
vn -0.968588591 0.247022599 0.0285659395
vn -0.505742729 0.503484309 0.7005198
vn 0.36986509 0.0448024794 0.928004622
vn 0.5629251 -0.562833607 -0.605255127
vn 0.92094928 -0.386770606 0.0475489981
vn 0.514521778 0.109350003 -0.850476325
vn 0.242717907 -0.969559371 0.0322891399
vn 0.0504792891 -0.723893106 -0.688063085
vn -0.36049059 0.137793303 0.922528923
vn -0.520414174 0.491848201 0.698036194
vn -0.693404675 0.545842588 0.4703677
vn 0.722951114 0.315299213 0.61475867
vn 0.542837024 0.174384102 0.821534216
vn 0.603677511 -0.426907986 -0.673292696
vn 0.964801729 -0.261610091 0.0267958008
vn 0.955209672 -0.0408036709 -0.293103099
vn 0.150643602 -0.626165986 0.764998615
vn -0.970080018 -0.209147304 0.123297103
vn -0.235820994 0.628082871 0.74155283
vn 0.143041894 0.988201201 -0.0547508486
vn -0.283221006 0.958068073 0.0434902906
vn 0.394707799 -0.918329716 0.0296038296
vn 0.787158072 -0.261765391 0.558445215
vn -0.191694602 0.498295993 -0.845549822
vn 0.0184029303 0.562343419 0.826699078
vn -0.455500513 0.815445125 -0.357167393
vn 0.663544416 -0.747288704 -0.0356156789
vn 0.622067273 -0.157141894 0.767032325
vn 0.583672404 0.808321416 0.0770905018
vn -0.431599885 0.0262157898 0.901684225
vn 0.449422807 -0.695467114 -0.560664594
vn 0.998362005 -0.0556662604 -0.0132146403
vn 0.868836224 0.445816815 0.215339705
vn 0.595680594 -0.785237491 0.1690173
vn 0.506999016 -0.603045523 -0.615863919
vn 0.0118108904 -0.691960514 0.721838772
vn 0.400105089 0.168251604 0.900892496
vn -0.852332175 0.416399986 0.316450596
vn -0.616544127 0.139257997 0.774906874
vn -0.781776309 0.54543668 0.302199692
vn -0.582555413 0.706311822 -0.40218541
vn -0.632847071 0.28889519 0.718362093
vn -0.334575415 0.942322671 -0.009338676
vn -0.494588792 0.803928077 0.330275208
vn -0.261609912 0.0805094168 -0.961810112
vn -0.661989808 -0.0742529631 -0.745825827
vn -0.160410702 -0.280413598 -0.946380913
vn -0.996838808 0.0572534204 0.055086609
vn 0 -0.289256811 0.957251608
vn -0.00158697297 0.878808379 0.477172107
vn 0.431599885 0.0262157898 0.901684225
vn 0.39015469 -0.437916905 0.809943318
vn 0.838968813 -0.0619231388 0.540645003
vn 0.637518227 0.3201783 -0.700754285
vn -0.0707443282 0.402003706 -0.912901103
vn 0.00158697297 0.878808379 0.477172107
vn -0.39015469 -0.437916905 0.809943318
vn -0.838968813 -0.0619231388 0.540645003
vn -0.637504518 0.320171386 -0.700769782
vn -0.732945085 -0.238323107 -0.637176394
vn 0.0707423612 0.40199241 -0.91290611
vn -0.507021606 -0.603036225 -0.615854323
vn -0.595680594 -0.785237491 0.1690173
vn 0.723909616 -0.149817497 0.673431218
vn 0.999602318 0.0242628995 -0.01437461
vn 0.238172904 0.108496301 -0.965143681
vn 0.627667427 0.1420995 -0.765402675
vn -0.723909616 -0.149817497 0.673431218
vn -0.296520591 -0.141637698 0.944465101
vn -0.238172904 0.108496301 -0.965143681
vn -0.64230901 0.133430302 -0.754742086
vn -0.999602318 0.0242628995 -0.01437461
vn 0 -0.0863082409 0.99626857
vn 0 -0.0319530889 0.999489427
vn 0 0.0741920397 -0.997244
vn 0 -0.350635111 -0.936512172
vn 0 0.101657897 -0.994819403
vn 0 0.25380069 -0.967256606
vn 0.296520591 -0.141637698 0.944465101
vn 0 0.983346701 -0.181739494
vn -0.205119193 0.978566229 0.0182809196
vn -0.199077293 0.371694505 0.906758785
vn -0.235759407 0.2079871 -0.949293971
vn 0.542231321 -0.654754877 -0.526575029
vn -0.373345405 0.698836207 0.610115886
vn -0.627667427 0.1420995 -0.765402675
vn -0.535065413 -0.249343202 0.807176113
vn -0.993214905 -0.1149351 -0.0177315995
vn -0.634342194 -0.193461403 0.748453617
vn -0.621921897 -0.264205396 0.737162709
vn 0.361808211 -0.359397203 0.860191107
vn 0.968054175 -0.212196693 0.133580506
vn 0.398616701 -0.276294112 0.874509215
vn 0.376147091 -0.388263196 0.841287792
vn -0.992259026 0.124058999 -0.00561541319
vn -0.999544501 -0.00973540545 -0.0285653397
vn 0.364367694 -0.429953188 0.826060772
vn 0.966577113 -0.229230493 0.114813603
vn 0.598850787 -0.00192266703 -0.800858378
vn -0.539421916 0.122930199 -0.833013892
vn -0.53027308 0.0287796799 -0.847338319
vn -0.607788503 -0.193186104 0.770241797
vn -0.658143878 -0.237774104 0.714360118
vn 0.438803703 -0.289534807 0.850659192
vn 0.950972617 -0.265271306 0.159004003
vn 0.662178099 -0.0235913899 -0.748975098
vn -0.406025201 0.36210829 -0.839059711
vn -0.993394375 0.0853006765 -0.0767553374
vn -0.976038873 0.216595694 -0.0208446905
vn 0.979276001 -0.115729503 0.166208595
vn 0.970456779 -0.166453004 0.174662694
vn 0.701535583 0.229379207 -0.674709618
vn 0.6933617 0.117528699 -0.710940599
vn -0.982087314 -0.0499604307 -0.181682602
vn -0.526302218 -0.0524928495 0.848675728
vn 0.503202081 -0.119818702 0.855822027
vn 0.987809777 -0.108983502 0.111150302
vn -0.423787892 0.175515205 -0.888593376
vn -0.401547492 0.440002292 -0.803217113
vn 0.639474511 0.0368064605 -0.767930925
vn -0.672798812 -0.0582308695 0.73753041
vn -0.429802388 -0.133338496 -0.893023372
vn 0.700993001 -0.185342401 -0.688663304
vn 0.45900929 -0.367451608 -0.808881879
vn -0.986948371 -0.159674495 0.0209053699
vn -0.528141201 -0.0820976421 -0.845178604
vn 0.780383885 -0.532992721 0.326986015
vn 0 -0.879181206 0.476487607
vn 0 -0.771344125 -0.636418402
vn 0 -0.767703176 0.640805602
vn 0.68781662 0.381035209 0.617835522
vn -0.785599113 0.610478997 0.100744396
vn -0.0457481109 0.948991179 0.311966091
vn -0.733588994 0.673222125 0.092839241
vn 0.617741585 -0.617100716 0.487424105
vn -0.000213635984 -1 0.000366232969
vn 0.770728111 -0.637146175 -0.00482195616
vn -0.0296341702 0.966819286 0.253737003
vn 0.68711102 0.475001991 0.54977423
vn 0.712716579 0.67758888 0.181406602
vn 0.000122073994 -1 -0.000152592984
vn 0.720010281 -0.671576202 -0.174844801
vn 0.745001316 0.6495682 0.151771396
vn -0.711294293 -0.697468817 -0.0871645212
vn -0.947493672 0.133306995 -0.290663213
vn -0.771546721 -0.633296371 -0.060427241
vn -0.759042501 0.614320576 0.215556905
vn -0.750314891 -0.661076725 -0.0022889371
vn -0.703276396 0.47630769 0.527762473
vn 0.644353271 -0.763927817 -0.0349750482
vn 0.998383224 0.056123551 -0.00900292303
vn 0.842357516 0.472191513 0.259748012
vn -0.0421779715 -0.616280615 0.786396503
vn -0.0359821282 0.573517025 0.818403125
vn 0.71133101 -0.647302628 -0.273875207
vn 0.661054909 0.04193395 -0.749164999
vn 0.993865013 0.107580997 0.0256668292
vn 0.728747129 0.0568579994 -0.682418406
vn -0.599581301 -0.56372112 -0.568085372
vn -0.756913126 -0.00173956098 -0.653513193
vn -0.974312127 -0.0961341187 -0.203651801
vn -0.489128888 -0.0570706092 -0.870342374
vn -0.761310518 0.56613791 0.316060603
vn -0.118354298 -0.591222107 -0.797777414
vn -0.402946413 -0.0733073279 -0.912283003
vn -0.00192266703 -0.999993205 -0.00314342906
vn 0.317859411 -0.670266807 -0.67060262
vn -0.79430902 -0.560527205 -0.2342702
vn 0.00259411288 -0.999996722 -0.000305192982
vn 0.623508096 -0.778973103 0.0666235015
vn 0.0286877695 0.0136114303 -0.999495804
vn 0.0594814382 0.880533695 0.47023651
vn -0.619903326 -0.641877115 0.451346487
vn 0.535065413 -0.249343202 0.807176113
vn 0.993214905 -0.1149351 -0.0177315995
vn 0.621921897 -0.264205396 0.737162709
vn 0.634342194 -0.193461403 0.748453617
vn -0.361808211 -0.359397203 0.860191107
vn -0.398616701 -0.276294112 0.874509215
vn -0.968054175 -0.212196693 0.133580506
vn -0.376147091 -0.388263196 0.841287792
vn 0.992259026 0.124058999 -0.00561541319
vn 0.999544501 -0.00973540545 -0.0285653397
vn -0.364367694 -0.429953188 0.826060772
vn -0.966577113 -0.229230493 0.114813603
vn -0.598850787 -0.00192266703 -0.800858378
vn 0.53027308 0.0287796799 -0.847338319
vn 0.539421916 0.122930199 -0.833013892
vn 0.658143878 -0.237774104 0.714360118
vn 0.607788503 -0.193186104 0.770241797
vn -0.438803703 -0.289534807 0.850659192
vn -0.950972617 -0.265271306 0.159004003
vn -0.662178099 -0.0235913899 -0.748975098
vn 0.406025201 0.36210829 -0.839059711
vn 0.993394375 0.0853006765 -0.0767553374
vn 0.976038873 0.216595694 -0.0208446905
vn -0.970456779 -0.166453004 0.174662694
vn -0.979276001 -0.115729503 0.166208595
vn -0.701535583 0.229379207 -0.674709618
vn -0.6933617 0.117528699 -0.710940599
vn 0.982087314 -0.0499604307 -0.181682602
vn 0.526302218 -0.0524928495 0.848675728
vn -0.503202081 -0.119818702 0.855822027
vn -0.987809777 -0.108983502 0.111150302
vn 0.401547492 0.440002292 -0.803217113
vn 0.423787892 0.175515205 -0.888593376
vn -0.639474511 0.0368064605 -0.767930925
vn 0.672798812 -0.0582308695 0.73753041
vn 0.429802388 -0.133338496 -0.893023372
vn -0.700993001 -0.185342401 -0.688663304
vn -0.45900929 -0.367451608 -0.808881879
vn 0.986948371 -0.159674495 0.0209053699
vn 0.528141201 -0.0820976421 -0.845178604
vn -0.780383885 -0.532992721 0.326986015
vn -0.68781662 0.381035209 0.617835522
vn 0.0457481109 0.948991179 0.311966091
vn 0.785599113 0.610478997 0.100744396
vn 0.733588994 0.673222125 0.092839241
vn 0.000213635984 -1 0.000366232969
vn -0.617741585 -0.617100716 0.487424105
vn -0.770728111 -0.637146175 -0.00482195616
vn 0.0296341702 0.966819286 0.253737003
vn -0.68711102 0.475001991 0.54977423
vn 0.0359821282 0.573517025 0.818403125
vn -0.000122073994 -1 -0.000152592984
vn -0.720010281 -0.671576202 -0.174844801
vn -0.712716579 0.67758888 0.181406602
vn -0.745001316 0.6495682 0.151771396
vn 0.711294293 -0.697468817 -0.0871645212
vn 0.750314891 -0.661076725 -0.0022889371
vn 0.947493672 0.133306995 -0.290663213
vn 0.771546721 -0.633296371 -0.060427241
vn 0.79430902 -0.560527205 -0.2342702
vn 0.703276396 0.47630769 0.527762473
vn 0.619903326 -0.641877115 0.451346487
vn -0.998383224 0.056123551 -0.00900292303
vn -0.644353271 -0.763927817 -0.0349750482
vn -0.842357516 0.472191513 0.259748012
vn 0.0421779715 -0.616280615 0.786396503
vn -0.71133101 -0.647302628 -0.273875207
vn -0.623508096 -0.778973103 0.0666235015
vn -0.993865013 0.107580997 0.0256668292
vn -0.661054909 0.04193395 -0.749164999
vn 0.599581301 -0.56372112 -0.568085372
vn 0.756913126 -0.00173956098 -0.653513193
vn 0.974312127 -0.0961341187 -0.203651801
vn 0.489128888 -0.0570706092 -0.870342374
vn 0.761310518 0.56613791 0.316060603
vn 0.118354298 -0.591222107 -0.797777414
vn 0.402946413 -0.0733073279 -0.912283003
vn 0.00192266703 -0.999993205 -0.00314342906
vn -0.317859411 -0.670266807 -0.67060262
vn -0.00259411288 -0.999996722 -0.000305192982
vn -0.0286877695 0.0136114303 -0.999495804
vn -0.0594814382 0.880533695 0.47023651
vn 0.759042501 0.614320576 0.215556905
vn -0.728747129 0.0568579994 -0.682418406
vn -0.996838808 -0.0572534204 -0.055086609
vn -0.665808976 0.0818527266 -0.741618872
vn -0.197427705 0.078250818 -0.977189422
vn -0.261609912 -0.0805094168 0.961810112
vn -0.64230901 -0.133430302 0.754742086
vn 0.665808976 0.0818527266 -0.741618872
vn 0.197427705 0.078250818 -0.977189422
vn 0.261609912 -0.0805094168 0.961810112
vn 0.996838808 -0.0572534204 -0.055086609
vn -0.999602318 -0.0242628995 0.01437461
vn -0.723909616 0.149817497 -0.673431218
vn -0.238172904 -0.108496301 0.965143681
vn -0.627667427 -0.1420995 0.765402675
vn 0.723909616 0.149817497 -0.673431218
vn 0.296520591 0.141637698 -0.944465101
vn 0.238172904 -0.108496301 0.965143681
vn 0.64230901 -0.133430302 0.754742086
vn 0.999602318 -0.0242628995 0.01437461
vn 0 0.0319530889 -0.999489427
vn 0 0.0863082409 -0.99626857
vn 0 -0.0741920397 0.997244
vn 0 -0.101657897 0.994819403
vn -0.296520591 0.141637698 -0.944465101
vn 0.627667427 -0.1420995 0.765402675

# Mesh 'Cube_032-mesh' with 932 faces
g Cube_032-mesh
usemtl Skin
f  1/1/1 2/2/2 3/3/3
f  4/4/4 5/5/5 6/6/6
f  7/7/7 8/8/8 9/5/5
f  10/9/9 11/10/10 12/11/11
f  13/10/10 14/12/12 15/13/13
f  16/14/14 17/7/7 18/4/4
f  19/15/15 20/16/16 21/7/7
f  22/17/17 23/18/18 24/19/19
f  25/20/20 26/21/21 27/19/19
f  28/22/22 29/23/23 30/24/24
f  31/25/25 32/26/26 33/27/27
f  34/28/28 35/6/6 36/2/2
f  37/12/12 38/4/4 39/29/28
f  40/30/29 41/12/12 42/31/30
f  43/32/31 44/33/32 45/34/33
f  46/35/34 47/36/35 48/37/36
f  49/38/37 50/25/25 51/39/38
f  52/12/12 53/1/1 54/13/13
f  55/40/39 56/41/40 57/15/15
f  58/32/31 59/15/15 60/14/14
f  61/42/41 62/43/42 63/40/39
f  64/44/43 65/45/44 66/18/18
f  67/19/19 68/46/45 69/20/20
f  70/47/46 71/48/45 72/23/23
f  73/49/47 74/50/48 75/51/49
f  76/52/50 77/53/51 78/54/52
f  79/31/30 80/33/32 81/30/29
f  82/42/41 83/34/33 84/55/53
f  85/9/9 86/21/21 87/56/54
f  88/57/20 89/58/55 90/59/56
f  91/19/19 92/11/11 93/17/17
f  94/22/22 95/42/41 96/47/46
f  97/60/57 98/61/58 99/54/52
f  100/62/33 101/63/59 102/64/60
f  103/42/41 104/58/55 105/47/46
f  106/9/9 107/65/57 108/31/30
f  109/66/61 110/67/62 111/52/50
f  112/66/61 113/54/52 114/61/58
f  115/68/63 116/66/61 117/69/64
f  118/69/64 119/61/58 120/50/48
f  121/52/50 122/70/65 123/71/66
f  124/64/60 125/68/63 126/72/67
f  127/73/68 128/50/48 129/61/58
f  130/72/67 131/69/64 132/49/47
f  133/53/51 134/74/69 135/75/70
f  136/70/65 137/74/69 138/71/66
f  139/67/62 140/76/71 141/70/65
f  142/60/57 143/53/51 144/77/72
f  145/78/32 146/76/71 147/62/33
f  148/79/32 149/77/72 150/80/73
f  151/75/70 152/81/74 153/82/75
f  154/83/76 155/81/74 156/74/69
f  157/76/71 158/83/76 159/70/65
f  160/77/72 161/75/70 162/84/77
f  163/76/71 164/85/78 165/86/79
f  166/77/72 167/87/78 168/80/73
f  169/82/75 170/88/80 171/89/81
f  172/90/82 173/88/80 174/81/74
f  175/86/79 176/90/82 177/83/76
f  178/75/70 179/91/83 180/84/77
f  181/86/79 182/92/84 183/93/85
f  184/87/78 185/91/83 186/94/84
f  187/88/80 188/95/86 189/89/81
f  190/96/87 191/97/88 192/88/80
f  193/93/85 194/96/87 195/90/82
f  196/82/75 197/98/89 198/91/83
f  199/93/85 200/99/90 201/100/91
f  202/91/83 203/101/90 204/94/84
f  205/102/92 206/103/93 207/97/88
f  208/102/92 209/104/94 210/105/95
f  211/96/87 212/106/96 213/102/92
f  214/89/81 215/107/97 216/98/89
f  217/100/91 218/108/98 219/106/96
f  220/101/90 221/107/97 222/109/98
f  223/95/86 224/110/93 225/111/99
f  226/112/100 227/113/101 228/114/102
f  229/115/103 230/116/104 231/117/105
f  232/118/106 233/119/107 234/120/108
f  235/121/109 236/113/101 237/116/104
f  238/122/105 239/123/107 240/124/110
f  241/125/104 242/126/111 243/122/105
f  244/127/112 245/128/113 246/129/114
f  247/95/86 248/130/115 249/107/97
f  250/131/113 251/132/95 252/133/114
f  253/118/106 254/134/105 255/135/110
f  256/129/114 257/136/116 258/137/117
f  259/138/108 260/139/111 261/112/100
f  262/106/96 263/140/118 264/141/112
f  265/106/96 266/104/94 267/102/92
f  268/136/116 269/142/119 270/143/120
f  271/105/95 272/143/120 273/144/119
f  274/133/114 275/145/119 276/146/121
f  277/137/117 278/143/120 279/104/94
f  280/23/23 281/147/122 282/24/24
f  283/18/18 284/148/123 285/46/45
f  286/48/45 287/149/124 288/23/23
f  289/149/124 290/150/125 291/147/122
f  292/45/44 293/151/126 294/148/123
f  295/149/124 296/152/126 297/153/127
f  298/154/128 299/155/129 300/45/44
f  301/153/127 302/156/130 303/150/125
f  304/151/126 305/157/131 306/157/132
f  307/153/127 308/156/132 309/156/133
f  310/158/134 311/157/131 312/155/129
f  313/39/38 314/159/135 315/160/136
f  316/161/137 317/36/35 318/25/25
f  319/39/38 320/27/27 321/162/138
f  322/163/139 323/164/140 324/165/141
f  325/166/1 326/167/142 327/168/143
f  328/169/144 329/170/145 330/171/146
f  331/171/146 332/8/8 333/16/16
f  334/172/147 335/173/10 336/174/148
f  337/173/10 338/175/149 339/174/148
f  340/176/150 341/171/146 342/177/151
f  343/177/151 344/16/16 345/41/40
f  346/178/152 347/179/17 348/180/153
f  349/181/154 350/182/155 351/180/153
f  352/22/22 353/183/156 354/184/157
f  355/5/5 356/165/141 357/185/158
f  358/186/159 359/187/160 360/188/161
f  361/189/143 362/190/162 363/191/144
f  364/175/149 365/192/144 366/176/150
f  367/175/149 368/193/163 369/174/148
f  370/194/164 371/195/165 372/196/166
f  373/170/145 374/165/141 375/8/8
f  376/188/161 377/197/167 378/164/140
f  379/198/168 380/186/159 381/199/169
f  382/166/1 383/175/149 384/200/13
f  385/201/170 386/41/40 387/43/42
f  388/177/151 389/195/165 390/176/150
f  391/202/171 392/43/42 393/203/172
f  394/204/173 395/205/43 396/178/152
f  397/206/174 398/180/153 399/182/155
f  400/184/157 401/207/174 402/208/155
f  403/50/175 404/49/176 405/51/177
f  406/53/178 407/52/179 408/54/180
f  409/194/164 410/174/148 411/193/163
f  412/202/171 413/196/166 414/201/170
f  415/172/147 416/181/154 417/180/153
f  418/208/155 419/209/181 420/184/157
f  421/180/153 422/210/11 423/172/147
f  424/202/171 425/22/22 426/184/157
f  427/60/182 428/61/183 429/73/184
f  430/63/185 431/62/166 432/64/186
f  433/209/181 434/202/171 435/184/157
f  436/211/182 437/172/147 438/174/148
f  439/66/187 440/67/188 441/63/185
f  442/54/180 443/66/187 444/61/183
f  445/66/187 446/68/189 447/69/190
f  448/61/183 449/69/190 450/50/175
f  451/52/179 452/70/191 453/67/188
f  454/68/189 455/64/186 456/72/192
f  457/73/184 458/50/175 459/51/177
f  460/69/190 461/72/192 462/49/176
f  463/53/178 464/74/193 465/71/194
f  466/74/193 467/70/191 468/71/194
f  469/67/188 470/76/195 471/62/166
f  472/60/182 473/53/178 474/54/180
f  475/76/195 476/78/164 477/62/166
f  478/79/164 479/77/196 480/60/182
f  481/75/197 482/81/198 483/74/193
f  484/81/198 485/83/199 486/74/193
f  487/83/199 488/76/195 489/70/191
f  490/77/196 491/75/197 492/53/178
f  493/76/195 494/85/200 495/212/201
f  496/87/200 497/77/196 498/80/201
f  499/82/202 500/88/203 501/81/198
f  502/88/203 503/90/204 504/81/198
f  505/90/204 506/86/205 507/83/199
f  508/91/206 509/75/197 510/84/207
f  511/86/205 512/92/208 513/85/200
f  514/87/200 515/91/206 516/84/207
f  517/95/209 518/88/203 519/89/210
f  520/97/211 521/96/212 522/88/203
f  523/96/212 524/93/213 525/90/204
f  526/98/214 527/82/202 528/91/206
f  529/93/213 530/99/215 531/92/208
f  532/101/215 533/91/206 534/94/208
f  535/113/216 536/112/217 537/114/218
f  538/105/219 539/104/220 540/102/221
f  541/96/212 542/106/222 543/100/223
f  544/107/224 545/89/210 546/98/214
f  547/100/223 548/108/225 549/99/215
f  550/101/215 551/107/224 552/98/214
f  553/139/226 554/138/227 555/112/217
f  556/103/228 557/102/221 558/97/211
f  559/118/229 560/134/230 561/213/231
f  562/214/232 563/107/224 564/109/225
f  565/119/233 566/118/229 567/120/227
f  568/121/234 569/113/216 570/114/218
f  571/123/233 572/122/230 573/124/235
f  574/126/226 575/125/236 576/122/230
f  577/129/237 578/128/238 579/141/239
f  580/106/222 581/140/232 582/108/225
f  583/131/238 584/132/219 585/215/240
f  586/130/241 587/95/209 588/107/224
f  589/136/242 590/129/237 591/137/243
f  592/216/244 593/114/102 594/217/245
f  595/95/209 596/110/228 597/97/211
f  598/104/220 599/106/222 600/102/221
f  601/142/246 602/136/242 603/143/247
f  604/105/219 605/143/247 606/104/220
f  607/133/237 608/145/246 609/132/219
f  610/143/247 611/137/243 612/104/220
f  613/147/122 614/183/156 615/24/24
f  616/218/248 617/178/152 618/206/174
f  619/219/249 620/207/174 621/183/156
f  622/150/125 623/219/249 624/147/122
f  625/220/250 626/204/173 627/218/248
f  628/219/249 629/221/250 630/222/248
f  631/223/251 632/224/128 633/204/173
f  634/156/130 635/225/252 636/150/125
f  637/220/250 638/226/253 639/223/251
f  640/225/252 641/156/254 642/221/250
f  643/226/253 644/227/134 645/223/251
f  646/228/255 647/229/256 648/230/257
f  649/199/169 650/188/161 651/163/139
f  652/229/256 653/231/258 654/186/159
f  655/185/158 656/37/36 657/36/35
f  658/2/2 659/161/137 660/38/37
f  661/5/5 662/161/137 663/6/6
f  664/167/142 665/199/169 666/190/162
f  667/199/169 668/170/145 669/190/162
f  670/232/259 671/165/141 672/164/140
f  673/232/259 674/37/36 675/165/141
f  676/141/112 677/233/260 678/234/113
f  679/215/261 680/235/262 681/236/263
f  682/130/115 683/237/264 684/238/118
f  685/239/264 686/141/112 687/140/118
f  688/240/265 689/111/99 690/217/245
f  691/241/262 692/131/113 693/242/260
f  694/216/244 695/111/99 696/110/93
f  697/243/263 698/216/244 699/103/93
f  700/107/97 701/238/118 702/109/98
f  703/242/266 704/244/239 705/245/238
f  706/246/267 707/247/240 708/248/268
f  709/237/269 710/130/241 711/214/232
f  712/249/239 713/239/269 714/140/232
f  715/111/270 716/240/271 717/217/272
f  718/131/238 719/241/267 720/242/266
f  721/111/270 722/216/273 723/110/228
f  724/216/273 725/243/268 726/103/228
f  727/115/231 728/116/236 729/121/234
f  730/237/264 731/121/109 732/115/103
f  733/242/260 734/120/108 735/241/262
f  736/217/245 737/121/109 738/240/265
f  739/242/260 740/213/103 741/118/106
f  742/216/244 743/138/108 744/112/100
f  745/114/218 746/216/273 747/217/272
f  748/216/273 749/138/227 750/246/267
f  751/242/266 752/213/231 753/239/269
f  754/120/227 755/242/266 756/241/267
f  757/121/234 758/217/272 759/240/271
f  760/237/269 761/121/234 762/250/271
f  763/27/27 764/251/274 765/252/275
f  766/162/138 767/253/276 768/159/135
f  769/162/138 770/252/275 771/254/277
f  772/231/258 773/255/278 774/187/160
f  775/187/160 776/256/279 777/197/167
f  778/257/280 779/258/281 780/228/255
f  781/258/281 782/259/282 783/231/258
f  784/197/167 785/260/283 786/261/284
f  787/261/284 788/164/140 789/197/167
f  790/160/136 791/262/285 792/263/286
f  793/264/285 794/230/257 795/265/286
f  796/266/287 797/228/255 798/264/285
f  799/159/135 800/267/287 801/262/285
f  802/38/37 803/160/136 804/268/288
f  805/230/257 806/198/168 807/269/288
f  808/38/37 809/3/3 810/2/2
f  811/270/3 812/198/168 813/167/142
f  814/230/257 815/269/288 816/265/286
f  817/263/286 818/268/288 819/160/136
f  820/26/26 821/271/289 822/251/274
f  823/260/283 824/35/34 825/261/284
f  826/261/284 827/37/36 828/232/259
f  829/201/170 830/196/166 831/195/165
f  832/193/163 833/176/150 834/195/165
f  835/40/39 836/32/31 837/34/33
f  838/30/29 839/32/31 840/14/14
f  841/1/1 842/28/28 843/2/2
f  844/4/4 845/7/7 846/5/5
f  847/7/7 848/16/16 849/8/8
f  850/9/9 851/31/30 852/10/10
f  853/10/10 854/31/30 855/12/12
f  856/14/14 857/15/15 858/7/7
f  859/15/15 860/41/40 861/16/16
f  862/17/17 863/44/43 864/18/18
f  865/20/20 866/272/56 867/21/21
f  868/22/22 869/47/46 870/23/23
f  871/25/25 872/36/35 873/26/26
f  874/28/28 875/4/4 876/6/6
f  877/12/12 878/14/14 879/4/4
f  880/30/29 881/14/14 882/12/12
f  883/32/31 884/30/29 885/33/32
f  886/35/34 887/26/26 888/36/35
f  889/38/37 890/161/137 891/25/25
f  892/12/12 893/29/28 894/1/1
f  895/40/39 896/43/42 897/41/40
f  898/32/31 899/40/39 900/15/15
f  901/42/41 902/203/172 903/43/42
f  904/44/43 905/154/128 906/45/44
f  907/19/19 908/18/18 909/46/45
f  910/47/46 911/57/20 912/48/45
f  913/49/47 914/69/64 915/50/48
f  916/52/50 917/71/66 918/53/51
f  919/31/30 920/65/57 921/33/32
f  922/42/41 923/40/39 924/34/33
f  925/9/9 926/19/19 927/21/21
f  928/57/20 929/47/46 930/58/55
f  931/19/19 932/9/9 933/11/11
f  934/22/22 935/203/172 936/42/41
f  937/60/57 938/73/68 939/61/58
f  940/62/33 941/67/62 942/63/59
f  943/42/41 944/55/53 945/58/55
f  946/9/9 947/56/54 948/65/57
f  949/66/61 950/63/59 951/67/62
f  952/66/61 953/52/50 954/54/52
f  955/68/63 956/63/59 957/66/61
f  958/69/64 959/66/61 960/61/58
f  961/52/50 962/67/62 963/70/65
f  964/64/60 965/63/59 966/68/63
f  967/73/68 968/51/49 969/50/48
f  970/72/67 971/68/63 972/69/64
f  973/53/51 974/71/66 975/74/69
f  976/70/65 977/83/76 978/74/69
f  979/67/62 980/62/33 981/76/71
f  982/60/57 983/54/52 984/53/51
f  985/78/32 986/212/73 987/76/71
f  988/79/32 989/60/57 990/77/72
f  991/75/70 992/74/69 993/81/74
f  994/83/76 995/90/82 996/81/74
f  997/76/71 998/86/79 999/83/76
f  1000/77/72 1001/53/51 1002/75/70
f  1003/76/71 1004/212/73 1005/85/78
f  1006/77/72 1007/84/77 1008/87/78
f  1009/82/75 1010/81/74 1011/88/80
f  1012/90/82 1013/96/87 1014/88/80
f  1015/86/79 1016/93/85 1017/90/82
f  1018/75/70 1019/82/75 1020/91/83
f  1021/86/79 1022/85/78 1023/92/84
f  1024/87/78 1025/84/77 1026/91/83
f  1027/88/80 1028/97/88 1029/95/86
f  1030/96/87 1031/102/92 1032/97/88
f  1033/93/85 1034/100/91 1035/96/87
f  1036/82/75 1037/89/81 1038/98/89
f  1039/93/85 1040/92/84 1041/99/90
f  1042/91/83 1043/98/89 1044/101/90
f  1045/102/92 1046/243/263 1047/103/93
f  1048/105/95 1049/273/261 1050/243/263
f  1051/243/263 1052/102/92 1053/105/95
f  1054/96/87 1055/100/91 1056/106/96
f  1057/89/81 1058/95/86 1059/107/97
f  1060/100/91 1061/99/90 1062/108/98
f  1063/101/90 1064/98/89 1065/107/97
f  1066/95/86 1067/97/88 1068/110/93
f  1069/112/100 1070/139/111 1071/113/101
f  1072/115/103 1073/121/109 1074/116/104
f  1075/118/106 1076/135/110 1077/119/107
f  1078/121/109 1079/114/102 1080/113/101
f  1081/122/105 1082/126/111 1083/123/107
f  1084/125/104 1085/274/101 1086/126/111
f  1087/137/117 1088/106/96 1089/129/114
f  1090/106/96 1091/127/112 1092/129/114
f  1093/95/86 1094/111/99 1095/130/115
f  1096/131/113 1097/215/261 1098/132/95
f  1099/118/106 1100/213/103 1101/134/105
f  1102/129/114 1103/275/121 1104/136/116
f  1105/138/108 1106/119/107 1107/139/111
f  1108/106/96 1109/108/98 1110/140/118
f  1111/106/96 1112/137/117 1113/104/94
f  1114/136/116 1115/276/121 1116/142/119
f  1117/105/95 1118/104/94 1119/143/120
f  1120/133/114 1121/132/95 1122/145/119
f  1123/137/117 1124/136/116 1125/143/120
f  1126/23/23 1127/149/124 1128/147/122
f  1129/18/18 1130/45/44 1131/148/123
f  1132/48/45 1133/277/123 1134/149/124
f  1135/149/124 1136/153/127 1137/150/125
f  1138/45/44 1139/155/129 1140/151/126
f  1141/149/124 1142/277/123 1143/152/126
f  1144/154/128 1145/158/134 1146/155/129
f  1147/153/127 1148/156/133 1149/156/130
f  1150/151/126 1151/155/129 1152/157/131
f  1153/153/127 1154/152/126 1155/156/132
f  1156/158/134 1157/157/290 1158/157/131
f  1159/39/38 1160/162/138 1161/159/135
f  1162/161/137 1163/185/158 1164/36/35
f  1165/39/38 1166/25/25 1167/27/27
f  1168/163/139 1169/188/161 1170/164/140
f  1171/166/1 1172/270/3 1173/167/142
f  1174/169/144 1175/190/162 1176/170/145
f  1177/171/146 1178/170/145 1179/8/8
f  1180/172/147 1181/210/11 1182/173/10
f  1183/173/10 1184/200/13 1185/175/149
f  1186/176/150 1187/169/144 1188/171/146
f  1189/177/151 1190/171/146 1191/16/16
f  1192/178/152 1193/205/43 1194/179/17
f  1195/181/154 1196/278/291 1197/182/155
f  1198/22/22 1199/24/24 1200/183/156
f  1201/5/5 1202/8/8 1203/165/141
f  1204/186/159 1205/231/258 1206/187/160
f  1207/189/143 1208/167/142 1209/190/162
f  1210/175/149 1211/279/143 1212/192/144
f  1213/175/149 1214/176/150 1215/193/163
f  1216/194/164 1217/193/163 1218/195/165
f  1219/170/145 1220/163/139 1221/165/141
f  1222/188/161 1223/187/160 1224/197/167
f  1225/198/168 1226/229/256 1227/186/159
f  1228/166/1 1229/280/143 1230/175/149
f  1231/201/170 1232/177/151 1233/41/40
f  1234/177/151 1235/201/170 1236/195/165
f  1237/202/171 1238/201/170 1239/43/42
f  1240/204/173 1241/224/128 1242/205/43
f  1243/206/174 1244/178/152 1245/180/153
f  1246/184/157 1247/183/156 1248/207/174
f  1249/50/175 1250/69/190 1251/49/176
f  1252/53/178 1253/71/194 1254/52/179
f  1255/194/164 1256/211/182 1257/174/148
f  1258/202/171 1259/281/292 1260/196/166
f  1261/172/147 1262/282/293 1263/181/154
f  1264/208/155 1265/283/291 1266/209/181
f  1267/180/153 1268/179/17 1269/210/11
f  1270/202/171 1271/203/172 1272/22/22
f  1273/60/182 1274/54/180 1275/61/183
f  1276/63/185 1277/67/188 1278/62/166
f  1279/209/181 1280/281/292 1281/202/171
f  1282/211/182 1283/282/293 1284/172/147
f  1285/66/187 1286/52/179 1287/67/188
f  1288/54/180 1289/52/179 1290/66/187
f  1291/66/187 1292/63/185 1293/68/189
f  1294/61/183 1295/66/187 1296/69/190
f  1297/52/179 1298/71/194 1299/70/191
f  1300/68/189 1301/63/185 1302/64/186
f  1303/73/184 1304/61/183 1305/50/175
f  1306/69/190 1307/68/189 1308/72/192
f  1309/53/178 1310/75/197 1311/74/193
f  1312/74/193 1313/83/199 1314/70/191
f  1315/67/188 1316/70/191 1317/76/195
f  1318/60/182 1319/77/196 1320/53/178
f  1321/76/195 1322/212/201 1323/78/164
f  1324/79/164 1325/80/201 1326/77/196
f  1327/75/197 1328/82/202 1329/81/198
f  1330/81/198 1331/90/204 1332/83/199
f  1333/83/199 1334/86/205 1335/76/195
f  1336/77/196 1337/84/207 1338/75/197
f  1339/76/195 1340/86/205 1341/85/200
f  1342/87/200 1343/84/207 1344/77/196
f  1345/82/202 1346/89/210 1347/88/203
f  1348/88/203 1349/96/212 1350/90/204
f  1351/90/204 1352/93/213 1353/86/205
f  1354/91/206 1355/82/202 1356/75/197
f  1357/86/205 1358/93/213 1359/92/208
f  1360/87/200 1361/94/208 1362/91/206
f  1363/95/209 1364/97/211 1365/88/203
f  1366/97/211 1367/102/221 1368/96/212
f  1369/96/212 1370/100/223 1371/93/213
f  1372/98/214 1373/89/210 1374/82/202
f  1375/93/213 1376/100/223 1377/99/215
f  1378/101/215 1379/98/214 1380/91/206
f  1381/113/216 1382/139/226 1383/112/217
f  1384/102/221 1385/243/268 1386/105/219
f  1387/243/268 1388/273/240 1389/105/219
f  1390/96/212 1391/102/221 1392/106/222
f  1393/107/224 1394/95/209 1395/89/210
f  1396/100/223 1397/106/222 1398/108/225
f  1399/101/215 1400/109/225 1401/107/224
f  1402/139/226 1403/119/233 1404/138/227
f  1405/103/228 1406/243/268 1407/102/221
f  1408/118/229 1409/135/235 1410/134/230
f  1411/214/232 1412/130/241 1413/107/224
f  1414/119/233 1415/135/235 1416/118/229
f  1417/121/234 1418/116/236 1419/113/216
f  1420/123/233 1421/126/226 1422/122/230
f  1423/126/226 1424/274/216 1425/125/236
f  1426/141/239 1427/106/222 1428/129/237
f  1429/106/222 1430/137/243 1431/129/237
f  1432/106/222 1433/249/239 1434/140/232
f  1435/131/238 1436/133/237 1437/132/219
f  1438/130/241 1439/111/270 1440/95/209
f  1441/136/242 1442/275/294 1443/129/237
f  1444/216/244 1445/112/100 1446/114/102
f  1447/95/209 1448/111/270 1449/110/228
f  1450/104/220 1451/137/243 1452/106/222
f  1453/142/246 1454/276/294 1455/136/242
f  1456/105/219 1457/144/246 1458/143/247
f  1459/133/237 1460/146/294 1461/145/246
f  1462/143/247 1463/136/242 1464/137/243
f  1465/147/122 1466/219/249 1467/183/156
f  1468/218/248 1469/204/173 1470/178/152
f  1471/219/249 1472/222/248 1473/207/174
f  1474/150/125 1475/225/252 1476/219/249
f  1477/220/250 1478/223/251 1479/204/173
f  1480/219/249 1481/225/252 1482/221/250
f  1483/223/251 1484/227/134 1485/224/128
f  1486/156/130 1487/156/295 1488/225/252
f  1489/220/250 1490/226/254 1491/226/253
f  1492/225/252 1493/156/295 1494/156/254
f  1495/226/253 1496/226/290 1497/227/134
f  1498/228/255 1499/258/281 1500/229/256
f  1501/199/169 1502/186/159 1503/188/161
f  1504/229/256 1505/258/281 1506/231/258
f  1507/185/158 1508/165/141 1509/37/36
f  1510/2/2 1511/6/6 1512/161/137
f  1513/5/5 1514/185/158 1515/161/137
f  1516/167/142 1517/198/168 1518/199/169
f  1519/199/169 1520/163/139 1521/170/145
f  1522/130/115 1523/250/265 1524/237/264
f  1525/239/264 1526/242/260 1527/141/112
f  1528/240/265 1529/130/115 1530/111/99
f  1531/241/262 1532/215/261 1533/131/113
f  1534/216/244 1535/217/245 1536/111/99
f  1537/243/263 1538/246/262 1539/216/244
f  1540/107/97 1541/130/115 1542/238/118
f  1543/237/269 1544/250/271 1545/130/241
f  1546/249/239 1547/242/266 1548/239/269
f  1549/111/270 1550/130/241 1551/240/271
f  1552/131/238 1553/215/240 1554/241/267
f  1555/111/270 1556/217/272 1557/216/273
f  1558/216/273 1559/246/267 1560/243/268
f  1561/115/231 1562/117/230 1563/116/236
f  1564/237/264 1565/250/265 1566/121/109
f  1567/242/260 1568/118/106 1569/120/108
f  1570/217/245 1571/114/102 1572/121/109
f  1573/242/260 1574/239/264 1575/213/103
f  1576/216/244 1577/246/262 1578/138/108
f  1579/114/218 1580/112/217 1581/216/273
f  1582/216/273 1583/112/217 1584/138/227
f  1585/242/266 1586/118/229 1587/213/231
f  1588/120/227 1589/118/229 1590/242/266
f  1591/121/234 1592/114/218 1593/217/272
f  1594/237/269 1595/115/231 1596/121/234
f  1597/27/27 1598/26/26 1599/251/274
f  1600/162/138 1601/254/277 1602/253/276
f  1603/162/138 1604/27/27 1605/252/275
f  1606/231/258 1607/259/282 1608/255/278
f  1609/187/160 1610/255/278 1611/256/279
f  1612/257/280 1613/284/296 1614/258/281
f  1615/258/281 1616/284/296 1617/259/282
f  1618/197/167 1619/256/279 1620/260/283
f  1621/261/284 1622/232/259 1623/164/140
f  1624/160/136 1625/159/135 1626/262/285
f  1627/264/285 1628/228/255 1629/230/257
f  1630/266/287 1631/257/280 1632/228/255
f  1633/159/135 1634/253/276 1635/267/287
f  1636/38/37 1637/39/38 1638/160/136
f  1639/230/257 1640/229/256 1641/198/168
f  1642/38/37 1643/268/288 1644/3/3
f  1645/270/3 1646/269/288 1647/198/168
f  1648/26/26 1649/35/34 1650/271/289
f  1651/260/283 1652/271/289 1653/35/34
f  1654/261/284 1655/35/34 1656/37/36
f  1657/285/159 1658/286/297 1659/287/161
f  1660/288/298 1661/289/299 1662/290/300
f  1663/291/301 1664/292/302 1665/293/303
f  1666/287/161 1667/294/304 1668/295/140
f  1669/296/305 1670/289/299 1671/297/306
f  1672/298/307 1673/299/308 1674/291/301
f  1675/290/300 1676/291/301 1677/293/303
f  1678/300/309 1679/301/310 1680/302/311
f  1681/303/308 1682/300/309 1683/304/302
f  1684/302/311 1685/297/306 1686/288/298
f  1687/296/305 1688/305/312 1689/306/313
f  1690/307/314 1691/308/315 1692/298/307
f  1693/289/299 1694/298/307 1695/291/301
f  1696/309/316 1697/310/317 1698/301/310
f  1699/311/315 1700/309/316 1701/303/308
f  1702/301/310 1703/296/305 1704/297/306
f  1705/312/318 1706/305/312 1707/313/319
f  1708/307/314 1709/314/320 1710/315/321
f  1711/305/312 1712/298/307 1713/306/313
f  1714/316/322 1715/310/317 1716/317/323
f  1717/318/321 1718/317/323 1719/311/315
f  1720/310/317 1721/313/319 1722/296/305
f  1723/319/324 1724/320/325 1725/312/318
f  1726/321/326 1727/322/327 1728/314/320
f  1729/320/325 1730/307/314 1731/305/312
f  1732/316/322 1733/323/328 1734/324/329
f  1735/318/321 1736/325/330 1737/316/322
f  1738/323/328 1739/313/319 1740/324/329
f  1741/326/331 1742/321/326 1743/320/325
f  1744/325/330 1745/327/332 1746/323/328
f  1747/328/320 1748/329/333 1749/325/330
f  1750/327/332 1751/312/318 1752/323/328
f  1753/330/334 1754/331/256 1755/332/257
f  1756/331/256 1757/333/335 1758/285/159
f  1759/333/335 1760/334/300 1761/286/297
f  1762/286/297 1763/335/303 1764/294/304
f  1765/336/309 1766/337/336 1767/330/334
f  1768/337/336 1769/338/298 1770/333/335
f  1771/294/304 1772/339/302 1773/340/337
f  1774/295/140 1775/341/338 1776/342/259
f  1777/295/140 1778/294/304 1779/341/338
f  1780/343/334 1781/344/302 1782/345/309
f  1783/346/286 1784/347/339 1785/332/257
f  1786/330/334 1787/332/257 1788/347/339
f  1789/348/340 1790/341/338 1791/294/304
f  1792/340/337 1793/348/340 1794/294/304
f  1795/285/159 1796/333/335 1797/286/297
f  1798/288/298 1799/297/306 1800/289/299
f  1801/291/301 1802/299/308 1803/292/302
f  1804/287/161 1805/286/297 1806/294/304
f  1807/296/305 1808/306/313 1809/289/299
f  1810/298/307 1811/308/315 1812/299/308
f  1813/290/300 1814/289/299 1815/291/301
f  1816/300/309 1817/309/316 1818/301/310
f  1819/303/308 1820/309/316 1821/300/309
f  1822/302/311 1823/301/310 1824/297/306
f  1825/296/305 1826/313/319 1827/305/312
f  1828/307/314 1829/315/321 1830/308/315
f  1831/289/299 1832/306/313 1833/298/307
f  1834/309/316 1835/317/323 1836/310/317
f  1837/311/315 1838/317/323 1839/309/316
f  1840/301/310 1841/310/317 1842/296/305
f  1843/312/318 1844/320/325 1845/305/312
f  1846/307/314 1847/321/326 1848/314/320
f  1849/305/312 1850/307/314 1851/298/307
f  1852/316/322 1853/324/329 1854/310/317
f  1855/318/321 1856/316/322 1857/317/323
f  1858/310/317 1859/324/329 1860/313/319
f  1861/319/324 1862/326/331 1863/320/325
f  1864/321/326 1865/349/341 1866/322/327
f  1867/320/325 1868/321/326 1869/307/314
f  1870/316/322 1871/325/330 1872/323/328
f  1873/318/321 1874/328/320 1875/325/330
f  1876/323/328 1877/312/318 1878/313/319
f  1879/326/331 1880/349/341 1881/321/326
f  1882/325/330 1883/329/333 1884/327/332
f  1885/328/320 1886/350/327 1887/329/333
f  1888/327/332 1889/319/324 1890/312/318
f  1891/330/334 1892/337/336 1893/331/256
f  1894/331/256 1895/337/336 1896/333/335
f  1897/333/335 1898/338/298 1899/334/300
f  1900/286/297 1901/334/300 1902/335/303
f  1903/336/309 1904/351/311 1905/337/336
f  1906/337/336 1907/351/311 1908/338/298
f  1909/294/304 1910/335/303 1911/339/302
f  1912/343/334 1913/352/337 1914/344/302
f  1915/352/337 1916/343/334 1917/353/339
f  1918/354/342 1919/355/343 1920/356/344
f  1921/357/345 1922/358/346 1923/359/347
f  1924/360/348 1925/361/349 1926/362/350
f  1927/359/347 1928/363/351 1929/364/352
f  1930/355/343 1931/362/350 1932/365/353
f  1933/365/353 1934/366/347 1935/367/352
f  1936/368/354 1937/354/342 1938/356/344
f  1939/369/355 1940/370/356 1941/371/357
f  1942/372/358 1943/373/359 1944/354/342
f  1945/361/349 1946/366/347 1947/362/350
f  1948/374/360 1949/375/361 1950/376/362
f  1951/377/363 1952/361/349 1953/378/364
f  1954/379/361 1955/380/365 1956/381/366
f  1957/382/367 1958/381/366 1959/329/368
f  1960/349/341 1961/375/361 1962/322/367
f  1963/383/369 1964/369/355 1965/384/370
f  1966/384/370 1967/319/371 1968/385/372
f  1969/369/355 1970/326/373 1971/319/371
f  1972/386/374 1973/384/370 1974/387/375
f  1975/380/365 1976/388/376 1977/389/377
f  1978/388/376 1979/390/378 1980/383/369
f  1981/391/379 1982/392/380 1983/393/360
f  1984/391/379 1985/368/354 1986/370/356
f  1987/381/366 1988/389/377 1989/394/381
f  1990/389/377 1991/387/375 1992/394/381
f  1993/394/381 1994/385/372 1995/329/368
f  1996/385/372 1997/387/375 1998/384/370
f  1999/370/356 2000/388/376 2001/391/379
f  2002/349/341 2003/395/382 2004/376/362
f  2005/358/346 2006/396/383 2007/372/358
f  2008/356/344 2009/395/382 2010/371/357
f  2011/370/356 2012/356/344 2013/371/357
f  2014/365/353 2015/374/360 2016/376/362
f  2017/395/382 2018/365/353 2019/376/362
f  2020/364/352 2021/391/379 2022/393/360
f  2023/377/363 2024/373/359 2025/396/383
f  2026/329/368 2027/381/366 2028/394/381
f  2029/372/358 2030/363/351 2031/358/346
f  2032/326/373 2033/395/382 2034/349/341
f  2035/373/359 2036/360/348 2037/354/342
f  2038/397/25 2039/398/35 2040/399/384
f  2041/288/385 2042/290/386 2043/289/387
f  2044/291/388 2045/293/389 2046/292/390
f  2047/398/35 2048/400/36 2049/401/391
f  2050/296/392 2051/297/393 2052/289/387
f  2053/298/394 2054/291/388 2055/299/395
f  2056/290/386 2057/293/389 2058/291/388
f  2059/300/396 2060/302/397 2061/301/398
f  2062/303/395 2063/304/390 2064/300/396
f  2065/302/397 2066/288/385 2067/297/393
f  2068/296/392 2069/306/399 2070/305/400
f  2071/307/401 2072/298/394 2073/308/402
f  2074/289/387 2075/291/388 2076/298/394
f  2077/309/403 2078/301/398 2079/310/404
f  2080/311/402 2081/303/395 2082/309/403
f  2083/301/398 2084/297/393 2085/296/392
f  2086/312/405 2087/313/406 2088/305/400
f  2089/307/401 2090/315/407 2091/314/408
f  2092/305/400 2093/306/399 2094/298/394
f  2095/316/409 2096/317/410 2097/310/404
f  2098/318/407 2099/311/402 2100/317/410
f  2101/310/404 2102/296/392 2103/313/406
f  2104/319/411 2105/312/405 2106/320/412
f  2107/321/413 2108/314/408 2109/322/414
f  2110/320/412 2111/305/400 2112/307/401
f  2113/316/409 2114/324/415 2115/323/416
f  2116/318/407 2117/316/409 2118/325/417
f  2119/323/416 2120/324/415 2121/313/406
f  2122/326/418 2123/320/412 2124/321/413
f  2125/325/417 2126/323/416 2127/327/419
f  2128/328/408 2129/325/417 2130/329/420
f  2131/327/419 2132/323/416 2133/312/405
f  2134/402/421 2135/403/136 2136/404/38
f  2137/404/38 2138/397/25 2139/405/422
f  2140/405/422 2141/399/384 2142/406/386
f  2143/399/384 2144/401/391 2145/407/389
f  2146/408/396 2147/402/421 2148/409/423
f  2149/409/423 2150/405/422 2151/410/385
f  2152/401/391 2153/411/424 2154/412/390
f  2155/400/36 2156/413/259 2157/414/338
f  2158/400/36 2159/414/338 2160/401/391
f  2161/415/421 2162/416/396 2163/417/390
f  2164/418/286 2165/403/136 2166/419/339
f  2167/402/421 2168/419/339 2169/403/136
f  2170/420/340 2171/401/391 2172/414/338
f  2173/411/424 2174/401/391 2175/420/340
f  2176/397/25 2177/399/384 2178/405/422
f  2179/288/385 2180/289/387 2181/297/393
f  2182/291/388 2183/292/390 2184/299/395
f  2185/398/35 2186/401/391 2187/399/384
f  2188/296/392 2189/289/387 2190/306/399
f  2191/298/394 2192/299/395 2193/308/402
f  2194/290/386 2195/291/388 2196/289/387
f  2197/300/396 2198/301/398 2199/309/403
f  2200/303/395 2201/300/396 2202/309/403
f  2203/302/397 2204/297/393 2205/301/398
f  2206/296/392 2207/305/400 2208/313/406
f  2209/307/401 2210/308/402 2211/315/407
f  2212/289/387 2213/298/394 2214/306/399
f  2215/309/403 2216/310/404 2217/317/410
f  2218/311/402 2219/309/403 2220/317/410
f  2221/301/398 2222/296/392 2223/310/404
f  2224/312/405 2225/305/400 2226/320/412
f  2227/307/401 2228/314/408 2229/321/413
f  2230/305/400 2231/298/394 2232/307/401
f  2233/316/409 2234/310/404 2235/324/415
f  2236/318/407 2237/317/410 2238/316/409
f  2239/310/404 2240/313/406 2241/324/415
f  2242/319/411 2243/320/412 2244/326/418
f  2245/321/413 2246/322/414 2247/349/425
f  2248/320/412 2249/307/401 2250/321/413
f  2251/316/409 2252/323/416 2253/325/417
f  2254/318/407 2255/325/417 2256/328/408
f  2257/323/416 2258/313/406 2259/312/405
f  2260/326/418 2261/321/413 2262/349/425
f  2263/325/417 2264/327/419 2265/329/420
f  2266/328/408 2267/329/420 2268/350/414
f  2269/327/419 2270/312/405 2271/319/411
f  2272/402/421 2273/404/38 2274/409/423
f  2275/404/38 2276/405/422 2277/409/423
f  2278/405/422 2279/406/386 2280/410/385
f  2281/399/384 2282/407/389 2283/406/386
f  2284/408/396 2285/409/423 2286/421/397
f  2287/409/423 2288/410/385 2289/421/397
f  2290/401/391 2291/412/390 2292/407/389
f  2293/415/421 2294/417/390 2295/422/424
f  2296/422/424 2297/423/339 2298/415/421
f  2299/355/426 2300/354/427 2301/356/428
f  2302/358/429 2303/357/430 2304/359/431
f  2305/360/432 2306/361/433 2307/378/434
f  2308/363/435 2309/359/431 2310/364/436
f  2311/355/426 2312/362/437 2313/360/432
f  2314/365/438 2315/366/431 2316/362/437
f  2317/368/439 2318/354/427 2319/372/440
f  2320/369/441 2321/370/442 2322/390/443
f  2323/372/440 2324/373/444 2325/396/445
f  2326/366/431 2327/361/433 2328/362/437
f  2329/375/446 2330/374/447 2331/376/448
f  2332/361/433 2333/377/449 2334/378/434
f  2335/379/446 2336/380/450 2337/424/451
f  2338/382/452 2339/381/453 2340/379/446
f  2341/349/425 2342/375/446 2343/376/448
f  2344/369/441 2345/383/454 2346/384/455
f  2347/319/456 2348/384/455 2349/385/457
f  2350/326/458 2351/369/441 2352/319/456
f  2353/384/455 2354/386/459 2355/387/460
f  2356/388/461 2357/380/450 2358/389/462
f  2359/383/454 2360/390/443 2361/388/461
f  2362/392/451 2363/391/463 2364/393/447
f  2365/391/463 2366/368/439 2367/363/435
f  2368/381/453 2369/389/462 2370/380/450
f  2371/387/460 2372/389/462 2373/394/464
f  2374/394/464 2375/385/457 2376/387/460
f  2377/385/457 2378/384/455 2379/387/460
f  2380/388/461 2381/370/442 2382/391/463
f  2383/349/425 2384/376/448 2385/395/465
f  2386/358/429 2387/396/445 2388/425/449
f  2389/395/465 2390/356/428 2391/371/466
f  2392/370/442 2393/356/428 2394/368/439
f  2395/374/447 2396/365/438 2397/376/448
f  2398/395/465 2399/365/438 2400/355/426
f  2401/391/463 2402/364/436 2403/393/447
f  2404/373/444 2405/377/449 2406/396/445
f  2407/329/467 2408/394/464 2409/381/453
f  2410/372/440 2411/363/435 2412/368/439
f  2413/326/458 2414/395/465 2415/371/466
f  2416/373/444 2417/360/432 2418/378/434
f  2419/352/337 2420/422/424 2421/420/340
f  2422/25/25 2423/27/468 2424/26/469
f  2425/35/470 2426/37/36 2427/36/35
f  2428/39/38 2429/160/136 2430/159/471
f  2431/39/38 2432/162/472 2433/27/468
f  2434/186/159 2435/188/161 2436/187/473
f  2437/188/161 2438/164/140 2439/197/474
f  2440/228/475 2441/230/257 2442/229/256
f  2443/229/256 2444/186/159 2445/231/476
f  2446/27/468 2447/252/477 2448/251/478
f  2449/162/472 2450/159/471 2451/253/479
f  2452/162/472 2453/254/480 2454/252/477
f  2455/231/476 2456/187/473 2457/255/481
f  2458/187/473 2459/197/474 2460/256/482
f  2461/257/483 2462/228/475 2463/258/484
f  2464/258/484 2465/231/476 2466/259/485
f  2467/197/474 2468/261/486 2469/260/487
f  2470/261/486 2471/197/474 2472/164/140
f  2473/160/136 2474/263/286 2475/262/488
f  2476/264/488 2477/265/286 2478/230/257
f  2479/266/489 2480/264/488 2481/228/475
f  2482/159/471 2483/262/488 2484/267/489
f  2485/26/469 2486/251/478 2487/271/490
f  2488/260/487 2489/261/486 2490/35/470
f  2491/261/486 2492/232/259 2493/37/36
f  2494/25/25 2495/26/469 2496/36/35
f  2497/35/470 2498/36/35 2499/26/469
f  2500/39/38 2501/159/471 2502/162/472
f  2503/39/38 2504/27/468 2505/25/25
f  2506/186/159 2507/187/473 2508/231/476
f  2509/188/161 2510/197/474 2511/187/473
f  2512/228/475 2513/229/256 2514/258/484
f  2515/229/256 2516/231/476 2517/258/484
f  2518/27/468 2519/251/478 2520/26/469
f  2521/162/472 2522/253/479 2523/254/480
f  2524/162/472 2525/252/477 2526/27/468
f  2527/231/476 2528/255/481 2529/259/485
f  2530/187/473 2531/256/482 2532/255/481
f  2533/257/483 2534/258/484 2535/284/491
f  2536/258/484 2537/259/485 2538/284/491
f  2539/197/474 2540/260/487 2541/256/482
f  2542/261/486 2543/164/140 2544/232/259
f  2545/160/136 2546/262/488 2547/159/471
f  2548/264/488 2549/230/257 2550/228/475
f  2551/266/489 2552/228/475 2553/257/483
f  2554/159/471 2555/267/489 2556/253/479
f  2557/26/469 2558/271/490 2559/35/470
f  2560/260/487 2561/35/470 2562/271/490
f  2563/261/486 2564/37/36 2565/35/470
f  2566/354/342 2567/360/348 2568/355/343
f  2569/357/345 2570/425/363 2571/358/346
f  2572/360/348 2573/378/364 2574/361/349
f  2575/359/347 2576/358/346 2577/363/351
f  2578/355/343 2579/360/348 2580/362/350
f  2581/365/353 2582/362/350 2583/366/347
f  2584/368/354 2585/372/358 2586/354/342
f  2587/369/355 2588/390/378 2589/370/356
f  2590/372/358 2591/396/383 2592/373/359
f  2593/361/349 2594/426/345 2595/366/347
f  2596/374/360 2597/427/380 2598/375/361
f  2599/377/363 2600/428/345 2601/361/349
f  2602/379/361 2603/424/380 2604/380/365
f  2605/382/367 2606/379/361 2607/381/366
f  2608/349/341 2609/376/362 2610/375/361
f  2611/383/369 2612/390/378 2613/369/355
f  2614/384/370 2615/369/355 2616/319/371
f  2617/369/355 2618/371/357 2619/326/373
f  2620/386/374 2621/383/369 2622/384/370
f  2623/380/365 2624/392/380 2625/388/376
f  2626/383/369 2627/386/374 2628/388/376
f  2629/386/374 2630/389/377 2631/388/376
f  2632/391/379 2633/388/376 2634/392/380
f  2635/391/379 2636/363/351 2637/368/354
f  2638/381/366 2639/380/365 2640/389/377
f  2641/389/377 2642/386/374 2643/387/375
f  2644/394/381 2645/387/375 2646/385/372
f  2647/370/356 2648/390/378 2649/388/376
f  2650/358/346 2651/425/363 2652/396/383
f  2653/356/344 2654/355/343 2655/395/382
f  2656/370/356 2657/368/354 2658/356/344
f  2659/365/353 2660/367/352 2661/374/360
f  2662/395/382 2663/355/343 2664/365/353
f  2665/364/352 2666/363/351 2667/391/379
f  2668/377/363 2669/378/364 2670/373/359
f  2671/372/358 2672/368/354 2673/363/351
f  2674/326/373 2675/371/357 2676/395/382
f  2677/373/359 2678/378/364 2679/360/348
f  2680/355/426 2681/360/432 2682/354/427
f  2683/358/429 2684/425/449 2685/357/430
f  2686/360/432 2687/362/437 2688/361/433
f  2689/363/435 2690/358/429 2691/359/431
f  2692/355/426 2693/365/438 2694/362/437
f  2695/365/438 2696/367/436 2697/366/431
f  2698/368/439 2699/356/428 2700/354/427
f  2701/369/441 2702/371/466 2703/370/442
f  2704/372/440 2705/354/427 2706/373/444
f  2707/366/431 2708/426/430 2709/361/433
f  2710/375/446 2711/427/451 2712/374/447
f  2713/361/433 2714/428/430 2715/377/449
f  2716/379/446 2717/381/453 2718/380/450
f  2719/382/452 2720/329/467 2721/381/453
f  2722/349/425 2723/322/452 2724/375/446
f  2725/369/441 2726/390/443 2727/383/454
f  2728/319/456 2729/369/441 2730/384/455
f  2731/326/458 2732/371/466 2733/369/441
f  2734/384/455 2735/383/454 2736/386/459
f  2737/388/461 2738/392/451 2739/380/450
f  2740/389/462 2741/386/459 2742/388/461
f  2743/386/459 2744/383/454 2745/388/461
f  2746/392/451 2747/388/461 2748/391/463
f  2749/391/463 2750/370/442 2751/368/439
f  2752/381/453 2753/394/464 2754/389/462
f  2755/387/460 2756/386/459 2757/389/462
f  2758/394/464 2759/329/467 2760/385/457
f  2761/388/461 2762/390/443 2763/370/442
f  2764/358/429 2765/372/440 2766/396/445
f  2767/395/465 2768/355/426 2769/356/428
f  2770/370/442 2771/371/466 2772/356/428
f  2773/374/447 2774/367/436 2775/365/438
f  2776/395/465 2777/376/448 2778/365/438
f  2779/391/463 2780/363/435 2781/364/436
f  2782/373/444 2783/378/434 2784/377/449
f  2785/372/440 2786/358/429 2787/363/435
f  2788/326/458 2789/349/425 2790/395/465
f  2791/373/444 2792/354/427 2793/360/432
f  2794/352/337 2795/353/339 2796/422/424

